id,PM2.5
test_00001,183.65714351832867
test_00002,156.23127576708794
test_00003,394.34413224458694
test_00004,53.94814112409949
test_00005,52.67602350562811
test_00006,115.77789167314768
test_00007,10.758654356002808
test_00008,9.532090350985527
test_00009,49.8102833814919
test_00010,118.45304201543331
test_00011,12.743536531925201
test_00012,117.02187487483025
test_00013,255.09532666206363
test_00014,310.9042637348175
test_00015,61.98513190448284
test_00016,47.91475908458233
test_00017,43.260412875562906
test_00018,124.08909180760384
test_00019,59.30666857212782
test_00020,13.406557954847813
test_00021,25.075462382286787
test_00022,30.980789184570312
test_00023,12.043522529304028
test_00024,48.67912754788995
test_00025,14.881031669676304
test_00026,14.493998661637306
test_00027,108.9964312762022
test_00028,66.83327689021826
test_00029,9.851942457258701
test_00030,11.577074326574802
test_00031,60.07996576651931
test_00032,97.59333487600088
test_00033,106.79897547513247
test_00034,20.616229746490717
test_00035,14.300471015274525
test_00036,79.20161963254213
test_00037,100.1238873153925
test_00038,23.202456761151552
test_00039,33.6586953997612
test_00040,78.24151362478733
test_00041,11.073967814445496
test_00042,12.855301663279533
test_00043,25.748367063701153
test_00044,68.1932073161006
test_00045,73.75738156586885
test_00046,50.509606558829546
test_00047,23.405154556035995
test_00048,59.538637302815914
test_00049,61.43424331024289
test_00050,74.02354986220598
test_00051,97.99554375559092
test_00052,107.11524717509747
test_00053,59.3143865019083
test_00054,154.19013218581676
test_00055,181.5125544220209
test_00056,30.083949401974678
test_00057,14.73645605146885
test_00058,25.66648569703102
test_00059,56.1097408644855
test_00060,34.102156948298216
test_00061,27.309149369597435
test_00062,61.50261644273996
test_00063,27.50644312798977
test_00064,54.49288657307625
test_00065,143.7674802839756
test_00066,20.827759705483913
test_00067,35.76599107310176
test_00068,60.79732096940279
test_00069,58.77108584344387
test_00070,41.095277298241854
test_00071,47.90268078446388
test_00072,74.86101581156254
test_00073,114.51267859339714
test_00074,85.54523050785065
test_00075,66.16642992943525
test_00076,77.45655782520771
test_00077,59.15727203339338
test_00078,13.089157164096832
test_00079,21.907070215791464
test_00080,57.201671935617924
test_00081,39.354575861245394
test_00082,15.596548385918142
test_00083,89.91901622712612
test_00084,33.504778783768415
test_00085,36.73284934088588
test_00086,41.725116822868586
test_00087,68.4876251667738
test_00088,67.13536067306995
test_00089,75.37689144909382
test_00090,122.97831903398037
test_00091,78.24151362478733
test_00092,190.70088724792004
test_00093,49.56957533955574
test_00094,14.347016297280788
test_00095,66.15669152140617
test_00096,44.99612997099757
test_00097,66.35026373714209
test_00098,20.488746482878923
test_00099,91.83131717890501
test_00100,19.680012922734022
test_00101,17.789476681500673
test_00102,124.43466044217348
test_00103,88.82908706367016
test_00104,138.5892025232315
test_00105,58.428325079381466
test_00106,98.73700727522373
test_00107,12.629260659217834
test_00108,18.84855269640684
test_00109,31.673783510923382
test_00110,63.67141785100103
test_00111,92.1276737973094
test_00112,121.04484762996435
test_00113,61.29919068142772
test_00114,25.57501820102334
test_00115,41.512725189328194
test_00116,111.14565558731556
test_00117,58.389987990260124
test_00118,86.6715357080102
test_00119,78.24151362478733
test_00120,77.47350161522627
test_00121,63.96355152130128
test_00122,102.03635911643505
test_00123,74.1489755064249
test_00124,50.815289318561554
test_00125,28.30211414769292
test_00126,66.24551828205585
test_00127,36.79759006947279
test_00128,37.27561516687274
test_00129,81.83098980039358
test_00130,106.48664073646069
test_00131,73.98431395739317
test_00132,14.57961642742157
test_00133,25.607397850602865
test_00134,66.95505527406931
test_00135,139.04159651696682
test_00136,117.34667418152094
test_00137,49.538280211389065
test_00138,24.02606163546443
test_00139,113.95294669270515
test_00140,96.20671482384205
test_00141,41.192055977880955
test_00142,81.65942742675543
test_00143,90.15728409588337
test_00144,55.02951296791434
test_00145,88.088871486485
test_00146,76.11146900057793
test_00147,112.10388225317001
test_00148,18.823564134538174
test_00149,42.668910440057516
test_00150,55.200068816542625
test_00151,66.20850341767073
test_00152,89.4892560467124
test_00153,52.68466253578663
test_00154,36.54945008456707
test_00155,17.54489853233099
test_00156,15.695351257920267
test_00157,28.833061661571264
test_00158,75.48898342251778
test_00159,67.13992903381586
test_00160,27.17568638175726
test_00161,58.89143429324031
test_00162,63.72985572740436
test_00163,36.00567401945591
test_00164,78.24151362478733
test_00165,107.12588439881802
test_00166,14.278981149196625
test_00167,27.620626147836447
test_00168,15.657519288361074
test_00169,24.0608591735363
test_00170,30.721592281013727
test_00171,27.539298184216022
test_00172,11.730838663876057
test_00173,17.514216233044863
test_00174,17.385622449219227
test_00175,138.28424401581287
test_00176,40.9242534711957
test_00177,16.88408700749278
test_00178,15.348259836435318
test_00179,14.210151180624962
test_00180,15.920619726181032
test_00181,28.171596452593803
test_00182,40.16716095805168
test_00183,64.81107529252768
test_00184,83.74860936403275
test_00185,144.69762824475765
test_00186,31.78317160904407
test_00187,30.571088936179876
test_00188,18.217610079795122
test_00189,23.109262201935053
test_00190,49.76425436139107
test_00191,92.17646983265877
test_00192,96.89006730914116
test_00193,28.628343388438225
test_00194,161.80171944200993
test_00195,31.83196764439344
test_00196,11.113344855606556
test_00197,37.182810589671135
test_00198,84.94623298943043
test_00199,194.29747223854065
test_00200,157.30472911894321
test_00201,103.4873299151659
test_00202,40.189791057258844
test_00203,57.89861807972193
test_00204,49.62331857532263
test_00205,55.77295611053705
test_00206,23.94155438989401
test_00207,49.902582839131355
test_00208,138.94452442228794
test_00209,51.659006122499704
test_00210,122.97599399834871
test_00211,211.8442115932703
test_00212,263.6516954898834
test_00213,114.23079216480255
test_00214,101.24385623633862
test_00215,62.21652866154909
test_00216,174.29690662026405
test_00217,45.61736760661006
test_00218,39.426462545990944
test_00219,16.390778329223394
test_00220,26.396870013326406
test_00221,51.679608315229416
test_00222,118.8533046990633
test_00223,9.63997794687748
test_00224,68.007977001369
test_00225,7.9677722081542015
test_00226,27.38777345791459
test_00227,13.940164774656296
test_00228,8.921073958277702
test_00229,70.62434034049511
test_00230,116.7223984003067
test_00231,287.30923759937286
test_00232,220.55600868165493
test_00233,93.9701716825366
test_00234,111.22456566244364
test_00235,14.321151204407215
test_00236,97.16586259007454
test_00237,204.41351656615734
test_00238,28.147506706416607
test_00239,69.1636608466506
test_00240,62.31878565996886
test_00241,16.351746700704098
test_00242,26.140280418097973
test_00243,92.30523075163364
test_00244,67.65099860727787
test_00245,187.49511623382568
test_00246,26.122950360178947
test_00247,76.06958121806383
test_00248,10.541126102209091
test_00249,10.237809233367443
test_00250,14.218099385499954
test_00251,75.92317825555801
test_00252,179.41213357448578
test_00253,236.71522916853428
test_00254,17.08592312783003
test_00255,66.0171522423625
test_00256,152.03298938274384
test_00257,10.689133562147617
test_00258,132.96017983555794
test_00259,131.1096594631672
test_00260,500.17993247508997
test_00261,64.48336412012577
test_00262,30.11790755018592
test_00263,112.77022409439087
test_00264,182.63677228987217
test_00265,10.328775323927402
test_00266,20.14922071248293
test_00267,111.84172520041466
test_00268,214.98933854699135
test_00269,11.767333552241325
test_00270,15.810414522886278
test_00271,10.948475316166878
test_00272,56.193252727389336
test_00273,250.96563254296782
test_00274,195.88684579730034
test_00275,188.83392077684402
test_00276,408.78918492794037
test_00277,377.8500769138336
test_00278,13.089120022952557
test_00279,79.50422339141369
test_00280,160.47585487365723
test_00281,167.56580218672752
test_00282,14.073360346257687
test_00283,146.93252974748611
test_00284,14.134598664939404
test_00285,309.7510460615158
test_00286,271.5676321387291
test_00287,440.0324937701225
test_00288,99.97457991540432
test_00289,282.09878075122833
test_00290,315.3231090903282
test_00291,236.35570289194584
test_00292,177.85586020350456
test_00293,107.0987193658948
test_00294,19.200034201145172
test_00295,15.25678862631321
test_00296,8.831808932125568
test_00297,42.32692592591047
test_00298,75.82969399541616
test_00299,11.158998750150204
test_00300,28.611600160598755
test_00301,81.16595532745123
test_00302,128.9379424750805
test_00303,161.95196279883385
test_00304,66.27104167640209
test_00305,11.854191832244396
test_00306,78.09907733649015
test_00307,12.70187159627676
test_00308,26.49865160509944
test_00309,77.81794858723879
test_00310,188.64817048609257
test_00311,257.4029505252838
test_00312,12.039548426866531
test_00313,605.988872230053
test_00314,11.594070114195347
test_00315,10.718675628304482
test_00316,101.04746872186661
test_00317,10.80903260409832
test_00318,55.73197457194328
test_00319,79.85562318563461
test_00320,251.44117289781573
test_00321,11.412984751164913
test_00322,11.053205914795399
test_00323,86.48837786912918
test_00324,10.63181734830141
test_00325,9.540543675422668
test_00326,10.750007897615433
test_00327,103.59049315750599
test_00328,132.7621729671955
test_00329,158.6295537352562
test_00330,251.08727721869948
test_00331,286.8605725765228
test_00332,9.020292811095715
test_00333,76.56147110462189
test_00334,156.88913457095623
test_00335,8.262598611414433
test_00336,48.236653953790665
test_00337,91.30747848004103
test_00338,18.588531259447336
test_00339,30.143650077283382
test_00340,13.535489723086357
test_00341,25.865643940865993
test_00342,10.594215653836727
test_00343,121.42458611726761
test_00344,189.42540092766285
test_00345,243.24265156686306
test_00346,38.580116149038076
test_00347,28.00098117813468
test_00348,85.11154822260141
test_00349,10.109984271228313
test_00350,12.252798020839691
test_00351,17.151919227093458
test_00352,15.361452370882034
test_00353,87.19855368882418
test_00354,16.7758317142725
test_00355,75.95407225936651
test_00356,209.23829977214336
test_00357,259.27688467502594
test_00358,61.15978139638901
test_00359,42.29872836917639
test_00360,28.081284046173096
test_00361,110.16462425887585
test_00362,59.85340107232332
test_00363,11.270600460469723
test_00364,12.637535706162453
test_00365,14.473288759589195
test_00366,10.331731759011745
test_00367,21.90148790180683
test_00368,10.734965734183788
test_00369,9.818805128335953
test_00370,59.77347332984209
test_00371,62.49831852316857
test_00372,10.096539177000523
test_00373,18.66360465437174
test_00374,45.160776663571596
test_00375,52.74131763726473
test_00376,84.78593181073666
test_00377,19.020523622632027
test_00378,17.27711459621787
test_00379,18.973528932780027
test_00380,52.24443598091602
test_00381,35.93676234036684
test_00382,106.81469360738993
test_00383,18.628372564911842
test_00384,35.56416980922222
test_00385,82.18663111329079
test_00386,10.465157605707645
test_00387,20.499383706599474
test_00388,31.863433621823784
test_00389,84.5751483887434
test_00390,69.54994360357523
test_00391,36.73907048255205
test_00392,13.825042083859444
test_00393,50.81496990472078
test_00394,91.47398222982883
test_00395,77.69752956926823
test_00396,79.59450608491898
test_00397,76.27656881511211
test_00398,52.67660290747881
test_00399,154.89981031417847
test_00400,41.59764098748565
test_00401,15.072085715830326
test_00402,20.584901191294193
test_00403,14.372287131845951
test_00404,22.286433577537537
test_00405,70.5678189471364
test_00406,25.24566910415888
test_00407,42.42545023933053
test_00408,177.38103295862675
test_00409,21.87498026713729
test_00410,33.002519089728594
test_00411,57.71293464303017
test_00412,19.4629823602736
test_00413,23.557685807347298
test_00414,48.051579631865025
test_00415,76.12330216914415
test_00416,102.70802699774504
test_00417,79.46025570482016
test_00418,51.443680338561535
test_00419,76.27234215289354
test_00420,26.037696577608585
test_00421,19.438918612897396
test_00422,23.50290261954069
test_00423,28.06087127327919
test_00424,86.14250467717648
test_00425,15.924556687474253
test_00426,67.91634979844093
test_00427,42.45135247334838
test_00428,55.15004712343216
test_00429,81.56220676749945
test_00430,97.34477891027927
test_00431,68.69872800260782
test_00432,73.07405879348516
test_00433,111.53374340385199
test_00434,67.10281017422676
test_00435,119.52786958962679
test_00436,44.471381314098835
test_00437,11.520694069564342
test_00438,40.765586502850056
test_00439,30.01113047450781
test_00440,39.671363823115826
test_00441,15.142847023904324
test_00442,21.380479358136654
test_00443,22.765509769320488
test_00444,28.693195540457964
test_00445,53.066800341010094
test_00446,137.59988129138947
test_00447,104.38610103726387
test_00448,62.80643774196506
test_00449,41.44224615395069
test_00450,16.347936019301414
test_00451,32.33976508304477
test_00452,74.58249437063932
test_00453,64.74379782378674
test_00454,116.06449502706528
test_00455,15.227944813668728
test_00456,21.207587331533432
test_00457,34.986658442765474
test_00458,90.36255577206612
test_00459,43.855350866913795
test_00460,78.24151362478733
test_00461,70.40120377391577
test_00462,61.975144650787115
test_00463,48.087584257125854
test_00464,78.24151362478733
test_00465,49.530770272016525
test_00466,42.61442809551954
test_00467,12.254350520670414
test_00468,41.8821904361248
test_00469,24.617255799472332
test_00470,31.231205921620127
test_00471,62.24530562013388
test_00472,106.43332090973854
test_00473,33.02487434446812
test_00474,10.256491228938103
test_00475,17.674346562474966
test_00476,87.9364887997508
test_00477,143.561688631773
test_00478,64.89653706550598
test_00479,38.53318088501692
test_00480,27.08789585903287
test_00481,18.958007648587227
test_00482,62.38885614275933
test_00483,132.57480332255363
test_00484,34.78518630564213
test_00485,44.87572952359915
test_00486,60.79507764428854
test_00487,24.681595403701067
test_00488,39.624309707432985
test_00489,61.409496165812016
test_00490,90.24784906208515
test_00491,21.32554017752409
test_00492,40.46720569208264
test_00493,48.84621441364288
test_00494,93.51050545275211
test_00495,44.7526586279273
test_00496,28.47370994836092
test_00497,11.96183429658413
test_00498,20.38937906548381
test_00499,26.489306893199682
test_00500,58.90210494399071
test_00501,58.34037484973669
test_00502,18.606251299381256
test_00503,40.584345147013664
test_00504,42.134401090443134
test_00505,39.247520226985216
test_00506,62.60222458839417
test_00507,52.91828404739499
test_00508,11.533634044229984
test_00509,16.25925410911441
test_00510,11.677117712795734
test_00511,22.13537682965398
test_00512,23.43955096974969
test_00513,18.926192544400692
test_00514,14.505735263228416
test_00515,21.500240977853537
test_00516,21.92449312657118
test_00517,133.18614655733109
test_00518,38.71652814373374
test_00519,16.374755639582872
test_00520,51.68604116141796
test_00521,13.858833096921444
test_00522,16.87431888654828
test_00523,21.324292235076427
test_00524,23.117667242884636
test_00525,29.54303691908717
test_00526,111.08839137107134
test_00527,23.656243547797203
test_00528,45.90927471593022
test_00529,28.916242968291044
test_00530,29.56464935094118
test_00531,15.266014486551285
test_00532,19.312282167375088
test_00533,30.716908782720566
test_00534,78.92316504567862
test_00535,94.46409690380096
test_00536,18.141890428960323
test_00537,114.36497569084167
test_00538,25.381082002073526
test_00539,12.018905378878117
test_00540,14.224175676703453
test_00541,38.144383672624826
test_00542,111.45399393886328
test_00543,159.08390878140926
test_00544,154.80183197557926
test_00545,129.27622401714325
test_00546,46.00599396973848
test_00547,57.3316993676126
test_00548,61.41225203871727
test_00549,42.131333231925964
test_00550,20.766885370016098
test_00551,58.294044986367226
test_00552,102.49840237945318
test_00553,76.96250632405281
test_00554,113.54445353150368
test_00555,148.46369570493698
test_00556,228.74490302801132
test_00557,155.38469538092613
test_00558,17.98155953735113
test_00559,100.11530028283596
test_00560,143.2436118721962
test_00561,125.62766370922326
test_00562,38.12150101363659
test_00563,12.146009802818298
test_00564,37.95937991887331
test_00565,58.063472762703896
test_00566,107.22193139791489
test_00567,24.89860739558935
test_00568,46.59568763151765
test_00569,10.174208737909794
test_00570,31.22575360164046
test_00571,11.362480223178864
test_00572,10.79950961470604
test_00573,70.71827029436827
test_00574,32.88056614249945
test_00575,258.9678703546524
test_00576,228.62003450095654
test_00577,159.83405590057373
test_00578,73.12666551023722
test_00579,20.74392842873931
test_00580,51.901389230042696
test_00581,209.7079421132803
test_00582,31.49178076162934
test_00583,48.6390782520175
test_00584,57.65355338156223
test_00585,61.798129957169294
test_00586,21.149558007717133
test_00587,95.23049698770046
test_00588,115.95183850824833
test_00589,178.8227630406618
test_00590,17.680467423051596
test_00591,59.912247501313686
test_00592,12.095728121697903
test_00593,12.589170508086681
test_00594,13.784446813166142
test_00595,62.69971266388894
test_00596,123.70940531790257
test_00597,203.0628565698862
test_00598,18.833287686109543
test_00599,71.15023665875196
test_00600,116.96678712964058
test_00601,22.445642806589603
test_00602,31.040779560804367
test_00603,87.3046585097909
test_00604,163.6084132641554
test_00605,150.81250166893005
test_00606,37.288811415433884
test_00607,107.20988281071186
test_00608,169.1175443381071
test_00609,14.788461081683636
test_00610,76.11259066313505
test_00611,76.80448561161757
test_00612,194.2603459507227
test_00613,54.642602525651455
test_00614,14.480702131986618
test_00615,13.196888767182827
test_00616,77.0141473710537
test_00617,158.3854472786188
test_00618,219.8351584970951
test_00619,194.63735827803612
test_00620,297.12587973475456
test_00621,399.62114602327347
test_00622,12.522539295256138
test_00623,59.44553931057453
test_00624,215.85569287836552
test_00625,215.66937804222107
test_00626,16.145917907357216
test_00627,90.11429693549871
test_00628,11.254733763635159
test_00629,51.62837582081556
test_00630,119.11873760074377
test_00631,349.51387971639633
test_00632,20.957322873175144
test_00633,147.0801137983799
test_00634,159.7813451886177
test_00635,178.02890822291374
test_00636,159.95489832758904
test_00637,241.2659107297659
test_00638,23.986885156482458
test_00639,12.209654867649078
test_00640,11.784997880458832
test_00641,20.563909016549587
test_00642,25.741232249885798
test_00643,11.997772067785263
test_00644,24.85767414048314
test_00645,99.82189267128706
test_00646,120.67406758666039
test_00647,161.34706726670265
test_00648,52.388220492750406
test_00649,12.846788913011551
test_00650,48.15909953042865
test_00651,15.831740967929365
test_00652,38.43656934052706
test_00653,45.69696107879281
test_00654,111.26614145934582
test_00655,194.20931401848793
test_00656,12.28372173756361
test_00657,236.3916852325201
test_00658,10.363702856004238
test_00659,17.5892673432827
test_00660,66.66981871426105
test_00661,15.095046371221542
test_00662,100.49994882941246
test_00663,103.46304703503847
test_00664,231.13735726475716
test_00665,12.893995307385921
test_00666,17.297467943280935
test_00667,90.35278765112162
test_00668,10.251454889774323
test_00669,10.524568580091
test_00670,12.392181307077408
test_00671,55.22782439365983
test_00672,67.7972010076046
test_00673,78.93110582232475
test_00674,220.97236090898514
test_00675,229.36722518503666
test_00676,9.567040167748928
test_00677,61.59350825101137
test_00678,126.4215556681156
test_00679,7.676867909729481
test_00680,42.40938298031688
test_00681,111.50607325136662
test_00682,18.290150448679924
test_00683,25.666719686239958
test_00684,18.682112086564302
test_00685,69.45628106594086
test_00686,73.14219050854445
test_00687,12.846632920205593
test_00688,159.69370694458485
test_00689,193.99991224706173
test_00690,328.72624868154526
test_00691,41.179479986429214
test_00692,31.354146823287007
test_00693,45.69135648012161
test_00694,9.210878878831863
test_00695,10.232728324830532
test_00696,12.913160137832165
test_00697,14.09899516403675
test_00698,91.88552096486092
test_00699,14.466915339231491
test_00700,99.09359197318554
test_00701,209.05357457697392
test_00702,286.6715687215328
test_00703,61.85319913178682
test_00704,51.39227328076959
test_00705,41.880184814333916
test_00706,146.86315008997917
test_00707,83.74240679293871
test_00708,9.787836842238903
test_00709,10.63685368746519
test_00710,12.682528488337994
test_00711,9.772735252976418
test_00712,22.603195540606976
test_00713,11.091944128274918
test_00714,9.66122268140316
test_00715,60.350134164094925
test_00716,107.86877413839102
test_00717,11.906122580170631
test_00718,11.218409724533558
test_00719,40.6617138646543
test_00720,56.19040771573782
test_00721,82.18019083887339
test_00722,21.860855489969254
test_00723,15.050061017274857
test_00724,21.542656164616346
test_00725,65.22222033143044
test_00726,34.17980793863535
test_00727,105.39150438457727
test_00728,17.557897932827473
test_00729,41.082333609461784
test_00730,89.2537291944027
test_00731,10.346603073179722
test_00732,10.922283381223679
test_00733,24.459394793957472
test_00734,115.67182399332523
test_00735,66.18202921003103
test_00736,48.57459379732609
test_00737,10.709813751280308
test_00738,50.24403623491526
test_00739,122.27069852501154
test_00740,89.66358914971352
test_00741,71.86015991866589
test_00742,49.95639664307237
test_00743,48.3147097826004
test_00744,147.60835000872612
test_00745,203.20634023845196
test_00746,32.66955615952611
test_00747,24.78600287437439
test_00748,121.01413190364838
test_00749,13.538654148578644
test_00750,19.228774018585682
test_00751,59.654495388269424
test_00752,20.749536741524935
test_00753,42.73235122859478
test_00754,155.62568198144436
test_00755,21.73427475616336
test_00756,32.43903221935034
test_00757,44.57294377312064
test_00758,16.222885500639677
test_00759,21.708379950374365
test_00760,50.384927451610565
test_00761,68.86105708777905
test_00762,81.01934437453747
test_00763,59.160228468477726
test_00764,39.71002775430679
test_00765,66.11342208832502
test_00766,33.84083557128906
test_00767,20.0575043708086
test_00768,19.299940165132284
test_00769,25.337864566594362
test_00770,82.8561596646905
test_00771,15.93106381595135
test_00772,78.24151362478733
test_00773,41.179936822503805
test_00774,29.38963656499982
test_00775,48.689694203436375
test_00776,102.89552292227745
test_00777,67.92351803928614
test_00778,79.25205730646849
test_00779,87.29468982666731
test_00780,51.84635719656944
test_00781,99.63481272757053
test_00782,50.021638777107
test_00783,11.856256879866123
test_00784,18.107130032032728
test_00785,33.60663465783
test_00786,35.220588225871325
test_00787,14.848295465111732
test_00788,21.400182735174894
test_00789,17.34637911617756
test_00790,23.504042852669954
test_00791,43.48461910709739
test_00792,143.48841658234596
test_00793,66.23903343826532
test_00794,50.994606763124466
test_00795,18.359452109783888
test_00796,13.02875080704689
test_00797,18.186181243509054
test_00798,41.232042133808136
test_00799,78.24151362478733
test_00800,73.95326396077871
test_00801,112.6736794039607
test_00802,13.323718346655369
test_00803,16.308785539120436
test_00804,32.109686836600304
test_00805,86.18759402632713
test_00806,68.46910659223795
test_00807,92.52622056007385
test_00808,69.68270833790302
test_00809,99.89906454086304
test_00810,78.90221744030714
test_00811,106.90226499736309
test_00812,70.92718180269003
test_00813,52.431842766702175
test_00814,20.788973208516836
test_00815,46.29694655165076
test_00816,21.189982429146767
test_00817,24.25361428409815
test_00818,67.47374621033669
test_00819,103.58347348123789
test_00820,36.875285629183054
test_00821,11.511869333684444
test_00822,18.00236600637436
test_00823,93.38809566944838
test_00824,143.71560153365135
test_00825,72.20263098180294
test_00826,16.731641180813313
test_00827,30.690505143254995
test_00828,16.83863367512822
test_00829,66.16204727441072
test_00830,134.00867433845997
test_00831,36.95061529800296
test_00832,37.59026379883289
test_00833,55.217543724924326
test_00834,30.452668111771345
test_00835,42.65057014301419
test_00836,58.80218783766031
test_00837,89.57838736474514
test_00838,21.382250990718603
test_00839,37.81620452180505
test_00840,49.20563669502735
test_00841,115.79621711373329
test_00842,114.30794174969196
test_00843,16.860777225345373
test_00844,24.25930430740118
test_00845,14.508335143327713
test_00846,16.789681646972895
test_00847,30.72647262737155
test_00848,50.20556543767452
test_00849,45.22762329503894
test_00850,17.46602188423276
test_00851,33.47437132894993
test_00852,49.02002754062414
test_00853,37.71584543585777
test_00854,61.4752842746675
test_00855,52.01779329031706
test_00856,11.37481851130724
test_00857,16.23991471529007
test_00858,10.978544786572456
test_00859,13.471406392753124
test_00860,21.640244521200657
test_00861,17.69688380882144
test_00862,11.419558733701706
test_00863,15.959822203963997
test_00864,15.686125397682192
test_00865,122.24135702103376
test_00866,30.62549328431487
test_00867,16.39373105019331
test_00868,51.020308434963226
test_00869,14.098482616245747
test_00870,16.325376488268375
test_00871,19.805698554962873
test_00872,21.467486202716827
test_00873,25.09995696693659
test_00874,117.9825528562069
test_00875,22.522398695349693
test_00876,35.48021596670151
test_00877,23.51071711629629
test_00878,26.800434544682503
test_00879,13.269737407565117
test_00880,15.154308781027794
test_00881,75.335040807724
test_00882,22.669971603900194
test_00883,110.27702821791172
test_00884,20.23027754575014
test_00885,10.787691302597523
test_00886,10.134051732718945
test_00887,30.0107924900949
test_00888,100.18705697357655
test_00889,156.69607490301132
test_00890,141.2905670851469
test_00891,96.7726270109415
test_00892,39.92677232995629
test_00893,70.2470605969429
test_00894,66.50614511966705
test_00895,38.35160154476762
test_00896,137.99922287464142
test_00897,148.10577392578125
test_00898,15.13850151002407
test_00899,77.91727143526077
test_00900,147.9450567662716
test_00901,98.16892604529858
test_00902,34.14010405540466
test_00903,10.499327458441257
test_00904,24.762823086231947
test_00905,44.859142288565636
test_00906,24.75274669378996
test_00907,38.19590958207846
test_00908,9.079599790275097
test_00909,31.978255469352003
test_00910,10.416354142129421
test_00911,11.598252207040787
test_00912,64.33313561975956
test_00913,24.18615110963583
test_00914,174.29672834277153
test_00915,245.54565507173538
test_00916,173.39188092947006
test_00917,51.7714806497097
test_00918,10.57009619474411
test_00919,58.277301758527756
test_00920,201.73023231327534
test_00921,18.99339944496751
test_00922,27.328336484730244
test_00923,51.649390280246735
test_00924,32.226124323904514
test_00925,27.649566527456045
test_00926,78.66863678395748
test_00927,114.66430360078812
test_00928,171.60423308610916
test_00929,15.532056502997875
test_00930,58.57232129573822
test_00931,10.088338412344456
test_00932,12.130529373884201
test_00933,10.370016850531101
test_00934,74.12996666878462
test_00935,115.18760746717453
test_00936,240.03849990665913
test_00937,11.048251286149025
test_00938,70.08730167895555
test_00939,96.83253567665815
test_00940,11.730734668672085
test_00941,19.894603312015533
test_00942,73.4466810375452
test_00943,160.82637813687325
test_00944,137.8201728463173
test_00945,26.327813483774662
test_00946,63.04583841562272
test_00947,145.7849278151989
test_00948,15.568120554089546
test_00949,34.22805057093501
test_00950,68.5175906419754
test_00951,187.47728848457336
test_00952,104.54822213202715
test_00953,13.757073789834976
test_00954,12.159937731921673
test_00955,90.68826875090599
test_00956,134.58558030426502
test_00957,211.06383158266544
test_00958,195.286674618721
test_00959,348.3950695991516
test_00960,383.10450887680054
test_00961,10.216564498841763
test_00962,41.62317181006074
test_00963,199.4477604329586
test_00964,188.02225306630135
test_00965,13.067555874586105
test_00966,76.07196567952633
test_00967,11.931207709014416
test_00968,63.6577647663653
test_00969,126.15048474073409
test_00970,179.11530154943466
test_00971,12.923678509891033
test_00972,138.3369398713112
test_00973,74.94426397234201
test_00974,193.37828834354877
test_00975,155.41745387017727
test_00976,202.3728483915329
test_00977,25.39901003241539
test_00978,13.496521234512329
test_00979,11.745613411068916
test_00980,17.02645644173026
test_00981,20.41358394920826
test_00982,12.344908058643341
test_00983,29.40149573236704
test_00984,111.60434129089117
test_00985,127.3589981496334
test_00986,127.45202928781508
test_00987,47.26012413203716
test_00988,10.492983750998974
test_00989,60.68030408024788
test_00990,12.21111822873354
test_00991,43.04942146316171
test_00992,47.72135028988123
test_00993,139.7340262979269
test_00994,189.29549606144428
test_00995,13.146265387535095
test_00996,277.00343173742294
test_00997,10.19962813705206
test_00998,12.805213116109371
test_00999,70.08435267210007
test_01000,11.586121909320354
test_01001,75.11061172932386
test_01002,109.0495431125164
test_01003,215.97848150134087
test_01004,12.954780504107475
test_01005,15.264625407755375
test_01006,88.14361753314734
test_01007,10.626053042709827
test_01008,9.686500944197178
test_01009,9.861324310302734
test_01010,49.505603432655334
test_01011,86.30921641737223
test_01012,46.10682103410363
test_01013,209.06777735054493
test_01014,236.8896588385105
test_01015,8.957977399230003
test_01016,55.44724313169718
test_01017,118.1015902236104
test_01018,9.13611375540495
test_01019,35.36121202632785
test_01020,92.91465750336647
test_01021,14.044152550399303
test_01022,21.758423928171396
test_01023,16.18365702405572
test_01024,33.92302520945668
test_01025,89.84593731164932
test_01026,12.368098989129066
test_01027,200.7987918406725
test_01028,116.82819866389036
test_01029,337.3431130051613
test_01030,49.74583235383034
test_01031,51.211228772997856
test_01032,99.17903888970613
test_01033,9.978400625288486
test_01034,8.65411826968193
test_01035,11.59285931289196
test_01036,22.712030235677958
test_01037,115.10325250029564
test_01038,12.365699671208858
test_01039,120.74539344012737
test_01040,279.3619241118431
test_01041,289.93722611665726
test_01042,59.81084103509784
test_01043,50.44348417967558
test_01044,56.655697114765644
test_01045,135.54475778341293
test_01046,62.15216305851936
test_01047,15.003805436193943
test_01048,42.24716903269291
test_01049,13.965272188186646
test_01050,55.64135017991066
test_01051,11.766189604997635
test_01052,12.614181354641914
test_01053,130.06149180233479
test_01054,66.98842287808657
test_01055,9.461507320404053
test_01056,11.309992358088493
test_01057,78.24151362478733
test_01058,111.04597618430853
test_01059,123.65197025239468
test_01060,26.23872673511505
test_01061,27.40863935276866
test_01062,62.1303277797997
test_01063,68.54595904797316
test_01064,48.91437212750316
test_01065,105.40573687106371
test_01066,64.9960530474782
test_01067,40.95987182855606
test_01068,106.90729390829802
test_01069,10.67475251108408
test_01070,15.378411017358303
test_01071,33.3633341640234
test_01072,77.5429332703352
test_01073,94.26703342050314
test_01074,55.79817494750023
test_01075,27.98278944566846
test_01076,74.79776444286108
test_01077,78.24151362478733
test_01078,105.63445946574211
test_01079,101.87622878700495
test_01080,67.11415307968855
test_01081,204.08013765513897
test_01082,40.87695050984621
test_01083,23.713886603713036
test_01084,60.97702096775174
test_01085,52.97078676894307
test_01086,28.821113355457783
test_01087,83.24777588993311
test_01088,27.66314532980323
test_01089,64.50255866348743
test_01090,169.33599369227886
test_01091,26.313172444701195
test_01092,42.23200801759958
test_01093,66.42877268791199
test_01094,54.51339591294527
test_01095,47.647179424762726
test_01096,55.3508990034461
test_01097,84.35175926238298
test_01098,129.6428368240595
test_01099,87.3633489459753
test_01100,77.92979542911053
test_01101,88.40501690655947
test_01102,65.92423252761364
test_01103,14.468192994594574
test_01104,26.670057985931635
test_01105,85.34729049354792
test_01106,49.10977911576629
test_01107,19.243879321962595
test_01108,103.85126113146544
test_01109,42.20134800300002
test_01110,41.41034933924675
test_01111,46.98148012533784
test_01112,76.93279340863228
test_01113,137.53984634578228
test_01114,93.10829657316208
test_01115,166.79537600278854
test_01116,54.04037372767925
test_01117,18.00002982839942
test_01118,58.9921053647995
test_01119,65.12498481571674
test_01120,69.0430338382721
test_01121,23.634553119540215
test_01122,34.444271456450224
test_01123,34.2035819850862
test_01124,40.68473765999079
test_01125,111.82146099209785
test_01126,95.30402902513742
test_01127,157.42041635513306
test_01128,61.52689189463854
test_01129,122.45231129229069
test_01130,12.742481723427773
test_01131,22.276962585747242
test_01132,33.299336258322
test_01133,78.24151362478733
test_01134,99.3719722777605
test_01135,124.26904065161943
test_01136,76.4169846251607
test_01137,42.674834452569485
test_01138,47.35002055764198
test_01139,133.7507068067789
test_01140,51.87706920877099
test_01141,94.61246834695339
test_01142,87.51120041310787
test_01143,93.6130224391818
test_01144,93.07240337133408
test_01145,151.26458367705345
test_01146,136.09923049807549
test_01147,29.863071016967297
test_01148,34.51050525903702
test_01149,34.95859830826521
test_01150,39.33302656933665
test_01151,101.20466490089893
test_01152,103.48345237970352
test_01153,99.72981234639883
test_01154,13.040561690926552
test_01155,33.32044357061386
test_01156,71.41237885504961
test_01157,34.05812240764499
test_01158,67.77637968212366
test_01159,114.35518528521061
test_01160,43.67922756075859
test_01161,71.6037523150444
test_01162,172.27391763031483
test_01163,92.29322673380375
test_01164,107.50067568570375
test_01165,74.48431546986103
test_01166,134.05773036181927
test_01167,26.836587734520435
test_01168,51.95469420030713
test_01169,52.92510687559843
test_01170,76.44957226514816
test_01171,83.16445344686508
test_01172,55.82412175089121
test_01173,37.35160966217518
test_01174,21.900135964155197
test_01175,19.179836846888065
test_01176,37.72533871233463
test_01177,90.02301143109798
test_01178,69.68288661539555
test_01179,41.226028982549906
test_01180,78.24151362478733
test_01181,73.6801725551486
test_01182,44.84441211074591
test_01183,88.71133477985859
test_01184,128.52164967358112
test_01185,15.683688938617708
test_01186,38.78279908746481
test_01187,19.50701690092683
test_01188,26.476608335971832
test_01189,37.67896427959204
test_01190,28.42537446320057
test_01191,13.556675031781197
test_01192,20.18791064247489
test_01193,20.162561811506748
test_01194,132.57209944725037
test_01195,39.22038119286299
test_01196,17.097592875361443
test_01197,50.90006026625633
test_01198,19.691303830593824
test_01199,15.125048987567425
test_01200,20.505686558783054
test_01201,32.726991225034
test_01202,30.80893339589238
test_01203,69.39303712546825
test_01204,83.7822592407465
test_01205,156.3673906326294
test_01206,32.49706897139549
test_01207,32.5156766846776
test_01208,22.426396265625954
test_01209,36.80070249736309
test_01210,55.84766923636198
test_01211,88.93115092813969
test_01212,112.25244683027267
test_01213,36.67710419744253
test_01214,179.7393767684698
test_01215,48.129538893699646
test_01216,12.850287608802319
test_01217,10.500463977456093
test_01218,47.05293968692422
test_01219,93.32673107087612
test_01220,218.47567376494408
test_01221,188.60039211809635
test_01222,110.6435667425394
test_01223,65.8624519482255
test_01224,51.170143239200115
test_01225,54.53430266305804
test_01226,26.794956225901842
test_01227,61.00649246573448
test_01228,170.73808674514294
test_01229,51.36859580129385
test_01230,132.36948707699776
test_01231,295.54776737093925
test_01232,132.3089321553707
test_01233,117.15313167870045
test_01234,61.25893710926175
test_01235,205.2287795394659
test_01236,39.11445836350322
test_01237,49.53503407537937
test_01238,11.723670423030853
test_01239,22.399528361856937
test_01240,55.79502537846565
test_01241,131.66707375645638
test_01242,10.121356889605522
test_01243,8.81686333566904
test_01244,31.917923394590613
test_01245,14.580856941640377
test_01246,11.328956626355648
test_01247,82.67078821361065
test_01248,160.9652563035488
test_01249,272.93888318538666
test_01250,250.93502824008468
test_01251,102.34765390306711
test_01252,130.29496103525162
test_01253,13.649535320699215
test_01254,106.02524372935295
test_01255,189.09034323692322
test_01256,102.47056137770414
test_01257,56.376343712210655
test_01258,62.901169944554574
test_01259,17.566377256065607
test_01260,18.592520218342543
test_01261,93.27262385189533
test_01262,73.00207925587893
test_01263,186.70839251577854
test_01264,24.788190487772226
test_01265,78.4783552736044
test_01266,11.275755651295185
test_01267,11.110685549676418
test_01268,35.291743230074644
test_01269,103.3627288043499
test_01270,198.805248349905
test_01271,283.51528456807137
test_01272,18.513335298746824
test_01273,143.876318693161
test_01274,157.077380746603
test_01275,11.06388770788908
test_01276,130.8991137444973
test_01277,196.78830593824387
test_01278,537.102092564106
test_01279,63.04245114326478
test_01280,46.199109349399805
test_01281,115.86258091032505
test_01282,216.41029930114746
test_01283,11.40862438082695
test_01284,20.567043729126453
test_01285,209.2710731178522
test_01286,223.6464787274599
test_01287,11.671969950199127
test_01288,14.285919114947319
test_01289,11.833935052156448
test_01290,107.18167039752007
test_01291,269.7918694615364
test_01292,203.15930469334126
test_01293,224.18752120435238
test_01294,448.3423642516136
test_01295,473.6212213039398
test_01296,13.538015320897102
test_01297,103.49194284528494
test_01298,151.07822427153587
test_01299,166.42995171248913
test_01300,13.497293770313263
test_01301,154.42250204086304
test_01302,15.302048824727535
test_01303,393.74167317152023
test_01304,347.2142189145088
test_01305,357.3141736984253
test_01306,117.9929820895195
test_01307,339.5129283666611
test_01308,323.89237332344055
test_01309,257.67214953899384
test_01310,160.61673866212368
test_01311,131.38860431313515
test_01312,23.006514940410852
test_01313,17.305653851479292
test_01314,10.673690274357796
test_01315,62.740590207278736
test_01316,95.46190117299557
test_01317,10.980282992124557
test_01318,36.911717377603054
test_01319,95.32632113993168
test_01320,144.75555357336998
test_01321,184.358175188303
test_01322,68.18179755657911
test_01323,10.564450740814209
test_01324,81.10886196047068
test_01325,15.064568348228931
test_01326,37.00619702041149
test_01327,113.12123762071133
test_01328,151.7199043929577
test_01329,294.9744566679001
test_01330,13.08986284583807
test_01331,523.1088544726372
test_01332,11.561452761292458
test_01333,12.894812412559986
test_01334,83.79255476593971
test_01335,10.932289205491543
test_01336,91.53990776091814
test_01337,300.07366836071014
test_01338,10.941009946167469
test_01339,11.911537759006023
test_01340,68.00624622404575
test_01341,12.889538370072842
test_01342,13.968659460544586
test_01343,16.585312500596046
test_01344,141.911106467247
test_01345,157.28216215968132
test_01346,195.26122550666332
test_01347,255.3532941937447
test_01348,248.1718013882637
test_01349,9.160359494388103
test_01350,92.54773271083832
test_01351,161.696907132864
test_01352,8.08576962351799
test_01353,48.24535983800888
test_01354,100.62021185457706
test_01355,16.561843011528254
test_01356,24.999545883387327
test_01357,12.668377712368965
test_01358,26.066024128347635
test_01359,113.55122807621956
test_01360,11.048050723969936
test_01361,170.18502539396286
test_01362,139.23817716538906
test_01363,335.11232674121857
test_01364,60.56841638311744
test_01365,60.59840785712004
test_01366,73.55851302295923
test_01367,9.152634136378765
test_01368,9.339565515518188
test_01369,10.803231157362461
test_01370,16.783761348575354
test_01371,103.58414202183485
test_01372,12.118807628750801
test_01373,103.03048641234636
test_01374,258.58011680841446
test_01375,299.6335012316704
test_01376,66.59928025305271
test_01377,47.47034300863743
test_01378,47.92745392769575
test_01379,125.32156868278979
test_01380,64.58893410861492
test_01381,12.679170928895473
test_01382,31.349184766411778
test_01383,37.395725913345814
test_01384,14.691433556377888
test_01385,43.347609139978886
test_01386,13.333939589560032
test_01387,15.063751243054867
test_01388,120.750489205122
test_01389,66.22596718370914
test_01390,7.455075852572918
test_01391,11.982373349368572
test_01392,62.847018156200654
test_01393,107.47177244722843
test_01394,125.18088545650242
test_01395,31.33055848255753
test_01396,20.62593472748995
test_01397,65.98222471028566
test_01398,62.950118258595474
test_01399,87.14047979563475
test_01400,80.9853825122118
test_01401,44.13891978934407
test_01402,91.79653078317642
test_01403,13.608828626573086
test_01404,20.380896028131247
test_01405,38.740008775144815
test_01406,73.71437954902649
test_01407,82.29428100585938
test_01408,43.4330857694149
test_01409,20.366050712764263
test_01410,56.67909603565931
test_01411,66.16390433162451
test_01412,73.95031495392323
test_01413,94.47629405558109
test_01414,125.35175700485705
test_01415,57.406126506626606
test_01416,187.55840474367142
test_01417,190.90697602927685
test_01418,32.8203343488276
test_01419,28.66229410842061
test_01420,57.417499125003815
test_01421,19.596579056233168
test_01422,24.079682305455208
test_01423,64.75476931780577
test_01424,28.46531604975462
test_01425,45.67597633227706
test_01426,174.81212857365608
test_01427,22.11599286645651
test_01428,32.48761283606291
test_01429,60.768514297902584
test_01430,39.04218912497163
test_01431,40.90097711607814
test_01432,50.92305063456297
test_01433,78.24151362478733
test_01434,92.1730379909277
test_01435,87.92753035575151
test_01436,71.58438692241907
test_01437,83.2473301962018
test_01438,64.21086697280407
test_01439,15.76891300827265
test_01440,21.8209807574749
test_01441,57.96030952036381
test_01442,38.270622707903385
test_01443,14.527522258460522
test_01444,95.41408566385508
test_01445,41.112247087061405
test_01446,42.214878521859646
test_01447,45.75457813590765
test_01448,73.38452161848545
test_01449,73.03925754129887
test_01450,96.85854190587997
test_01451,128.09944400191307
test_01452,94.18825705349445
test_01453,180.85600298643112
test_01454,39.97101114690304
test_01455,15.459868974983692
test_01456,68.06874734163284
test_01457,38.66722698882222
test_01458,69.95884531736374
test_01459,21.861204616725445
test_01460,31.268250498920676
test_01461,33.67589174956083
test_01462,38.50512817874551
test_01463,115.5073778629303
test_01464,99.26668456196785
test_01465,158.81785933673382
test_01466,68.00923980027437
test_01467,74.40039876848459
test_01468,13.396410994231701
test_01469,18.320539332926273
test_01470,31.379153955727812
test_01471,76.14439833909273
test_01472,101.89556446671486
test_01473,124.54172350466251
test_01474,72.5893222913146
test_01475,33.95068421959877
test_01476,37.275087762624025
test_01477,112.54445793479681
test_01478,52.843095514923334
test_01479,86.88311395049095
test_01480,102.54710184782743
test_01481,67.22614848613739
test_01482,65.2911988645792
test_01483,124.77581670880316
test_01484,100.76717193424702
test_01485,84.48725015670061
test_01486,23.97287180274725
test_01487,50.536838445812464
test_01488,43.9275681078434
test_01489,37.88181435316801
test_01490,109.56185320019722
test_01491,130.4423816651106
test_01492,78.24151362478733
test_01493,15.453606978058815
test_01494,50.642909839749336
test_01495,121.08589602261782
test_01496,36.5058278106153
test_01497,51.3407399430871
test_01498,21.209080405533314
test_01499,115.59864108264446
test_01500,132.5838657617569
test_01501,52.19102701544762
test_01502,74.22198013961315
test_01503,146.21490341424942
test_01504,69.9529918730259
test_01505,92.18236784636974
test_01506,71.23709493875504
test_01507,112.4885159432888
test_01508,25.249643206596375
test_01509,46.090137232095
test_01510,55.3218100592494
test_01511,75.17842403054237
test_01512,84.90706393867731
test_01513,64.77068801224232
test_01514,30.88798089325428
test_01515,20.634792890399694
test_01516,14.67845644056797
test_01517,30.86096813902259
test_01518,79.91192916035652
test_01519,64.48472348600626
test_01520,34.362720645964146
test_01521,67.46832360327244
test_01522,67.3058310970664
test_01523,37.41998279467225
test_01524,111.55899195373058
test_01525,125.52453760802744
test_01526,12.686004899442196
test_01527,35.073850993067026
test_01528,15.347777001559734
test_01529,25.47233407944441
test_01530,28.074676636606455
test_01531,26.992082849144936
test_01532,14.6447099968791
test_01533,26.064393632113934
test_01534,24.308412328362465
test_01535,135.45897659659386
test_01536,33.032432567328215
test_01537,22.347790747880936
test_01538,53.82511851191521
test_01539,26.99115803465247
test_01540,13.805193856358528
test_01541,16.157609939575195
test_01542,34.904179103672504
test_01543,41.72099044173956
test_01544,75.16174022853374
test_01545,57.77107539027929
test_01546,142.855769187212
test_01547,32.14436923712492
test_01548,28.807118572294712
test_01549,17.859833151102066
test_01550,29.316747069358826
test_01551,50.55685009434819
test_01552,100.09996841847897
test_01553,71.04033601284027
test_01554,34.92458073422313
test_01555,169.85157220065594
test_01556,29.829907689243555
test_01557,5.685344897210598
test_01558,14.23068280518055
test_01559,40.3800948522985
test_01560,92.8269375488162
test_01561,187.90674410760403
test_01562,160.65682138502598
test_01563,94.3544562458992
test_01564,39.192395340651274
test_01565,61.60224013403058
test_01566,47.15109258890152
test_01567,53.32801400870085
test_01568,21.961987111717463
test_01569,49.29612737894058
test_01570,161.78536248207092
test_01571,54.106655813753605
test_01572,120.88892910629511
test_01573,240.7700021713972
test_01574,257.51978170871735
test_01575,118.3185242190957
test_01576,131.34046939015388
test_01577,84.65324135869741
test_01578,230.28871183097363
test_01579,53.84506330639124
test_01580,41.99164167419076
test_01581,14.362697288393974
test_01582,25.568659637123346
test_01583,78.24151362478733
test_01584,111.90522170066833
test_01585,12.379427038133144
test_01586,54.360961228609085
test_01587,8.880872383713722
test_01588,29.055069137364626
test_01589,13.597760565578938
test_01590,10.353258766233921
test_01591,73.8165622651577
test_01592,145.17444625496864
test_01593,246.278360709548
test_01594,214.42829927802086
test_01595,96.71660330891609
test_01596,130.73237971961498
test_01597,12.921048916876316
test_01598,99.70654713362455
test_01599,199.50890961289406
test_01600,128.93966582417488
test_01601,76.11845153570175
test_01602,66.11484088003635
test_01603,25.380996577441692
test_01604,14.891765460371971
test_01605,81.96140721440315
test_01606,64.59249965846539
test_01607,184.23780816793442
test_01608,37.57705269381404
test_01609,71.62240459769964
test_01610,9.915290392935276
test_01611,9.570464581251144
test_01612,21.15301213413477
test_01613,105.55698303878307
test_01614,192.25799258053303
test_01615,288.1955441534519
test_01616,17.570054229348898
test_01617,110.19227212667465
test_01618,140.62535433471203
test_01619,10.785655967891216
test_01620,139.53046311438084
test_01621,171.75570952892303
test_01622,462.1969618797302
test_01623,90.16307811439037
test_01624,37.04758711159229
test_01625,123.2550651282072
test_01626,188.00485615432262
test_01627,11.46195163577795
test_01628,23.530052796006203
test_01629,155.27716434001923
test_01630,210.07849188148975
test_01631,11.935018390417099
test_01632,17.362238384783268
test_01633,12.504184141755104
test_01634,84.75902676582336
test_01635,244.20921270549297
test_01636,214.99082419276237
test_01637,194.38427852094173
test_01638,365.010234773159
test_01639,471.5928988456726
test_01640,12.45478641986847
test_01641,89.8035072684288
test_01642,169.81082093715668
test_01643,162.23325496912003
test_01644,15.110727362334728
test_01645,155.74373139441013
test_01646,12.809744335711002
test_01647,321.9339950680733
test_01648,240.28009562194347
test_01649,399.47626584768295
test_01650,155.00833673775196
test_01651,266.13819110393524
test_01652,244.45476023852825
test_01653,164.99279741942883
test_01654,138.10119760036469
test_01655,29.582031406462193
test_01656,14.033210769295692
test_01657,10.786190800368786
test_01658,76.59437073022127
test_01659,97.18807299435139
test_01660,12.27760087698698
test_01661,30.27785588800907
test_01662,86.95495235174894
test_01663,123.89022326469421
test_01664,170.03766418993473
test_01665,49.13271377235651
test_01666,10.393267206847668
test_01667,68.17053636163473
test_01668,11.61126646399498
test_01669,22.71337103098631
test_01670,71.80382423102856
test_01671,163.98361310362816
test_01672,260.19917356967926
test_01673,10.287362948060036
test_01674,572.1983345746994
test_01675,11.318861663341522
test_01676,12.207797810435295
test_01677,70.52801106870174
test_01678,10.661307416856289
test_01679,58.319809798151255
test_01680,79.00653948634863
test_01681,10.331798613071442
test_01682,11.196927286684513
test_01683,61.44209123402834
test_01684,12.210211984813213
test_01685,9.879672035574913
test_01686,11.624934405088425
test_01687,107.1918470710516
test_01688,141.18935003876686
test_01689,147.966212362051
test_01690,233.8218746036291
test_01691,267.68130165338516
test_01692,8.48107025027275
test_01693,78.24151362478733
test_01694,147.8398730456829
test_01695,8.060379937291145
test_01696,43.47857252880931
test_01697,81.81862179934978
test_01698,20.813360083848238
test_01699,37.45956411212683
test_01700,12.98514710366726
test_01701,25.036471609026194
test_01702,69.51755652576685
test_01703,10.999239832162857
test_01704,161.91032014787197
test_01705,181.22375974059105
test_01706,320.46177953481674
test_01707,63.34178276732565
test_01708,63.10015362501145
test_01709,53.15350262820721
test_01710,8.945928812026978
test_01711,10.323226436972618
test_01712,10.407083712518215
test_01713,20.06269670277834
test_01714,92.48240886628628
test_01715,10.577383287250996
test_01716,115.4144655764103
test_01717,248.66768023371696
test_01718,336.5217291712761
test_01719,89.3406320437789
test_01720,54.40347298234701
test_01721,54.759452279657125
test_01722,123.23051483184099
test_01723,65.82560050487518
test_01724,11.217540621757507
test_01725,35.29094469547272
test_01726,54.459741815924644
test_01727,12.406376652419567
test_01728,65.0296286419034
test_01729,12.225759267807007
test_01730,7.899826198816299
test_01731,92.39281699806452
test_01732,70.46090444922447
test_01733,10.197860218584538
test_01734,12.89135828614235
test_01735,67.8854112252593
test_01736,128.81649093329906
test_01737,84.93886418640614
test_01738,22.56443875655532
test_01739,23.43049967288971
test_01740,49.82590866088867
test_01741,60.827958699315786
test_01742,47.27726848423481
test_01743,135.75791823863983
test_01744,92.89270708709955
test_01745,75.20723070204258
test_01746,96.65366392582655
test_01747,15.56695432215929
test_01748,37.65130898356438
test_01749,43.57631316408515
test_01750,75.27107632905245
test_01751,86.92032937705517
test_01752,25.286483507603407
test_01753,15.114018067717552
test_01754,61.11930497735739
test_01755,60.61988286674023
test_01756,76.09202189743519
test_01757,78.24151362478733
test_01758,70.00637112557888
test_01759,47.992361791431904
test_01760,225.21634575724602
test_01761,205.6678472906351
test_01762,21.806818839162588
test_01763,15.067324221134186
test_01764,25.114612862467766
test_01765,50.09716900810599
test_01766,14.557264886796474
test_01767,21.39681403338909
test_01768,62.35467143356801
test_01769,33.41913501918316
test_01770,58.99504694342613
test_01771,191.13058057427406
test_01772,28.374461382627487
test_01773,40.371292401105165
test_01774,63.47872959449888
test_01775,53.2358371168375
test_01776,44.04582551121712
test_01777,54.58464748412371
test_01778,81.82776594907045
test_01779,96.62664002925158
test_01780,84.70310705900192
test_01781,46.0864045470953
test_01782,78.51354279369116
test_01783,32.924830958247185
test_01784,14.396005466580391
test_01785,18.32707617431879
test_01786,58.80837555229664
test_01787,22.006608482450247
test_01788,100.48957159370184
test_01789,40.73465535789728
test_01790,46.20039814710617
test_01791,64.87233589589596
test_01792,57.08146833628416
test_01793,73.27387072145939
test_01794,117.48903618752956
test_01795,90.08745874464512
test_01796,221.770687520504
test_01797,37.4212158806622
test_01798,13.620379522442818
test_01799,44.72007470205426
test_01800,26.193592816591263
test_01801,63.0000805258751
test_01802,14.138884752988815
test_01803,31.085014663636684
test_01804,32.293249513953924
test_01805,39.84547407925129
test_01806,78.39006334543228
test_01807,106.4976642280817
test_01808,112.37435892224312
test_01809,78.24151362478733
test_01810,23.925966251641512
test_01811,15.449060901999474
test_01812,16.567856162786484
test_01813,41.89257510006428
test_01814,90.35974790155888
test_01815,97.77118153125048
test_01816,114.4484466984868
test_01817,63.52905213087798
test_01818,36.27945625036955
test_01819,39.83320635929704
test_01820,104.93327923119068
test_01821,54.26593189686537
test_01822,97.34338240325451
test_01823,85.27844566851854
test_01824,63.71578294783831
test_01825,97.1438824608922
test_01826,108.11783522367477
test_01827,78.22445841133595
test_01828,69.29929287731647
test_01829,21.5889711715281
test_01830,46.86980413272977
test_01831,29.835330296307802
test_01832,32.19095166027546
test_01833,78.08479285240173
test_01834,110.34291660785675
test_01835,52.14460801333189
test_01836,9.40354485064745
test_01837,25.69716428220272
test_01838,57.52100035175681
test_01839,144.00922456383705
test_01840,143.2746024429798
test_01841,38.418455604463816
test_01842,41.64167181402445
test_01843,21.29405191540718
test_01844,77.96819937229156
test_01845,113.78286253660917
test_01846,52.266044698655605
test_01847,80.65463319420815
test_01848,65.5372738018632
test_01849,26.850445095449686
test_01850,36.51607133820653
test_01851,73.78516314178705
test_01852,89.34929335862398
test_01853,24.730220589786768
test_01854,45.94716239720583
test_01855,50.18316189944744
test_01856,67.46099936962128
test_01857,104.05978637188673
test_01858,75.36705647408962
test_01859,39.98285545781255
test_01860,19.214530389755964
test_01861,16.30328493565321
test_01862,31.437149852514263
test_01863,71.50212671607733
test_01864,65.04499764740467
test_01865,28.396916918456554
test_01866,64.77129712700844
test_01867,77.2480845823884
test_01868,49.722927410155535
test_01869,97.11010630428791
test_01870,85.33877031505108
test_01871,11.146318763494492
test_01872,13.950653433799744
test_01873,15.846991121768953
test_01874,18.249752026051283
test_01875,30.98187742009759
test_01876,17.732379600405693
test_01877,11.836341798305511
test_01878,28.686521276831627
test_01879,19.647789265960455
test_01880,128.76997536420822
test_01881,23.615822840481997
test_01882,56.373305566608906
test_01883,15.796754010021688
test_01884,14.57316129654646
test_01885,18.234902996569872
test_01886,34.175618417561054
test_01887,42.62397336959839
test_01888,93.22683624923229
test_01889,49.660578571259975
test_01890,164.7626560330391
test_01891,62.3490111231804
test_01892,26.485544495284557
test_01893,20.615687485784292
test_01894,22.874485600739717
test_01895,92.55132054537535
test_01896,84.70247565954924
test_01897,90.28342285007238
test_01898,204.50425980985165
test_01899,29.669131103903055
test_01900,14.2145486921072
test_01901,12.850829869508743
test_01902,191.06038381159306
test_01903,190.26645471155643
test_01904,92.47197220474482
test_01905,33.94851517677307
test_01906,61.87018006294966
test_01907,63.48945595696569
test_01908,47.74520233273506
test_01909,38.84031957760453
test_01910,78.24151362478733
test_01911,155.19936107099056
test_01912,79.51564057916403
test_01913,126.10905750840901
test_01914,189.9560141712427
test_01915,247.68823854625225
test_01916,145.1583121418953
test_01917,95.69014836102724
test_01918,87.70752107352018
test_01919,191.24331137537956
test_01920,65.61022643744946
test_01921,57.164122238755226
test_01922,23.902838461101055
test_01923,23.536013949662447
test_01924,37.92432239279151
test_01925,92.8327984213829
test_01926,13.423479460179806
test_01927,40.574714448302984
test_01928,9.77288381755352
test_01929,28.54973415657878
test_01930,13.712846115231514
test_01931,11.137724302709103
test_01932,80.6754693761468
test_01933,147.54053027927876
test_01934,295.2323647737503
test_01935,225.00088255107403
test_01936,92.2042959779501
test_01937,117.34109558165073
test_01938,10.946224562823772
test_01939,102.64242830872536
test_01940,206.64252005517483
test_01941,52.35661709308624
test_01942,75.49109303951263
test_01943,51.92395990341902
test_01944,12.439105428755283
test_01945,23.767302997410297
test_01946,80.01828654110432
test_01947,70.5573228597641
test_01948,160.96766304969788
test_01949,16.36700428277254
test_01950,65.27843716740608
test_01951,10.523201785981655
test_01952,10.425884559750557
test_01953,17.513376843184233
test_01954,95.03503057360649
test_01955,174.87269835174084
test_01956,427.0357674360275
test_01957,17.414718821644783
test_01958,120.75068976730108
test_01959,143.9797642081976
test_01960,12.432717151939869
test_01961,67.45369742065668
test_01962,89.78322077542543
test_01963,336.36971789598465
test_01964,146.69293965399265
test_01965,44.35007833689451
test_01966,78.13596592098475
test_01967,192.13080644607544
test_01968,10.143106743693352
test_01969,27.033706929534674
test_01970,109.28887321799994
test_01971,227.79261894524097
test_01972,13.15015035122633
test_01973,9.55597210675478
test_01974,104.30143408477306
test_01975,162.94875682890415
test_01976,247.50427103042603
test_01977,198.74811041355133
test_01978,506.6453440189361
test_01979,423.7191523909569
test_01980,11.933889299631119
test_01981,100.6818438693881
test_01982,158.55515259504318
test_01983,157.60017949342728
test_01984,16.64535116031766
test_01985,168.58269700407982
test_01986,12.822320327162743
test_01987,70.21663457155228
test_01988,191.49453407526016
test_01989,397.44954788684845
test_01990,11.333324424922466
test_01991,189.49793015420437
test_01992,370.5323206782341
test_01993,259.3862282037735
test_01994,158.85868488252163
test_01995,236.51422129571438
test_01996,22.249337002635002
test_01997,22.581297121942043
test_01998,10.276807434856892
test_01999,73.79797683656216
test_02000,112.56389018148184
test_02001,10.648931987583637
test_02002,31.45111863687634
test_02003,99.12484253197908
test_02004,135.46200731396675
test_02005,173.97392722964287
test_02006,71.02256026118994
test_02007,8.746599718928337
test_02008,70.55531723797321
test_02009,15.967484422028067
test_02010,21.843733422458172
test_02011,44.511430609971285
test_02012,98.40619853138924
test_02013,218.72908036410809
test_02014,9.009291604161263
test_02015,487.8934636712074
test_02016,10.085010565817356
test_02017,13.15012063831091
test_02018,81.93820885568857
test_02019,11.41502008587122
test_02020,63.917871627956636
test_02021,108.66158157587051
test_02022,268.46450439095497
test_02023,10.294137492775917
test_02024,15.235640458762646
test_02025,83.45647940784693
test_02026,12.08973354101181
test_02027,9.86026207357645
test_02028,11.98863534629345
test_02029,155.11121770739555
test_02030,165.6666714847088
test_02031,114.76104885339737
test_02032,207.7626969665289
test_02033,277.2322806119919
test_02034,9.322369165718555
test_02035,72.39612148702145
test_02036,145.92858976125717
test_02037,9.352928899228573
test_02038,55.74282721430063
test_02039,100.37683336436749
test_02040,24.130339112132788
test_02041,35.52029497548938
test_02042,12.013089075684547
test_02043,30.4128082357347
test_02044,75.72507482022047
test_02045,9.006572872400284
test_02046,132.251333668828
test_02047,139.99792155623436
test_02048,295.9647287130356
test_02049,37.03166841715574
test_02050,30.782366335392
test_02051,94.55649664252996
test_02052,10.510194957256317
test_02053,11.13397304713726
test_02054,10.999640956521034
test_02055,20.84669054672122
test_02056,78.24151362478733
test_02057,12.839472107589245
test_02058,70.74972884356976
test_02059,191.03387989103794
test_02060,256.6637526154518
test_02061,23.796551648527384
test_02062,53.6683160290122
test_02063,32.98112950474024
test_02064,124.11298099160194
test_02065,59.47046844661236
test_02066,10.270708858966827
test_02067,15.887675531208517
test_02068,16.52994991093874
test_02069,10.332667715847492
test_02070,25.38943875953555
test_02071,11.35976891964674
test_02072,9.467368192970753
test_02073,54.91738756746054
test_02074,74.78102864325047
test_02075,9.762788854539394
test_02076,16.34330080449581
test_02077,87.21396726369858
test_02078,87.07590620219707
test_02079,16.404241994023323
test_02080,10.340051375329494
test_02081,49.8776091337204
test_02082,55.0949333794415
test_02083,39.649127420037985
test_02084,78.24151362478733
test_02085,53.77111528813839
test_02086,42.61286073923111
test_02087,78.24151362478733
test_02088,17.731785342097282
test_02089,15.971733368933203
test_02090,24.331306129693985
test_02091,51.39582768827677
test_02092,68.22771886736155
test_02093,36.17836919799447
test_02094,15.470625050365925
test_02095,31.330595623701807
test_02096,64.4288557767868
test_02097,66.19706394523382
test_02098,58.321321442723274
test_02099,63.565335314720876
test_02100,41.89508955553174
test_02101,137.19339375197887
test_02102,162.54965294897556
test_02103,35.997941233217716
test_02104,13.072361938655376
test_02105,57.02307874336839
test_02106,56.19985642284155
test_02107,29.978045143187046
test_02108,30.833405695855618
test_02109,55.445252366364
test_02110,26.488627210259438
test_02111,78.24151362478733
test_02112,117.59397477656603
test_02113,17.930579602718353
test_02114,33.88700572773814
test_02115,64.33939018845558
test_02116,17.453271329402924
test_02117,24.563330572098494
test_02118,68.35334507375956
test_02119,98.89430744946003
test_02120,76.33759914338589
test_02121,49.722195729613304
test_02122,34.99842104315758
test_02123,55.002492785453796
test_02124,19.209872890263796
test_02125,13.630853325128555
test_02126,17.15226835384965
test_02127,66.70753183215857
test_02128,58.472511898726225
test_02129,18.875717729330063
test_02130,73.10150609910488
test_02131,28.552809443324804
test_02132,35.82741881161928
test_02133,53.86020575091243
test_02134,53.07347831875086
test_02135,88.98950709402561
test_02136,53.977107502520084
test_02137,55.24100949987769
test_02138,64.83266172558069
test_02139,76.32049193233252
test_02140,41.75825786590576
test_02141,12.895681515336037
test_02142,50.67977613955736
test_02143,19.26754194498062
test_02144,40.68212292343378
test_02145,16.575451526790857
test_02146,18.662449564784765
test_02147,21.123410642147064
test_02148,23.47311170771718
test_02149,63.23571880161763
test_02150,72.5886611789465
test_02151,113.92136929184198
test_02152,44.1209100484848
test_02153,31.500215515494343
test_02154,13.838732309639454
test_02155,20.153503086417913
test_02156,72.83848737180233
test_02157,64.75332824140787
test_02158,42.0406085588038
test_02159,115.00126291811466
test_02160,36.50200970098376
test_02161,17.870429519563913
test_02162,43.66703783720732
test_02163,61.71716597676277
test_02164,33.44927505776286
test_02165,84.68516045808792
test_02166,103.33722026646137
test_02167,62.563943210989244
test_02168,43.185291197150946
test_02169,117.30027003586292
test_02170,98.50711844861507
test_02171,83.08023218810558
test_02172,15.146234296262264
test_02173,42.87293788790703
test_02174,35.60847919434309
test_02175,25.26277631521225
test_02176,46.93000992760062
test_02177,84.8769498988986
test_02178,69.53054849803448
test_02179,11.376118451356888
test_02180,15.592462860047819
test_02181,76.84476889669895
test_02182,106.19358225166798
test_02183,104.31067480146885
test_02184,37.856792364269495
test_02185,28.50507564470172
test_02186,25.89900040253997
test_02187,166.1313666254282
test_02188,40.22190700471401
test_02189,38.12548625841737
test_02190,50.24178548157215
test_02191,34.64435822889209
test_02192,59.112182684242725
test_02193,64.47999170422554
test_02194,100.55356578528881
test_02195,18.31874541565776
test_02196,23.40122502297163
test_02197,36.75455091148615
test_02198,127.69686371088027
test_02199,115.84034079313278
test_02200,9.865446977317333
test_02201,21.505986712872982
test_02202,18.49668863788247
test_02203,16.651327170431614
test_02204,30.735037375241518
test_02205,53.978192023932934
test_02206,52.86948801204562
test_02207,24.110453743487597
test_02208,41.95968543365598
test_02209,61.714060977101326
test_02210,42.846812807023525
test_02211,65.12811210006475
test_02212,90.70228581875563
test_02213,14.721718445420265
test_02214,15.462387144565582
test_02215,13.423850871622562
test_02216,14.948829114437103
test_02217,19.43503736332059
test_02218,21.017536096274853
test_02219,11.980761423707008
test_02220,15.084216013550758
test_02221,15.878323391079904
test_02222,111.6512728407979
test_02223,36.91763024777174
test_02224,20.06904412433505
test_02225,40.23379959911108
test_02226,19.563036888837814
test_02227,14.267638243734837
test_02228,16.214376464486122
test_02229,23.37236263975501
test_02230,31.93131277710199
test_02231,107.11576715111732
test_02232,83.42918066680431
test_02233,43.72008281946182
test_02234,24.94369674474001
test_02235,21.677014254033566
test_02236,15.6488728299737
test_02237,23.601174373179674
test_02238,78.24151362478733
test_02239,132.5418962687254
test_02240,19.950218461453915
test_02241,130.73260256648064
test_02242,21.633726250380278
test_02243,13.101525165140629
test_02244,10.765889450907707
test_02245,24.54115730896592
test_02246,188.65577699244022
test_02247,144.9512428343296
test_02248,50.518000457435846
test_02249,36.752723567187786
test_02250,77.76848401129246
test_02251,80.8020241111517
test_02252,43.979755129665136
test_02253,13.019918642938137
test_02254,59.7264526411891
test_02255,118.68210630863905
test_02256,66.86807814240456
test_02257,103.42998398840427
test_02258,143.6676448881626
test_02259,241.84156875312328
test_02260,94.21615748107433
test_02261,66.79410041123629
test_02262,55.80682883411646
test_02263,164.68861144781113
test_02264,118.357017301023
test_02265,39.31497968733311
test_02266,11.999918825924397
test_02267,21.548736169934273
test_02268,27.907184932380915
test_02269,10.193180434405804
test_02270,37.99831498041749
test_02271,7.660897217690945
test_02272,30.968358043581247
test_02273,11.302356138825417
test_02274,12.201097548007965
test_02275,76.03534451127052
test_02276,138.61824689805508
test_02277,282.18286830186844
test_02278,197.17904563248158
test_02279,160.52586171030998
test_02280,70.77531909197569
test_02281,12.90985457599163
test_02282,46.85452055186033
test_02283,155.77007189393044
test_02284,70.83641627430916
test_02285,63.8702121116221
test_02286,57.20420867577195
test_02287,60.863811045885086
test_02288,15.318331502377987
test_02289,68.30276626348495
test_02290,127.51623889803885
test_02291,165.67282205820084
test_02292,29.253038864582777
test_02293,49.76945040747523
test_02294,10.530563160777092
test_02295,12.885088860988617
test_02296,11.701905712485313
test_02297,85.87767346203327
test_02298,92.22685550898314
test_02299,230.93544314801693
test_02300,31.87848692759871
test_02301,53.072958342731
test_02302,82.57450351119041
test_02303,11.238978490233421
test_02304,35.49480500817299
test_02305,64.64018888771534
test_02306,272.8354822397232
test_02307,102.03444263339043
test_02308,14.923461712896824
test_02309,50.73871170729399
test_02310,133.95933604240417
test_02311,14.490700528025627
test_02312,18.235144414007664
test_02313,49.56773313879967
test_02314,188.93066602945328
test_02315,13.514140993356705
test_02316,17.92096747457981
test_02317,13.490831211209297
test_02318,28.286217737942934
test_02319,69.14228240400553
test_02320,103.3622311130166
test_02321,71.39285004138947
test_02322,370.51865273714066
test_02323,382.422716319561
test_02324,10.015021793544292
test_02325,37.964791383594275
test_02326,139.30050000548363
test_02327,149.25679284334183
test_02328,19.986650209873915
test_02329,60.61984572559595
test_02330,23.32138641923666
test_02331,46.38758208602667
test_02332,125.3933550864458
test_02333,305.1360954642296
test_02334,275.04543974995613
test_02335,147.66890493035316
test_02336,86.529715962708
test_02337,236.43210965394974
test_02338,127.58627223968504
test_02339,141.7203644067049
test_02340,33.90392351895571
test_02341,17.170549225062132
test_02342,10.149985283613205
test_02343,52.56113851815462
test_02344,20.981925167143345
test_02345,18.594867538660765
test_02346,12.15780583024025
test_02347,86.48720420897007
test_02348,138.33558793365955
test_02349,156.70801949501038
test_02350,43.37407963350415
test_02351,9.73990248143673
test_02352,44.24270700290799
test_02353,12.35687493532896
test_02354,14.313396133482456
test_02355,26.25112073495984
test_02356,87.25790523737669
test_02357,175.9601761996746
test_02358,9.353901997208595
test_02359,204.02600072324276
test_02360,10.404127277433872
test_02361,14.745347641408443
test_02362,71.31552960723639
test_02363,10.918272137641907
test_02364,35.30784763023257
test_02365,53.33328805118799
test_02366,216.42038683593273
test_02367,12.7478746175766
test_02368,11.03092122823
test_02369,86.33959044516087
test_02370,9.602992795407772
test_02371,9.554701879620552
test_02372,10.93384913355112
test_02373,127.18002240359782
test_02374,86.45839753746986
test_02375,130.41495664417744
test_02376,205.28354044258595
test_02377,224.91238263249397
test_02378,8.876474872231483
test_02379,31.521671954542395
test_02380,109.4469236433506
test_02381,9.145792737603188
test_02382,22.408327098935843
test_02383,93.40408864617348
test_02384,18.245458509773016
test_02385,25.929318718612194
test_02386,38.71255775541067
test_02387,22.935497358441353
test_02388,57.17303239926696
test_02389,15.811164774000646
test_02390,202.4284412562847
test_02391,123.35939460247755
test_02392,374.9771945476532
test_02393,56.78111904487014
test_02394,55.41917556896806
test_02395,121.0115617364645
test_02396,9.619134336709976
test_02397,8.61468180269003
test_02398,10.702489517629147
test_02399,24.434773929417133
test_02400,93.6913011148572
test_02401,11.271447278559208
test_02402,123.27319000661373
test_02403,249.51335437595847
test_02404,262.74812573194504
test_02405,49.37349981069565
test_02406,45.3371153883636
test_02407,48.9329984113574
test_02408,126.10365718603133
test_02409,53.92643212527037
test_02410,13.067154750227928
test_02411,29.317497320473194
test_02412,32.12096660211682
test_02413,11.862957142293453
test_02414,49.388018283993006
test_02415,12.328803658485413
test_02416,11.057573713362217
test_02417,119.67038016021252
test_02418,88.3807563111186
test_02419,8.197467900812626
test_02420,17.80233494564891
test_02421,67.06970255821943
test_02422,88.48547205328941
test_02423,108.49388930946589
test_02424,21.43392175063491
test_02425,16.050420597195625
test_02426,64.45385176688433
test_02427,65.20482341945171
test_02428,40.543716449290514
test_02429,92.53740004450083
test_02430,64.5208246782422
test_02431,38.547424513846636
test_02432,86.72731427848339
test_02433,10.411481224000454
test_02434,11.747737884521484
test_02435,28.119060304015875
test_02436,63.964821748435504
test_02437,78.24151362478733
test_02438,50.446618892252445
test_02439,29.545811362564564
test_02440,68.87317995727062
test_02441,65.93008597195148
test_02442,80.8825683966279
test_02443,96.51679880917072
test_02444,94.37261083722115
test_02445,63.515948735177524
test_02446,124.7592369019985
test_02447,184.66579300165176
test_02448,43.535903599113226
test_02449,13.935403279960155
test_02450,31.904920279979702
test_02451,48.1322947666049
test_02452,15.390221901237965
test_02453,25.50572396814823
test_02454,173.63007451593876
test_02455,23.377632968127728
test_02456,41.866282884031534
test_02457,144.55262921750546
test_02458,16.8866497464478
test_02459,36.35347855091095
test_02460,54.90083375945687
test_02461,38.36081626266241
test_02462,41.96544973924756
test_02463,48.62724508345127
test_02464,73.2987032905221
test_02465,120.74003768712282
test_02466,89.15064766258001
test_02467,76.94678819179535
test_02468,79.117636077106
test_02469,51.17048865184188
test_02470,14.341162852942944
test_02471,22.611700862646103
test_02472,88.58746906369925
test_02473,36.58303310722113
test_02474,14.479862742125988
test_02475,103.91767692565918
test_02476,43.38983862102032
test_02477,33.89669956639409
test_02478,45.1843018643558
test_02479,88.4352275133133
test_02480,71.67789346724749
test_02481,65.7761285007
test_02482,126.47325614094733
test_02483,89.68213000893593
test_02484,160.83844158053398
test_02485,43.07884467765689
test_02486,13.918518915772438
test_02487,59.424454282969236
test_02488,67.80965814739466
test_02489,69.20883190631866
test_02490,21.56918979808688
test_02491,30.950734570622444
test_02492,35.478006068617105
test_02493,46.439405124634504
test_02494,123.0654001608491
test_02495,83.61486410349607
test_02496,160.94517037272453
test_02497,62.086943209171295
test_02498,129.37277613580227
test_02499,13.86505052447319
test_02500,19.399883270263672
test_02501,33.153817255049944
test_02502,70.54548969119787
test_02503,91.40124501287937
test_02504,112.47582852840424
test_02505,52.9754256978631
test_02506,40.02813794091344
test_02507,43.950848177075386
test_02508,128.04726812243462
test_02509,61.71183993667364
test_02510,91.18027006089687
test_02511,76.01323810219765
test_02512,63.20330201089383
test_02513,68.68567660450935
test_02514,112.1877915263176
test_02515,78.24151362478733
test_02516,64.51168052852154
test_02517,28.201847914606333
test_02518,59.83944343030453
test_02519,36.14441476389766
test_02520,33.55299170315266
test_02521,89.26298476755619
test_02522,94.33810671418905
test_02523,91.06609075516462
test_02524,11.657046638429165
test_02525,36.66436107084155
test_02526,68.29683853685856
test_02527,133.53481276333332
test_02528,120.78960625827312
test_02529,29.15976259484887
test_02530,47.03661243990064
test_02531,21.968683660030365
test_02532,123.69974119216204
test_02533,115.45583338290453
test_02534,31.832175634801384
test_02535,63.123210847377784
test_02536,161.3898241519928
test_02537,92.17128492891788
test_02538,106.12308093160391
test_02539,66.70850493013859
test_02540,132.69361041486263
test_02541,21.953801203519106
test_02542,45.32749954611063
test_02543,65.78388357162476
test_02544,72.81300854682922
test_02545,80.82595786452293
test_02546,52.208152797073126
test_02547,31.01833888143301
test_02548,19.785868898034096
test_02549,18.20937217399478
test_02550,33.713389448821545
test_02551,84.69446060061455
test_02552,58.1958215162158
test_02553,36.408614579588175
test_02554,67.86392878741026
test_02555,63.95686611533166
test_02556,42.45408234745264
test_02557,86.14792728424072
test_02558,100.96996258199215
test_02559,13.829796150326729
test_02560,39.61363162845373
test_02561,18.755198430269957
test_02562,29.579509522765875
test_02563,45.21281512081623
test_02564,30.092989556491375
test_02565,14.614009127020836
test_02566,17.64851489663124
test_02567,18.526182420551777
test_02568,130.8360332250595
test_02569,42.34397742524743
test_02570,16.333410117775202
test_02571,41.97231713682413
test_02572,15.384851291775703
test_02573,13.279342107474804
test_02574,15.094288691878319
test_02575,35.135438438504934
test_02576,47.14322980865836
test_02577,65.72606966644526
test_02578,57.08633382618427
test_02579,151.9850178807974
test_02580,32.6446827352047
test_02581,26.56608135253191
test_02582,18.109900761395693
test_02583,43.28417206555605
test_02584,62.23142226040363
test_02585,92.72829809784889
test_02586,123.66890661418438
test_02587,29.069996163249016
test_02588,181.7063271999359
test_02589,41.139048136770725
test_02590,10.954336188733578
test_02591,10.66808196157217
test_02592,48.89772918075323
test_02593,84.75306932628155
test_02594,207.20938305556774
test_02595,180.89638283848763
test_02596,96.79922007024288
test_02597,41.93117217719555
test_02598,59.81253095716238
test_02599,54.848189901560545
test_02600,45.298477455973625
test_02601,14.99140029400587
test_02602,53.3878558203578
test_02603,154.08952425420284
test_02604,53.20555965602398
test_02605,135.98192390799522
test_02606,247.94889509677887
test_02607,106.7539381235838
test_02608,106.47325506806374
test_02609,45.751929972320795
test_02610,150.26978041231632
test_02611,40.36017234250903
test_02612,45.29498990252614
test_02613,13.699935853481293
test_02614,25.91983287036419
test_02615,59.30712912231684
test_02616,116.7406941279769
test_02617,10.11262872070074
test_02618,68.39721619337797
test_02619,8.958564229309559
test_02620,30.094649765640497
test_02621,15.0547556579113
test_02622,11.846993878483772
test_02623,75.2023429274559
test_02624,153.89661315083504
test_02625,286.59232437610626
test_02626,245.50046172738075
test_02627,103.22592311352491
test_02628,109.71037320792675
test_02629,12.395293734967709
test_02630,92.66645809262991
test_02631,219.05950284004211
test_02632,34.513331700116396
test_02633,67.3903346285224
test_02634,64.01724275946617
test_02635,22.19976471737027
test_02636,18.736988127231598
test_02637,101.59569429606199
test_02638,64.72553180903196
test_02639,175.50752964615822
test_02640,23.725147798657417
test_02641,77.56439342349768
test_02642,11.317286878824234
test_02643,10.049496203660965
test_02644,15.68907440453768
test_02645,89.91549524664879
test_02646,191.15210758149624
test_02647,249.32987712323668
test_02648,15.376197405159473
test_02649,146.18875604867935
test_02650,112.23210091143847
test_02651,10.594230510294437
test_02652,133.3816723972559
test_02653,212.9864206314087
test_02654,500.00468569993967
test_02655,64.20939989760518
test_02656,45.63980828598142
test_02657,135.09965831041336
test_02658,207.6328812390566
test_02659,10.96371804177761
test_02660,24.49934009462595
test_02661,181.37496876716614
test_02662,212.10647264122963
test_02663,11.144090294837952
test_02664,13.649475894868374
test_02665,10.067212529480457
test_02666,84.4771031960845
test_02667,247.35160607099533
test_02668,193.35090789198875
test_02669,240.81318989396095
test_02670,356.46438431739807
test_02671,385.48403799533844
test_02672,12.827267527580261
test_02673,93.09845416992903
test_02674,142.90592458844185
test_02675,181.67538119852543
test_02676,17.76439155265689
test_02677,141.44918948411942
test_02678,13.229535833001137
test_02679,359.9374081492424
test_02680,328.08658903837204
test_02681,120.81342115998268
test_02682,329.32579588890076
test_02683,490.05739587545395
test_02684,241.71940410137177
test_02685,226.72864401340485
test_02686,150.08881390094757
test_02687,18.460082326084375
test_02688,13.730881854891777
test_02689,10.296425387263298
test_02690,32.14786421880126
test_02691,60.07346235215664
test_02692,11.109786733984947
test_02693,29.624071467667818
test_02694,71.55295065790415
test_02695,139.47752955555916
test_02696,176.6669276058674
test_02697,60.7660778388381
test_02698,10.825716406106949
test_02699,70.75743934512138
test_02700,12.05898067355156
test_02701,24.640417017042637
test_02702,135.1169215142727
test_02703,188.0994769334793
test_02704,305.313540995121
test_02705,11.712557792663574
test_02706,315.1737719774246
test_02707,11.4934993237257
test_02708,11.092516101896763
test_02709,106.04379201680422
test_02710,10.961511857807636
test_02711,40.49813683703542
test_02712,74.7912870272994
test_02713,258.6873804330826
test_02714,9.767840050160885
test_02715,11.775259472429752
test_02716,51.61321109160781
test_02717,9.326551258563995
test_02718,9.632624000310898
test_02719,10.023430548608303
test_02720,93.81513711810112
test_02721,124.49054300785065
test_02722,180.65860523283482
test_02723,240.39774391055107
test_02724,275.2572631239891
test_02725,8.895505994558334
test_02726,87.29180024564266
test_02727,175.22123084962368
test_02728,8.874736666679382
test_02729,46.28338631987572
test_02730,17.696556966751814
test_02731,37.935182463377714
test_02732,19.539909098297358
test_02733,24.673353783786297
test_02734,94.77496828138828
test_02735,10.21870382875204
test_02736,201.74302372336388
test_02737,401.68702560663223
test_02738,33.715450782328844
test_02739,41.270992051810026
test_02740,124.62130954861641
test_02741,8.26025129109621
test_02742,9.762424871325493
test_02743,14.292493097484112
test_02744,12.985332809388638
test_02745,222.6336100101471
test_02746,74.9803577363491
test_02747,315.3468199968338
test_02748,249.8349521160126
test_02749,41.86668772250414
test_02750,47.36977964639664
test_02751,40.580619890242815
test_02752,129.43483155965805
test_02753,65.22687040269375
test_02754,13.610343985259533
test_02755,43.51844726130366
test_02756,64.29951917007565
test_02757,19.651633374392986
test_02758,62.16629154980183
test_02759,12.451881982386112
test_02760,8.928427904844284
test_02761,115.28139628469944
test_02762,130.92714788019657
test_02763,12.020836718380451
test_02764,24.99720599129796
test_02765,78.24151362478733
test_02766,99.23065765202045
test_02767,63.33048814535142
test_02768,15.657133020460607
test_02769,90.63052169978619
test_02770,60.47770285233855
test_02771,48.909462068229914
test_02772,111.75886330753565
test_02773,17.394495468586683
test_02774,34.197227135300636
test_02775,102.82188688963652
test_02776,23.737753503024578
test_02777,33.48632334917784
test_02778,63.08140106126667
test_02779,76.72504813224077
test_02780,39.609412394464016
test_02781,17.423309568315744
test_02782,54.37682421132922
test_02783,60.285159446299076
test_02784,68.73771134763956
test_02785,87.20350831747055
test_02786,71.34079301357269
test_02787,56.04440216347575
test_02788,160.53854912519455
test_02789,197.79450410604477
test_02790,13.239935353398323
test_02791,45.74662993103266
test_02792,13.884430773556232
test_02793,22.166716527193785
test_02794,52.80655234307051
test_02795,22.675906758755445
test_02796,38.08437843993306
test_02797,127.23490215837954
test_02798,23.484257765114307
test_02799,39.49881720915437
test_02800,71.93342453986406
test_02801,32.159533966332674
test_02802,49.42395976930857
test_02803,49.679275423288345
test_02804,83.38561410456896
test_02805,104.6098690032959
test_02806,60.3427876457572
test_02807,40.99217348173261
test_02808,63.443586643785245
test_02809,27.47861698269844
test_02810,19.25102899223566
test_02811,16.730203818529844
test_02812,105.6413825750351
test_02813,49.6073627397418
test_02814,14.832451052963734
test_02815,83.22061828523874
test_02816,40.777278535068035
test_02817,30.574940472841263
test_02818,41.843693640083075
test_02819,67.46576829254627
test_02820,99.16609148681164
test_02821,48.484946217387915
test_02822,147.34084463119507
test_02823,80.08291956037283
test_02824,160.3865229934454
test_02825,43.999993339180946
test_02826,12.882570691406727
test_02827,67.15570659190416
test_02828,32.42164273560047
test_02829,59.256873439997435
test_02830,20.702880036085844
test_02831,19.02756929770112
test_02832,27.27064885944128
test_02833,26.419890094548464
test_02834,77.17096471041441
test_02835,82.95131527632475
test_02836,140.32942855358124
test_02837,51.55766651034355
test_02838,160.74582642316818
test_02839,18.509439192712307
test_02840,26.355078797787428
test_02841,68.57005622237921
test_02842,105.77189655601978
test_02843,67.50656412541866
test_02844,99.30667814612389
test_02845,44.470787055790424
test_02846,17.31826326996088
test_02847,94.70283275097609
test_02848,119.20201547443867
test_02849,113.1143887937069
test_02850,37.35272389650345
test_02851,54.34206381440163
test_02852,128.51243866980076
test_02853,83.05015528947115
test_02854,87.4395402893424
test_02855,19.554561279714108
test_02856,37.12477755174041
test_02857,37.33534926921129
test_02858,28.903722688555717
test_02859,72.06979939341545
test_02860,77.35561562329531
test_02861,12.92940567433834
test_02862,24.45803914219141
test_02863,72.71990312635899
test_02864,83.8147577419877
test_02865,114.1276883482933
test_02866,40.51929986104369
test_02867,61.863130673766136
test_02868,27.043931886553764
test_02869,92.8993702083826
test_02870,169.49662171304226
test_02871,38.86373706907034
test_02872,54.97857388854027
test_02873,72.6699185743928
test_02874,110.77468241006136
test_02875,160.5504937171936
test_02876,67.01754153519869
test_02877,103.25220418721437
test_02878,22.112776443362236
test_02879,21.198673456907272
test_02880,41.73958329856396
test_02881,91.02687713503838
test_02882,105.1340865418315
test_02883,49.654078871011734
test_02884,25.176140882074833
test_02885,15.566523484885693
test_02886,21.39065231755376
test_02887,45.04947579652071
test_02888,64.42345545440912
test_02889,39.872327126562595
test_02890,28.313412483781576
test_02891,29.961535904556513
test_02892,55.5425695925951
test_02893,81.56255589425564
test_02894,77.11977678537369
test_02895,148.04105919599533
test_02896,14.314309805631638
test_02897,28.178341284394264
test_02898,13.5027015209198
test_02899,16.0906890258193
test_02900,22.039667814970016
test_02901,31.736864030361172
test_02902,15.256944619119167
test_02903,16.609001122415066
test_02904,17.5279101729393
test_02905,31.094140242785215
test_02906,21.137416567653418
test_02907,35.85857651755214
test_02908,17.576342225074768
test_02909,14.792405471205711
test_02910,13.2903358861804
test_02911,26.59308296442032
test_02912,36.18969724699855
test_02913,91.53923922032118
test_02914,151.80755749344826
test_02915,25.419760789722204
test_02916,22.40223966538906
test_02917,17.352919671684504
test_02918,34.329449608922005
test_02919,41.30169292166829
test_02920,70.5044412985444
test_02921,120.31128031760454
test_02922,20.768293019384146
test_02923,167.51592905819416
test_02924,26.0222718603909
test_02925,14.78201337903738
test_02926,14.689219944179058
test_02927,38.20918754115701
test_02928,77.66662813723087
test_02929,202.15532013773918
test_02930,157.39049544930458
test_02931,37.94360236078501
test_02932,58.63355590030551
test_02933,81.36195657402277
test_02934,89.66244520246983
test_02935,79.47886341810226
test_02936,21.682477716356516
test_02937,47.28247567266226
test_02938,150.94882452487946
test_02939,86.98406358063221
test_02940,126.10913921892642
test_02941,189.87155520915985
test_02942,155.25461223721504
test_02943,139.6031854748726
test_02944,76.73286262899637
test_02945,53.14549499750137
test_02946,155.45318365097046
test_02947,88.76354037225246
test_02948,37.116264801472425
test_02949,13.953988708555698
test_02950,23.675634939223528
test_02951,45.15490464866161
test_02952,64.13723465427756
test_02953,10.132023826241493
test_02954,5.764485247433186
test_02955,27.453713845461607
test_02956,16.941351223737
test_02957,10.116327978670597
test_02958,81.1839390695095
test_02959,136.35761401057243
test_02960,268.4590075016022
test_02961,139.5918945670128
test_02962,107.59701238572598
test_02963,91.22389604896307
test_02964,11.184388436377048
test_02965,81.7055418714881
test_02966,153.92561295628548
test_02967,90.14195223152637
test_02968,52.57436076551676
test_02969,60.96873849257827
test_02970,60.69437685981393
test_02971,15.951703149825336
test_02972,82.51550108939409
test_02973,126.36842897534369
test_02974,158.14599089324474
test_02975,38.79944946244359
test_02976,67.59446978569031
test_02977,11.871596172451973
test_02978,11.170111380517483
test_02979,11.980776280164719
test_02980,90.11272957921028
test_02981,137.77845591306686
test_02982,212.6930798739195
test_02983,15.556725651025772
test_02984,72.77297782152891
test_02985,115.60722068697214
test_02986,10.978849343955517
test_02987,62.234623827040195
test_02988,137.19557765126228
test_02989,460.75968873500824
test_02990,242.21898220479488
test_02991,61.38898682594299
test_02992,45.29805404692888
test_02993,134.94316038489342
test_02994,16.508051492273808
test_02995,18.478370625525713
test_02996,65.40924827754498
test_02997,187.92183826863766
test_02998,11.324692822992802
test_02999,12.141300305724144
test_03000,11.667163886129856
test_03001,46.17373080551624
test_03002,211.9970251172781
test_03003,98.36688091605902
test_03004,78.20785631984472
test_03005,360.04526603221893
test_03006,411.07880276441574
test_03007,13.372336104512215
test_03008,57.10182911157608
test_03009,136.27489325404167
test_03010,183.88581411540508
test_03011,14.440678834915161
test_03012,128.0377005636692
test_03013,12.70693764835596
test_03014,155.53727120161057
test_03015,199.9787153750658
test_03016,358.64269757270813
test_03017,334.34983390569687
test_03018,188.12644140422344
test_03019,415.5088796019554
test_03020,261.27888149023056
test_03021,256.758655667305
test_03022,163.14661513268948
test_03023,28.254138931632042
test_03024,16.240026138722897
test_03025,12.819579310715199
test_03026,41.793660804629326
test_03027,28.596806842833757
test_03028,10.980639547109604
test_03029,31.31598429754376
test_03030,66.40206077694893
test_03031,128.02064535021782
test_03032,191.28978237509727
test_03033,87.98161529004574
test_03034,11.307689607143402
test_03035,98.07027916610241
test_03036,17.342538721859455
test_03037,18.398086328059435
test_03038,98.82528434693813
test_03039,143.05670277774334
test_03040,238.02339969575405
test_03041,12.138187877833843
test_03042,489.01025331020355
test_03043,10.865546569228172
test_03044,12.778590343892574
test_03045,102.91430148482323
test_03046,11.008978240191936
test_03047,28.921810425817966
test_03048,78.49142895638943
test_03049,263.6928775906563
test_03050,11.196912430226803
test_03051,14.581317491829395
test_03052,111.58392851799726
test_03053,9.819228537380695
test_03054,9.527529418468475
test_03055,11.011852964758873
test_03056,66.62383797764778
test_03057,158.13553194701672
test_03058,196.40278086066246
test_03059,263.0510786175728
test_03060,252.58286195993426
test_03061,10.277171418070793
test_03062,81.52716038376093
test_03063,154.92193157970905
test_03064,8.122420504689217
test_03065,79.44615692645311
test_03066,84.54631200432777
test_03067,22.797692570835352
test_03068,30.22791961953044
test_03069,19.30051213875413
test_03070,21.72180275991559
test_03071,105.28123232722282
test_03072,13.076648026704788
test_03073,179.8874213695526
test_03074,135.70862451195717
test_03075,62.33797277510167
test_03076,48.03009347990155
test_03077,121.01015037298203
test_03078,10.29765847325325
test_03079,8.644654706120491
test_03080,12.369911476969719
test_03081,18.445764414966106
test_03082,98.26300456374884
test_03083,11.349666528403759
test_03084,96.61590623855591
test_03085,274.73621743917465
test_03086,251.954998344183
test_03087,60.29638350009918
test_03088,42.2063843421638
test_03089,46.83763247355819
test_03090,120.73683612048626
test_03091,61.6188422255218
test_03092,11.255432017147541
test_03093,34.73761221393943
test_03094,35.650047563016415
test_03095,15.923353314399721
test_03096,53.64063102006912
test_03097,12.305375024676323
test_03098,10.863332957029343
test_03099,125.35286381095646
test_03100,68.3759046047926
test_03101,10.405033521354198
test_03102,11.651906304061413
test_03103,102.91944181919098
test_03104,134.7176542133093
test_03105,120.0609415769577
test_03106,38.24426735192537
test_03107,25.900029212236404
test_03108,77.01882715523243
test_03109,78.24151362478733
test_03110,50.40337174385786
test_03111,80.18460458517075
test_03112,70.45254769176245
test_03113,36.0680674277246
test_03114,104.21504378318787
test_03115,14.47442527860403
test_03116,30.703374549746513
test_03117,70.89211313426495
test_03118,92.30879630148411
test_03119,17.779968548566103
test_03120,48.33618479222059
test_03121,50.375905867666006
test_03122,65.47327961027622
test_03123,69.33295018225908
test_03124,95.86898297071457
test_03125,58.23883838951588
test_03126,155.4907110631466
test_03127,30.890265073627234
test_03128,14.952892355620861
test_03129,19.271412052214146
test_03130,50.43748217076063
test_03131,24.541346728801727
test_03132,24.15965461730957
test_03133,61.75796923786402
test_03134,23.686019603163004
test_03135,43.30079644173384
test_03136,109.9346017241478
test_03137,29.054200034588575
test_03138,40.90300502255559
test_03139,52.715757101774216
test_03140,43.26488095521927
test_03141,45.4512204118073
test_03142,46.67117700725794
test_03143,70.47782595455647
test_03144,101.81837774068117
test_03145,79.52651550620794
test_03146,78.24151362478733
test_03147,78.43578409403563
test_03148,57.233111914247274
test_03149,16.84419370442629
test_03150,27.322260193526745
test_03151,84.60775088518858
test_03152,42.27281127870083
test_03153,18.538041587918997
test_03154,100.12558095157146
test_03155,39.39050620421767
test_03156,36.06775915622711
test_03157,48.31935242563486
test_03158,88.04643401503563
test_03159,64.60558819770813
test_03160,80.67691788077354
test_03161,116.96292445063591
test_03162,87.7227489426732
test_03163,180.10141378641129
test_03164,34.8426325134933
test_03165,14.352186344563961
test_03166,72.97711297869682
test_03167,78.24151362478733
test_03168,58.687258280813694
test_03169,26.098868042230606
test_03170,31.91419070959091
test_03171,45.774686351418495
test_03172,49.74909334629774
test_03173,107.39178527891636
test_03174,103.82969698309898
test_03175,160.3326980471611
test_03176,69.89768870919943
test_03177,125.6546430364251
test_03178,13.636833049356937
test_03179,31.917689405381676
test_03180,68.05837753415108
test_03181,100.49965170025826
test_03182,113.02639399468899
test_03183,68.54821722954512
test_03184,34.277723137289286
test_03185,41.776245322078466
test_03186,101.35508653521538
test_03187,59.774609848856926
test_03188,89.6133594661951
test_03189,74.8630585744977
test_03190,73.78574254363775
test_03191,70.0919294655323
test_03192,110.85356277227402
test_03193,86.62654292583466
test_03194,59.665407456457615
test_03195,38.038297422230244
test_03196,46.72921375930309
test_03197,35.3329921849072
test_03198,38.65933820977807
test_03199,99.96048113703728
test_03200,97.81696170568466
test_03201,98.85805026441813
test_03202,11.571480870246887
test_03203,37.502670124173164
test_03204,64.1862423941493
test_03205,151.9477133154869
test_03206,118.90490117669106
test_03207,31.110437776893377
test_03208,58.64744297415018
test_03209,20.452771570533514
test_03210,91.80820053070784
test_03211,120.55805350840092
test_03212,42.10249684751034
test_03213,70.37979561835527
test_03214,144.99916976690292
test_03215,89.81745005398989
test_03216,92.42912618070841
test_03217,81.3021519035101
test_03218,126.6413718163967
test_03219,20.13699384778738
test_03220,58.444474048912525
test_03221,70.18325211107731
test_03222,72.77866041660309
test_03223,54.355315774679184
test_03224,35.0747906640172
test_03225,24.54821041226387
test_03226,15.509526684880257
test_03227,36.29655231907964
test_03228,91.56845444440842
test_03229,60.6277345046401
test_03230,39.771867759525776
test_03231,66.77367278188467
test_03232,68.90067183226347
test_03233,37.75068382918835
test_03234,90.3792470023036
test_03235,117.02149603515863
test_03236,14.7853709384799
test_03237,37.42700618505478
test_03238,16.499018765985966
test_03239,32.82850168645382
test_03240,52.34156750142574
test_03241,35.9376462996006
test_03242,16.638576615601778
test_03243,25.672814548015594
test_03244,23.327696699649096
test_03245,119.68319385498762
test_03246,42.291649267077446
test_03247,23.39554985612631
test_03248,44.62787181138992
test_03249,16.472986537963152
test_03250,14.909726917743683
test_03251,18.06669446825981
test_03252,32.80403310060501
test_03253,37.608440674841404
test_03254,57.77289159223437
test_03255,78.24151362478733
test_03256,135.2249131053686
test_03257,32.70863235741854
test_03258,34.73579601198435
test_03259,21.079357530921698
test_03260,25.116536773741245
test_03261,57.27543053403497
test_03262,91.46001715958118
test_03263,91.12287956476212
test_03264,40.227931298315525
test_03265,184.24539981782436
test_03266,44.954089909791946
test_03267,11.455912485718727
test_03268,11.116888120770454
test_03269,55.437660716474056
test_03270,88.58781076222658
test_03271,202.95230966806412
test_03272,191.6009360253811
test_03273,100.49940656870604
test_03274,47.42327032238245
test_03275,58.03615916520357
test_03276,49.71260588616133
test_03277,48.6553943566978
test_03278,20.45451720431447
test_03279,49.43344561755657
test_03280,127.29414971172808
test_03281,58.372739642858505
test_03282,124.48569237440825
test_03283,197.12239795923233
test_03284,132.75052550435066
test_03285,117.4544949233532
test_03286,103.55870776623487
test_03287,52.84039535373449
test_03288,156.73779183626175
test_03289,44.877883709967136
test_03290,48.436930146068335
test_03291,11.947356678545475
test_03292,23.961476899683475
test_03293,59.61725024878979
test_03294,124.18955860286951
test_03295,10.700736455619335
test_03296,67.4382318481803
test_03297,9.747768975794315
test_03298,26.618275802582502
test_03299,17.778059493750334
test_03300,11.20705196261406
test_03301,71.42363262176514
test_03302,133.73642975091934
test_03303,239.4455786794424
test_03304,202.01927955448627
test_03305,99.4426518753171
test_03306,108.02808736264706
test_03307,14.21175567805767
test_03308,85.99159277975559
test_03309,184.42223623394966
test_03310,100.3187520429492
test_03311,61.42620225250721
test_03312,61.45825506001711
test_03313,32.468875128775835
test_03314,17.6796057485044
test_03315,84.97091699391603
test_03316,68.54679843783379
test_03317,184.40705293416977
test_03318,26.227484110742807
test_03319,67.04115587472916
test_03320,11.487571597099304
test_03321,10.238158360123634
test_03322,38.612094674259424
test_03323,92.6151364594698
test_03324,186.94801232218742
test_03325,257.7204627394676
test_03326,20.65275063365698
test_03327,112.4412649795413
test_03328,141.3172047138214
test_03329,11.049023821949959
test_03330,115.25666028261185
test_03331,227.1208842098713
test_03332,388.7849051952362
test_03333,71.40584944188595
test_03334,42.59866167977452
test_03335,127.2145933806896
test_03336,213.75280585885048
test_03337,11.975413098931313
test_03338,33.94162920862436
test_03339,161.64666259288788
test_03340,208.65757569670677
test_03341,12.174348495900631
test_03342,17.10074244439602
test_03343,11.624340146780014
test_03344,201.62825758755207
test_03345,245.74504359066486
test_03346,199.07159492373466
test_03347,204.22449785470963
test_03348,333.2758308649063
test_03349,363.25675678253174
test_03350,13.698242217302322
test_03351,82.20214868336916
test_03352,128.92671099305153
test_03353,163.30994702875614
test_03354,17.311952989548445
test_03355,149.20847964286804
test_03356,14.683091655373573
test_03357,280.2659692764282
test_03358,273.8119674921036
test_03359,321.45526057481766
test_03360,116.66649354994297
test_03361,330.5174026489258
test_03362,477.4743327498436
test_03363,227.23877020180225
test_03364,137.75689919292927
test_03365,201.43659442663193
test_03366,23.54644689708948
test_03367,15.827900573611261
test_03368,10.228145107626915
test_03369,76.35601372271776
test_03370,89.83102142810822
test_03371,13.22499718517065
test_03372,27.207404918968678
test_03373,70.76527612656355
test_03374,41.212019342929125
test_03375,154.48112562298775
test_03376,66.80634213238955
test_03377,10.57459770143032
test_03378,65.5734641328454
test_03379,10.852064333856106
test_03380,25.673650223761797
test_03381,100.53417810797691
test_03382,162.0832790285349
test_03383,285.8663784265518
test_03384,11.288606487214565
test_03385,286.03211706876755
test_03386,12.084578350186348
test_03387,12.427836805582047
test_03388,104.89781686663628
test_03389,10.957352049648762
test_03390,54.73844153434038
test_03391,111.05662083625793
test_03392,292.7739775776863
test_03393,11.145895354449749
test_03394,20.172474782913923
test_03395,52.380576845258474
test_03396,13.166945576667786
test_03397,10.704123727977276
test_03398,11.077057957649231
test_03399,68.43852457404137
test_03400,119.62533538043499
test_03401,198.86332224309444
test_03402,190.24838925898075
test_03403,231.78857523202896
test_03404,9.425747826695442
test_03405,84.30910637229681
test_03406,137.657078653574
test_03407,8.593169651925564
test_03408,46.00073849782348
test_03409,83.03222354501486
test_03410,21.66765097156167
test_03411,40.61000967770815
test_03412,20.12605206668377
test_03413,23.459822606295347
test_03414,102.9523860141635
test_03415,11.346130691468716
test_03416,188.01382945477962
test_03417,197.22903761267662
test_03418,331.45959919691086
test_03419,57.79570368304849
test_03420,63.07317429780961
test_03421,106.79449625313282
test_03422,8.386746600270271
test_03423,9.416789382696152
test_03424,9.923699147999287
test_03425,17.765880912542343
test_03426,103.95316157490015
test_03427,11.172280423343182
test_03428,95.2571123316884
test_03429,230.63345593214035
test_03430,325.49954491853714
test_03431,74.956981100142
test_03432,52.56838846951723
test_03433,48.777469869703054
test_03434,116.9395478144288
test_03435,58.08321328088641
test_03436,13.315955847501755
test_03437,27.275050085037947
test_03438,49.42249269410968
test_03439,14.57735824584961
test_03440,55.25061048567295
test_03441,11.981764234602451
test_03442,37.81703648343682
test_03443,94.66475564986467
test_03444,64.39485677331686
test_03445,9.630655519664288
test_03446,27.196218006312847
test_03447,56.019673589617014
test_03448,106.64518142491579
test_03449,87.95790438354015
test_03450,20.99525883793831
test_03451,12.120315559208393
test_03452,42.69539950415492
test_03453,51.32154539972544
test_03454,36.67909496277571
test_03455,85.68425723910332
test_03456,60.165394112467766
test_03457,27.076734945178032
test_03458,80.58953962475061
test_03459,11.505488485097885
test_03460,12.754418887197971
test_03461,41.771257266402245
test_03462,78.94966896623373
test_03463,64.76309636235237
test_03464,29.294785510748625
test_03465,12.351266622543335
test_03466,37.678373735398054
test_03467,58.62418890371919
test_03468,71.34816924482584
test_03469,81.35931212455034
test_03470,66.9891285598278
test_03471,53.49075907468796
test_03472,160.6225623935461
test_03473,181.78014893829823
test_03474,29.197483140975237
test_03475,13.956499449908733
test_03476,32.82319421693683
test_03477,53.26056197658181
test_03478,19.994405280798674
test_03479,28.911069206893444
test_03480,56.251861453056335
test_03481,24.039944995194674
test_03482,41.40337423235178
test_03483,163.25251196324825
test_03484,17.88342520594597
test_03485,33.60763746872544
test_03486,52.818719781935215
test_03487,60.43109071627259
test_03488,36.171995777636766
test_03489,47.10585467517376
test_03490,78.24151362478733
test_03491,87.56329458206892
test_03492,76.81577651947737
test_03493,55.72924841195345
test_03494,100.57449853420258
test_03495,59.64583778753877
test_03496,13.643674448132515
test_03497,20.91323633491993
test_03498,56.71334017068148
test_03499,40.44779944419861
test_03500,14.240339502692223
test_03501,93.72173456847668
test_03502,29.5808466039598
test_03503,47.41897680610418
test_03504,41.2127435952425
test_03505,56.763142731040716
test_03506,61.92286106199026
test_03507,75.89577551931143
test_03508,115.77321188896894
test_03509,78.24151362478733
test_03510,162.06017723679543
test_03511,48.893981639295816
test_03512,13.150009214878082
test_03513,41.74716009199619
test_03514,53.90092358738184
test_03515,65.2120436578989
test_03516,19.627257641404867
test_03517,35.9965781532228
test_03518,28.394042193889618
test_03519,31.79454422742128
test_03520,87.63459072262049
test_03521,138.97113233804703
test_03522,63.978192560374744
test_03523,39.17296680808067
test_03524,12.432145178318024
test_03525,14.848659448325634
test_03526,31.873138602823015
test_03527,72.7513913884759
test_03528,92.44812759011984
test_03529,119.46556903421879
test_03530,46.28363145142794
test_03531,23.1729704067111
test_03532,32.023619662970304
test_03533,117.20129631459713
test_03534,46.7667374573648
test_03535,83.61758283525705
test_03536,73.66322133690119
test_03537,65.18566601723433
test_03538,53.0225949510932
test_03539,105.73624105751514
test_03540,82.07697559893131
test_03541,65.29910250008106
test_03542,28.66556252911687
test_03543,49.01184534654021
test_03544,39.29395408555865
test_03545,45.66107901930809
test_03546,78.24151362478733
test_03547,141.47735732793808
test_03548,50.88504038751125
test_03549,12.011306300759315
test_03550,32.23573645204306
test_03551,60.618556927889585
test_03552,156.20572265982628
test_03553,164.46246644854546
test_03554,38.29265483468771
test_03555,38.46159132942557
test_03556,22.18740414455533
test_03557,89.1352860853076
test_03558,116.93917640298605
test_03559,47.34186064824462
test_03560,66.44852434843779
test_03561,95.74518410861492
test_03562,44.17089831456542
test_03563,58.037785947322845
test_03564,60.525730066001415
test_03565,101.06944142282009
test_03566,18.72985702753067
test_03567,51.84938791394234
test_03568,61.25567240267992
test_03569,85.77441365271807
test_03570,113.25614911317825
test_03571,55.5807395465672
test_03572,28.505521338433027
test_03573,20.024519320577383
test_03574,13.725087836384773
test_03575,27.460298970341682
test_03576,68.95098322629929
test_03577,65.1123939678073
test_03578,19.06305394694209
test_03579,60.37076235562563
test_03580,59.509971767663956
test_03581,40.2238049171865
test_03582,114.04210029542446
test_03583,86.69561059772968
test_03584,10.7306425049901
test_03585,26.26968387886882
test_03586,13.714829452335835
test_03587,24.971905443817377
test_03588,35.143189795315266
test_03589,24.698357202112675
test_03590,11.675594925880432
test_03591,24.329456500709057
test_03592,22.71228650957346
test_03593,135.23162822425365
test_03594,22.6328267455101
test_03595,47.61630027741194
test_03596,14.284388899803162
test_03597,15.04945933073759
test_03598,15.767999336123468
test_03599,35.263809375464916
test_03600,40.23721658438444
test_03601,75.17622527480125
test_03602,52.44618667662144
test_03603,137.77218648791313
test_03604,67.56338264793158
test_03605,28.147142723202705
test_03606,17.01728257909417
test_03607,26.947078924626112
test_03608,39.570280484855175
test_03609,97.46653500944376
test_03610,64.76746416091919
test_03611,28.35406718030572
test_03612,175.34957578778267
test_03613,34.96487144753337
test_03614,10.856432132422924
test_03615,11.031418919563293
test_03616,30.573774240911007
test_03617,103.77960843592882
test_03618,191.80060681700706
test_03619,152.94012469053268
test_03620,101.09298148006201
test_03621,31.840160980820652
test_03622,55.260508600622416
test_03623,63.39124734327198
test_03624,48.796668127179146
test_03625,23.11796437203884
test_03626,41.65913186594844
test_03627,134.90266168117523
test_03628,53.685683228075504
test_03629,105.52283547073603
test_03630,161.36453846096992
test_03631,232.07815730571747
test_03632,141.4494569003582
test_03633,104.24585607647896
test_03634,85.76833736151457
test_03635,165.4753797352314
test_03636,91.88506784290075
test_03637,47.17820933833718
test_03638,15.026832945644855
test_03639,22.347883600741625
test_03640,43.14567645266652
test_03641,92.78737480193377
test_03642,11.115952163934708
test_03643,54.40818990767002
test_03644,7.383452869951725
test_03645,28.64312556385994
test_03646,14.283556938171387
test_03647,9.585462175309658
test_03648,76.27383522689342
test_03649,138.95080870389938
test_03650,254.01460850238803
test_03651,241.25527350604534
test_03652,94.36209989339113
test_03653,114.2768917530775
test_03654,13.20680545270443
test_03655,83.13433940708637
test_03656,201.21279674768448
test_03657,48.782079085707664
test_03658,66.58575344830751
test_03659,46.47374211251736
test_03660,14.043595433235168
test_03661,22.890181448310614
test_03662,85.86204446852207
test_03663,59.48005086183548
test_03664,161.33053202927113
test_03665,23.028030805289745
test_03666,71.5871130824089
test_03667,10.355576373636723
test_03668,9.829197220504284
test_03669,16.377180956304073
test_03670,76.0962262749672
test_03671,184.77688959240913
test_03672,299.41410106420517
test_03673,17.696430686861277
test_03674,96.42440649867058
test_03675,152.80900159478188
test_03676,10.118712440133095
test_03677,118.40111126750708
test_03678,115.8164144679904
test_03679,339.10187989473343
test_03680,64.88451076298952
test_03681,50.051102846860886
test_03682,108.00812771171331
test_03683,177.229140534997
test_03684,10.79726628959179
test_03685,49.94691822305322
test_03686,96.04293723404408
test_03687,210.9853152036667
test_03688,11.351523585617542
test_03689,17.13218242302537
test_03690,9.674132943153381
test_03691,71.33607608824968
test_03692,205.99684354662895
test_03693,213.163717597723
test_03694,166.39549958705902
test_03695,263.4137247502804
test_03696,333.9966661930084
test_03697,11.47863543778658
test_03698,90.05825094878674
test_03699,157.53121581673622
test_03700,163.13706243038177
test_03701,13.929326988756657
test_03702,152.753052175045
test_03703,20.320337392389774
test_03704,159.21846371889114
test_03705,416.2326862215996
test_03706,91.08483217656612
test_03707,189.0195373594761
test_03708,419.0747265815735
test_03709,238.56900310516357
test_03710,202.60711987316608
test_03711,159.93925447762012
test_03712,19.48859117925167
test_03713,13.775896921753883
test_03714,9.052405044436455
test_03715,41.348468478769064
test_03716,104.67138216644526
test_03717,11.43127305060625
test_03718,26.276592131704092
test_03719,88.60839438438416
test_03720,125.27445142716168
test_03721,162.6845941543579
test_03722,56.58963044732809
test_03723,9.409650854766369
test_03724,90.09638747572899
test_03725,15.964535415172579
test_03726,26.42451788112521
test_03727,68.83837127685547
test_03728,150.9513352662325
test_03729,208.7560294419527
test_03730,9.82084046304226
test_03731,596.937129676342
test_03732,11.12869157642126
test_03733,13.056257538497448
test_03734,111.93347868323326
test_03735,10.478171862661839
test_03736,61.34683162719011
test_03737,90.52852468937635
test_03738,233.7432839423418
test_03739,9.253219783306122
test_03740,10.305175840854645
test_03741,86.69930242747068
test_03742,11.007128611207008
test_03743,8.826698310673237
test_03744,8.918139807879925
test_03745,166.7782167941332
test_03746,145.3712051808834
test_03747,133.5059763789177
test_03748,185.50060707330704
test_03749,257.1838474869728
test_03750,8.516822315752506
test_03751,82.26275560259819
test_03752,137.73197005689144
test_03753,8.19822558015585
test_03754,56.635993737727404
test_03755,85.29522603750229
test_03756,16.00817997381091
test_03757,46.66147945448756
test_03758,17.78740420565009
test_03759,31.626146279275414
test_03760,61.57655331864953
test_03761,9.233215562999249
test_03762,216.54235835373402
test_03763,147.3744499385357
test_03764,358.84260606765747
test_03765,62.66944263130427
test_03766,66.58611000329256
test_03767,127.0413522273302
test_03768,10.889153480529785
test_03769,9.594792030751705
test_03770,10.262389242649078
test_03771,16.56731018796563
test_03772,101.57932990789413
test_03773,11.972159534692764
test_03774,93.00783720612526
test_03775,272.3215973675251
test_03776,58.12334428727627
test_03777,48.62663596868515
test_03778,50.23279361054301
test_03779,119.72410111129284
test_03780,62.925727669149644
test_03781,11.952712431550026
test_03782,45.65123290196061
test_03783,47.023197058588266
test_03784,12.718183986842632
test_03785,58.82908174023032
test_03786,12.621030181646347
test_03787,12.22255027294159
test_03788,118.56278666853905
test_03789,64.22266300022602
test_03790,8.855393558740616
test_03791,63.32068288326264
test_03792,109.62260868400335
test_03793,115.00902541726828
test_03794,27.410982958972454
test_03795,14.259415194392204
test_03796,47.40911211818457
test_03797,66.17570035904646
test_03798,36.494392052292824
test_03799,93.7936175391078
test_03800,69.10724344849586
test_03801,86.51043228060007
test_03802,10.758015528321266
test_03803,12.202167212963104
test_03804,30.996808160096407
test_03805,70.84972766041756
test_03806,99.48022385686636
test_03807,35.54744515195489
test_03808,23.278258122503757
test_03809,54.72599182277918
test_03810,65.6733143851161
test_03811,61.72730550915003
test_03812,78.24151362478733
test_03813,110.55891464650631
test_03814,55.2904035076499
test_03815,160.64085069298744
test_03816,192.51867884397507
test_03817,28.01689987257123
test_03818,14.35464508831501
test_03819,29.208688624203205
test_03820,50.38101648911834
test_03821,12.630144618451595
test_03822,31.430003896355625
test_03823,82.85076677054167
test_03824,28.753691036254168
test_03825,43.86091832444072
test_03826,143.83688965439796
test_03827,13.019643798470497
test_03828,38.916752338409424
test_03829,58.363721773028374
test_03830,81.5151117965579
test_03831,42.880083844065666
test_03832,47.45631851255894
test_03833,73.15140151232481
test_03834,97.55229391157627
test_03835,79.25256242603064
test_03836,72.19678496569395
test_03837,87.20041817426682
test_03838,67.29558756947517
test_03839,14.337211035192013
test_03840,19.400945506989956
test_03841,76.7420142069459
test_03842,42.49225601553917
test_03843,17.37012344971299
test_03844,90.10651957988739
test_03845,26.09341200813651
test_03846,35.85854309052229
test_03847,37.17494409531355
test_03848,67.69729875773191
test_03849,67.18882163614035
test_03850,79.01656759530306
test_03851,109.63136656582355
test_03852,93.06540597975254
test_03853,196.02765530347824
test_03854,48.66658869758248
test_03855,23.97866953536868
test_03856,61.80560275539756
test_03857,66.14358812570572
test_03858,73.84177367389202
test_03859,21.539090614765882
test_03860,33.3530943505466
test_03861,25.417818307876587
test_03862,35.692002199590206
test_03863,100.500587657094
test_03864,116.193315371871
test_03865,74.14759385585785
test_03866,113.07860701531172
test_03867,11.441679999232292
test_03868,19.238753844052553
test_03869,70.45332022756338
test_03870,97.6816416606307
test_03871,122.90941478312016
test_03872,77.0964150056243
test_03873,36.977665193378925
test_03874,41.516235027462244
test_03875,108.85588918626308
test_03876,53.4277231246233
test_03877,88.08671730011702
test_03878,84.18552292883396
test_03879,67.56780987232924
test_03880,59.561958227306604
test_03881,113.16622297465801
test_03882,96.426025852561
test_03883,64.14277239888906
test_03884,34.01975931972265
test_03885,42.40243758633733
test_03886,32.56884051859379
test_03887,37.716391410678625
test_03888,102.81091539561749
test_03889,99.99208082258701
test_03890,84.11274114251137
test_03891,11.390284083783627
test_03892,33.99638268351555
test_03893,62.2072062343359
test_03894,147.40190467238426
test_03895,136.86730936169624
test_03896,33.99676152318716
test_03897,61.615818936377764
test_03898,21.30517940223217
test_03899,110.32517799735069
test_03900,117.93441793322563
test_03901,32.30511982366443
test_03902,73.09504354000092
test_03903,180.3986617922783
test_03904,93.88226602226496
test_03905,86.49088861048222
test_03906,83.21922177821398
test_03907,120.07160851359367
test_03908,23.4585226662457
test_03909,57.825576305389404
test_03910,44.01885732635856
test_03911,71.95793026685715
test_03912,79.33771964162588
test_03913,53.668832290917635
test_03914,32.89330926910043
test_03915,26.390114039182663
test_03916,17.065525211393833
test_03917,31.56361916288733
test_03918,99.3006167113781
test_03919,55.23373354971409
test_03920,42.88146920874715
test_03921,75.79763375967741
test_03922,68.73817189782858
test_03923,47.339457616209984
test_03924,82.42995017766953
test_03925,123.27989769726992
test_03926,12.675813369452953
test_03927,39.16029053553939
test_03928,13.866588167846203
test_03929,32.374324917793274
test_03930,47.246292769908905
test_03931,27.548951167613268
test_03932,13.54375734180212
test_03933,21.24113692715764
test_03934,27.46611898764968
test_03935,129.93237432837486
test_03936,46.056754771620035
test_03937,20.601295292377472
test_03938,50.92634133994579
test_03939,17.731796484440565
test_03940,14.072795800864697
test_03941,19.26801735162735
test_03942,31.60293677821755
test_03943,45.2800963036716
test_03944,81.74052882939577
test_03945,73.48780371248722
test_03946,151.48543977737427
test_03947,28.969128243625164
test_03948,34.48253054916859
test_03949,20.784475415945053
test_03950,39.465899012982845
test_03951,59.46425101906061
test_03952,96.68371853977442
test_03953,76.33788884431124
test_03954,162.12260407209396
test_03955,33.884955536574125
test_03956,12.212143324315548
test_03957,11.42281972616911
test_03958,50.49475010111928
test_03959,87.137954197824
test_03960,189.6091010272503
test_03961,176.57783342897892
test_03962,100.66038371622562
test_03963,41.74342369288206
test_03964,56.44304920732975
test_03965,43.207223042845726
test_03966,47.6040214151144
test_03967,22.363527450710535
test_03968,53.58391649276018
test_03969,149.17478519678116
test_03970,49.95768544077873
test_03971,119.2845430970192
test_03972,229.78904458880424
test_03973,99.73629719018936
test_03974,133.69043415784836
test_03975,105.07335334271193
test_03976,61.92283134907484
test_03977,226.00517909228802
test_03978,41.76818569377065
test_03979,44.802702605724335
test_03980,13.83072467893362
test_03981,25.862743217498064
test_03982,70.681262858212
test_03983,115.96029926091433
test_03984,11.886304065585136
test_03985,61.49569333344698
test_03986,8.631796441972256
test_03987,28.29347140341997
test_03988,16.314876686781645
test_03989,10.425082311034203
test_03990,76.28414560854435
test_03991,156.2555215060711
test_03992,247.68146400153637
test_03993,216.1935584396124
test_03994,98.5876107364893
test_03995,142.37644043564796
test_03996,14.087087713181973
test_03997,102.30765289068222
test_03998,178.00344425439835
test_03999,131.48053607344627
test_04000,54.946342803537846
test_04001,57.97039334103465
test_04002,19.165596932172775
test_04003,18.78311000019312
test_04004,68.55776993185282
test_04005,57.22544226795435
test_04006,175.88730527460575
test_04007,24.111887391656637
test_04008,68.5867623090744
test_04009,11.164785340428352
test_04010,11.366387471556664
test_04011,42.24684219062328
test_04012,87.479556158185
test_04013,199.4034733325243
test_04014,307.8279073238373
test_04015,14.299691051244736
test_04016,132.5435156226158
test_04017,143.8671671152115
test_04018,10.913696348667145
test_04019,147.30351035296917
test_04020,263.2642687857151
test_04021,453.7262850999832
test_04022,95.18589047342539
test_04023,45.06865548342466
test_04024,132.85698688030243
test_04025,223.82383511960506
test_04026,12.061142288148403
test_04027,22.594849925488234
test_04028,189.01445645093918
test_04029,213.57891102135181
test_04030,11.650242380797863
test_04031,16.801722805947065
test_04032,11.014957964420319
test_04033,271.0431991815567
test_04034,248.30198852717876
test_04035,237.2020752876997
test_04036,228.0026298314333
test_04037,407.9739219546318
test_04038,433.86147779226303
test_04039,12.876576110720634
test_04040,96.86952825635672
test_04041,135.52465699613094
test_04042,157.48510137200356
test_04043,13.968793168663979
test_04044,169.52398730814457
test_04045,12.296854846179485
test_04046,359.40245682001114
test_04047,326.45309180021286
test_04048,346.5317132472992
test_04049,111.44438923895359
test_04050,312.68620669841766
test_04051,457.2672326564789
test_04052,241.1951494216919
test_04053,194.99459666013718
test_04054,172.7527412623167
test_04055,19.909571193158627
test_04056,18.169935707002878
test_04057,11.078231617808342
test_04058,82.18790876865387
test_04059,99.78323616832495
test_04060,11.756228350102901
test_04061,29.516536712646484
test_04062,85.02134723961353
test_04063,134.93090380728245
test_04064,164.0744009166956
test_04065,59.60063701495528
test_04066,10.799762174487114
test_04067,75.6618085950613
test_04068,11.891622677445412
test_04069,25.611167676746845
test_04070,106.6621177867055
test_04071,180.64456588029861
test_04072,334.96613919734955
test_04073,10.580971121788025
test_04074,455.9971243739128
test_04075,11.648496747016907
test_04076,11.239736169576645
test_04077,130.34116461873055
test_04078,11.475879564881325
test_04079,58.96489576250315
test_04080,100.70273204892874
test_04081,389.14585769176483
test_04082,9.588492892682552
test_04083,13.254227265715599
test_04084,43.26918189972639
test_04085,11.383873522281647
test_04086,10.194190673530102
test_04087,10.746858328580856
test_04088,122.85555269569159
test_04089,148.55703882873058
test_04090,188.84108158946037
test_04091,223.59057387709618
test_04092,255.20963224768641
test_04093,8.540317803621292
test_04094,99.89095291495323
test_04095,150.6988200545311
test_04096,8.236087262630463
test_04097,60.97897830605507
test_04098,91.539915189147
test_04099,17.21147133782506
test_04100,33.85540232807398
test_04101,12.503597311675549
test_04102,29.937449872493744
test_04103,10.06424866616726
