id,PM2.5
test_00001,181.6750692129135
test_00002,159.75534638762474
test_00003,399.25514233112335
test_00004,60.7589095979929
test_00005,45.21460160985589
test_00006,110.94139415025711
test_00007,11.544880382716656
test_00008,11.732394877821207
test_00009,41.77963259443641
test_00010,115.31424391269684
test_00011,12.25116752460599
test_00012,109.9940869808197
test_00013,257.0005187988281
test_00014,317.76141035556793
test_00015,63.19761941581965
test_00016,47.33598863333464
test_00017,41.06684575229883
test_00018,128.84211832284927
test_00019,53.57938155904412
test_00020,13.62367394194007
test_00021,24.748131906613708
test_00022,31.56524780206382
test_00023,12.244626969099045
test_00024,45.58636589348316
test_00025,11.899600595235825
test_00026,13.78675327822566
test_00027,99.34615175426006
test_00028,67.8048000857234
test_00029,10.047798853367567
test_00030,10.011664234101772
test_00031,59.743934977799654
test_00032,102.70093303918839
test_00033,103.45940720289946
test_00034,19.08313987776637
test_00035,13.032227218151093
test_00036,78.1816346719861
test_00037,97.97946906834841
test_00038,29.595628779381514
test_00039,31.289714366197583
test_00040,77.52799510210752
test_00041,11.92129473760724
test_00042,13.463588181883097
test_00043,22.12130962125957
test_00044,66.02335481345654
test_00045,64.3889736160636
test_00046,45.91233514621854
test_00047,23.643600702285767
test_00048,52.22099249064922
test_00049,58.20340573787689
test_00050,69.56312870979309
test_00051,91.27230581641197
test_00052,109.30133035779
test_00053,55.41201847046614
test_00054,172.61922627687454
test_00055,183.97305123507977
test_00056,33.3534174785018
test_00057,12.353673368692398
test_00058,21.05713227018714
test_00059,50.666279047727585
test_00060,31.87916289642453
test_00061,21.784266736358404
test_00062,57.005195282399654
test_00063,22.95146433636546
test_00064,48.039583042263985
test_00065,146.50876414775848
test_00066,20.039637623354793
test_00067,32.04678459465504
test_00068,55.96857851743698
test_00069,50.484807416796684
test_00070,39.80595961585641
test_00071,45.64964326098561
test_00072,78.0523314923048
test_00073,114.6998699605465
test_00074,84.21719689667225
test_00075,60.267717964947224
test_00076,76.83509734272957
test_00077,41.932628110051155
test_00078,11.656638085842133
test_00079,16.588111085817218
test_00080,49.68815215677023
test_00081,35.83447562903166
test_00082,12.40066434442997
test_00083,88.10571128129959
test_00084,34.34163190424442
test_00085,32.138850063085556
test_00086,39.212904680520296
test_00087,74.72041429579258
test_00088,64.7408562451601
test_00089,76.43305188417435
test_00090,118.94126978516579
test_00091,74.80265964567661
test_00092,185.17083828151226
test_00093,45.4171062707901
test_00094,10.39469714090228
test_00095,51.5162021368742
test_00096,47.58761617168784
test_00097,57.830991484224796
test_00098,17.20481564477086
test_00099,82.4964922517538
test_00100,15.242574710398912
test_00101,14.47050317376852
test_00102,111.01180633157492
test_00103,94.62190962582827
test_00104,153.82097892463207
test_00105,52.447044637054205
test_00106,104.77673673629761
test_00107,10.068144772201777
test_00108,13.20112657174468
test_00109,27.987549083307385
test_00110,62.41579090058804
test_00111,93.74482150375843
test_00112,121.84543985128403
test_00113,56.55933441594243
test_00114,20.085921060293913
test_00115,37.20690776407719
test_00116,106.69769157469273
test_00117,48.958347242325544
test_00118,91.50932574272156
test_00119,88.44119238108397
test_00120,79.53806640207767
test_00121,60.92228977754712
test_00122,105.13052099198103
test_00123,79.52782287448645
test_00124,54.09553575515747
test_00125,20.826086496934295
test_00126,63.52425349503756
test_00127,32.590265387669206
test_00128,32.0356645360589
test_00129,85.25235030055046
test_00130,110.01813958585262
test_00131,70.5183172300458
test_00132,17.068206802010536
test_00133,20.872394075617194
test_00134,70.7439273968339
test_00135,144.20094715058804
test_00136,119.06679199635983
test_00137,38.20246499404311
test_00138,22.765424344688654
test_00139,110.07408157736063
test_00140,100.88988627493382
test_00141,39.401247423142195
test_00142,72.381428450346
test_00143,97.85627932101488
test_00144,58.10859925299883
test_00145,88.55017192661762
test_00146,77.7442382723093
test_00147,118.39842967689037
test_00148,13.544110182672739
test_00149,38.66886119917035
test_00150,46.83290069177747
test_00151,64.99095728248358
test_00152,90.57006334513426
test_00153,40.484116055071354
test_00154,32.447223698720336
test_00155,12.666167814284563
test_00156,11.675810344517231
test_00157,21.882960041984916
test_00158,77.28037509322166
test_00159,64.56814992427826
test_00160,21.787388449534774
test_00161,57.52719549462199
test_00162,62.434179481118925
test_00163,32.93900030478835
test_00164,78.49086441099644
test_00165,112.50331297516823
test_00166,11.268357135355473
test_00167,19.80662522651255
test_00168,10.662811633199453
test_00169,17.681410808116198
test_00170,23.970842039212584
test_00171,23.542049385607243
test_00172,8.145466584712267
test_00173,12.864133827388287
test_00174,12.79373650252819
test_00175,134.27317871153355
test_00176,34.28004074469209
test_00177,13.04595087096095
test_00178,12.372648779302835
test_00179,11.195824194699526
test_00180,12.456498626619577
test_00181,24.33889220841229
test_00182,35.96623012423515
test_00183,65.98277439922094
test_00184,83.46277111768723
test_00185,140.68458703160286
test_00186,28.94743038713932
test_00187,24.89937807433307
test_00188,14.378352280706167
test_00189,17.799343226477504
test_00190,43.18444809317589
test_00191,91.18354590982199
test_00192,98.65203576534986
test_00193,27.532839339226484
test_00194,179.15119475126266
test_00195,23.88728003576398
test_00196,10.187516409903765
test_00197,27.41743994690478
test_00198,86.53528713434935
test_00199,202.6259727180004
test_00200,167.44481119513512
test_00201,113.51523087918758
test_00202,36.57217303663492
test_00203,54.33647035807371
test_00204,47.91441738605499
test_00205,50.43137616664171
test_00206,19.79237045533955
test_00207,47.50834954157472
test_00208,138.35568872094154
test_00209,45.43937981501222
test_00210,120.77036714553833
test_00211,217.0421593040228
test_00212,250.53586493432525
test_00213,120.89588935673237
test_00214,100.35947359353304
test_00215,61.13682074099779
test_00216,175.40044429898262
test_00217,32.924830958247185
test_00218,38.19475820660591
test_00219,14.033805027604103
test_00220,22.727113254368305
test_00221,42.836936976760626
test_00222,115.0382257848978
test_00223,10.009465478360653
test_00224,63.12467049434782
test_00225,8.27603256329894
test_00226,22.98287460207939
test_00227,16.946487843990326
test_00228,9.608790528029203
test_00229,68.47004997730255
test_00230,116.1697381734848
test_00231,282.32703536748886
test_00232,230.23341609537601
test_00233,110.61854846775532
test_00234,103.74725849926472
test_00235,14.45203659683466
test_00236,97.64367598295212
test_00237,208.01054725050926
test_00238,24.113369323313236
test_00239,68.65921725332737
test_00240,50.841236121952534
test_00241,18.317205915227532
test_00242,22.43115590326488
test_00243,91.49400873482227
test_00244,65.64902407675982
test_00245,194.7749587893486
test_00246,21.73828599974513
test_00247,70.7036292552948
test_00248,10.954280477017164
test_00249,9.513178080320358
test_00250,15.947970464825632
test_00251,72.75786880403757
test_00252,189.6242991834879
test_00253,240.37511752545834
test_00254,16.60860556922853
test_00255,61.034693736582994
test_00256,146.20551413297653
test_00257,9.208958681672812
test_00258,116.03908305615187
test_00259,138.78129652142525
test_00260,469.766624212265
test_00261,74.16917286068201
test_00262,27.09417456947267
test_00263,110.49318967759609
test_00264,182.8434553295374
test_00265,10.472622975707054
test_00266,18.421852946281433
test_00267,103.71263552457094
test_00268,216.12911112606525
test_00269,12.9846271276474
test_00270,16.29166161455214
test_00271,10.892009634524584
test_00272,51.75472627952695
test_00273,253.4003831148148
test_00274,210.87916581332684
test_00275,199.2026140242815
test_00276,400.61225003004074
test_00277,372.53568428754807
test_00278,12.455064978450537
test_00279,77.20804642885923
test_00280,165.63639402389526
test_00281,173.67186573147774
test_00282,12.928510572761297
test_00283,135.5733564645052
test_00284,11.93603977188468
test_00285,301.6731145977974
test_00286,257.92500644922256
test_00287,416.77126252651215
test_00288,130.19878032803535
test_00289,268.3717703819275
test_00290,318.25898283720016
test_00291,249.67515605688098
test_00292,181.33938755095005
test_00293,105.6527403369546
test_00294,17.682876026257873
test_00295,15.60242782905698
test_00296,9.65325590595603
test_00297,36.261621072888374
test_00298,79.93928732722998
test_00299,11.729327019304037
test_00300,28.773615403100848
test_00301,82.15844841301441
test_00302,123.83728970587254
test_00303,158.17967048287392
test_00304,69.71879467368126
test_00305,10.694649022072554
test_00306,74.01575765013695
test_00307,12.475492607802153
test_00308,21.743467189371586
test_00309,75.66012981534004
test_00310,189.7390801757574
test_00311,259.54305297136307
test_00312,10.921414278447628
test_00313,606.4919713139534
test_00314,10.362443771213293
test_00315,11.985437493771315
test_00316,90.13732444494963
test_00317,12.043648809194565
test_00318,52.29955343902111
test_00319,80.93525682389736
test_00320,262.4189660549164
test_00321,11.45616875961423
test_00322,12.891213435679674
test_00323,83.58159306645393
test_00324,10.877970281988382
test_00325,10.353801026940346
test_00326,11.652927685528994
test_00327,106.67939584702253
test_00328,133.55206111073494
test_00329,169.7301206588745
test_00330,248.7509358227253
test_00331,293.4432312846184
test_00332,8.882781438529491
test_00333,69.91735123097897
test_00334,148.67244379222393
test_00335,8.462224833667278
test_00336,44.871261443942785
test_00337,88.76432776451111
test_00338,18.15859837271273
test_00339,26.387276455760002
test_00340,14.225353050976992
test_00341,24.990762002766132
test_00342,12.009594094008207
test_00343,118.91458758711815
test_00344,197.95510241389275
test_00345,249.6901016533375
test_00346,45.03884971514344
test_00347,24.671223739162087
test_00348,80.86638228595257
test_00349,11.650234952569008
test_00350,13.263389986008406
test_00351,15.796494022011759
test_00352,14.597841586917639
test_00353,88.83308345079422
test_00354,17.848001839593053
test_00355,78.21535140275955
test_00356,219.2517899721861
test_00357,268.32803297042847
test_00358,63.35887512192131
test_00359,41.55659259483218
test_00360,27.45292088203132
test_00361,108.95097794383764
test_00362,55.697949569672346
test_00363,12.175986420363188
test_00364,13.712712407112122
test_00365,14.772991795092821
test_00366,11.55400224775076
test_00367,24.26236659474671
test_00368,11.39233798906207
test_00369,12.310184802860022
test_00370,50.47883140668273
test_00371,56.88930005580187
test_00372,9.554245043545961
test_00373,14.97714552283287
test_00374,36.873499140143394
test_00375,45.3358897306025
test_00376,88.27493376284838
test_00377,18.065990643575788
test_00378,13.88426735252142
test_00379,18.64907132461667
test_00380,48.018275167793036
test_00381,33.6453431583941
test_00382,107.81705138087273
test_00383,16.41621258482337
test_00384,35.58412203192711
test_00385,84.20069137215614
test_00386,11.270448181778193
test_00387,18.85624462738633
test_00388,27.21557411365211
test_00389,81.38505836576223
test_00390,72.03937336802483
test_00391,39.65933380648494
test_00392,14.215986054390669
test_00393,43.61750640720129
test_00394,91.38521489501
test_00395,78.39772184938192
test_00396,75.26905585080385
test_00397,73.97211680561304
test_00398,51.05510225892067
test_00399,152.5870461165905
test_00400,41.98534996435046
test_00401,12.469264037907124
test_00402,18.35945768095553
test_00403,13.472791757434607
test_00404,18.93015736155212
test_00405,76.94239068031311
test_00406,22.170716628432274
test_00407,41.56707011163235
test_00408,182.60967411100864
test_00409,17.605265891179442
test_00410,31.5716045089066
test_00411,57.18483214080334
test_00412,12.369346931576729
test_00413,23.457161443307996
test_00414,47.297528978437185
test_00415,80.49569880962372
test_00416,104.3003198504448
test_00417,80.55154423415661
test_00418,46.79489044472575
test_00419,74.56623397767544
test_00420,19.49250771291554
test_00421,16.924648851156235
test_00422,18.79845486395061
test_00423,23.281507972627878
test_00424,87.9294691234827
test_00425,13.380455158650875
test_00426,65.64507968723774
test_00427,40.99115952849388
test_00428,52.37031103298068
test_00429,85.57360634207726
test_00430,104.27750033140182
test_00431,67.8209267705679
test_00432,75.13611283898354
test_00433,114.41343002766371
test_00434,67.47700720280409
test_00435,130.43055592477322
test_00436,46.57267126441002
test_00437,9.74959260597825
test_00438,34.50458496063948
test_00439,27.244950901716948
test_00440,33.66261750459671
test_00441,13.082839455455542
test_00442,18.7320706397295
test_00443,18.580887611955404
test_00444,22.888831367716193
test_00445,48.71879057586193
test_00446,143.89159113168716
test_00447,97.46302888542414
test_00448,58.58858911693096
test_00449,41.1092015132308
test_00450,13.443290546536446
test_00451,27.47062977962196
test_00452,69.15912219882011
test_00453,66.44783352315426
test_00454,125.0188535004854
test_00455,13.667377926409245
test_00456,19.583874927833676
test_00457,33.37856574729085
test_00458,89.29765973985195
test_00459,43.01950427144766
test_00460,84.9801948517561
test_00461,75.7314110994339
test_00462,64.36050121486187
test_00463,43.80833760648966
test_00464,83.526416182518
test_00465,46.95046355575323
test_00466,39.86544115841389
test_00467,11.631801802664995
test_00468,36.654373817145824
test_00469,21.555854270234704
test_00470,25.927346523851156
test_00471,58.72961775586009
test_00472,104.37552323937416
test_00473,25.95907248929143
test_00474,10.482171963900328
test_00475,17.741378899663687
test_00476,93.15902394801378
test_00477,150.04534390568733
test_00478,67.79642104357481
test_00479,34.911183923482895
test_00480,25.45461961068213
test_00481,16.45085227303207
test_00482,62.176824778318405
test_00483,139.52811579406261
test_00484,33.272940047085285
test_00485,42.98559069260955
test_00486,59.810766752809286
test_00487,21.444748394191265
test_00488,37.09692540764809
test_00489,64.91814578324556
test_00490,95.02379909157753
test_00491,14.881986197084188
test_00492,32.675272181630135
test_00493,42.86731471866369
test_00494,96.15807478129864
test_00495,38.99728548154235
test_00496,28.034848330542445
test_00497,12.881255894899368
test_00498,19.748724039644003
test_00499,23.688710479065776
test_00500,59.836316145956516
test_00501,54.103632524609566
test_00502,17.4838793464005
test_00503,40.00922567024827
test_00504,40.16891402006149
test_00505,35.77560691535473
test_00506,60.479348205029964
test_00507,48.670781932771206
test_00508,8.301793660968542
test_00509,12.022158943116665
test_00510,8.14871272072196
test_00511,17.353493502363563
test_00512,17.092656817287207
test_00513,16.119131714105606
test_00514,9.976933550089598
test_00515,15.965993205085399
test_00516,17.86585373058915
test_00517,126.04354795813559
test_00518,35.11392628774047
test_00519,13.66741506755352
test_00520,46.634871538728476
test_00521,11.789477102458477
test_00522,14.172891184687614
test_00523,18.88632338307798
test_00524,19.956510171294212
test_00525,26.18694083765149
test_00526,113.50025556981564
test_00527,22.580812430009246
test_00528,47.668060176074505
test_00529,29.848981523886323
test_00530,28.092697519809008
test_00531,12.73883817717433
test_00532,15.847988361492755
test_00533,27.249352127313614
test_00534,83.74289705604315
test_00535,99.87284289300442
test_00536,14.896567810326815
test_00537,116.40307369828224
test_00538,22.731193209066987
test_00539,12.558291360735893
test_00540,13.498742274940014
test_00541,31.978448603302237
test_00542,119.3546730056405
test_00543,170.27759598195553
test_00544,166.031798645854
test_00545,127.07549236714839
test_00546,44.5433237105608
test_00547,56.677781239151955
test_00548,64.46351589262486
test_00549,38.45705268159509
test_00550,19.80097977258265
test_00551,58.367031048983335
test_00552,104.52494206279516
test_00553,83.63194160163403
test_00554,108.41570720076561
test_00555,150.06516242027283
test_00556,236.64950419962406
test_00557,152.4322121143341
test_00558,19.246839471161366
test_00559,89.31117168813944
test_00560,138.8786360323429
test_00561,149.6565801203251
test_00562,33.43071562796831
test_00563,13.438332203775644
test_00564,31.969215314835306
test_00565,53.736247181892395
test_00566,103.45610906928778
test_00567,22.58549778535962
test_00568,43.38104731217027
test_00569,8.98556212708354
test_00570,28.224439015612006
test_00571,11.766676153987646
test_00572,12.558057371526957
test_00573,72.03402504324913
test_00574,32.595080737024546
test_00575,254.88941615819934
test_00576,238.62499709427357
test_00577,167.18006911873817
test_00578,68.68890788406134
test_00579,21.93831148929894
test_00580,46.26030309870839
test_00581,216.0007959008217
test_00582,31.126243190839887
test_00583,47.24612934887409
test_00584,51.10348231345415
test_00585,51.36377116665244
test_00586,19.943521913141012
test_00587,96.73033067584038
test_00588,119.12265970557928
test_00589,183.9292692542076
test_00590,16.38907355070114
test_00591,56.782207280397415
test_00592,11.983721572905779
test_00593,11.937232002615929
test_00594,11.024261821061373
test_00595,59.455745697021484
test_00596,129.95112317800522
test_00597,203.21895337104797
test_00598,17.84444186091423
test_00599,74.80161226540804
test_00600,119.86973896622658
test_00601,21.708496944978833
test_00602,26.762736283242702
test_00603,91.75574980676174
test_00604,172.86312474310398
test_00605,134.38350276648998
test_00606,33.6831491291523
test_00607,103.05962735414505
test_00608,166.80997990071774
test_00609,14.456916943192482
test_00610,75.18677335977554
test_00611,72.73278367519379
test_00612,197.32931870222092
test_00613,47.30332671105862
test_00614,14.115872099995613
test_00615,12.82102781534195
test_00616,78.10182578116655
test_00617,164.11475105583668
test_00618,227.30231127142906
test_00619,200.2969406992197
test_00620,289.14086055755615
test_00621,392.67343443632126
test_00622,12.686818290501833
test_00623,59.56579490751028
test_00624,218.56206406652927
test_00625,214.32240244746208
test_00626,15.482027381658554
test_00627,87.13509432971478
test_00628,11.0405816398561
test_00629,52.093546368181705
test_00630,118.5234913378954
test_00631,344.98711705207825
test_00632,79.94660413265228
test_00633,153.1534485667944
test_00634,166.59794853627682
test_00635,180.8050304800272
test_00636,164.54509806632996
test_00637,244.6287887841463
test_00638,24.79779890179634
test_00639,12.941710535436869
test_00640,12.121344368904829
test_00641,21.082011265680194
test_00642,27.42414020933211
test_00643,13.547928292304277
test_00644,25.395281061530113
test_00645,98.48285785317421
test_00646,114.90756323933601
test_00647,164.1016179472208
test_00648,50.77063823491335
test_00649,13.335187532007694
test_00650,42.33300964534283
test_00651,15.295084860175848
test_00652,33.77618769556284
test_00653,41.25624701753259
test_00654,104.02864723652601
test_00655,193.67130225896835
test_00656,12.06613777205348
test_00657,245.35434846580029
test_00658,11.434500616043806
test_00659,17.522773552685976
test_00660,60.65354388579726
test_00661,15.39970774948597
test_00662,96.42366367578506
test_00663,99.8998147919774
test_00664,240.2675419151783
test_00665,14.958047546446323
test_00666,17.99165078625083
test_00667,92.02184382081032
test_00668,11.579035378992558
test_00669,12.236897896975279
test_00670,15.400068018585443
test_00671,58.55957445502281
test_00672,72.11338081210852
test_00673,78.58016657829285
test_00674,221.2508897781372
test_00675,242.3823883831501
test_00676,10.57093558460474
test_00677,56.22265365719795
test_00678,119.4592253267765
test_00679,8.699211332947016
test_00680,34.16078424453735
test_00681,106.01587673276663
test_00682,18.124608654528856
test_00683,23.480162953957915
test_00684,18.590588878840208
test_00685,70.43477936834097
test_00686,70.510153606534
test_00687,14.34333560988307
test_00688,161.23418790102005
test_00689,205.13604553043842
test_00690,351.7050883769989
test_00691,56.97514809668064
test_00692,28.452812483534217
test_00693,41.249197628349066
test_00694,10.050502728670835
test_00695,10.465621870011091
test_00696,11.164729628711939
test_00697,11.938394520431757
test_00698,91.9477249532938
test_00699,13.146688796579838
test_00700,96.85046742111444
test_00701,224.76095075905323
test_00702,299.81837499141693
test_00703,73.99878414720297
test_00704,51.17721862718463
test_00705,40.40942149981856
test_00706,146.45777678489685
test_00707,88.66088224947453
test_00708,10.116153415292501
test_00709,10.8837123028934
test_00710,11.609004568308592
test_00711,10.495591059327126
test_00712,21.55416806228459
test_00713,11.414648674428463
test_00714,9.910915166139603
test_00715,56.241086807101965
test_00716,97.7015418857336
test_00717,9.92874662950635
test_00718,9.256822474300861
test_00719,34.833131808787584
test_00720,53.875337053090334
test_00721,82.25477768480778
test_00722,21.256115950644016
test_00723,14.485545337200165
test_00724,19.56079170666635
test_00725,65.81358905881643
test_00726,31.640824459493157
test_00727,107.34249898046255
test_00728,15.116625376045704
test_00729,38.4745424464345
test_00730,89.22724755853415
test_00731,10.83024762570858
test_00732,11.460239429026842
test_00733,21.134632838889956
test_00734,110.4277915507555
test_00735,63.767431423068054
test_00736,45.48183585703373
test_00737,11.580565594136715
test_00738,40.86070868745446
test_00739,122.84286528080702
test_00740,95.30457128584385
test_00741,67.90997637808323
test_00742,47.43634029105306
test_00743,47.316638097167015
test_00744,146.9015243202448
test_00745,205.4645218104124
test_00746,33.77560829371214
test_00747,25.550358338281512
test_00748,126.67427887022494
test_00749,13.716571372002363
test_00750,17.343214690685272
test_00751,61.44004475697875
test_00752,18.90653187967837
test_00753,39.85445109382272
test_00754,169.06040640175343
test_00755,19.720192212611437
test_00756,29.075116069987416
test_00757,42.755144748836756
test_00758,10.863637514412403
test_00759,19.490123251453042
test_00760,50.60545299574733
test_00761,72.99139003455639
test_00762,86.89741329103708
test_00763,60.798212356865406
test_00764,34.61032951250672
test_00765,63.768025681376464
test_00766,19.713764937594533
test_00767,15.792044512927534
test_00768,15.562155686318874
test_00769,19.60537222214043
test_00770,88.49841945618391
test_00771,11.823791805654764
test_00772,78.86577454954386
test_00773,37.45013768970966
test_00774,23.631410978734493
test_00775,43.60158399865031
test_00776,108.35811614245176
test_00777,70.38382914662361
test_00778,87.24557437747717
test_00779,91.56420549750328
test_00780,45.37359170615673
test_00781,106.97118410468102
test_00782,52.08123779296875
test_00783,9.299787349998951
test_00784,12.950238142162561
test_00785,29.35822629928589
test_00786,30.667542630806565
test_00787,11.624028161168098
test_00788,16.298198455944657
test_00789,12.761847116053104
test_00790,16.469238996505737
test_00791,39.76875161752105
test_00792,154.5749738663435
test_00793,63.02942945808173
test_00794,46.661122899502516
test_00795,16.34981350414455
test_00796,9.200059663504362
test_00797,16.96095989085734
test_00798,38.25776444375515
test_00799,76.85233826190233
test_00800,76.70455364882946
test_00801,119.71522437781096
test_00802,11.307373907417059
test_00803,14.163056209683418
test_00804,29.018215836957097
test_00805,92.48191117495298
test_00806,74.6532259657979
test_00807,99.4416416361928
test_00808,71.7477411031723
test_00809,110.55787469446659
test_00810,82.56388114392757
test_00811,110.02501812577248
test_00812,73.88449341803789
test_00813,46.94903362169862
test_00814,12.795017872005701
test_00815,39.55343326181173
test_00816,17.48342808149755
test_00817,19.215635338798165
test_00818,68.61711405217648
test_00819,103.62782000750303
test_00820,33.34939880669117
test_00821,9.919112216681242
test_00822,16.22835453413427
test_00823,95.32474635541439
test_00824,152.20866699516773
test_00825,76.27257985621691
test_00826,13.660373106598854
test_00827,24.514268977567554
test_00828,14.520324304699898
test_00829,63.65783904865385
test_00830,143.91461864113808
test_00831,36.24639320373535
test_00832,34.9680284447968
test_00833,55.49038628488779
test_00834,27.809518579393625
test_00835,39.321850799024105
test_00836,59.8453414440155
test_00837,90.97540693730116
test_00838,14.291649993509054
test_00839,30.31939268670976
test_00840,43.97777550667524
test_00841,112.31667872518301
test_00842,113.7677089497447
test_00843,24.805245701223612
test_00844,21.71096868813038
test_00845,13.03505365923047
test_00846,13.167970672249794
test_00847,25.477305421605706
test_00848,47.98763743788004
test_00849,39.886385049670935
test_00850,14.64986890181899
test_00851,28.40545566752553
test_00852,44.11509374529123
test_00853,31.699206624180075
test_00854,61.111297346651554
test_00855,50.75640203431249
test_00856,7.391438215970993
test_00857,11.05047232657671
test_00858,6.869337722659111
test_00859,9.195116177201271
test_00860,15.437446866184473
test_00861,12.559453878551722
test_00862,7.043778534978628
test_00863,12.090944342315197
test_00864,12.097882308065891
test_00865,118.93405697494745
test_00866,28.496204482391477
test_00867,12.96480118483305
test_00868,46.39481718093157
test_00869,11.651241477578878
test_00870,14.169351633638144
test_00871,16.950125819072127
test_00872,18.08965698070824
test_00873,21.179335920140147
test_00874,117.72850742936134
test_00875,23.05690990202129
test_00876,32.9462688267231
test_00877,22.659453231841326
test_00878,23.02382642775774
test_00879,10.233991123735905
test_00880,10.921325139701366
test_00881,78.48153455555439
test_00882,21.606665212661028
test_00883,117.36008213460445
test_00884,16.537285286933184
test_00885,9.990861479192972
test_00886,10.108836609870195
test_00887,22.265454402193427
test_00888,104.9264378324151
test_00889,169.17199325561523
test_00890,154.03397595882416
test_00891,97.42279016971588
test_00892,40.722395066171885
test_00893,73.67692641913891
test_00894,68.4960190653801
test_00895,35.56083082035184
test_00896,143.93372404575348
test_00897,150.00206704437733
test_00898,15.931598648428919
test_00899,74.980773717165
test_00900,148.69490675628185
test_00901,133.43166437745094
test_00902,31.209868334233757
test_00903,10.197503663599491
test_00904,18.244691545143723
test_00905,42.724053896963596
test_00906,21.286868818104267
test_00907,34.29072253778577
test_00908,8.231949739158154
test_00909,28.89356272853911
test_00910,9.98581399768591
test_00911,11.51836160570383
test_00912,58.79377165436745
test_00913,21.35660688765347
test_00914,184.2966694533825
test_00915,256.2913903594017
test_00916,180.06158362329006
test_00917,45.28198678791523
test_00918,8.700786117464304
test_00919,53.216950844973326
test_00920,209.03134931623936
test_00921,15.680387090891601
test_00922,27.186080330982804
test_00923,45.31975933164358
test_00924,30.074008574709296
test_00925,22.93567192181945
test_00926,82.76077377796173
test_00927,119.04319251328707
test_00928,180.3279301971197
test_00929,15.311757519841194
test_00930,58.45804542303085
test_00931,7.977818887680769
test_00932,10.090745158493519
test_00933,9.645225990563631
test_00934,72.75542491674423
test_00935,123.0589747428894
test_00936,224.08602188527584
test_00937,9.222013793885708
test_00938,71.43551778793335
test_00939,107.88750813156366
test_00940,11.192403495311737
test_00941,17.905221486464143
test_00942,79.3566244840622
test_00943,168.42515912652016
test_00944,122.35837391018867
test_00945,21.283186273649335
test_00946,58.11696343868971
test_00947,142.73094522953033
test_00948,12.851713828742504
test_00949,29.836589381098747
test_00950,65.17049014568329
test_00951,190.4474212229252
test_00952,101.7512042671442
test_00953,12.274250745773315
test_00954,10.77345510199666
test_00955,86.63131184875965
test_00956,136.77485762536526
test_00957,221.3430740982294
test_00958,204.79415386915207
test_00959,348.3801537156105
test_00960,384.54546642303467
test_00961,9.714371658861637
test_00962,43.560843877494335
test_00963,198.03124175965786
test_00964,192.90635810792446
test_00965,12.588910520076752
test_00966,74.50209122151136
test_00967,9.739675920456648
test_00968,61.93513249605894
test_00969,125.41101198643445
test_00970,182.3776162415743
test_00971,21.471471447497606
test_00972,141.0160494595766
test_00973,75.13184160739183
test_00974,202.1559292525053
test_00975,160.75172443687916
test_00976,203.07842613756657
test_00977,24.37026347592473
test_00978,12.48488188907504
test_00979,9.792880609631538
test_00980,15.268046107143164
test_00981,20.504401475191116
test_00982,14.11584610119462
test_00983,29.342827580869198
test_00984,109.27424703538418
test_00985,123.95499742031097
test_00986,128.76709321141243
test_00987,44.80934715643525
test_00988,9.86986305937171
test_00989,56.565522130578756
test_00990,11.179277814924717
test_00991,35.40381291881204
test_00992,40.45817667990923
test_00993,139.2172444164753
test_00994,192.10345570743084
test_00995,13.646434035152197
test_00996,277.12816655635834
test_00997,11.57065262272954
test_00998,12.152260657399893
test_00999,62.98122768104077
test_01000,11.953536964952946
test_01001,80.89080630242825
test_01002,115.48201046139002
test_01003,229.91981112957
test_01004,13.016943637281656
test_01005,15.478718105703592
test_01006,90.25531443208456
test_01007,10.681530769914389
test_01008,10.034595176577568
test_01009,10.79506753385067
test_01010,47.90118399634957
test_01011,88.83064699172974
test_01012,43.44602945819497
test_01013,217.02565377950668
test_01014,249.41451436281207
test_01015,9.128172978758812
test_01016,50.57629719749093
test_01017,113.37914572656155
test_01018,7.999052479863167
test_01019,28.8384155575186
test_01020,91.74370121955872
test_01021,13.178596753627062
test_01022,19.178598189726472
test_01023,15.26393086835742
test_01024,29.39956253580749
test_01025,90.402608782053
test_01026,13.099571540951729
test_01027,194.56897400319576
test_01028,116.8967686444521
test_01029,352.30927079916
test_01030,36.601380832493305
test_01031,43.14957255870104
test_01032,93.67842799425125
test_01033,10.493436872959137
test_01034,9.953081507235765
test_01035,11.69876728579402
test_01036,18.742017038166523
test_01037,110.35927356779575
test_01038,11.80879421159625
test_01039,113.71993800997734
test_01040,278.77764934301376
test_01041,299.41552728414536
test_01042,58.219963259994984
test_01043,48.86337733641267
test_01044,51.99215104430914
test_01045,140.0312743037939
test_01046,55.30014191567898
test_01047,14.091986630111933
test_01048,40.56741249933839
test_01049,12.806082218885422
test_01050,48.99191540852189
test_01051,10.37172905728221
test_01052,14.18576430529356
test_01053,118.19800120592117
test_01054,65.58979880809784
test_01055,9.375852413475513
test_01056,12.594411123543978
test_01057,74.33720682561398
test_01058,115.2610875070095
test_01059,120.44336908310652
test_01060,20.783489318564534
test_01061,19.730608446523547
test_01062,57.61693221330643
test_01063,68.0553765296936
test_01064,42.13165635988116
test_01065,98.64953245222569
test_01066,50.601794593036175
test_01067,36.7875136770308
test_01068,102.52895468473434
test_01069,11.099294360727072
test_01070,14.400882098823786
test_01071,28.986540012061596
test_01072,75.82187207043171
test_01073,85.03799390047789
test_01074,47.02250623330474
test_01075,25.316194565966725
test_01076,69.93471843004227
test_01077,73.67028558254242
test_01078,100.63795789331198
test_01079,107.50359497964382
test_01080,61.43885995447636
test_01081,205.60172119736671
test_01082,38.566288501024246
test_01083,19.269575422629714
test_01084,55.618968926370144
test_01085,49.311080403625965
test_01086,27.54890288412571
test_01087,84.73114862293005
test_01088,22.516142269596457
test_01089,57.75995533168316
test_01090,179.0014862269163
test_01091,27.60212242975831
test_01092,36.59335834532976
test_01093,61.41359654814005
test_01094,43.87263264134526
test_01095,45.19268090650439
test_01096,53.2625675983727
test_01097,88.08952517062426
test_01098,131.11800879240036
test_01099,85.2042153775692
test_01100,71.82838938385248
test_01101,86.44541299343109
test_01102,44.88567220792174
test_01103,11.862938571721315
test_01104,18.630911162123084
test_01105,77.6831633746624
test_01106,44.46081465855241
test_01107,13.833417411893606
test_01108,101.8641504868865
test_01109,39.39528255537152
test_01110,36.72303293645382
test_01111,43.08324961736798
test_01112,82.82368344813585
test_01113,141.65720960497856
test_01114,86.59019660204649
test_01115,180.40080112218857
test_01116,47.32243211567402
test_01117,12.090186662971973
test_01118,45.18503354489803
test_01119,67.19457851350307
test_01120,57.358006440103054
test_01121,18.319029545411468
test_01122,28.186627473682165
test_01123,29.01351933926344
test_01124,32.92493123933673
test_01125,104.5386620014906
test_01126,97.2993775755167
test_01127,167.8531557917595
test_01128,56.62221808731556
test_01129,123.20019280165434
test_01130,9.625901453197002
test_01131,14.64574994891882
test_01132,29.020570585504174
test_01133,73.5877728164196
test_01134,97.80639133602381
test_01135,123.66418968886137
test_01136,69.72567321360111
test_01137,33.09952061623335
test_01138,43.546496253460646
test_01139,131.42592373490334
test_01140,43.67556544393301
test_01141,101.21536897867918
test_01142,95.40569919347763
test_01143,93.41742231696844
test_01144,96.45777410268784
test_01145,153.4999160170555
test_01146,140.44649744033813
test_01147,22.457806531339884
test_01148,28.439460242167115
test_01149,27.114592913538218
test_01150,32.01997054554522
test_01151,98.61879444122314
test_01152,104.48838774859905
test_01153,99.24252796173096
test_01154,15.940826365724208
test_01155,26.981386199593544
test_01156,74.01021619141102
test_01157,28.994623782113194
test_01158,44.2729287520051
test_01159,114.0705875530839
test_01160,40.498003128916025
test_01161,65.0862168893218
test_01162,171.90684427320957
test_01163,88.50478544831276
test_01164,107.04879423975945
test_01165,75.84402304887772
test_01166,135.2159249484539
test_01167,21.05553148686886
test_01168,45.25205473974347
test_01169,44.20709978789091
test_01170,76.32343351095915
test_01171,83.59255713224411
test_01172,47.55668502673507
test_01173,32.775363851338625
test_01174,16.18387244269252
test_01175,12.624057184904814
test_01176,28.539993891492486
test_01177,88.99132701009512
test_01178,65.24650321155787
test_01179,36.40641953796148
test_01180,78.78812727332115
test_01181,73.93790981173515
test_01182,41.42406556382775
test_01183,88.42310464382172
test_01184,135.20032566785812
test_01185,11.748473279178143
test_01186,29.115811621770263
test_01187,13.228793010115623
test_01188,18.66357679851353
test_01189,30.308727607131004
test_01190,21.71810164488852
test_01191,8.358240772038698
test_01192,14.074779137969017
test_01193,13.994910821318626
test_01194,129.0726756900549
test_01195,33.53425770998001
test_01196,12.863955549895763
test_01197,44.24871272593737
test_01198,14.532131474465132
test_01199,11.100241459906101
test_01200,15.676672976464035
test_01201,30.046847255900502
test_01202,25.429603192955256
test_01203,69.00054436922073
test_01204,84.07250985503197
test_01205,157.19548958539963
test_01206,26.82774999924004
test_01207,26.50309925712645
test_01208,16.634879214689136
test_01209,27.214861003682017
test_01210,46.98990745097399
test_01211,87.95292004197836
test_01212,107.00042161345482
test_01213,30.680816875770688
test_01214,195.40265898406506
test_01215,34.92095575854182
test_01216,10.68546773120761
test_01217,10.7418925575912
test_01218,38.03316080197692
test_01219,95.34902180731297
test_01220,221.73819644749165
test_01221,188.98171281814575
test_01222,118.7649459168315
test_01223,62.45439540594817
test_01224,48.3046445325017
test_01225,48.640931595116854
test_01226,22.340672647580504
test_01227,59.59037863090634
test_01228,175.58846762776375
test_01229,43.6995734795928
test_01230,131.50375671684742
test_01231,288.97238832712173
test_01232,132.3581070303917
test_01233,113.28905616700649
test_01234,60.83757082745433
test_01235,203.74925462901592
test_01236,29.14495813474059
test_01237,44.55355238169432
test_01238,12.289419189095497
test_01239,20.088195955380797
test_01240,45.72417810931802
test_01241,130.06596359610558
test_01242,10.157309517264366
test_01243,8.681543290615082
test_01244,26.200686775147915
test_01245,17.199640026316047
test_01246,12.311131902039051
test_01247,78.58804050087929
test_01248,163.48130141198635
test_01249,272.4062494635582
test_01250,254.44283103942874
test_01251,120.98234651237726
test_01252,121.13686852902174
test_01253,13.352551016956568
test_01254,106.21418815851212
test_01255,195.81474740803242
test_01256,96.82077679038048
test_01257,51.16495090723038
test_01258,50.02390067279339
test_01259,18.709399685263634
test_01260,16.919970924034715
test_01261,90.84686143696308
test_01262,70.68346904218197
test_01263,193.14839951694012
test_01264,21.491371672600508
test_01265,75.41850438714027
test_01266,11.070075422525406
test_01267,11.177134770900011
test_01268,33.0266236923635
test_01269,99.79711952805519
test_01270,209.56897480785847
test_01271,270.46139058470726
test_01272,17.226257227361202
test_01273,147.31009176373482
test_01274,155.97880512475967
test_01275,9.000689715147018
test_01276,118.04370203614235
test_01277,204.22354704141617
test_01278,506.1231098175048
test_01279,72.84211234748363
test_01280,38.970762990415096
test_01281,113.34672893583775
test_01282,219.09006257355213
test_01283,10.360764991492033
test_01284,17.971965979784727
test_01285,197.55516657233238
test_01286,221.0605934113264
test_01287,12.766099777072668
test_01288,13.831330079585314
test_01289,10.923249050974846
test_01290,96.31403787434101
test_01291,273.8214459121227
test_01292,214.9901407957077
test_01293,234.61509059369564
test_01294,438.0067860484123
test_01295,474.53946924209595
test_01296,12.195370383560658
test_01297,97.45759885013103
test_01298,149.9228672683239
test_01299,172.5686400383711
test_01300,11.855811186134815
test_01301,161.25085684657097
test_01302,12.413511466234922
test_01303,376.3359067440033
test_01304,349.65370869636536
test_01305,351.3355191349983
test_01306,132.92036452889442
test_01307,340.31042301654816
test_01308,313.05720216035843
test_01309,268.95348984003067
test_01310,168.82423329353333
test_01311,147.13563238084316
test_01312,19.896954346448183
test_01313,16.24413209222257
test_01314,10.021566063165665
test_01315,56.81095452606678
test_01316,82.43763096630573
test_01317,10.820056095719337
test_01318,34.71541295200586
test_01319,93.50322578847408
test_01320,137.56336411833763
test_01321,180.2645228356123
test_01322,66.19756163656712
test_01323,9.233382698148489
test_01324,75.3243293017149
test_01325,13.626433528959751
test_01326,29.99412725865841
test_01327,102.10405256599188
test_01328,146.87080116569996
test_01329,301.3110330104828
test_01330,11.957915905863047
test_01331,510.68511199951166
test_01332,11.090859606862068
test_01333,14.233464676886797
test_01334,77.88021942973137
test_01335,12.181189894676208
test_01336,88.01578514277935
test_01337,294.3344107568264
test_01338,10.713847279548645
test_01339,12.79482102394104
test_01340,66.62427624315023
test_01341,12.3703534565866
test_01342,12.691360652446747
test_01343,13.60219893231988
test_01344,136.1840608716011
test_01345,158.09278991818428
test_01346,200.6273037493229
test_01347,254.07088476419452
test_01348,258.84132304787636
test_01349,8.661910481750965
test_01350,84.7856272533536
test_01351,154.12088623642921
test_01352,8.326317958533764
test_01353,41.85832725092769
test_01354,95.47416517883539
test_01355,15.067417073994875
test_01356,20.126596184447408
test_01357,11.188670810312033
test_01358,23.253338271752
test_01359,107.77064723521471
test_01360,12.106896463781595
test_01361,172.88799445331097
test_01362,144.6260646879673
test_01363,350.86450999975204
test_01364,52.97711933404207
test_01365,55.54588629677892
test_01366,73.63761623203754
test_01367,9.633433677256107
test_01368,10.028017479926348
test_01369,10.328021358698606
test_01370,14.71804890036583
test_01371,102.76494951546192
test_01372,12.125366754829884
test_01373,100.8563626781106
test_01374,263.35608169436455
test_01375,309.71438032388687
test_01376,67.68810261040926
test_01377,48.55807341635227
test_01378,45.619711212813854
test_01379,133.01991765201092
test_01380,60.544746331870556
test_01381,13.144438043236732
test_01382,28.600168116390705
test_01383,35.723520174622536
test_01384,15.272387906908989
test_01385,41.9825792349875
test_01386,12.594169706106186
test_01387,13.523738265037537
test_01388,113.90953612327576
test_01389,64.38988728821278
test_01390,9.808264471590519
test_01391,11.15196793153882
test_01392,59.68771071359515
test_01393,109.75772073864937
test_01394,122.9645396694541
test_01395,22.005159977823496
test_01396,17.419413462281227
test_01397,76.00673097372055
test_01398,60.417107075452805
test_01399,87.14261169731617
test_01400,77.75953299552202
test_01401,39.57553967088461
test_01402,88.18601786345243
test_01403,13.926571115851402
test_01404,18.34606272727251
test_01405,34.833284087479115
test_01406,73.16841958463192
test_01407,78.88979744166136
test_01408,38.93122252821922
test_01409,19.664224222302437
test_01410,50.60791916772723
test_01411,63.33089669793845
test_01412,71.05224346369505
test_01413,91.650774076581
test_01414,130.80816251039505
test_01415,54.52424484118819
test_01416,194.55533577501774
test_01417,194.77195778489113
test_01418,37.56025746837258
test_01419,22.853991117328405
test_01420,53.220768954604864
test_01421,19.133027862757444
test_01422,18.76207139901817
test_01423,62.087830882519484
test_01424,23.930586609989405
test_01425,41.73673828691244
test_01426,182.62649162113667
test_01427,21.296644367277622
test_01428,28.638735480606556
test_01429,54.36441906914115
test_01430,33.64337096363306
test_01431,39.14000775665045
test_01432,48.973485972732306
test_01433,83.65265150368214
test_01434,92.80974862724543
test_01435,88.53730623424053
test_01436,68.39309352636337
test_01437,87.29139912128448
test_01438,52.7745255343616
test_01439,12.79021180793643
test_01440,15.666953139007093
test_01441,48.84923027455807
test_01442,33.79533024132252
test_01443,11.820697948336601
test_01444,95.13719843327999
test_01445,39.17425560578704
test_01446,38.95391948148608
test_01447,44.31461597234011
test_01448,82.42640691250563
test_01449,66.5862362831831
test_01450,97.95323256403208
test_01451,127.88527330756186
test_01452,90.70414287596941
test_01453,187.8061213195324
test_01454,35.231957130134106
test_01455,11.938401948660612
test_01456,62.61910523846746
test_01457,41.242668215185404
test_01458,63.13562713190914
test_01459,17.39386035501957
test_01460,27.02342626079917
test_01461,29.89113486558199
test_01462,33.87433688342571
test_01463,110.22814304381609
test_01464,104.8308588117361
test_01465,165.3497535288334
test_01466,67.43026878684759
test_01467,79.41044943034649
test_01468,10.308031994849443
test_01469,12.77165237814188
test_01470,27.286344707012177
test_01471,73.6141801699996
test_01472,101.55937768518925
test_01473,129.62731182575226
test_01474,83.88121810555458
test_01475,25.549023114144802
test_01476,32.62811778485775
test_01477,110.64944989979267
test_01478,44.87726345285773
test_01479,94.06391593068838
test_01480,105.33621607720852
test_01481,64.76398774981499
test_01482,66.0410265699029
test_01483,125.36983731389044
test_01484,104.73351930081844
test_01485,83.4825599193573
test_01486,17.28900347650051
test_01487,44.16009766981006
test_01488,39.344592321664095
test_01489,32.5932013951242
test_01490,106.3996858894825
test_01491,134.75219547748566
test_01492,77.67585399746895
test_01493,19.07250265404582
test_01494,43.87094271928072
test_01495,121.90438284724951
test_01496,31.1132029350847
test_01497,37.23353796452284
test_01498,22.278799215331674
test_01499,111.40661669522524
test_01500,139.4650055617094
test_01501,51.241357669234276
test_01502,70.43001787364483
test_01503,147.46525260806084
test_01504,73.18688616156578
test_01505,93.4434879720211
test_01506,71.26431196928024
test_01507,112.42452917993069
test_01508,18.048086754977703
test_01509,40.74505487829447
test_01510,47.13329826667905
test_01511,73.44021847844124
test_01512,84.63293258100748
test_01513,60.000283155590296
test_01514,26.607521584257483
test_01515,15.761455066502096
test_01516,11.870218235999346
test_01517,23.504156133159995
test_01518,82.72979806363583
test_01519,59.61124823987484
test_01520,29.55023301579058
test_01521,67.050188601017
test_01522,67.73885226994753
test_01523,34.42609829455614
test_01524,108.80172254145145
test_01525,133.46160013973713
test_01526,9.937627077102661
test_01527,28.48786629550159
test_01528,11.0014014467597
test_01529,19.20374831557274
test_01530,22.636511147022247
test_01531,22.00084789097309
test_01532,9.67051910981536
test_01533,18.283210625872016
test_01534,18.32676233164966
test_01535,130.82064193487167
test_01536,26.40699840337038
test_01537,16.634806789457798
test_01538,48.21170996129513
test_01539,22.381071070209146
test_01540,11.019143771380186
test_01541,13.441500343382359
test_01542,30.698185931891203
test_01543,37.04970787093043
test_01544,79.69927382469177
test_01545,57.84811355173588
test_01546,141.97412756085396
test_01547,27.04925049841404
test_01548,23.074158249422908
test_01549,14.300679005682468
test_01550,22.314866980537772
test_01551,43.24104376882315
test_01552,96.47519329935312
test_01553,69.0518734306097
test_01554,29.92382650077343
test_01555,183.18378706276417
test_01556,21.24510731548071
test_01557,10.806432723999023
test_01558,11.696200832724571
test_01559,31.145096035674214
test_01560,96.55145892500877
test_01561,200.21989510953426
test_01562,176.40395344793797
test_01563,107.03199901431799
test_01564,37.73888037353754
test_01565,58.983139492571354
test_01566,45.82432920485735
test_01567,47.66066166013479
test_01568,15.905778124928476
test_01569,45.952952701598406
test_01570,169.1783221065998
test_01571,47.36204686015844
test_01572,121.35750921070576
test_01573,240.55110712349415
test_01574,253.8996789455414
test_01575,125.13558068871497
test_01576,124.96763586252926
test_01577,85.73444978147745
test_01578,227.62875221669674
test_01579,35.39115521684289
test_01580,39.322779327631
test_01581,12.007176205515862
test_01582,20.84916043281555
test_01583,77.0530192926526
test_01584,109.6451013609767
test_01585,11.720840267837048
test_01586,46.33327059075236
test_01587,9.383551772683859
test_01588,25.016242684796453
test_01589,16.959401819854975
test_01590,10.764972064644098
test_01591,72.09941574186087
test_01592,146.95707261562347
test_01593,250.9168290793896
test_01594,228.97691632807255
test_01595,116.55361418426037
test_01596,119.42538231611252
test_01597,12.583569623529911
test_01598,100.40659827739
test_01599,208.4301084727049
test_01600,124.58113768696785
test_01601,74.89984316378832
test_01602,55.08864909783006
test_01603,21.416524838656187
test_01604,14.627275943756104
test_01605,82.03811110556126
test_01606,63.946979142725475
test_01607,195.34000930190086
test_01608,33.94255402311683
test_01609,67.09453512728214
test_01610,10.225196100771427
test_01611,9.993409361690283
test_01612,19.875093068927526
test_01613,95.38109689950943
test_01614,204.0340232104063
test_01615,283.2066565155983
test_01616,16.8843859937042
test_01617,107.75221779942513
test_01618,136.52466002106667
test_01619,9.45377453416586
test_01620,126.74854630231856
test_01621,182.20545960962772
test_01622,441.04421854019165
test_01623,93.67111118882895
test_01624,32.378404872491956
test_01625,120.27312150597572
test_01626,194.38631385564804
test_01627,10.82624752447009
test_01628,21.152709433808923
test_01629,144.92928498983383
test_01630,214.4607606381178
test_01631,12.600624836981297
test_01632,16.642277730628848
test_01633,12.153018336743116
test_01634,85.05066645890474
test_01635,255.04427987337115
test_01636,230.72069305181503
test_01637,210.18755313754082
test_01638,374.5392856001854
test_01639,482.98494946956635
test_01640,12.259379431605339
test_01641,86.30204817652702
test_01642,175.64651180803776
test_01643,170.00734215974808
test_01644,13.778652794659138
test_01645,155.88051480054855
test_01646,11.712591219693422
test_01647,314.100541472435
test_01648,246.48190903663635
test_01649,392.7258480191231
test_01650,173.22996039688587
test_01651,261.0294118523598
test_01652,257.922777980566
test_01653,174.56784383952618
test_01654,147.01611217856407
test_01655,25.873452866449952
test_01656,13.699441876262426
test_01657,10.534399840980768
test_01658,76.6387024000287
test_01659,89.90309010446072
test_01660,11.965949535369873
test_01661,27.92737114429474
test_01662,87.52214219421148
test_01663,117.55593481659889
test_01664,170.9794299006462
test_01665,44.640826642513275
test_01666,9.374455906450748
test_01667,65.4891760200262
test_01668,11.024718657135963
test_01669,18.711767433211207
test_01670,70.52297472953796
test_01671,175.20698350667953
test_01672,268.0544364452362
test_01673,9.358578067272902
test_01674,554.5965223312378
test_01675,11.506327874958515
test_01676,13.165370792150497
test_01677,68.51845974475145
test_01678,11.501031547784805
test_01679,58.02893149852753
test_01680,79.23938474804163
test_01681,10.6624810770154
test_01682,12.347775354981422
test_01683,61.0987324975431
test_01684,12.223467659205198
test_01685,10.322817884385586
test_01686,11.017483562231064
test_01687,113.77076938003302
test_01688,141.56178657710552
test_01689,155.52624770998955
test_01690,237.47882138192654
test_01691,271.3884632587433
test_01692,8.572801448404789
test_01693,75.55874934792519
test_01694,139.11916208267212
test_01695,8.21655473485589
test_01696,39.733363535255194
test_01697,83.96146526187658
test_01698,21.193976959213614
test_01699,29.184827296063304
test_01700,12.40469415858388
test_01701,23.5622133128345
test_01702,66.11507858335972
test_01703,12.341268226504326
test_01704,163.6832303851843
test_01705,188.41618689894676
test_01706,326.569328725338
test_01707,60.34920563548803
test_01708,60.24532928317785
test_01709,51.45566949993372
test_01710,9.593896929174662
test_01711,11.23601834103465
test_01712,10.931579809635878
test_01713,17.434667330235243
test_01714,99.19064178317785
test_01715,10.147036276757717
test_01716,113.34618667513132
test_01717,255.3282759189606
test_01718,348.65196746587753
test_01719,96.24941971153021
test_01720,58.13532230630517
test_01721,54.73078303039074
test_01722,128.69942204654217
test_01723,65.35223662108183
test_01724,10.862976402044296
test_01725,34.20519019663334
test_01726,50.881619688123465
test_01727,11.799572065472603
test_01728,61.87800570204854
test_01729,12.341847628355026
test_01730,13.683742314577103
test_01731,89.71374455094337
test_01732,69.88650922477245
test_01733,10.726560693234205
test_01734,11.936734311282635
test_01735,68.37487208098173
test_01736,126.53187972307204
test_01737,85.14074859023094
test_01738,25.140466812998056
test_01739,19.242440102621913
test_01740,48.476994298398495
test_01741,60.09027986228466
test_01742,44.75086099654436
test_01743,132.52637127041817
test_01744,104.22963282465935
test_01745,73.99249986559153
test_01746,95.13382601737976
test_01747,16.02367525920272
test_01748,34.46348828449845
test_01749,40.944681100547314
test_01750,73.26067818701267
test_01751,87.6663761138916
test_01752,21.304106023162603
test_01753,12.936410494148731
test_01754,57.09237669035792
test_01755,61.89446294307709
test_01756,80.59743583202362
test_01757,78.63284757733345
test_01758,72.07813386619091
test_01759,44.06868959963322
test_01760,226.16279125213623
test_01761,208.24003495275974
test_01762,23.046647803857923
test_01763,11.688226629048586
test_01764,22.52319722995162
test_01765,45.347303204238415
test_01766,15.259310510009527
test_01767,20.951716417446733
test_01768,63.3760120458901
test_01769,30.241106582805514
test_01770,55.959627501666546
test_01771,189.362528398633
test_01772,22.869928382337093
test_01773,38.512229565531015
test_01774,60.89180061221123
test_01775,49.64175543934107
test_01776,43.10011912509799
test_01777,55.40315659344196
test_01778,92.50025147199631
test_01779,103.45446000248194
test_01780,84.50723952054977
test_01781,40.45156555622816
test_01782,81.8573451563716
test_01783,26.24867127649486
test_01784,12.216421984136105
test_01785,13.65677784383297
test_01786,55.449657306075096
test_01787,17.516390847042203
test_01788,97.66959307342768
test_01789,37.12211453169584
test_01790,43.63008611276746
test_01791,63.90749067813159
test_01792,56.28915859013796
test_01793,74.83263997733593
test_01794,119.82993108779192
test_01795,90.05866692960262
test_01796,209.13540394604206
test_01797,39.20642726495862
test_01798,10.905495584011078
test_01799,38.92361602187157
test_01800,30.83086338452995
test_01801,55.97365199774504
test_01802,11.568234734237194
test_01803,26.82243324443698
test_01804,30.80728804320097
test_01805,35.504443135112524
test_01806,77.87849608063698
test_01807,110.12298160791397
test_01808,115.04049882292747
test_01809,80.17523016035557
test_01810,21.780483910813928
test_01811,10.866601377725601
test_01812,12.246866580098867
test_01813,41.2137538343668
test_01814,84.50712066888809
test_01815,96.6276799812913
test_01816,119.20228289067745
test_01817,75.54427915811539
test_01818,31.70802021771669
test_01819,40.88458301499486
test_01820,107.24143049865961
test_01821,49.132186368107796
test_01822,105.25551579892635
test_01823,94.28837472200394
test_01824,62.1055509224534
test_01825,107.05592533946037
test_01826,109.5634799823165
test_01827,80.95838090032339
test_01828,68.80221065878868
test_01829,16.510047828778625
test_01830,39.80729669705033
test_01831,24.467770121991634
test_01832,29.120701253414154
test_01833,79.63458137959242
test_01834,113.31064260005951
test_01835,44.45148480311036
test_01836,13.423780303448439
test_01837,22.87420704215765
test_01838,52.49683976918459
test_01839,145.90538397431374
test_01840,146.43414016067982
test_01841,34.65419691801071
test_01842,31.648118980228897
test_01843,20.882123198360205
test_01844,78.8972405269742
test_01845,118.4295836687088
test_01846,49.18806893378496
test_01847,72.14662213623524
test_01848,70.98348034918308
test_01849,23.90671413950622
test_01850,36.444266363978386
test_01851,76.94247981905937
test_01852,93.27320325374603
test_01853,18.95829363539815
test_01854,38.40550448745489
test_01855,43.27825176715851
test_01856,65.8681791126728
test_01857,113.02964755892754
test_01858,71.57825863361359
test_01859,39.39122302830219
test_01860,15.96965532191098
test_01861,12.864167254418135
test_01862,25.559495059773326
test_01863,71.8533705174923
test_01864,64.40024223923683
test_01865,27.39854253269732
test_01866,63.63142055273057
test_01867,72.81229543685913
test_01868,47.353678960353136
test_01869,95.61019090563059
test_01870,94.93676996231079
test_01871,7.945966642349958
test_01872,10.416536133736372
test_01873,9.72276184335351
test_01874,14.548094738274813
test_01875,24.396615117788315
test_01876,15.398831218481064
test_01877,8.110579907894135
test_01878,23.321191428229213
test_01879,14.43228493630886
test_01880,133.15383376181126
test_01881,17.879023980349302
test_01882,53.08000401780009
test_01883,12.608275912702084
test_01884,10.727596931159496
test_01885,15.007694113999605
test_01886,33.761925496160984
test_01887,40.37700470909476
test_01888,94.56345689296722
test_01889,52.678731095045805
test_01890,159.4673093855381
test_01891,53.030944280326366
test_01892,22.231687530875206
test_01893,17.22424789145589
test_01894,19.360576797276735
test_01895,91.40510769188404
test_01896,85.09644663333893
test_01897,94.63715977966785
test_01898,211.51169435679913
test_01899,25.33843282610178
test_01900,11.726949986070395
test_01901,11.741108190268278
test_01902,203.8917577713728
test_01903,203.60386933386326
test_01904,109.37271563708782
test_01905,31.90067876130342
test_01906,60.94682893157005
test_01907,63.98248607665301
test_01908,45.95604284480214
test_01909,38.46024310588837
test_01910,88.37924838066101
test_01911,157.96900591254234
test_01912,81.99256120622158
test_01913,121.68600034713745
test_01914,193.57795913517475
test_01915,248.49339912831783
test_01916,146.4763919264078
test_01917,101.7568348646164
test_01918,88.68713361024857
test_01919,196.9301702529192
test_01920,67.23581261187792
test_01921,51.10108299553394
test_01922,19.784188261255622
test_01923,22.451135981827974
test_01924,31.050709245726466
test_01925,92.41741929203272
test_01926,11.806584313511848
test_01927,38.17005191743374
test_01928,8.431832235306501
test_01929,28.153146589174867
test_01930,15.122088838368654
test_01931,11.624069016426802
test_01932,78.03161416202784
test_01933,146.1973579376936
test_01934,288.79179322719574
test_01935,234.99473251402378
test_01936,101.92814467847347
test_01937,115.59269849956036
test_01938,10.313502885401249
test_01939,103.64349357038736
test_01940,208.1705215871334
test_01941,49.50910584256053
test_01942,75.59696015715599
test_01943,48.378625977784395
test_01944,14.096439853310585
test_01945,26.04004946909845
test_01946,83.00339458882809
test_01947,76.55318120121956
test_01948,169.32032012939453
test_01949,18.13627840206027
test_01950,67.77084565162659
test_01951,9.766822382807732
test_01952,10.763126149773598
test_01953,19.63565711118281
test_01954,95.19611171633005
test_01955,180.78402344882488
test_01956,407.3932127356529
test_01957,14.355603329837322
test_01958,125.80658745765685
test_01959,139.0257743895054
test_01960,9.774116903543472
test_01961,69.40370406210423
test_01962,105.77985961735249
test_01963,328.5504670739174
test_01964,146.6027163863182
test_01965,38.196277279406786
test_01966,78.49190436303616
test_01967,203.18084655702114
test_01968,9.321481492370367
test_01969,25.238023599609733
test_01970,111.58671410381794
test_01971,229.41351790726185
test_01972,15.07749718055129
test_01973,8.578101489692926
test_01974,98.78324057161808
test_01975,170.4530953168869
test_01976,259.6967875957489
test_01977,219.67940339446068
test_01978,511.5763211846351
test_01979,416.8502394556999
test_01980,10.066852260380983
test_01981,102.74261283129454
test_01982,159.26884196698666
test_01983,160.22017523646355
test_01984,16.511058067902923
test_01985,185.15870055556297
test_01986,11.536716759204865
test_01987,73.98718125373125
test_01988,193.19400884211063
test_01989,386.59108179807663
test_01990,16.97695843875408
test_01991,196.04084783792496
test_01992,352.47287011146545
test_01993,271.0820933878422
test_01994,167.89843827486038
test_01995,234.03354941308498
test_01996,21.037642454728484
test_01997,20.331411024555564
test_01998,9.704577539116144
test_01999,68.20533018559217
test_02000,104.13837703317404
test_02001,10.64814830943942
test_02002,32.23572345264256
test_02003,103.16795321553946
test_02004,134.01409694552422
test_02005,175.00343517959118
test_02006,72.98273614794016
test_02007,8.834746796637774
test_02008,71.2982589751482
test_02009,15.218644671142101
test_02010,22.51702251471579
test_02011,39.73439234495163
test_02012,101.54290930181742
test_02013,219.77186998724937
test_02014,8.380443748086691
test_02015,499.6304812431335
test_02016,11.101481974124908
test_02017,15.188705194741488
test_02018,73.11293814331293
test_02019,11.090447340160608
test_02020,61.41594015434384
test_02021,108.8465816155076
test_02022,273.6738321483135
test_02023,9.850850507616997
test_02024,17.070518838241696
test_02025,85.5083344951272
test_02026,12.113637581467628
test_02027,10.344233468174934
test_02028,12.009946934878826
test_02029,161.00623041391373
test_02030,167.1987882554531
test_02031,112.16626451909542
test_02032,211.9524408876896
test_02033,278.59140878915787
test_02034,8.831422664225101
test_02035,73.73985094577074
test_02036,143.7202961742878
test_02037,9.5496692545712
test_02038,50.322656609117985
test_02039,101.13316076993942
test_02040,23.039880687370896
test_02041,28.764939231798053
test_02042,11.101574826985598
test_02043,28.003594057634473
test_02044,72.39588378369808
test_02045,10.939357165247202
test_02046,128.7740014642477
test_02047,137.13086292147636
test_02048,307.88620406389236
test_02049,60.29011036083102
test_02050,31.456563528627154
test_02051,94.3164608553052
test_02052,11.123194687068462
test_02053,12.837841611355543
test_02054,12.087601639330387
test_02055,17.29534904100001
test_02056,82.21300132572651
test_02057,12.673480905592442
test_02058,72.00281162559986
test_02059,207.22290243208408
test_02060,269.34558147192
test_02061,24.325278121978045
test_02062,53.245293252170086
test_02063,35.82487092912197
test_02064,127.90059031546114
test_02065,59.314122799783945
test_02066,10.308544542640448
test_02067,16.963778903707862
test_02068,15.91245610266924
test_02069,12.091033481061459
test_02070,27.44031889177859
test_02071,11.462813310325146
test_02072,11.523728501051664
test_02073,53.11717116087675
test_02074,77.49779935181141
test_02075,10.434590443968773
test_02076,15.028188597410917
test_02077,88.79968613386154
test_02078,85.32140311598778
test_02079,21.18087356351316
test_02080,12.952841736376286
test_02081,47.43301987275481
test_02082,56.73276127502322
test_02083,35.62198742851615
test_02084,80.70458060503006
test_02085,39.409994162619114
test_02086,40.99395254254341
test_02087,79.50798950344324
test_02088,14.186158001422882
test_02089,18.567511228844523
test_02090,20.323386680334806
test_02091,44.63349126651883
test_02092,66.44533021003008
test_02093,38.42794516682625
test_02094,14.53213518857956
test_02095,29.310615066438913
test_02096,66.93439736962318
test_02097,64.31654095649719
test_02098,55.98167819902301
test_02099,65.30916775017977
test_02100,38.06491648033261
test_02101,139.54266026616096
test_02102,168.96605303883553
test_02103,36.608768206089735
test_02104,11.145104248076677
test_02105,54.9752237573266
test_02106,55.201320473104715
test_02107,26.9456489905715
test_02108,27.529751053079963
test_02109,52.09781388565898
test_02110,23.159272752702236
test_02111,75.51160980761051
test_02112,119.60340724885464
test_02113,13.745730884373188
test_02114,29.938946660608053
test_02115,64.3252988383174
test_02116,12.520128834992647
test_02117,23.853702584281564
test_02118,69.41289278119802
test_02119,97.89503239095211
test_02120,77.48435425758362
test_02121,50.22533938288689
test_02122,30.2487038038671
test_02123,49.793852139264345
test_02124,14.949586793780327
test_02125,13.525814455002546
test_02126,17.863996673375368
test_02127,68.93345260620117
test_02128,57.73582101613283
test_02129,15.420666497200727
test_02130,74.17200301587582
test_02131,27.169686229899526
test_02132,31.634417612105604
test_02133,48.796623557806015
test_02134,50.52348620444536
test_02135,97.95032812654972
test_02136,46.72283662483096
test_02137,54.74784567207098
test_02138,65.55925393104553
test_02139,76.61716053634882
test_02140,39.02492220699787
test_02141,10.500378552824259
test_02142,44.43899795040488
test_02143,18.20852349884808
test_02144,37.448793180286884
test_02145,14.19998936355114
test_02146,15.288588874042034
test_02147,16.700516901910305
test_02148,20.045871764421463
test_02149,59.63392290845513
test_02150,81.85263565927744
test_02151,105.38152084499598
test_02152,39.75899463891983
test_02153,36.57606914266944
test_02154,11.680820684880018
test_02155,15.762613870203497
test_02156,70.89724604040384
test_02157,58.74795062467456
test_02158,39.38149947673082
test_02159,113.35956491529942
test_02160,33.758382230997086
test_02161,15.384346172213554
test_02162,46.30629497766495
test_02163,59.01107706129551
test_02164,36.93750075995922
test_02165,88.86475741863251
test_02166,104.30556418001652
test_02167,64.78296687453985
test_02168,42.78525136038661
test_02169,119.50570375472307
test_02170,95.79827366024256
test_02171,83.93034841120243
test_02172,12.716237790882587
test_02173,37.51036576926708
test_02174,31.12306390888989
test_02175,21.11222744360566
test_02176,39.93834551051259
test_02177,87.70186076313257
test_02178,66.72887313365936
test_02179,11.54542264342308
test_02180,14.302818335592747
test_02181,73.79886079579592
test_02182,115.81931890547276
test_02183,98.52496848255396
test_02184,34.78419463708997
test_02185,26.050200143828988
test_02186,24.936732780188322
test_02187,170.27722457051277
test_02188,43.15722734853625
test_02189,34.135064002126455
test_02190,48.832397907972336
test_02191,32.03730246052146
test_02192,66.04298762232065
test_02193,66.6567153185606
test_02194,102.9974010810256
test_02195,18.645063795149326
test_02196,20.551552157849073
test_02197,30.857833426445723
test_02198,127.80700948834418
test_02199,117.37950695306063
test_02200,20.651888959109783
test_02201,18.88427133485675
test_02202,14.246653497219086
test_02203,14.357794657349586
test_02204,24.884029496461153
test_02205,50.89215663075447
test_02206,55.50120921432972
test_02207,20.72085263580084
test_02208,40.362319100648165
test_02209,58.496230233460665
test_02210,42.36762519180775
test_02211,62.30955237150192
test_02212,93.18869229406118
test_02213,9.220205020159483
test_02214,12.032031059265137
test_02215,12.085945144295692
test_02216,12.37886992096901
test_02217,18.316136250272393
test_02218,20.392450638115406
test_02219,8.068498991429806
test_02220,12.445545703172684
test_02221,13.059659667313099
test_02222,106.82812384516001
test_02223,31.48862933553755
test_02224,15.394812546670437
test_02225,40.02325388044119
test_02226,14.894851889461279
test_02227,12.239423494786024
test_02228,11.703183367848396
test_02229,19.897205049172044
test_02230,29.46634974144399
test_02231,105.72433360666037
test_02232,94.93313013017178
test_02233,47.61801619827747
test_02234,24.182698840275407
test_02235,18.72394230030477
test_02236,13.376061361283064
test_02237,19.288561975583434
test_02238,78.54677668958902
test_02239,129.57834494113922
test_02240,15.613191332668068
test_02241,138.24328476190567
test_02242,21.320914248004556
test_02243,10.259971354156733
test_02244,9.358214084059
test_02245,18.319930218160152
test_02246,200.609966263175
test_02247,156.600666731596
test_02248,60.08482011407614
test_02249,36.90704130753875
test_02250,79.82352580875158
test_02251,83.18551990389824
test_02252,41.8542194403708
test_02253,14.380257621407509
test_02254,58.33285005390644
test_02255,121.57872186601162
test_02256,80.98736584931612
test_02257,102.0328084230423
test_02258,149.1644451022148
test_02259,246.87434236705303
test_02260,95.8578183427453
test_02261,69.54350332915783
test_02262,52.643673568964005
test_02263,168.72369964420795
test_02264,143.33588533103466
test_02265,33.48024705797434
test_02266,11.32519794255495
test_02267,20.548059033229947
test_02268,24.632578378543258
test_02269,9.425068143755198
test_02270,37.107536632567644
test_02271,8.863516326993704
test_02272,27.744824277237058
test_02273,12.337253268808126
test_02274,12.616235259920359
test_02275,73.96500799059868
test_02276,134.79395698010921
test_02277,282.4372108578682
test_02278,213.91321103274822
test_02279,170.7704292535782
test_02280,68.2369967252016
test_02281,16.727901067584753
test_02282,43.04544364660978
test_02283,161.32576310634613
test_02284,81.74003856629133
test_02285,64.38020087778568
test_02286,50.40973402187228
test_02287,70.46178098022938
test_02288,16.387283347547054
test_02289,69.24598790705204
test_02290,131.2474382519722
test_02291,174.39570206403732
test_02292,27.642556136474013
test_02293,45.667407870292664
test_02294,12.002518706023693
test_02295,13.75039952620864
test_02296,12.93590908870101
test_02297,83.93629842251539
test_02298,99.78161681443453
test_02299,225.40725123882294
test_02300,30.47636416181922
test_02301,54.45248443633318
test_02302,85.41576390713453
test_02303,10.086856480687857
test_02304,33.196213871240616
test_02305,68.93782040476799
test_02306,268.1005806028843
test_02307,111.16327534615993
test_02308,17.985977476462722
test_02309,46.82731466367841
test_02310,129.61300505697727
test_02311,14.516639903187752
test_02312,19.897147480398417
test_02313,40.82484519854188
test_02314,188.27851210534573
test_02315,14.146702963858843
test_02316,16.125919258221984
test_02317,13.761605009436607
test_02318,23.504137562587857
test_02319,69.35403149574995
test_02320,110.87131623923779
test_02321,74.7522813975811
test_02322,371.3812186717987
test_02323,370.5002307295799
test_02324,12.593831721693277
test_02325,36.70963241159916
test_02326,137.3720129430294
test_02327,148.04657094180584
test_02328,19.763950051739812
test_02329,55.04364888742566
test_02330,25.265140349045396
test_02331,44.12883596867323
test_02332,119.48625665158033
test_02333,297.46404242515564
test_02334,276.47091686725616
test_02335,141.79161597788334
test_02336,96.5266857817769
test_02337,239.37284146249294
test_02338,133.6043855547905
test_02339,142.08162888884544
test_02340,35.61357495933771
test_02341,17.750391198322177
test_02342,11.237396277487278
test_02343,46.56234974041581
test_02344,20.829139498993754
test_02345,18.861982934176922
test_02346,14.682385973632336
test_02347,88.60557908564806
test_02348,133.8310059607029
test_02349,155.8015675842762
test_02350,38.38943722844124
test_02351,10.585290636867285
test_02352,39.96841498091817
test_02353,11.906300857663155
test_02354,16.38508273474872
test_02355,21.865685695782304
test_02356,86.75096575915813
test_02357,181.27915947139263
test_02358,10.273643009364605
test_02359,213.59792728722095
test_02360,12.30232573673129
test_02361,15.972509618848564
test_02362,67.09703844040632
test_02363,11.860060133039951
test_02364,32.590725937858224
test_02365,49.991290748119354
test_02366,233.440539047122
test_02367,14.376539792865515
test_02368,13.698691625148058
test_02369,89.25005964934826
test_02370,10.189332611858845
test_02371,10.276254031807184
test_02372,12.132549852132797
test_02373,131.8174656778574
test_02374,88.65511794388294
test_02375,124.0482216924429
test_02376,214.702876329422
test_02377,233.59584845602512
test_02378,9.321084082126617
test_02379,27.655143270269036
test_02380,112.02032953500748
test_02381,10.43397018685937
test_02382,22.24374911747873
test_02383,97.571228466928
test_02384,15.555072870105505
test_02385,24.15929620526731
test_02386,30.935764832422137
test_02387,20.29330421052873
test_02388,55.32133465260267
test_02389,16.27645417302847
test_02390,201.32126374542713
test_02391,132.0919981598854
test_02392,390.9101511836052
test_02393,68.72667299956083
test_02394,47.51403585076332
test_02395,117.41491732001305
test_02396,10.579719465225935
test_02397,10.650488201528788
test_02398,11.973403763025999
test_02399,20.98188431188464
test_02400,94.97062040120363
test_02401,10.9311786852777
test_02402,116.49741963297129
test_02403,259.276112139225
test_02404,276.71355253458023
test_02405,47.934209901839495
test_02406,45.10107970237732
test_02407,46.108176685869694
test_02408,134.4304343163967
test_02409,51.49684788659215
test_02410,14.817806299775839
test_02411,29.72525880113244
test_02412,32.29596638865769
test_02413,12.74639268592
test_02414,45.71297634020448
test_02415,11.324789389967918
test_02416,14.133525285869837
test_02417,116.22056211531162
test_02418,92.12566817551851
test_02419,9.654184434562922
test_02420,14.749696869403124
test_02421,68.80044274032116
test_02422,99.88711994886398
test_02423,107.66677088290453
test_02424,18.660516368225217
test_02425,14.31162078678608
test_02426,56.94581030681729
test_02427,62.243340853601694
test_02428,36.851091887801886
test_02429,91.33000829815865
test_02430,58.12518277391791
test_02431,36.51794325187802
test_02432,85.57073161751032
test_02433,11.927426740527153
test_02434,13.028219688683748
test_02435,27.283144997432828
test_02436,64.64524008333683
test_02437,75.44147247076035
test_02438,45.71269778162241
test_02439,32.893441120162606
test_02440,64.9650773331523
test_02441,66.40625772625208
test_02442,82.06063349545002
test_02443,94.54598569869995
test_02444,102.93088871985674
test_02445,60.73998989909887
test_02446,144.78131467103958
test_02447,189.30068096518517
test_02448,46.051109317690134
test_02449,11.78521329909563
test_02450,26.61905019544065
test_02451,43.54401893913746
test_02452,16.613233355805278
test_02453,23.023033464327455
test_02454,182.36131870746613
test_02455,20.781353702768683
test_02456,37.39198208600283
test_02457,151.29890209436417
test_02458,18.69341970793903
test_02459,32.860125513747334
test_02460,52.06873608380556
test_02461,34.59468937665224
test_02462,40.62859510630369
test_02463,49.340964168310165
test_02464,79.97290006279945
test_02465,124.34243155270815
test_02466,90.08493314683437
test_02467,76.74688712507486
test_02468,82.88969068974257
test_02469,37.4967201128602
test_02470,12.168405912816525
test_02471,16.89661842957139
test_02472,82.23712821304798
test_02473,32.44090227596462
test_02474,11.534324869513512
test_02475,98.1238069832325
test_02476,40.66329236328602
test_02477,28.099538918584585
test_02478,41.33218951523304
test_02479,95.89208476245403
test_02480,67.22877807915211
test_02481,66.06024339795113
test_02482,127.66403093934058
test_02483,85.50089883804321
test_02484,179.1683093905449
test_02485,41.33579592034221
test_02486,10.247135374695063
test_02487,49.77708662673831
test_02488,73.29282013326883
test_02489,65.64802869409323
test_02490,17.055114548653364
test_02491,27.971173552796245
test_02492,32.44752639904618
test_02493,41.75999607145786
test_02494,114.29567774385214
test_02495,86.10338762402534
test_02496,172.0220709592104
test_02497,62.2046063542366
test_02498,131.03677368164062
test_02499,11.536055646836758
test_02500,13.69725426286459
test_02501,28.36465983465314
test_02502,71.2080951333046
test_02503,95.98706209659576
test_02504,116.72798442840576
test_02505,46.86853019148111
test_02506,30.489194570109248
test_02507,41.88970408961177
test_02508,128.42535011470318
test_02509,54.84521861001849
test_02510,99.36338524520397
test_02511,83.93314885348082
test_02512,61.55557971447706
test_02513,70.03572748601437
test_02514,111.95395088195801
test_02515,84.11240687221289
test_02516,63.56942455470563
test_02517,21.54000800102949
test_02518,56.16562343016267
test_02519,31.56798696145415
test_02520,29.938543679192662
test_02521,97.04686979204416
test_02522,96.4616219252348
test_02523,96.48604594171047
test_02524,16.478349719196558
test_02525,33.5921644680202
test_02526,69.99747210741043
test_02527,142.3976108878851
test_02528,126.60813049226998
test_02529,24.77030516974628
test_02530,35.57778946682811
test_02531,21.560595337301493
test_02532,119.57305550575256
test_02533,121.69625873118639
test_02534,33.69831385836005
test_02535,62.58093528449536
test_02536,164.7111486941576
test_02537,92.56037555634975
test_02538,107.80407426506281
test_02539,69.62137345224619
test_02540,132.92341010272503
test_02541,20.752398466691375
test_02542,43.86871053650975
test_02543,63.29360698908568
test_02544,74.27200183272362
test_02545,87.22493132948875
test_02546,49.20040722191334
test_02547,29.19909878075123
test_02548,15.335995830595493
test_02549,14.714193649590015
test_02550,27.95768203213811
test_02551,92.37414243072271
test_02552,61.05064585804939
test_02553,33.48884894698858
test_02554,68.39466831088066
test_02555,66.4654755666852
test_02556,40.694966331124306
test_02557,89.54504204541445
test_02558,109.25441366434097
test_02559,10.409037336707115
test_02560,34.67381115630269
test_02561,12.881560452282429
test_02562,25.354462943971157
test_02563,40.07392554357648
test_02564,27.37591429054737
test_02565,9.50407849997282
test_02566,13.455469127744436
test_02567,14.389732327312231
test_02568,132.53368064761162
test_02569,38.457420378923416
test_02570,13.149663802236319
test_02571,39.193661853671074
test_02572,12.775069363415241
test_02573,10.799624752253294
test_02574,12.476476848125458
test_02575,32.465851839631796
test_02576,43.382974937558174
test_02577,67.8658601269126
test_02578,58.73850563168526
test_02579,158.07294169068336
test_02580,30.949341777712107
test_02581,24.020757880061865
test_02582,15.496920980513096
test_02583,38.33903669565916
test_02584,59.79145335778594
test_02585,93.8421610146761
test_02586,120.1235912591219
test_02587,25.691910667344928
test_02588,199.89352844655514
test_02589,32.57807566411793
test_02590,10.781633581966162
test_02591,11.074079237878323
test_02592,43.70893304795027
test_02593,88.04875162243843
test_02594,217.93806312978268
test_02595,187.13605050742626
test_02596,113.27079758048058
test_02597,44.2083105891943
test_02598,59.106518659740686
test_02599,57.24041014909744
test_02600,44.39249352365732
test_02601,12.807593863457441
test_02602,52.66826843470335
test_02603,160.17981024086475
test_02604,49.666316878050566
test_02605,135.39497497677803
test_02606,249.2572439014912
test_02607,119.06943644583225
test_02608,107.00836981832981
test_02609,43.41070822998881
test_02610,152.80849647521973
test_02611,30.962541740387678
test_02612,46.25124065950513
test_02613,13.026225209236145
test_02614,26.657073441892862
test_02615,53.16642031818628
test_02616,113.5076466575265
test_02617,10.678336631506681
test_02618,67.31380901485682
test_02619,9.14185206219554
test_02620,28.322311501950026
test_02621,19.453914349898696
test_02622,11.644348081201315
test_02623,77.51117016375065
test_02624,157.83875934779644
test_02625,284.86659824848175
test_02626,248.68528513610363
test_02627,124.92510182410477
test_02628,104.91519149392843
test_02629,12.97121174633503
test_02630,99.25240007787943
test_02631,224.53801475465298
test_02632,33.73367594182491
test_02633,68.8705355077982
test_02634,54.48084169998765
test_02635,21.576211331412196
test_02636,18.64759867824614
test_02637,100.30794396996498
test_02638,66.03261038661003
test_02639,188.83903139829636
test_02640,21.670876679942012
test_02641,74.86887487769127
test_02642,11.870949916541576
test_02643,9.833071041852236
test_02644,17.214388774707913
test_02645,86.673340767622
test_02646,201.61568902432919
test_02647,248.50272898375988
test_02648,15.848053358495237
test_02649,155.22008582949638
test_02650,114.83467745780945
test_02651,9.410033408552408
test_02652,122.21300347149372
test_02653,222.48344093561172
test_02654,481.80249428749084
test_02655,71.24476087093353
test_02656,39.54209407046437
test_02657,135.78445187211037
test_02658,213.2773249298334
test_02659,11.40592421963811
test_02660,22.862173311412334
test_02661,175.94059538841248
test_02662,214.47332920134068
test_02663,13.43640086427331
test_02664,14.732845932245255
test_02665,10.214009188115597
test_02666,86.94461968541145
test_02667,261.57149428129196
test_02668,207.1714099496603
test_02669,251.5783277153969
test_02670,352.74581295251846
test_02671,379.3079113960266
test_02672,11.808608505874872
test_02673,90.41480593383312
test_02674,144.29810838401318
test_02675,191.93952955305576
test_02676,15.8881045114249
test_02677,146.80409567058086
test_02678,12.004468616098166
test_02679,361.31501775979996
test_02680,328.1268797516823
test_02681,160.47252702713013
test_02682,322.6733712553978
test_02683,491.2711684703827
test_02684,263.2965667247772
test_02685,231.61117427051067
test_02686,167.90955090522766
test_02687,17.407283164560795
test_02688,14.500866059213877
test_02689,10.631965912878513
test_02690,28.535423673689365
test_02691,62.57375218719245
test_02692,12.353279672563076
test_02693,29.320009918883443
test_02694,71.7195286899805
test_02695,138.46408143639565
test_02696,175.6195176243782
test_02697,75.60181079059839
test_02698,10.564889006316662
test_02699,64.90325961261988
test_02700,12.164149537682533
test_02701,23.174914745613933
test_02702,129.8959462940693
test_02703,193.70123802125454
test_02704,310.2395858168602
test_02705,10.813912950456142
test_02706,296.90746009349823
test_02707,11.740283656865358
test_02708,13.10660607367754
test_02709,98.56407067924738
test_02710,12.261589329689741
test_02711,39.53175397589803
test_02712,75.38246262073517
test_02713,263.5216717720032
test_02714,10.379105288535357
test_02715,12.607217390090227
test_02716,49.79211764782667
test_02717,10.37786477431655
test_02718,10.603942919522524
test_02719,11.464276671409607
test_02720,91.89856493473053
test_02721,133.63048835098743
test_02722,193.98544205725193
test_02723,243.8490624576807
test_02724,284.6388784646988
test_02725,9.11772146075964
test_02726,84.2566259354353
test_02727,173.7353473752737
test_02728,8.95891335606575
test_02729,41.694746509194374
test_02730,17.240764558315277
test_02731,34.088923558592796
test_02732,16.00886151380837
test_02733,24.11182982288301
test_02734,95.57455769181252
test_02735,11.510361403226852
test_02736,195.5561113357544
test_02737,397.50784462690353
test_02738,39.85492278635502
test_02739,35.24139469489455
test_02740,115.29148381948471
test_02741,9.803952384740114
test_02742,11.369303051382303
test_02743,15.130542162805796
test_02744,13.113172627985477
test_02745,207.4382467865944
test_02746,76.61976784467697
test_02747,320.02143412828445
test_02748,257.46190094947815
test_02749,40.70550327375531
test_02750,44.56764744594693
test_02751,37.39373514801264
test_02752,130.30212184786797
test_02753,63.09884254261852
test_02754,13.665717717260122
test_02755,34.90972427651286
test_02756,60.99102317914367
test_02757,20.129799608141184
test_02758,53.676891919225454
test_02759,10.513210818171501
test_02760,12.348057627677917
test_02761,103.24164124578238
test_02762,126.23666705191134
test_02763,12.86363985016942
test_02764,23.38272501900792
test_02765,73.85976484417915
test_02766,110.69236277788877
test_02767,60.97527161985636
test_02768,11.873252667486668
test_02769,84.69805586338043
test_02770,53.68703516572714
test_02771,42.73453512787819
test_02772,110.11156442016363
test_02773,23.028699345886707
test_02774,32.65411287173629
test_02775,103.76520510017872
test_02776,16.854658221825957
test_02777,25.82932361587882
test_02778,58.24716914817691
test_02779,73.32852762937546
test_02780,36.516000770032406
test_02781,14.487937226891518
test_02782,44.56194256618619
test_02783,59.18111664801836
test_02784,65.84218031167984
test_02785,82.48888574540615
test_02786,73.94587287306786
test_02787,54.35103711485863
test_02788,173.76214842498302
test_02789,202.22694312036037
test_02790,11.13362392038107
test_02791,40.343744814395905
test_02792,15.08598393201828
test_02793,19.48228832706809
test_02794,50.576167203485966
test_02795,18.32168699428439
test_02796,33.323002595454454
test_02797,130.71131326258183
test_02798,20.436652313917875
test_02799,35.030718982219696
test_02800,68.92759916186333
test_02801,27.46548201702535
test_02802,45.43663137033582
test_02803,46.33666157722473
test_02804,89.4934604242444
test_02805,105.85673435777426
test_02806,56.55590257421136
test_02807,36.13570887967944
test_02808,59.86114128679037
test_02809,19.64398786984384
test_02810,16.93251534551382
test_02811,14.188200764358044
test_02812,94.68050349503756
test_02813,43.43003648146987
test_02814,12.056061379611492
test_02815,87.95771124958992
test_02816,34.93140356242657
test_02817,24.876372849568725
test_02818,37.8968082331121
test_02819,70.76634579151869
test_02820,97.14056204259396
test_02821,43.99020293354988
test_02822,143.29534205794334
test_02823,75.98619192093611
test_02824,169.5952240228653
test_02825,42.62162604928017
test_02826,9.906647648662329
test_02827,54.8946126177907
test_02828,35.35036309808493
test_02829,51.498014118522406
test_02830,14.92549704760313
test_02831,14.697695553302765
test_02832,20.64065190590918
test_02833,21.7966885920614
test_02834,76.90856252610683
test_02835,85.64257744699717
test_02836,131.8387549817562
test_02837,43.81172859296203
test_02838,151.20885710418224
test_02839,14.536521557718515
test_02840,20.869283504784107
test_02841,68.98452910780907
test_02842,93.68511340022087
test_02843,62.139460787177086
test_02844,101.50625099241734
test_02845,40.11841320618987
test_02846,14.520866565406322
test_02847,90.67067127674818
test_02848,124.72338084131478
test_02849,117.32424835860729
test_02850,30.205493796616793
test_02851,50.422090880572796
test_02852,130.4664045572281
test_02853,84.35109815001488
test_02854,83.19929184019566
test_02855,15.279630430042744
test_02856,31.78541493415832
test_02857,32.07316594943404
test_02858,23.095887675881386
test_02859,71.23063980787992
test_02860,78.40646487474442
test_02861,13.347035557031631
test_02862,20.03367646969855
test_02863,75.23813213407993
test_02864,93.71894155442715
test_02865,113.53626019507647
test_02866,34.73672082647681
test_02867,49.42047592997551
test_02868,21.806842980906367
test_02869,87.42570892721415
test_02870,171.82315784692764
test_02871,35.94424628093839
test_02872,50.078683860599995
test_02873,71.40292271971703
test_02874,98.35612484067678
test_02875,160.99297845363617
test_02876,70.16945046186447
test_02877,104.86297104507685
test_02878,18.43790720589459
test_02879,18.635522235184908
test_02880,36.36420862749219
test_02881,91.19387857615948
test_02882,104.12343143671751
test_02883,44.730708211660385
test_02884,21.86981764808297
test_02885,11.181651134043932
test_02886,18.073651004582644
test_02887,37.13255490735173
test_02888,63.87208031117917
test_02889,39.03350181132555
test_02890,25.240786900743842
test_02891,30.016482513397932
test_02892,51.05893151089549
test_02893,82.80323353409767
test_02894,72.53759210556746
test_02895,147.27507509291172
test_02896,10.028875440359116
test_02897,21.750251019373536
test_02898,10.994151495397091
test_02899,13.683240909129381
test_02900,18.15092501230538
test_02901,26.384607864543796
test_02902,10.470175374299288
test_02903,12.232050977647305
test_02904,12.87243115901947
test_02905,25.122592637315392
test_02906,15.926517739892008
test_02907,31.83691484481096
test_02908,14.23724564537406
test_02909,12.082119606435299
test_02910,10.732206147164106
test_02911,22.407456139102578
test_02912,31.704872505739328
test_02913,90.75274577736855
test_02914,154.02267019450665
test_02915,22.938782492652535
test_02916,14.75647884234786
test_02917,14.794414807111025
test_02918,26.034196024760604
test_02919,34.82226802408695
test_02920,68.03958411514759
test_02921,119.48785372078419
test_02922,17.27374218031764
test_02923,178.6495070308447
test_02924,20.711951760575175
test_02925,11.58550165221095
test_02926,11.407317012548447
test_02927,30.134491071105003
test_02928,80.02919118106365
test_02929,208.9752810448408
test_02930,160.53141802549362
test_02931,43.5928781144321
test_02932,55.44232564419508
test_02933,87.5172395631671
test_02934,91.974993981421
test_02935,83.76651882380247
test_02936,21.535214936360717
test_02937,43.88353356719017
test_02938,153.52078934013844
test_02939,88.10105378180742
test_02940,117.83081642538309
test_02941,188.95142050087452
test_02942,177.76655803620815
test_02943,137.53917780518532
test_02944,83.4608546346426
test_02945,45.039897095412016
test_02946,153.09365132451057
test_02947,98.00434620678425
test_02948,32.312275065109134
test_02949,11.307407334446907
test_02950,20.595523558557034
test_02951,34.948655623942614
test_02952,59.284454453736544
test_02953,8.724523022770882
test_02954,8.708091780543327
test_02955,25.059703394770622
test_02956,22.382916985079646
test_02957,10.482383668422699
test_02958,79.78379221260548
test_02959,134.146349132061
test_02960,269.9844982922077
test_02961,149.62281139194965
test_02962,128.4211754500866
test_02963,91.1971024274826
test_02964,11.18501240760088
test_02965,87.31534773111343
test_02966,164.17038848996162
test_02967,100.86630164831877
test_02968,45.56529572233558
test_02969,54.8111861795187
test_02970,77.0697253793478
test_02971,14.393375873565674
test_02972,84.32350970804691
test_02973,133.11767314374447
test_02974,166.58081904053688
test_02975,45.426150139421225
test_02976,66.1204120516777
test_02977,11.353135511279106
test_02978,11.924351453781128
test_02979,11.768570352345705
test_02980,88.70548133552074
test_02981,141.9261412024498
test_02982,209.10025356709957
test_02983,14.50429418683052
test_02984,68.03801675885916
test_02985,115.15186282992363
test_02986,9.64165672659874
test_02987,56.13055104762316
test_02988,129.620864123106
test_02989,424.19562870264053
test_02990,238.6919105798006
test_02991,47.90555179491639
test_02992,40.124953761696815
test_02993,131.06558035314083
test_02994,17.980664435774088
test_02995,18.241471407935023
test_02996,60.7078999504447
test_02997,189.13194131851196
test_02998,12.562518022954464
test_02999,11.9282549880445
test_03000,11.18179227039218
test_03001,39.9408525377512
test_03002,200.21586900949478
test_03003,105.30251420289278
test_03004,81.77795967459679
test_03005,348.6792439222336
test_03006,393.63559806346893
test_03007,19.041216811165214
test_03008,51.61620466783643
test_03009,133.77287264168262
test_03010,185.80999280512333
test_03011,12.099249102175236
test_03012,123.70849907398224
test_03013,11.407725565135479
test_03014,154.12503118813038
test_03015,201.2093649059534
test_03016,326.22210359573364
test_03017,320.99619603157043
test_03018,187.67156638205051
test_03019,388.1320530176163
test_03020,257.9569181203842
test_03021,258.09894585609436
test_03022,170.40598548948765
test_03023,27.134249864146113
test_03024,16.908466454595327
test_03025,13.704500500112772
test_03026,37.73967890813947
test_03027,26.9556733854115
test_03028,10.838600669056177
test_03029,29.655823431909084
test_03030,63.540796160697944
test_03031,115.02284935116768
test_03032,189.20308889448643
test_03033,81.34176664799452
test_03034,10.101334098726511
test_03035,96.0904333293438
test_03036,13.440237544476986
test_03037,16.009134501218796
test_03038,91.26696491986513
test_03039,143.67395888268948
test_03040,237.80780278146267
test_03041,10.503089856356382
test_03042,482.92213636636734
test_03043,11.169468838721514
test_03044,14.693153191357851
test_03045,94.4629826694727
test_03046,11.955067180097103
test_03047,27.828705694526434
test_03048,84.88003261387348
test_03049,260.552222430706
test_03050,10.464912474155426
test_03051,14.027205046266317
test_03052,113.16320711374283
test_03053,9.658604230731726
test_03054,9.748608365654945
test_03055,11.087817747145891
test_03056,64.50240267068148
test_03057,165.15820921957493
test_03058,198.6524051129818
test_03059,257.98954290151596
test_03060,254.66728240251544
test_03061,10.22535952180624
test_03062,74.29995425790548
test_03063,149.41771799325943
test_03064,8.978397600352764
test_03065,68.52094820141792
test_03066,83.45611542463303
test_03067,18.352692421525717
test_03068,23.542340943589807
test_03069,16.989241015166044
test_03070,19.683970311656594
test_03071,96.11701896041632
test_03072,13.798991285264492
test_03073,180.27444694936275
test_03074,139.85274425148964
test_03075,66.72605783492327
test_03076,41.7694596350193
test_03077,117.86713303625584
test_03078,11.361239708960056
test_03079,10.721843767911196
test_03080,13.15688032656908
test_03081,16.203570248559117
test_03082,98.68768383562565
test_03083,11.83022465184331
test_03084,94.57939787209034
test_03085,279.3513463139534
test_03086,270.6240687966347
test_03087,64.5836897790432
test_03088,43.41392093896866
test_03089,43.97461108118296
test_03090,127.54244568943976
test_03091,56.78698734566569
test_03092,13.161586109548807
test_03093,33.83316221088171
test_03094,33.977674689143896
test_03095,15.613625884056093
test_03096,50.583602860569954
test_03097,11.027842227369547
test_03098,15.420945055782795
test_03099,118.36008515954018
test_03100,70.80404405295849
test_03101,10.54520419985056
test_03102,11.047371041029692
test_03103,99.69393400102854
test_03104,141.2868084013462
test_03105,120.06425456702709
test_03106,23.534452164545655
test_03107,20.892275730147958
test_03108,78.98324456065893
test_03109,80.45929306000471
test_03110,44.07336566969752
test_03111,82.16460641473532
test_03112,62.06181351095438
test_03113,37.33979506418109
test_03114,99.5985778272152
test_03115,14.991530288010836
test_03116,30.54203713312745
test_03117,70.29937018454075
test_03118,84.68195889145136
test_03119,15.93904544785619
test_03120,43.44140909984708
test_03121,50.08178514614701
test_03122,63.19301391392947
test_03123,66.38495356589556
test_03124,102.15158580243587
test_03125,55.65970904752612
test_03126,162.56260778009892
test_03127,31.964245829731222
test_03128,11.473866514861584
test_03129,17.382240748032928
test_03130,44.17568580806255
test_03131,23.32749242335558
test_03132,20.28243114054203
test_03133,55.60303537547588
test_03134,19.82358944416046
test_03135,38.03297138214111
test_03136,110.68085645139217
test_03137,32.23194805532694
test_03138,36.300281289964914
test_03139,47.91626701503992
test_03140,36.96653027832508
test_03141,42.6501801609993
test_03142,45.72827849164605
test_03143,76.86766269803047
test_03144,101.66820123791695
test_03145,81.04635341465473
test_03146,78.26685131341219
test_03147,81.64292190223932
test_03148,38.27641672641039
test_03149,13.949386920779943
test_03150,21.87191797979176
test_03151,79.66341776400805
test_03152,37.02620495483279
test_03153,15.5895769931376
test_03154,96.83698518574238
test_03155,36.36286040395498
test_03156,31.14188332669437
test_03157,43.60302136093378
test_03158,91.91544187068939
test_03159,58.292641051113605
test_03160,84.46635454893112
test_03161,116.73443213105202
test_03162,85.02159979939461
test_03163,190.07225109636784
test_03164,34.68112424761057
test_03165,10.684019226580858
test_03166,64.50870923697948
test_03167,81.90092657506466
test_03168,51.61210799962282
test_03169,21.434853993356228
test_03170,27.375981144607067
test_03171,40.776591423898935
test_03172,41.57795989513397
test_03173,105.25909620523453
test_03174,104.73189994692802
test_03175,170.37110252678394
test_03176,70.16837336868048
test_03177,125.53480342030524
test_03178,11.226075656712055
test_03179,27.684354780241847
test_03180,66.70550392568111
test_03181,100.75226347893476
test_03182,114.96958895027637
test_03183,64.42982887476683
test_03184,26.000729996711016
test_03185,39.576598193496466
test_03186,101.34484300762415
test_03187,56.85965399444103
test_03188,94.53443480283022
test_03189,85.50048285722733
test_03190,74.75954620540142
test_03191,70.24341333657503
test_03192,112.25669577717781
test_03193,88.96573676168919
test_03194,58.62719362229109
test_03195,30.41215455159545
test_03196,40.39886598661542
test_03197,31.48687255941331
test_03198,32.79648230597377
test_03199,100.78954575955868
test_03200,100.91587764769793
test_03201,103.65346968173981
test_03202,15.386890340596437
test_03203,33.24245830997825
test_03204,63.27969391644002
test_03205,154.6911662220955
test_03206,119.97046574950218
test_03207,26.83084199950099
test_03208,40.16099181398749
test_03209,21.35853079892695
test_03210,94.85366293787956
test_03211,124.22219081223011
test_03212,43.39183310046792
test_03213,68.8660488575697
test_03214,147.55777862668037
test_03215,97.19920048117638
test_03216,96.6632240563631
test_03217,83.2311218008399
test_03218,128.8862865716219
test_03219,18.375497084110975
test_03220,58.067944556474686
test_03221,70.6322885453701
test_03222,75.61278228461742
test_03223,51.18873609602451
test_03224,31.68994176574051
test_03225,19.06859540566802
test_03226,12.879491690546274
test_03227,28.114436231553555
test_03228,95.61324390769005
test_03229,61.329033590853214
test_03230,35.497772585600615
test_03231,65.21869192272425
test_03232,72.70931790024042
test_03233,34.2352708093822
test_03234,93.53397865593433
test_03235,128.60407330095768
test_03236,11.635917041450739
test_03237,29.307931618764997
test_03238,11.230187181383371
test_03239,24.425518356263638
test_03240,45.11945342645049
test_03241,32.96543365716934
test_03242,12.177984613925219
test_03243,18.89363833144307
test_03244,16.47735990770161
test_03245,122.07541038841009
test_03246,37.46047407016158
test_03247,18.164754517376423
test_03248,41.13832388445735
test_03249,13.77178168296814
test_03250,12.090829204767942
test_03251,14.687771439552307
test_03252,30.213352862745523
test_03253,32.422355845570564
test_03254,56.747316889464855
test_03255,81.67478157579899
test_03256,135.76876345276833
test_03257,27.30561353266239
test_03258,30.50686632655561
test_03259,17.87051123008132
test_03260,18.889194393530488
test_03261,51.380005560815334
test_03262,91.28924960643053
test_03263,95.57167553901672
test_03264,40.507986668497324
test_03265,198.13220624625683
test_03266,35.68441054970026
test_03267,12.766307767480612
test_03268,11.37927544862032
test_03269,51.36996630951762
test_03270,94.3764438033104
test_03271,212.6453609317541
test_03272,196.8099220842123
test_03273,112.18918803334236
test_03274,44.11920155584812
test_03275,54.91457226872444
test_03276,51.79302994161844
test_03277,44.524923987686634
test_03278,17.153531152755022
test_03279,45.74793358519673
test_03280,133.44010284543037
test_03281,54.7365176230669
test_03282,124.96158185601233
test_03283,207.44922570884228
test_03284,146.54519218206406
test_03285,125.53426858782767
test_03286,106.07722647488117
test_03287,51.22459587082267
test_03288,163.68254698812962
test_03289,31.921715505421158
test_03290,47.23540670052171
test_03291,13.179543852806091
test_03292,23.346040710806847
test_03293,51.28830036148429
test_03294,123.72386065125465
test_03295,11.597535382956266
test_03296,68.74027408659458
test_03297,9.9752361997962
test_03298,23.864428946748376
test_03299,20.029891787096858
test_03300,12.312502410262823
test_03301,71.71996695548296
test_03302,137.15602976083755
test_03303,245.15718841552734
test_03304,217.73438109457493
test_03305,115.76273065805435
test_03306,102.11101281642914
test_03307,14.637166630476713
test_03308,91.59297502785921
test_03309,196.16568665206432
test_03310,101.1439911276102
test_03311,58.30681782588363
test_03312,52.17430978640914
test_03313,29.480361238121986
test_03314,17.091847140341997
test_03315,87.08711539953947
test_03316,72.26264364272356
test_03317,196.96160651743412
test_03318,23.1858639549464
test_03319,65.34477125108242
test_03320,12.576434809714556
test_03321,12.02633360773325
test_03322,39.118109337985516
test_03323,94.5278162509203
test_03324,201.2987710684538
test_03325,263.12090396881104
test_03326,20.105945708230138
test_03327,109.44951609522104
test_03328,142.87451803684235
test_03329,9.794537104666233
test_03330,102.49374487996101
test_03331,229.49600096046925
test_03332,372.10211342573166
test_03333,87.27971451729536
test_03334,37.20882424712181
test_03335,126.648176074028
test_03336,214.93777178227901
test_03337,12.402967095375061
test_03338,30.57548830471933
test_03339,152.56623221933842
test_03340,212.2559286057949
test_03341,13.58710477128625
test_03342,16.823992636054754
test_03343,12.16499264165759
test_03344,204.29935954511166
test_03345,262.27696803212166
test_03346,212.09694965183735
test_03347,213.53307884931564
test_03348,329.26690489053726
test_03349,359.7854562997818
test_03350,13.46796340867877
test_03351,81.09030624479055
test_03352,130.80657286942005
test_03353,176.75677946209908
test_03354,15.399083778262138
test_03355,156.5731674283743
test_03356,13.603847999125719
test_03357,272.90093979239464
test_03358,277.7964100241661
test_03359,320.3148194551468
test_03360,146.14341413974762
test_03361,331.8002874851227
test_03362,477.80331414937973
test_03363,242.94896911084652
test_03364,143.81347587704659
test_03365,211.08035196363926
test_03366,23.611115200445056
test_03367,16.648383734747767
test_03368,10.671190675348043
test_03369,76.72218083590269
test_03370,87.72827554494143
test_03371,14.303709723055363
test_03372,25.766759358346462
test_03373,72.15914613008499
test_03374,36.9926033616066
test_03375,154.65797689557076
test_03376,81.4420997351408
test_03377,10.486309487372637
test_03378,64.82262618839741
test_03379,11.131384309381247
test_03380,24.00878914631903
test_03381,94.79879803955555
test_03382,173.1404353827238
test_03383,295.8839690089226
test_03384,11.336043156683445
test_03385,238.3891656845808
test_03386,12.373172469437122
test_03387,14.383682034909725
test_03388,96.19837292283773
test_03389,12.437088664621115
test_03390,57.070489414036274
test_03391,107.09929133951664
test_03392,297.87289214134216
test_03393,11.928366411477327
test_03394,19.90946905501187
test_03395,51.43082578852773
test_03396,14.266004033386707
test_03397,11.99617499858141
test_03398,12.600186571478844
test_03399,69.50527023524046
test_03400,122.31084810197353
test_03401,195.97703935205936
test_03402,195.55562107264996
test_03403,244.37671926617622
test_03404,9.587036959826946
test_03405,81.51563177257776
test_03406,133.51964432001114
test_03407,9.145302474498749
test_03408,42.375733103603125
test_03409,84.40642359852791
test_03410,21.561574006453156
test_03411,34.03191190212965
test_03412,17.343966798856854
test_03413,23.304890180006623
test_03414,102.96108447015285
test_03415,12.93517740815878
test_03416,189.85669875144958
test_03417,209.77518244087696
test_03418,337.04437935352325
test_03419,59.44745207950473
test_03420,57.83336851745844
test_03421,98.90712114423513
test_03422,9.599512670189142
test_03423,11.619857210665941
test_03424,11.565430577844381
test_03425,17.388590026646852
test_03426,101.95468574017286
test_03427,12.28625476360321
test_03428,93.59570723772049
test_03429,242.5027702599764
test_03430,329.92415457963943
test_03431,83.2867666631937
test_03432,52.75259368866682
test_03433,51.21625768393278
test_03434,118.64986036717892
test_03435,53.90250580012798
test_03436,14.491086795926094
test_03437,27.353620318695903
test_03438,48.3810252957046
test_03439,15.803043862804772
test_03440,54.2638074234128
test_03441,10.414166528731585
test_03442,38.85416208207607
test_03443,89.41457263380289
test_03444,61.37327240779996
test_03445,10.765997160226107
test_03446,24.252566903829575
test_03447,57.03552474081516
test_03448,106.5114064514637
test_03449,91.74649423360825
test_03450,19.080241011455655
test_03451,16.077576344832778
test_03452,38.40449424833059
test_03453,51.25465791299939
test_03454,37.4822090677917
test_03455,87.12533363699913
test_03456,46.13088106736541
test_03457,28.313280632719398
test_03458,80.5380694270134
test_03459,13.504896562546492
test_03460,15.914701284840705
test_03461,39.99677224457264
test_03462,81.86690528690815
test_03463,60.19642182439566
test_03464,29.646300442516804
test_03465,15.351468831300735
test_03466,40.09870982915163
test_03467,58.31311324983835
test_03468,73.52665334939957
test_03469,82.43959201872349
test_03470,75.12078097462654
test_03471,49.038505259901285
test_03472,175.88223922252655
test_03473,189.9791456758976
test_03474,28.520457649603486
test_03475,12.371727678924799
test_03476,30.895901242271066
test_03477,46.71463957428932
test_03478,21.320015432313085
test_03479,26.358076088130474
test_03480,53.967049680650234
test_03481,21.243170404806733
test_03482,39.03020367771387
test_03483,168.92421725392342
test_03484,21.69839826785028
test_03485,31.269726859405633
test_03486,48.27828174829483
test_03487,56.89022487029433
test_03488,35.46762511879206
test_03489,46.80298350006342
test_03490,84.14984514564276
test_03491,84.71901832520962
test_03492,77.85402749478817
test_03493,47.878149058669806
test_03494,94.67840130627155
test_03495,51.18726159259677
test_03496,12.576999355107546
test_03497,17.15926388837397
test_03498,53.41599395126104
test_03499,36.95802495628595
test_03500,12.921483468264341
test_03501,93.34982543438673
test_03502,30.567881798371673
test_03503,41.83131078258157
test_03504,40.28735341504216
test_03505,56.18613648414612
test_03506,57.375800762325525
test_03507,76.62957310676575
test_03508,111.85820101201534
test_03509,74.2667575031519
test_03510,170.94111509621143
test_03511,44.99789046123624
test_03512,10.918182998895645
test_03513,37.803312830626965
test_03514,55.501246355473995
test_03515,60.644566871225834
test_03516,16.775166887789965
test_03517,31.37477872893214
test_03518,26.495071198791265
test_03519,28.025070924311876
test_03520,87.37124515324831
test_03521,134.55597138404846
test_03522,58.234596870839596
test_03523,40.48427204787731
test_03524,9.761652335524559
test_03525,11.394146762788296
test_03526,28.24618144147098
test_03527,68.22621093690395
test_03528,88.329152405262
test_03529,117.26301746815443
test_03530,44.98791063576937
test_03531,20.437967110425234
test_03532,31.189604125916954
test_03533,116.06920452415943
test_03534,43.23496004939079
test_03535,83.504265204072
test_03536,79.79621963948011
test_03537,63.72874520719052
test_03538,54.495393600314856
test_03539,108.22083504498005
test_03540,88.62937170267105
test_03541,68.080327950418
test_03542,22.565981971099973
test_03543,41.63806540891528
test_03544,35.10954734683037
test_03545,41.87672697380185
test_03546,81.33450926840305
test_03547,144.11182326078415
test_03548,42.965085066854954
test_03549,16.355475671589375
test_03550,28.15582817979157
test_03551,59.746846843510866
test_03552,163.58575716614723
test_03553,165.03683196008205
test_03554,30.88488332182169
test_03555,28.584427699446678
test_03556,23.44611009582877
test_03557,85.42314756661654
test_03558,120.99561332911253
test_03559,45.72041571140289
test_03560,61.904171638190746
test_03561,98.01755359768867
test_03562,42.83093496784568
test_03563,66.1973313614726
test_03564,63.84877052903176
test_03565,101.97740869224072
test_03566,14.863244775682688
test_03567,40.28074229136109
test_03568,56.34824272245169
test_03569,85.31133043766022
test_03570,110.8362475708127
test_03571,55.86433446779847
test_03572,23.583173917606473
test_03573,16.282023487612605
test_03574,12.935611959546804
test_03575,22.842869201675057
test_03576,67.50738123059273
test_03577,65.96159651875496
test_03578,16.565432703122497
test_03579,58.05494887009263
test_03580,56.54743067920208
test_03581,37.48819250613451
test_03582,103.32275007665157
test_03583,91.87258841842413
test_03584,7.946534901857376
test_03585,22.236276319250464
test_03586,10.576759316027164
test_03587,20.109277268871665
test_03588,27.796236906200647
test_03589,21.56474214605987
test_03590,8.994784273207188
test_03591,18.37339303828776
test_03592,15.65758614242077
test_03593,134.95205940306187
test_03594,16.29997751675546
test_03595,42.27611684054136
test_03596,11.808188810944557
test_03597,12.158923778682947
test_03598,14.696807879954576
test_03599,30.929456409066916
test_03600,35.892051830887794
test_03601,76.37785271555185
test_03602,49.14355155825615
test_03603,131.61884969472885
test_03604,68.29070281982422
test_03605,24.316271394491196
test_03606,13.473597720265388
test_03607,22.068790186196566
test_03608,35.5147869437933
test_03609,96.19750382006168
test_03610,62.016735304147005
test_03611,26.885333629325032
test_03612,188.40865467488766
test_03613,26.134185556322336
test_03614,9.02649538218975
test_03615,10.564837008714676
test_03616,24.233201511204243
test_03617,111.89979909360409
test_03618,203.25572310388088
test_03619,177.20028929412365
test_03620,118.8904904127121
test_03621,28.699782522395253
test_03622,49.10811519250274
test_03623,65.9523186609149
test_03624,46.797601748257875
test_03625,22.643809381872416
test_03626,43.1267567537725
test_03627,135.0044878423214
test_03628,52.122913870960474
test_03629,104.29797995835543
test_03630,175.93232034146786
test_03631,237.90705877542496
test_03632,145.1660077869892
test_03633,105.50642651319504
test_03634,89.5473670810461
test_03635,177.40824998915195
test_03636,108.41643516719341
test_03637,44.0759766921401
test_03638,14.346503749489784
test_03639,20.792949168011546
test_03640,36.871894642710686
test_03641,90.8874715641141
test_03642,11.409229781478643
test_03643,45.77946641668677
test_03644,9.290312644094229
test_03645,27.368792476132512
test_03646,16.26674547791481
test_03647,12.806279066950083
test_03648,76.0380632430315
test_03649,143.72516909241676
test_03650,253.99321520328525
test_03651,249.8194568306208
test_03652,111.23100593686104
test_03653,108.70719832926989
test_03654,14.296938892453909
test_03655,90.86274299025536
test_03656,206.66902397572994
test_03657,45.660035353153944
test_03658,65.9054316803813
test_03659,41.23717503994703
test_03660,14.914480984210968
test_03661,22.848130244761705
test_03662,89.47443673014641
test_03663,57.21355338767171
test_03664,174.13162852823734
test_03665,21.306821040809155
test_03666,68.99574573338032
test_03667,11.10063887014985
test_03668,11.69037338718772
test_03669,16.19008244201541
test_03670,74.12722565233707
test_03671,192.81892785429955
test_03672,294.86861926317215
test_03673,18.745452594012022
test_03674,104.51827151328325
test_03675,156.76701448857784
test_03676,9.479468777775764
test_03677,122.37672163546085
test_03678,129.73833413422108
test_03679,328.53257989883423
test_03680,68.37226477265358
test_03681,43.3249493278563
test_03682,102.39662078768015
test_03683,178.71505372226238
test_03684,11.242573752999306
test_03685,42.66326127201319
test_03686,93.36462989449501
test_03687,215.40462110936642
test_03688,12.340139135718346
test_03689,17.92696948349476
test_03690,10.41060097888112
test_03691,70.50603836774826
test_03692,218.49209015071392
test_03693,227.67661972343922
test_03694,181.40606333315372
test_03695,261.46696424484253
test_03696,332.1985594034195
test_03697,11.800912860780954
test_03698,88.8634351938963
test_03699,166.38465437293053
test_03700,170.07079409062862
test_03701,13.912071213126183
test_03702,154.40577366948128
test_03703,19.37690961547196
test_03704,165.3882466107607
test_03705,393.30174374580383
test_03706,132.3572453558445
test_03707,186.39050889015198
test_03708,402.76548558473587
test_03709,256.81184178590775
test_03710,212.54396560788155
test_03711,166.54817940294743
test_03712,18.46515023522079
test_03713,15.953874049708249
test_03714,10.44250150769949
test_03715,32.72328453883529
test_03716,90.09188596904278
test_03717,12.400530636310577
test_03718,28.603293543681502
test_03719,91.68899974226952
test_03720,120.51314243674278
test_03721,163.65281921625137
test_03722,53.2483128271997
test_03723,9.337377902120352
test_03724,86.50995687395334
test_03725,16.276623165234923
test_03726,24.16209850460291
test_03727,63.45769656449557
test_03728,156.56061372160912
test_03729,217.39708007872105
test_03730,10.299909226596355
test_03731,589.3918319344521
test_03732,10.699209954589605
test_03733,16.83188884332776
test_03734,100.32235473394394
test_03735,12.034998636692762
test_03736,63.98723271489144
test_03737,91.16360111534595
test_03738,246.46376930177212
test_03739,10.137505859136581
test_03740,13.260600686073303
test_03741,85.60756820440292
test_03742,11.789584811776876
test_03743,11.163867954164743
test_03744,10.787383031100035
test_03745,150.16449269652367
test_03746,152.1824304908514
test_03747,136.93499538302422
test_03748,190.96588188409805
test_03749,267.220335483551
test_03750,9.29524127393961
test_03751,78.43981762230396
test_03752,135.75103969871998
test_03753,9.089769035577774
test_03754,53.42108228802681
test_03755,91.34415164589882
test_03756,17.651408191770315
test_03757,42.785351641476154
test_03758,14.456942941993475
test_03759,29.632463509216905
test_03760,59.97710336744785
test_03761,11.170089095830917
test_03762,213.6509499847889
test_03763,154.65546615421772
test_03764,376.8623601794243
test_03765,84.04226953536272
test_03766,63.107960693538196
test_03767,122.90616864711046
test_03768,12.26754305511713
test_03769,12.089499551802874
test_03770,12.54347575828433
test_03771,16.07029853761196
test_03772,102.02357513457537
test_03773,13.030793569982052
test_03774,93.96067097783089
test_03775,277.78809040784836
test_03776,67.53452397882938
test_03777,51.09549696743488
test_03778,51.78997693955898
test_03779,128.96206936240196
test_03780,60.63264084979892
test_03781,13.954527255147696
test_03782,43.21963932737708
test_03783,44.291588462889194
test_03784,14.788527935743332
test_03785,54.20118002593517
test_03786,11.736940953880548
test_03787,14.91449212655425
test_03788,113.50091668218374
test_03789,67.05665116012096
test_03790,10.017647672444582
test_03791,69.36409674584866
test_03792,117.47425401210785
test_03793,114.05344320088625
test_03794,21.642138719558716
test_03795,14.275541879236698
test_03796,45.24469707906246
test_03797,67.70301849395037
test_03798,31.677217209711667
test_03799,93.75253200531006
test_03800,61.285563595592976
test_03801,91.153394728899
test_03802,12.982654932886362
test_03803,14.060301519930363
test_03804,29.87919770181179
test_03805,72.9776626676321
test_03806,92.50858594477177
test_03807,36.335000831633806
test_03808,25.631829295307398
test_03809,53.910639710724354
test_03810,64.24891436100006
test_03811,60.7082639336586
test_03812,81.09575113654137
test_03813,116.10575141012669
test_03814,53.79153548926115
test_03815,179.68405131995678
test_03816,200.76370088756084
test_03817,32.188437204808
test_03818,12.061725404113531
test_03819,24.608523916453123
test_03820,48.09789463877678
test_03821,14.465128850191832
test_03822,30.544910000637174
test_03823,90.43371077626944
test_03824,27.800682701170444
test_03825,41.63994475081563
test_03826,153.27671259641647
test_03827,16.569156102836132
test_03828,36.08640772476792
test_03829,56.760349716991186
test_03830,87.24120657891035
test_03831,42.941013891249895
test_03832,49.38713061064482
test_03833,81.98561581224203
test_03834,100.54630840569735
test_03835,80.664691016078
test_03836,69.5829620808363
test_03837,89.02376608550549
test_03838,60.504162203520536
test_03839,13.312093168497086
test_03840,15.16176300868392
test_03841,71.54915483295918
test_03842,38.17710502073169
test_03843,14.132641326636076
test_03844,91.05866995453835
test_03845,27.3098049107939
test_03846,33.27705899998546
test_03847,36.01005667448044
test_03848,75.02818067371845
test_03849,63.016782898455865
test_03850,89.48985030502081
test_03851,114.10460141301155
test_03852,93.22101994603872
test_03853,207.90276364982128
test_03854,45.88657033443451
test_03855,23.663140658289194
test_03856,61.37110707908869
test_03857,73.18562336266041
test_03858,71.11106017976999
test_03859,19.16697301156819
test_03860,31.674648899585005
test_03861,22.13666934147477
test_03862,31.968026798218485
test_03863,103.6685192734003
test_03864,120.52797660976648
test_03865,77.20356720685959
test_03866,116.76848313212395
test_03867,10.387384049594402
test_03868,14.464894860982895
test_03869,73.24096366763115
test_03870,102.88078531622887
test_03871,127.83746522665022
test_03872,79.57495498657227
test_03873,29.443844065070152
test_03874,41.113970436155796
test_03875,110.63975606113672
test_03876,48.534930769354105
test_03877,96.04723075032234
test_03878,96.83460815250874
test_03879,71.76653452217579
test_03880,62.66132729128004
test_03881,119.23436541110277
test_03882,103.38366898149252
test_03883,67.31201881170273
test_03884,30.059174401685596
test_03885,40.082278586924076
test_03886,29.483133824542165
test_03887,35.07517693191767
test_03888,106.93627142906189
test_03889,105.70444823801517
test_03890,91.14877437055111
test_03891,15.561906840652227
test_03892,31.517805561423298
test_03893,64.68107385933399
test_03894,155.02772441506386
test_03895,136.42532974481583
test_03896,31.133064161986113
test_03897,50.75599719583988
test_03898,20.52787096425891
test_03899,113.0884939879179
test_03900,125.58158640563487
test_03901,33.40753583982587
test_03902,75.93481086194515
test_03903,182.1607268154621
test_03904,102.91134504973888
test_03905,93.08396169543266
test_03906,87.77023018151522
test_03907,128.73396331071854
test_03908,23.648345483466983
test_03909,58.24306505173445
test_03910,40.7125080935657
test_03911,76.28154572844505
test_03912,88.14597970992327
test_03913,52.630377039313316
test_03914,31.711777044460174
test_03915,24.500294622033834
test_03916,14.887717075645924
test_03917,27.176031794399023
test_03918,103.38489463925362
test_03919,57.74614254012704
test_03920,41.83211674541235
test_03921,78.82153201848269
test_03922,73.19814735651016
test_03923,46.06236308440566
test_03924,89.69056847691536
test_03925,136.50187021493912
test_03926,10.735121726989746
test_03927,33.81884058564901
test_03928,10.27711570635438
test_03929,27.031244471669197
test_03930,43.12771128118038
test_03931,24.997889388352633
test_03932,9.707883100956678
test_03933,17.261597026139498
test_03934,21.62751253694296
test_03935,131.702729254961
test_03936,43.87414800003171
test_03937,17.7183142490685
test_03938,48.33525997772813
test_03939,15.526522472500801
test_03940,12.162259053438902
test_03941,18.236721055582166
test_03942,31.418575566262003
test_03943,44.11588113754988
test_03944,89.72157390415668
test_03945,79.93594462424517
test_03946,161.5319261699915
test_03947,25.00781907327473
test_03948,32.71385254524648
test_03949,17.755160121247172
test_03950,33.65371477231383
test_03951,56.959619384258986
test_03952,100.31573618203402
test_03953,80.42903788387775
test_03954,182.88983719050884
test_03955,29.496760910376906
test_03956,11.475894421339035
test_03957,12.083701819181442
test_03958,45.04469573125243
test_03959,91.66405574977398
test_03960,199.75992432236671
test_03961,185.86454571783543
test_03962,113.60123491287231
test_03963,44.57793925702572
test_03964,55.71381255239248
test_03965,45.02418267726898
test_03966,44.62185866013169
test_03967,21.179191069677472
test_03968,55.19493591040373
test_03969,153.40370559692383
test_03970,45.01670616492629
test_03971,119.51481819152832
test_03972,233.89583005011082
test_03973,120.15715199708939
test_03974,141.29044823348522
test_03975,105.52170637995005
test_03976,68.48967535793781
test_03977,218.08038799464703
test_03978,31.170766137540337
test_03979,47.55877235904336
test_03980,15.022212587296963
test_03981,26.478617671877146
test_03982,72.27466251701117
test_03983,112.66640716791153
test_03984,13.148998975753784
test_03985,56.18924519792199
test_03986,10.220026053488255
test_03987,25.606714453548193
test_03988,18.988608237355947
test_03989,13.945739660412073
test_03990,79.6545187458396
test_03991,161.79929783940315
test_03992,254.75775822997096
test_03993,227.1812459975481
test_03994,118.81957311183214
test_03995,134.16523168981075
test_03996,16.79149599187076
test_03997,107.16327810287476
test_03998,194.40525583922863
test_03999,137.46985757350922
test_04000,51.88856067880988
test_04001,50.87289523333311
test_04002,20.28024724125862
test_04003,19.655936175957322
test_04004,71.01941812038422
test_04005,59.631430737674236
test_04006,188.59644030034542
test_04007,24.89744859188795
test_04008,69.83470475673676
test_04009,12.619217693805695
test_04010,13.770949721336365
test_04011,43.68220256641507
test_04012,91.88446615636349
test_04013,216.94817735254765
test_04014,301.0417151451111
test_04015,15.96407486498356
test_04016,136.96892753243446
test_04017,146.36516162753105
test_04018,10.735441140830517
test_04019,138.93990406394005
test_04020,267.09473899006844
test_04021,424.97927713394165
test_04022,111.79509820789099
test_04023,42.92302643507719
test_04024,130.2077981978655
test_04025,228.3037850856781
test_04026,12.641851507127285
test_04027,21.22553764656186
test_04028,180.8280579894781
test_04029,217.43517203629017
test_04030,14.289882075041533
test_04031,18.336940862238407
test_04032,11.82524773851037
test_04033,266.7566654384136
test_04034,265.35210621356964
test_04035,252.3575786352158
test_04036,239.5899834483862
test_04037,395.76464730501175
test_04038,416.3943839073181
test_04039,12.9318792745471
test_04040,93.15617893636227
test_04041,138.0323527753353
test_04042,168.93366596102715
test_04043,12.948849063366652
test_04044,180.77699634432793
test_04045,12.24752026423812
test_04046,357.6577738523483
test_04047,327.58182603120804
test_04048,339.50870913267136
test_04049,136.04510842263699
test_04050,320.9284505844116
test_04051,453.3951643705368
test_04052,267.1360696554184
test_04053,202.477036729455
test_04054,188.43469804525375
test_04055,20.83821865171194
test_04056,20.924813229590654
test_04057,11.857423111796379
test_04058,82.82048188149929
test_04059,90.52317636460066
test_04060,13.118197824805975
test_04061,31.378743546083566
test_04062,88.8452731743455
test_04063,128.05936127901077
test_04064,169.46213987469673
test_04065,61.73119047284126
test_04066,10.927947405725718
test_04067,78.91333749890327
test_04068,12.666093531996012
test_04069,23.65445520170033
test_04070,101.0756811350584
test_04071,191.6051701158285
test_04072,343.83277028799057
test_04073,10.923063345253468
test_04074,453.6561031937599
test_04075,13.198259275406599
test_04076,14.330473631620407
test_04077,123.61411599814892
test_04078,14.421718280762434
test_04079,67.75405785441399
test_04080,104.46337690204382
test_04081,382.0725198984146
test_04082,10.749955900013447
test_04083,15.396680746227503
test_04084,44.1605619341135
test_04085,12.811645962297916
test_04086,11.791586719453335
test_04087,12.345561742782593
test_04088,127.57835374772547
test_04089,152.85683938860893
test_04090,206.21908129751682
test_04091,229.87467721104622
test_04092,268.010758459568
test_04093,9.152054734528065
test_04094,101.28454807400703
test_04095,146.3681180626154
test_04096,9.360149137675762
test_04097,62.696525953710086
test_04098,93.27044738084078
test_04099,22.85917230695486
test_04100,31.454992458224293
test_04101,12.26963410153985
test_04102,29.35946867056191
test_04103,12.167811654508114
