id,PM2.5
test_00001,183.19619220495224
test_00002,159.19271747767925
test_00003,401.6367216408253
test_00004,54.96872405707836
test_00005,50.209606394171715
test_00006,113.35503369569778
test_00007,10.311799035407603
test_00008,9.492514140438288
test_00009,48.240758050233126
test_00010,118.03228484839201
test_00011,11.82696830201894
test_00012,113.7918804064393
test_00013,257.6153681576252
test_00014,318.8849448263645
test_00015,63.12619328126312
test_00016,47.67267310619354
test_00017,43.21492240205407
test_00018,126.82593359053133
test_00019,57.3362937271595
test_00020,12.69705903250724
test_00021,24.1058463845402
test_00022,31.22719282098114
test_00023,11.310138137079775
test_00024,49.314486246556044
test_00025,12.148294911719859
test_00026,12.678216401487589
test_00027,104.48729579895735
test_00028,69.06903263926506
test_00029,9.448281358927488
test_00030,10.597625210881233
test_00031,60.10667024925351
test_00032,100.34590964764357
test_00033,105.46439016610384
test_00034,21.114270206540823
test_00035,14.082716200500727
test_00036,80.23773127794266
test_00037,98.145727686584
test_00038,26.025284007191658
test_00039,32.375155022367835
test_00040,80.27873510122299
test_00041,10.825776760466397
test_00042,13.10367563739419
test_00043,24.779146619141102
test_00044,67.56427403539419
test_00045,71.0483287870884
test_00046,50.488179832696915
test_00047,24.484037943184376
test_00048,56.98960714414716
test_00049,58.995407212525606
test_00050,72.01013585925102
test_00051,94.86837825924158
test_00052,107.63271245360374
test_00053,57.501319259405136
test_00054,170.31399430334568
test_00055,183.35248214006424
test_00056,29.26917483471334
test_00057,12.57429176568985
test_00058,23.73258531279862
test_00059,55.02388237044215
test_00060,33.64323354139924
test_00061,26.755805745720863
test_00062,59.88315484300256
test_00063,25.24996076337993
test_00064,52.32496169582009
test_00065,144.4583501368761
test_00066,20.648993806913495
test_00067,34.83824985846877
test_00068,59.94463086500764
test_00069,56.38010239601135
test_00070,40.52728520706296
test_00071,47.2790995426476
test_00072,76.86369602382183
test_00073,117.02603468298912
test_00074,85.56567299365997
test_00075,63.81139168143273
test_00076,79.45838379114866
test_00077,51.9023326151073
test_00078,11.192755407653749
test_00079,18.398208893835545
test_00080,54.45660710334778
test_00081,37.30903476849198
test_00082,13.33185504283756
test_00083,89.73046549409628
test_00084,32.721633614972234
test_00085,34.638103660196066
test_00086,40.481230188161135
test_00087,73.16016682237387
test_00088,69.60613072663546
test_00089,78.07510644197464
test_00090,122.67617582529783
test_00091,77.42162286490202
test_00092,190.08776123821735
test_00093,49.67575444281101
test_00094,10.609268959611654
test_00095,59.85627579689026
test_00096,44.30284222960472
test_00097,62.00190484523773
test_00098,16.881248495541513
test_00099,86.7980235889554
test_00100,16.765154563821852
test_00101,15.155288378708065
test_00102,119.20044811815023
test_00103,92.46144640445709
test_00104,145.00206677615643
test_00105,56.23413769900799
test_00106,105.06616281718016
test_00107,9.879103776067495
test_00108,15.44102355837822
test_00109,29.423750706017017
test_00110,66.51395961642265
test_00111,93.85197370499372
test_00112,122.11220983415842
test_00113,59.78850435093045
test_00114,23.339060032740235
test_00115,39.45314474403858
test_00116,110.75253885984421
test_00117,53.92102808877826
test_00118,87.85962891578674
test_00119,83.70511708408594
test_00120,79.10623374581337
test_00121,62.913255672901876
test_00122,104.7410589531064
test_00123,77.55354820936918
test_00124,52.11943003162742
test_00125,23.766339184716344
test_00126,66.03861239552498
test_00127,35.11923747137189
test_00128,34.662906516343355
test_00129,84.95990835875273
test_00130,108.59226877242327
test_00131,72.76517818123102
test_00132,13.46943326946348
test_00133,24.579941948875785
test_00134,69.28598891943693
test_00135,143.17420250177383
test_00136,121.60942273586988
test_00137,44.15767606720328
test_00138,22.14235750772059
test_00139,114.10462369769812
test_00140,100.82483727484941
test_00141,40.405711099505424
test_00142,80.077014118433
test_00143,92.48335225135088
test_00144,55.489220052957535
test_00145,87.99954703450203
test_00146,78.1521148905158
test_00147,114.25084095448256
test_00148,15.305224392563105
test_00149,41.64310174807906
test_00150,51.91980380937457
test_00151,65.5044410303235
test_00152,90.8038297072053
test_00153,46.01123458519578
test_00154,34.67097357288003
test_00155,14.194560256786644
test_00156,12.885344206355512
test_00157,25.12781839631498
test_00158,76.46699146181345
test_00159,66.42128503322601
test_00160,24.677795864641666
test_00161,59.618063639849424
test_00162,63.807889271527536
test_00163,34.129006281495094
test_00164,78.75726298242807
test_00165,109.58078775554895
test_00166,11.017829903401434
test_00167,23.44476930052042
test_00168,12.594002570956945
test_00169,20.324751617386937
test_00170,27.37198290042579
test_00171,24.6441979855299
test_00172,8.830700733233243
test_00173,14.217825469560921
test_00174,13.925816222094
test_00175,136.7225331813097
test_00176,37.50675193592906
test_00177,13.797168583609164
test_00178,12.126095649786294
test_00179,11.405515667051077
test_00180,13.106327515095472
test_00181,26.504766894504428
test_00182,38.84540048614144
test_00183,66.57731498032808
test_00184,84.8658075556159
test_00185,146.49294202029705
test_00186,30.689983310177922
test_00187,27.83472627401352
test_00188,14.967671745456755
test_00189,19.155641248449683
test_00190,46.74199402704835
test_00191,91.51053654402494
test_00192,99.5261600241065
test_00193,28.05584050528705
test_00194,172.34206420183182
test_00195,28.22920236736536
test_00196,9.274381414521486
test_00197,33.29684780165553
test_00198,85.6678854227066
test_00199,200.05706833302975
test_00200,162.89285197854042
test_00201,104.91198992729187
test_00202,39.65876554697752
test_00203,57.10989245399833
test_00204,50.0735509544611
test_00205,54.46971049904823
test_00206,22.27121313661337
test_00207,48.140179831534624
test_00208,138.29632231593132
test_00209,48.856847923249006
test_00210,122.88533989340067
test_00211,219.37313751876354
test_00212,262.1352077126503
test_00213,116.63008780032396
test_00214,101.56587738543749
test_00215,62.25425663590431
test_00216,177.80965662002563
test_00217,39.521410167217255
test_00218,38.497272826731205
test_00219,14.265757973305881
test_00220,24.141485169529915
test_00221,47.53577084839344
test_00222,120.1603609919548
test_00223,8.531138834077865
test_00224,66.24490173906088
test_00225,7.329507679212838
test_00226,25.18195161409676
test_00227,13.726459273137152
test_00228,8.618941891938448
test_00229,69.83572242408991
test_00230,116.80237814038992
test_00231,292.16637817025185
test_00232,229.0545561760664
test_00233,100.85211373120546
test_00234,111.46081305295229
test_00235,13.815508880652487
test_00236,97.1359193995595
test_00237,208.8893067240715
test_00238,25.83992555551231
test_00239,69.09905754029751
test_00240,56.666594326496124
test_00241,16.16013832297176
test_00242,24.604250827804208
test_00243,90.88505738973618
test_00244,65.71343424916267
test_00245,195.5215403586626
test_00246,24.775737062096596
test_00247,73.96152415126562
test_00248,9.978763679973781
test_00249,9.863931618630886
test_00250,14.502085217274725
test_00251,75.32146943360567
test_00252,190.6772357672453
test_00253,239.23273020982742
test_00254,16.81321334745735
test_00255,64.40166845917702
test_00256,149.70373451709747
test_00257,9.074086651671678
test_00258,127.51494638621806
test_00259,133.85941150784492
test_00260,493.60779213905334
test_00261,69.24265263229609
test_00262,28.96702605485916
test_00263,111.4790567830205
test_00264,185.31858575344086
test_00265,9.653499644715339
test_00266,18.97964607924223
test_00267,106.15179846435785
test_00268,220.58631585538387
test_00269,11.188488818705082
test_00270,16.04249746259302
test_00271,9.819058616645634
test_00272,54.978882160037756
test_00273,257.6447245180607
test_00274,202.01819503307343
test_00275,197.36954998970032
test_00276,408.1212683022022
test_00277,385.6640091240406
test_00278,13.209074776619673
test_00279,80.08755477517843
test_00280,165.80551993846893
test_00281,173.87621630728245
test_00282,13.136493552476168
test_00283,146.4336647540331
test_00284,13.305904525332153
test_00285,311.1897751390934
test_00286,270.30409041047096
test_00287,430.58892700076103
test_00288,106.86955850571394
test_00289,281.0059694349766
test_00290,325.127390652895
test_00291,243.66387671232224
test_00292,182.53733801841736
test_00293,106.19893800467253
test_00294,18.266939090564847
test_00295,15.449461097829044
test_00296,8.093590155709535
test_00297,40.088997419923544
test_00298,76.96619072556496
test_00299,11.135588686913252
test_00300,29.075218208134174
test_00301,82.93171218037605
test_00302,124.67731096595524
test_00303,163.44063928723335
test_00304,71.30540493130684
test_00305,10.445139457471669
test_00306,77.30576477944851
test_00307,12.33413341268897
test_00308,23.895995205268264
test_00309,74.66716132313013
test_00310,195.6006807088852
test_00311,257.7933782339096
test_00312,11.401173867285252
test_00313,610.5042845606804
test_00314,9.468694131821394
test_00315,10.793689597398043
test_00316,95.03411690145731
test_00317,10.47992771025747
test_00318,53.94553381577134
test_00319,80.91228874027729
test_00320,259.86398217082024
test_00321,11.069935214705765
test_00322,11.285983393900096
test_00323,85.41604617983103
test_00324,9.619905479718
test_00325,9.019042547326535
test_00326,10.481196080334485
test_00327,107.65289495140314
test_00328,135.07813130319118
test_00329,168.41893427073956
test_00330,255.4213070571423
test_00331,298.80566969513893
test_00332,8.166638429742306
test_00333,74.28175509721041
test_00334,156.44376768171787
test_00335,7.772959478199482
test_00336,46.721592396497726
test_00337,90.92545952647924
test_00338,17.8913381267339
test_00339,28.17075520567596
test_00340,13.15028777346015
test_00341,24.780374133959413
test_00342,9.9245496802032
test_00343,120.4013847336173
test_00344,189.25633443892002
test_00345,248.13164438307285
test_00346,41.691953495144844
test_00347,26.547280505299568
test_00348,85.22088432312012
test_00349,9.983506604097784
test_00350,11.87022287864238
test_00351,16.11532474681735
test_00352,15.228963409550488
test_00353,89.02713107317686
test_00354,16.275770775973797
test_00355,77.38084188848734
test_00356,215.7213905006647
test_00357,265.6267426908016
test_00358,66.00620303303003
test_00359,41.417803566902876
test_00360,26.93881687708199
test_00361,110.0850456431508
test_00362,56.56102433800697
test_00363,10.647943104617298
test_00364,11.404875910840929
test_00365,13.3498202143237
test_00366,10.192761668004096
test_00367,22.471894167363644
test_00368,9.315533802378923
test_00369,9.82103731110692
test_00370,55.50696237757802
test_00371,59.581981018185616
test_00372,9.322311132680625
test_00373,17.114306390285492
test_00374,40.10513153299689
test_00375,48.44400181993842
test_00376,84.05738598108292
test_00377,18.937685871496797
test_00378,15.018304410390556
test_00379,16.416659207083285
test_00380,49.46213715150952
test_00381,32.688206585124135
test_00382,106.49364555627108
test_00383,16.538123748265207
test_00384,35.20750340074301
test_00385,84.33639768511057
test_00386,9.92126640304923
test_00387,18.90360144339502
test_00388,28.19397770613432
test_00389,82.02983605861664
test_00390,70.0111029073596
test_00391,39.89236477389932
test_00392,14.792550321668386
test_00393,47.07516494765878
test_00394,89.24473360925913
test_00395,76.549979634583
test_00396,76.57214546948671
test_00397,74.59793023020029
test_00398,51.76372929289937
test_00399,154.0181092619896
test_00400,37.39542135596275
test_00401,13.046865471638739
test_00402,17.90707111544907
test_00403,13.753660518676043
test_00404,19.68738543987274
test_00405,74.21781290322542
test_00406,22.507770655676723
test_00407,41.46007018908858
test_00408,182.63605917990208
test_00409,18.04799761623144
test_00410,31.82860451377928
test_00411,57.95053768530488
test_00412,14.155753332190216
test_00413,22.146703021600842
test_00414,47.01527485251427
test_00415,77.49248816817999
test_00416,104.91132881492376
test_00417,78.99193558841944
test_00418,48.79101153090596
test_00419,75.11393957585096
test_00420,21.831103576347232
test_00421,16.72360383719206
test_00422,19.959995867684484
test_00423,23.409175084903836
test_00424,86.12409752607346
test_00425,12.893524543382227
test_00426,67.9159412458539
test_00427,41.389769431203604
test_00428,55.13820281252265
test_00429,84.59432807564735
test_00430,101.16112062335014
test_00431,69.43450892716646
test_00432,74.37666557729244
test_00433,112.87935963273048
test_00434,68.00011793524027
test_00435,124.1779037117958
test_00436,44.80129124224186
test_00437,9.418518767226487
test_00438,36.40429877862334
test_00439,26.797804951667786
test_00440,35.90205394104123
test_00441,12.3193168817088
test_00442,19.1233748793602
test_00443,20.43758269958198
test_00444,25.285486267879605
test_00445,51.28740897402167
test_00446,142.1895313411951
test_00447,99.61040356755257
test_00448,61.857956912368536
test_00449,39.76040228828788
test_00450,13.877619087696075
test_00451,28.38632612116635
test_00452,74.27327205985785
test_00453,65.46349663287401
test_00454,119.99186647683382
test_00455,12.690781250596046
test_00456,19.497417772188783
test_00457,33.57771656289697
test_00458,92.94505381584167
test_00459,42.58581455796957
test_00460,80.86718453466892
test_00461,73.03665023297071
test_00462,63.569108854979284
test_00463,47.054317623376846
test_00464,83.18136752396822
test_00465,48.378091145306826
test_00466,40.82902357727289
test_00467,10.26766699925065
test_00468,39.06299187988043
test_00469,21.61710744537413
test_00470,27.28433351404965
test_00471,59.657975513488054
test_00472,104.26986411213875
test_00473,30.052121298387647
test_00474,8.57873521046713
test_00475,16.3644118309021
test_00476,91.67715171724558
test_00477,150.5522313863039
test_00478,68.25720893591642
test_00479,36.84784575179219
test_00480,25.3877209816128
test_00481,16.185770355165005
test_00482,63.16439666226507
test_00483,137.37366200983524
test_00484,32.61342289112508
test_00485,43.250325340777636
test_00486,60.25031362473965
test_00487,22.613140081986785
test_00488,38.318824484944344
test_00489,64.05453618243337
test_00490,93.00760693103075
test_00491,17.72395041771233
test_00492,36.24929392710328
test_00493,46.09555983915925
test_00494,94.62808248400688
test_00495,42.111904699355364
test_00496,26.880234150215983
test_00497,10.445547081530094
test_00498,18.701044784858823
test_00499,23.606855111196637
test_00500,59.713193252682686
test_00501,55.823014944791794
test_00502,16.82235378306359
test_00503,39.94934671744704
test_00504,41.5888905338943
test_00505,37.3413995616138
test_00506,62.14417028427124
test_00507,52.190937876701355
test_00508,8.248310413211584
test_00509,12.923478876240551
test_00510,9.44000631198287
test_00511,18.640695996582508
test_00512,19.03733184747398
test_00513,16.024184092879295
test_00514,10.966109002940357
test_00515,17.940888127312064
test_00516,17.953243128955364
test_00517,131.3970873504877
test_00518,35.65909143164754
test_00519,12.885233711451292
test_00520,49.436324056237936
test_00521,10.796214266680181
test_00522,13.710004817694426
test_00523,17.64696796797216
test_00524,20.093642704188824
test_00525,26.416155552491546
test_00526,112.40685742348433
test_00527,23.281318552792072
test_00528,46.08590314164758
test_00529,29.722231797873974
test_00530,28.33992011845112
test_00531,12.080417613498867
test_00532,15.481331913731992
test_00533,27.55804703384638
test_00534,81.28107059001923
test_00535,96.80325359851122
test_00536,15.53945409040898
test_00537,111.88068626075983
test_00538,22.573096357285976
test_00539,11.636638508178294
test_00540,12.829622276127338
test_00541,33.63810063526034
test_00542,113.52059406042099
test_00543,165.885046556592
test_00544,161.24666732549667
test_00545,130.92655362188816
test_00546,44.61302649602294
test_00547,56.081209037452936
test_00548,61.2030025459826
test_00549,39.21626966819167
test_00550,18.359297974035144
test_00551,57.53268124163151
test_00552,102.45350616425276
test_00553,74.43938211351633
test_00554,111.32560443133116
test_00555,148.99429409205914
test_00556,237.30152441561222
test_00557,156.44107866287231
test_00558,19.02966034412384
test_00559,94.8033589720726
test_00560,140.90266497433186
test_00561,118.44024317711592
test_00562,35.62274510785937
test_00563,12.316295449621975
test_00564,34.471911896020174
test_00565,55.501016080379486
test_00566,105.95074602216482
test_00567,21.980492686852813
test_00568,45.21219486370683
test_00569,8.85838109953329
test_00570,29.815569350495934
test_00571,10.280899460427463
test_00572,9.539032030850649
test_00573,70.25418426841497
test_00574,32.60616551153362
test_00575,262.6824899017811
test_00576,237.370502948761
test_00577,160.24517865478992
test_00578,71.09717682003975
test_00579,20.79715354554355
test_00580,49.63072823360562
test_00581,216.4025590866804
test_00582,29.969480395317078
test_00583,47.26565444841981
test_00584,54.54605412110686
test_00585,55.94268371164799
test_00586,19.752740854397416
test_00587,96.37939886003733
test_00588,118.11278456449509
test_00589,183.97966235876083
test_00590,17.540570660494268
test_00591,58.266712818294764
test_00592,11.543744792230427
test_00593,12.039634780026972
test_00594,13.238489634357393
test_00595,61.31369058415294
test_00596,125.60133806616066
test_00597,204.35915678739548
test_00598,18.42347044311464
test_00599,72.3126207664609
test_00600,114.44657478481531
test_00601,21.671236949041486
test_00602,27.880825862288475
test_00603,87.84841971844435
test_00604,168.5970037728548
test_00605,143.09950423240662
test_00606,35.64613660052419
test_00607,104.55282763391733
test_00608,171.01092559099197
test_00609,14.292876579798758
test_00610,77.99236340075731
test_00611,76.46075174957514
test_00612,198.31250421702862
test_00613,50.29171432182193
test_00614,13.161438473500311
test_00615,12.825900733470917
test_00616,78.47355663776398
test_00617,160.0583289861679
test_00618,225.79947657883167
test_00619,198.12342607975006
test_00620,297.8241926729679
test_00621,404.0766274034977
test_00622,11.860007206909359
test_00623,59.18814003840089
test_00624,221.77948254346848
test_00625,215.8837418705225
test_00626,14.432274722494185
test_00627,86.21819090098143
test_00628,10.830243911594152
test_00629,51.59100440144539
test_00630,119.9490055963397
test_00631,349.0760896205902
test_00632,38.072775546461344
test_00633,148.84204511344433
test_00634,165.6274801492691
test_00635,181.61149843037128
test_00636,163.5194230824709
test_00637,246.23254339396954
test_00638,23.312117846682668
test_00639,11.68709011003375
test_00640,10.836525407619774
test_00641,19.366595519706607
test_00642,26.441292678937316
test_00643,11.72248840611428
test_00644,24.667790040373802
test_00645,100.35115397721529
test_00646,116.27204716950655
test_00647,161.83826632797718
test_00648,51.052528377622366
test_00649,11.624285363592207
test_00650,46.22311367094517
test_00651,14.740570361725986
test_00652,35.138368874788284
test_00653,43.89196089282632
test_00654,108.31593865901232
test_00655,196.44341327250004
test_00656,11.564724896103144
test_00657,251.3243417143822
test_00658,9.818378005176783
test_00659,17.440865258686244
test_00660,64.90267278254032
test_00661,13.805733331479132
test_00662,97.97602237015963
test_00663,99.19261769205332
test_00664,239.38385009765625
test_00665,13.115314743481576
test_00666,16.176229723729193
test_00667,89.8704430386424
test_00668,10.084502660669386
test_00669,10.03961294516921
test_00670,13.248414676636457
test_00671,57.661282453686
test_00672,69.38641857355833
test_00673,78.97137425094843
test_00674,224.14330838620663
test_00675,234.80715487897396
test_00676,9.362494136672467
test_00677,60.13164395466447
test_00678,124.96532568335532
test_00679,7.3142723818309605
test_00680,37.23251658305526
test_00681,108.60669439285994
test_00682,17.83110447600484
test_00683,24.23305851779878
test_00684,17.39725041296333
test_00685,69.53805100917816
test_00686,72.46280469745398
test_00687,11.775637383572757
test_00688,158.725808724761
test_00689,195.82098712027073
test_00690,345.93427565693855
test_00691,47.38890362158418
test_00692,31.01815317571163
test_00693,42.97253558039665
test_00694,8.222925833892077
test_00695,9.31818103743717
test_00696,11.2357017127797
test_00697,12.744568127207458
test_00698,92.74918627738953
test_00699,12.640083588659763
test_00700,97.29558175057173
test_00701,219.0788756608963
test_00702,295.4684933125973
test_00703,64.48174476623535
test_00704,51.14867194369435
test_00705,41.212643314152956
test_00706,147.90075480937958
test_00707,86.27535855025053
test_00708,8.031287278980017
test_00709,9.727216459345073
test_00710,11.85872212331742
test_00711,9.35971087217331
test_00712,21.46149347908795
test_00713,9.494991454761475
test_00714,8.465158984065056
test_00715,58.825857888907194
test_00716,105.21633189171553
test_00717,10.053915071301162
test_00718,9.536938663106412
test_00719,38.051315393298864
test_00720,54.315556179732084
test_00721,82.10500230640173
test_00722,21.19391010515392
test_00723,15.510927834548056
test_00724,21.320600405335426
test_00725,63.89953875914217
test_00726,33.54323472455144
test_00727,105.44418538361788
test_00728,16.4470703760162
test_00729,40.200153436511755
test_00730,90.42741163820028
test_00731,9.197144083678722
test_00732,10.51327117253095
test_00733,21.430655186995864
test_00734,111.94265254586935
test_00735,64.91915602236986
test_00736,47.67501671239734
test_00737,11.022856957279146
test_00738,47.02225738763809
test_00739,119.0474266037345
test_00740,88.88594272732735
test_00741,68.98397199064493
test_00742,49.323719535022974
test_00743,47.77179539203644
test_00744,145.6914361268282
test_00745,206.75697420537472
test_00746,29.642536187544465
test_00747,27.37478519976139
test_00748,123.53220491856337
test_00749,13.34896596800536
test_00750,17.75250824354589
test_00751,60.12425286695361
test_00752,18.636296628043056
test_00753,41.231874998658895
test_00754,165.28288461267948
test_00755,20.60111701488495
test_00756,30.645670210942626
test_00757,44.79335417971015
test_00758,11.765557277016342
test_00759,19.580446800217032
test_00760,50.18204766511917
test_00761,71.03931091725826
test_00762,84.43690162152052
test_00763,60.14221432432532
test_00764,36.991266280412674
test_00765,64.32135444879532
test_00766,26.27747051976621
test_00767,16.3438922772184
test_00768,16.549240092746913
test_00769,20.618915051221848
test_00770,85.80699386447668
test_00771,12.603753049857914
test_00772,78.66059201210737
test_00773,37.63297611474991
test_00774,25.27081180177629
test_00775,46.23458657041192
test_00776,107.50535546988249
test_00777,69.42783837765455
test_00778,83.2156413719058
test_00779,90.22493297606707
test_00780,49.313052598387
test_00781,103.41968846321106
test_00782,50.96110916510224
test_00783,9.188252493739128
test_00784,15.098793912678957
test_00785,30.218606477603316
test_00786,31.75776892341673
test_00787,11.448821312747896
test_00788,17.920241365209222
test_00789,14.768279512412846
test_00790,19.59083703532815
test_00791,41.64050929620862
test_00792,149.3723909407854
test_00793,62.40116843208671
test_00794,49.05120753124356
test_00795,16.230673998594284
test_00796,9.704597502481192
test_00797,17.49530767649412
test_00798,38.99120547622442
test_00799,80.07858147472143
test_00800,75.11634632200003
test_00801,115.9493277668953
test_00802,10.210702697746456
test_00803,13.388573284260929
test_00804,30.09132749028504
test_00805,88.85365221649408
test_00806,69.85639518499374
test_00807,93.94374204427004
test_00808,71.70647729188204
test_00809,106.64212099462748
test_00810,80.7156338095665
test_00811,107.9603493437171
test_00812,71.35363642126322
test_00813,48.673775508999825
test_00814,16.41870382707566
test_00815,43.02880812808871
test_00816,17.646819403395057
test_00817,20.4867222905159
test_00818,66.82842625677586
test_00819,103.74884814023972
test_00820,35.377227287739515
test_00821,9.009382135700434
test_00822,16.062939948402345
test_00823,97.30827659368515
test_00824,152.56449401378632
test_00825,75.40218456834555
test_00826,14.022937528789043
test_00827,27.267088880762458
test_00828,14.153133024461567
test_00829,66.20963993668556
test_00830,140.68761774897575
test_00831,36.65847048535943
test_00832,36.60825565829873
test_00833,55.18283161148429
test_00834,28.47250657528639
test_00835,41.25809293240309
test_00836,59.65976943075657
test_00837,91.93258622288704
test_00838,18.222469998523593
test_00839,34.161987617611885
test_00840,46.308787148445845
test_00841,112.75943087786436
test_00842,112.72295827418566
test_00843,18.553518302738667
test_00844,22.33753793500364
test_00845,12.006459381431341
test_00846,13.14167567063123
test_00847,27.60030622780323
test_00848,49.28193574771285
test_00849,42.36334653198719
test_00850,14.950703813694417
test_00851,31.283548936247822
test_00852,47.718976970762014
test_00853,35.31068892776966
test_00854,61.486694034188986
test_00855,51.72973771765828
test_00856,7.576250228565186
test_00857,12.790849707089365
test_00858,7.904857431072742
test_00859,10.116295480169356
test_00860,17.1550910808146
test_00861,13.722165756858885
test_00862,7.604156691581011
test_00863,12.572668697685003
test_00864,12.753705777227879
test_00865,121.23934837430716
test_00866,28.459796875715256
test_00867,12.482830769382417
test_00868,48.77654876932502
test_00869,10.716658864170313
test_00870,13.875879953615367
test_00871,16.246117286384106
test_00872,18.602917881682515
test_00873,21.883643439039588
test_00874,118.09596705436707
test_00875,23.619607523083687
test_00876,35.481319058686495
test_00877,24.132125601172447
test_00878,24.90875249914825
test_00879,9.964175567030907
test_00880,11.607683272100985
test_00881,76.53123078495264
test_00882,21.319047905504704
test_00883,109.52937698364258
test_00884,17.28186402004212
test_00885,9.08874997543171
test_00886,9.061116964090616
test_00887,25.53062524832785
test_00888,102.10169038921595
test_00889,165.16942584514618
test_00890,145.56212551891804
test_00891,96.90724137425423
test_00892,39.66743800416589
test_00893,72.37352481484413
test_00894,66.21401516348124
test_00895,35.73424653708935
test_00896,141.48509754240513
test_00897,150.23737847805023
test_00898,15.28364910185337
test_00899,77.28305668383837
test_00900,149.1003246307373
test_00901,100.48628831654787
test_00902,32.9828082844615
test_00903,9.655502945184708
test_00904,20.304797537624836
test_00905,44.42696421965957
test_00906,22.64203960634768
test_00907,36.40197002887726
test_00908,7.312392111402005
test_00909,30.889288261532784
test_00910,8.554372012615204
test_00911,10.889874018728733
test_00912,61.05703413486481
test_00913,23.690249979496002
test_00914,181.17284666001797
test_00915,254.22387656569484
test_00916,178.5511275678873
test_00917,48.68164571747184
test_00918,8.647191446274519
test_00919,55.91628750041127
test_00920,211.0895332545042
test_00921,17.916850378736854
test_00922,27.087864289060235
test_00923,48.39484551548958
test_00924,30.01246198453009
test_00925,25.43387071043253
test_00926,81.45088732987642
test_00927,117.73863210529089
test_00928,178.95421297848225
test_00929,15.551264974288642
test_00930,57.384577214717865
test_00931,7.8864465658552945
test_00932,11.019670247100294
test_00933,9.200983085203916
test_00934,72.50497475266457
test_00935,117.54817231744528
test_00936,236.47832809388638
test_00937,8.974495458882302
test_00938,69.31614752858877
test_00939,99.30745068192482
test_00940,11.146385617554188
test_00941,17.85700299590826
test_00942,75.77414570003748
test_00943,167.51028360426426
test_00944,131.27860710024834
test_00945,23.906736424192786
test_00946,60.02167645469308
test_00947,145.94719004631042
test_00948,13.96132501307875
test_00949,31.754790203645822
test_00950,67.96566580981016
test_00951,189.94559979438782
test_00952,98.06383889168501
test_00953,12.307249723933637
test_00954,10.426965367048979
test_00955,89.16057920455933
test_00956,133.25543707609177
test_00957,218.47910560667515
test_00958,199.04234255850315
test_00959,353.4197910130024
test_00960,390.6472215950489
test_00961,8.613025307655334
test_00962,41.09190859645605
test_00963,199.57561510801315
test_00964,193.58589248359203
test_00965,11.764937019906938
test_00966,75.54163470864296
test_00967,10.660929505713284
test_00968,62.62888821586967
test_00969,128.46379862725735
test_00970,184.74928629398346
test_00971,16.156355497427285
test_00972,139.49893771111965
test_00973,75.79103749245405
test_00974,204.01164938509464
test_00975,158.66739313304424
test_00976,203.69606851041317
test_00977,23.495600670576096
test_00978,12.03152501117438
test_00979,9.615764242131263
test_00980,14.733400263823569
test_00981,20.269318459555507
test_00982,12.596629378385842
test_00983,29.167083114385605
test_00984,111.44671427458525
test_00985,124.64935854077338
test_00986,124.23298402875662
test_00987,45.55560931190848
test_00988,8.824042718857527
test_00989,59.73577506840229
test_00990,10.951300828717649
test_00991,38.96584178879857
test_00992,44.662071377038956
test_00993,140.76629754900932
test_00994,194.0630967617035
test_00995,12.704200346022844
test_00996,280.8558003604412
test_00997,9.831533398479223
test_00998,11.713925515301526
test_00999,67.48162756115198
test_01000,10.25607989076525
test_01001,78.39133357256651
test_01002,109.46810895204544
test_01003,225.2514812797308
test_01004,11.989057826809585
test_01005,14.715843644924462
test_01006,87.85121273249388
test_01007,9.797849166207016
test_01008,8.78162381798029
test_01009,9.342185358982533
test_01010,49.843012157827616
test_01011,87.99848479777575
test_01012,44.6602588891983
test_01013,215.75758083164692
test_01014,248.24143360555172
test_01015,7.947218298912048
test_01016,54.42316521704197
test_01017,117.05613386631012
test_01018,7.405643310863525
test_01019,31.724627880379554
test_01020,92.36916551738977
test_01021,12.60263138730079
test_01022,19.6277739033103
test_01023,14.897061787545681
test_01024,31.14892714470625
test_01025,89.18370328098536
test_01026,11.086555876769125
test_01027,199.37273532152176
test_01028,117.49956941604614
test_01029,347.8343274593353
test_01030,43.87173382565379
test_01031,48.71633554622531
test_01032,96.74405061453581
test_01033,9.040477630216628
test_01034,8.213293742388487
test_01035,10.80530734732747
test_01036,19.944244308397174
test_01037,112.76204561442137
test_01038,11.393949914723635
test_01039,116.62612112611532
test_01040,281.4919241666794
test_01041,298.3383449614048
test_01042,59.73322347179055
test_01043,49.10814490541816
test_01044,56.887212723493576
test_01045,136.6080493181944
test_01046,59.05093693733215
test_01047,14.108130956999958
test_01048,41.90129955485463
test_01049,12.661833442747593
test_01050,54.80837459489703
test_01051,10.602665264159441
test_01052,12.7244041999802
test_01053,122.72140631079674
test_01054,68.1276457682252
test_01055,8.815041098278016
test_01056,11.623712461441755
test_01057,76.72411217540503
test_01058,111.70717769116163
test_01059,122.73875865340233
test_01060,25.36928783170879
test_01061,23.96198387630284
test_01062,59.83838490769267
test_01063,67.21809628605843
test_01064,45.36235651001334
test_01065,100.33558440953493
test_01066,59.531632483005524
test_01067,38.84363999590278
test_01068,104.28914779424667
test_01069,10.913301724009216
test_01070,15.306502047926188
test_01071,31.82646889798343
test_01072,75.74795376509428
test_01073,91.88929450511932
test_01074,54.308870773762465
test_01075,27.634639501571655
test_01076,73.6325576081872
test_01077,75.68972387909889
test_01078,101.55561900138855
test_01079,102.73412979394197
test_01080,64.99733813107014
test_01081,208.97617243230343
test_01082,37.940189089626074
test_01083,20.236056707799435
test_01084,59.574549075216055
test_01085,51.231775254011154
test_01086,30.4326676055789
test_01087,83.08795011788607
test_01088,24.711585020646453
test_01089,62.01747441291809
test_01090,175.30204997956753
test_01091,27.866840364411473
test_01092,40.48711705952883
test_01093,64.15817111730576
test_01094,48.61428653821349
test_01095,47.5072427354753
test_01096,54.4560574144125
test_01097,84.83770656585693
test_01098,130.48124615848064
test_01099,85.56205544620752
test_01100,75.17174605280161
test_01101,88.0796010568738
test_01102,57.57396733760834
test_01103,11.924411808140576
test_01104,22.71465797163546
test_01105,80.80731301009655
test_01106,47.28849996626377
test_01107,16.511045997031033
test_01108,101.8070496916771
test_01109,39.41405740380287
test_01110,38.998726557940245
test_01111,45.495336662977934
test_01112,80.14216711372137
test_01113,140.42601038515568
test_01114,90.33396451920271
test_01115,172.75241442024708
test_01116,52.596144046634436
test_01117,13.932732831686735
test_01118,53.79365624859929
test_01119,64.81229352205992
test_01120,62.69096592441202
test_01121,18.63606821000576
test_01122,30.926706107333302
test_01123,31.323854506015774
test_01124,37.41142547503114
test_01125,108.18536525219679
test_01126,96.68264144659042
test_01127,163.1878863722086
test_01128,59.23666122928262
test_01129,125.53681647032498
test_01130,10.042674303986132
test_01131,18.27916224114597
test_01132,30.374051451683044
test_01133,78.21991976350546
test_01134,99.21809651702642
test_01135,124.32491578906775
test_01136,75.50209424644709
test_01137,39.05438627675176
test_01138,46.14027777686715
test_01139,134.3324411213398
test_01140,47.92063852772117
test_01141,96.64449006319046
test_01142,90.05244950205088
test_01143,95.64055007696152
test_01144,95.51081606000662
test_01145,154.8835127800703
test_01146,138.33242350816727
test_01147,25.213755575940013
test_01148,30.852813800796866
test_01149,30.76678191125393
test_01150,35.33668772876263
test_01151,100.3721461519599
test_01152,103.26640696078539
test_01153,99.54229413717985
test_01154,11.689347363077104
test_01155,30.7377969622612
test_01156,72.6652982160449
test_01157,31.87737640738487
test_01158,57.94868805631995
test_01159,115.97381120920181
test_01160,42.188229750841856
test_01161,69.87255901098251
test_01162,174.25160928070545
test_01163,90.19927587360144
test_01164,106.64894010871649
test_01165,75.56310971826315
test_01166,134.2913333028555
test_01167,24.2938659992069
test_01168,49.54711237549782
test_01169,48.644077450037
test_01170,76.54252169281244
test_01171,83.1497158408165
test_01172,50.40320460870862
test_01173,34.84455642476678
test_01174,17.540500092320144
test_01175,14.72906867787242
test_01176,33.15854160860181
test_01177,89.60859797149897
test_01178,67.294109351933
test_01179,38.21325821056962
test_01180,78.61319991201162
test_01181,74.0178524106741
test_01182,42.35785335674882
test_01183,88.83385598659515
test_01184,131.67282320559025
test_01185,11.95846466626972
test_01186,34.04447303712368
test_01187,15.731260244734587
test_01188,22.027767792344093
test_01189,34.50468524172902
test_01190,24.177257662639022
test_01191,10.028931152075529
test_01192,15.544680777937174
test_01193,15.855566083453597
test_01194,130.36087913811207
test_01195,35.435943722724915
test_01196,13.715257504023612
test_01197,48.06482416391373
test_01198,15.524390570819378
test_01199,12.207889734767377
test_01200,17.140164983458817
test_01201,31.439929867163297
test_01202,27.4806727450341
test_01203,69.7664690464735
test_01204,83.7855202332139
test_01205,159.7620912194252
test_01206,30.501168875023723
test_01207,29.635752357542515
test_01208,18.078967759385705
test_01209,31.79798535443842
test_01210,51.7063907943666
test_01211,88.29180327057838
test_01212,109.9569681212306
test_01213,34.71269793435931
test_01214,192.58623115718365
test_01215,43.34847452864051
test_01216,10.62163417506963
test_01217,9.80372953787446
test_01218,43.60557295754552
test_01219,93.68621277809143
test_01220,223.36575110256672
test_01221,191.53541904687881
test_01222,111.73377075046301
test_01223,64.30037713050842
test_01224,49.98555615544319
test_01225,52.33558406308293
test_01226,24.285553811118007
test_01227,59.18032554164529
test_01228,174.18009029328823
test_01229,48.06246570125222
test_01230,132.40842585265636
test_01231,298.8079278767109
test_01232,132.7690960764885
test_01233,114.5864929035306
test_01234,60.32764148712158
test_01235,208.4615150243044
test_01236,33.44255993887782
test_01237,46.980937864631414
test_01238,11.331212022341788
test_01239,20.357706954702735
test_01240,51.23798896744847
test_01241,131.54749412834644
test_01242,8.819673527497798
test_01243,7.844948765356094
test_01244,29.098201148211956
test_01245,14.307609543204308
test_01246,11.590497136116028
test_01247,79.72708511352539
test_01248,164.4282223135233
test_01249,276.88015285134315
test_01250,258.30167707800865
test_01251,108.589052349329
test_01252,129.40554948151112
test_01253,13.124464464373887
test_01254,104.96226418018341
test_01255,193.44702917337418
test_01256,98.23452473431826
test_01257,54.79781165346503
test_01258,56.459053326398134
test_01259,16.892505976371467
test_01260,16.91708412859589
test_01261,90.90558158606291
test_01262,71.29859324544668
test_01263,193.29954911768436
test_01264,24.023727314546704
test_01265,77.79099897295237
test_01266,10.542879164218903
test_01267,10.902196521870792
test_01268,33.13151956908405
test_01269,102.46707011014223
test_01270,210.84143041074276
test_01271,284.73185017704964
test_01272,17.609082143753767
test_01273,146.61433413624763
test_01274,159.5259181112051
test_01275,9.332288172561675
test_01276,123.53937315940857
test_01277,199.29207961261272
test_01278,529.2900322675705
test_01279,68.05524282157421
test_01280,42.552108969539404
test_01281,113.58534593135118
test_01282,221.45269989967346
test_01283,10.372742081992328
test_01284,18.709499966353178
test_01285,206.7168766260147
test_01286,226.42763732373714
test_01287,11.200397198088467
test_01288,13.70487469714135
test_01289,10.229752390645444
test_01290,101.10508949309587
test_01291,279.0648246705532
test_01292,210.91128547489643
test_01293,233.54741640388966
test_01294,444.49709701538086
test_01295,473.54777097702026
test_01296,13.55500739440322
test_01297,99.11569095402956
test_01298,151.4485660493374
test_01299,170.87010122835636
test_01300,11.941959141753614
test_01301,160.0619539618492
test_01302,14.298123694956303
test_01303,392.8430654704571
test_01304,355.36800745129585
test_01305,363.08124259114265
test_01306,119.24546318501234
test_01307,344.26033914089203
test_01308,323.60002794861794
test_01309,265.5497268140316
test_01310,163.24052280187607
test_01311,138.56829948723316
test_01312,20.734537290409207
test_01313,16.134384653531015
test_01314,9.098502311389893
test_01315,59.765164855867624
test_01316,87.14572412520647
test_01317,10.406979717314243
test_01318,35.92902584001422
test_01319,94.71817947179079
test_01320,140.4934587031603
test_01321,185.76141218841076
test_01322,70.0387507751584
test_01323,8.752120285760611
test_01324,78.80817606300116
test_01325,14.627284300513566
test_01326,32.801988480612636
test_01327,104.64733698964119
test_01328,151.23929798603058
test_01329,300.89074382185936
test_01330,12.410869802348316
test_01331,521.4067798256874
test_01332,10.872747308574617
test_01333,13.045346398837864
test_01334,79.68639327585697
test_01335,10.38806280400604
test_01336,88.46693862229586
test_01337,305.71112951636314
test_01338,10.614870772697031
test_01339,11.801225774921477
test_01340,66.09601774811745
test_01341,12.143693123944104
test_01342,13.053608446381986
test_01343,15.066748533397913
test_01344,139.03846180438995
test_01345,159.8046549707651
test_01346,201.2582575082779
test_01347,259.72537142038345
test_01348,258.42248979210854
test_01349,8.462202548980713
test_01350,89.99159002304077
test_01351,161.63259352743626
test_01352,7.905889954883605
test_01353,44.19755822792649
test_01354,97.43220916390419
test_01355,14.935305095277727
test_01356,22.682631162926555
test_01357,11.201734279282391
test_01358,24.574931608512998
test_01359,110.01566598564386
test_01360,10.093841801397502
test_01361,172.81386072933674
test_01362,142.43433605134487
test_01363,350.16295835375786
test_01364,54.7347385622561
test_01365,59.59754687175155
test_01366,72.66662044078112
test_01367,8.215531032066792
test_01368,8.497517741750926
test_01369,9.68721266137436
test_01370,15.260684732347727
test_01371,104.40239114314318
test_01372,11.423275633715093
test_01373,102.29209075123072
test_01374,262.5918952226639
test_01375,308.6073959469795
test_01376,65.88099280744791
test_01377,47.28923907503486
test_01378,48.612908601760864
test_01379,129.0797770768404
test_01380,62.70411017537118
test_01381,13.333179124630988
test_01382,30.269434133544564
test_01383,37.178138233721256
test_01384,14.72534063551575
test_01385,45.21893598139286
test_01386,12.155812279321253
test_01387,12.912265964783728
test_01388,118.01205778121948
test_01389,67.64831701666117
test_01390,8.56095853028819
test_01391,11.76186544727534
test_01392,61.68140648305416
test_01393,109.43281000852585
test_01394,125.43478231877087
test_01395,27.772694991901517
test_01396,19.777495427057147
test_01397,69.35994436591864
test_01398,61.78984376788139
test_01399,87.04250145703554
test_01400,77.55804228782654
test_01401,42.353296138346195
test_01402,92.04453705996275
test_01403,14.260909196920693
test_01404,20.751295374706388
test_01405,37.69769827276468
test_01406,74.11041557043791
test_01407,81.86408998817205
test_01408,43.45327569544315
test_01409,20.86068532988429
test_01410,54.569007348269224
test_01411,64.95215221494436
test_01412,72.52860394865274
test_01413,92.14978763461113
test_01414,128.8994791060686
test_01415,56.85311343893409
test_01416,198.56785701215267
test_01417,194.11063742637634
test_01418,31.876475734636184
test_01419,25.92897887714207
test_01420,56.78455088660121
test_01421,18.667942740023136
test_01422,22.03747091628611
test_01423,65.09514562040567
test_01424,26.048766495659947
test_01425,44.62418740987778
test_01426,180.93965969979763
test_01427,21.638853585347533
test_01428,30.57311869971454
test_01429,59.82602804899216
test_01430,37.82429386302829
test_01431,40.5687347240746
test_01432,50.22754928097129
test_01433,81.25311816483736
test_01434,92.94362759590149
test_01435,88.47155898064375
test_01436,70.32770144939423
test_01437,86.72655659914017
test_01438,60.30151269212365
test_01439,13.971894454210997
test_01440,18.123399710282683
test_01441,54.189699698239565
test_01442,35.836462680250406
test_01443,12.52999445144087
test_01444,95.93143951892853
test_01445,39.62455855309963
test_01446,41.342574179172516
test_01447,46.37946303188801
test_01448,79.00633149594069
test_01449,72.62757024168968
test_01450,98.4272649884224
test_01451,129.80643613636494
test_01452,94.26226449757814
test_01453,185.52581848204136
test_01454,39.66283621639013
test_01455,12.298901323229074
test_01456,65.79580587893724
test_01457,37.84029798209667
test_01458,67.37376967817545
test_01459,18.347258672118187
test_01460,28.610874051228166
test_01461,31.803218541666862
test_01462,36.771023008972406
test_01463,114.48783116787672
test_01464,102.83568853884935
test_01465,163.78951348364353
test_01466,67.95076478272676
test_01467,81.37396059185266
test_01468,10.792986701242626
test_01469,15.381645082496107
test_01470,28.87935252673924
test_01471,78.35826309770346
test_01472,103.16724753379822
test_01473,127.97585313022135
test_01474,84.08009407669306
test_01475,31.311960054561492
test_01476,35.428890619426966
test_01477,113.02884531021118
test_01478,49.40312358736992
test_01479,89.73050263524055
test_01480,105.16879122704268
test_01481,68.0577609911561
test_01482,67.32143037766218
test_01483,127.17226733267306
test_01484,105.47609705477953
test_01485,85.91742191463709
test_01486,19.441347643733025
test_01487,47.50973862037063
test_01488,42.65898632630706
test_01489,35.34741037711501
test_01490,108.89208694547415
test_01491,133.5442020446062
test_01492,79.88050032407045
test_01493,14.786827799864113
test_01494,49.41799861565232
test_01495,123.95190727710724
test_01496,33.94300343096256
test_01497,45.36572149768472
test_01498,21.096176898106933
test_01499,115.04745907336473
test_01500,138.22416450083256
test_01501,53.045020774006844
test_01502,73.61399446427822
test_01503,146.57930260896683
test_01504,71.03810011595488
test_01505,92.50684773921967
test_01506,72.15829188376665
test_01507,112.6524049565196
test_01508,22.538445526733994
test_01509,44.75503194704652
test_01510,51.95097637176514
test_01511,74.81406197696924
test_01512,87.1789134517312
test_01513,63.91838417574764
test_01514,28.56246799789369
test_01515,16.996935731731355
test_01516,12.050615559332073
test_01517,27.23542419821024
test_01518,82.29194854199886
test_01519,62.824919175356634
test_01520,31.700552990660068
test_01521,68.88204926252365
test_01522,69.00282483547926
test_01523,35.582862947136164
test_01524,110.99440199136734
test_01525,130.6951940059662
test_01526,9.443771031219512
test_01527,32.16563439927995
test_01528,12.38840498123318
test_01529,21.88967144675553
test_01530,26.226089460775256
test_01531,23.46406969614327
test_01532,11.58348581660539
test_01533,21.3456168230623
test_01534,20.56197210587561
test_01535,134.6440256088972
test_01536,29.341919479891658
test_01537,19.51016461290419
test_01538,52.100432336330414
test_01539,23.03067339770496
test_01540,11.03715258371085
test_01541,13.649312473833561
test_01542,33.931367110461
test_01543,40.105280097573996
test_01544,77.8485083207488
test_01545,58.39044854044914
test_01546,146.15898370742798
test_01547,30.87574845738709
test_01548,26.36684139817953
test_01549,14.761033275164664
test_01550,25.223152285441756
test_01551,48.14922370016575
test_01552,99.52628630399704
test_01553,71.71868930011988
test_01554,33.368470784276724
test_01555,177.98592849075794
test_01556,26.689620226621628
test_01557,7.869420136790723
test_01558,12.754339962266386
test_01559,37.13095040991902
test_01560,95.27593546360731
test_01561,196.1352606266737
test_01562,170.31384573876858
test_01563,97.74497473984957
test_01564,39.13435858860612
test_01565,61.54833719134331
test_01566,47.39228346571326
test_01567,52.30187104642391
test_01568,18.451458152383566
test_01569,47.89593595266342
test_01570,167.26960898935795
test_01571,51.653891786932945
test_01572,122.16677760332823
test_01573,245.89417271316051
test_01574,258.22163048386574
test_01575,121.2731319591403
test_01576,129.77822372317314
test_01577,85.15519649535418
test_01578,233.77724580466747
test_01579,45.053955018520355
test_01580,41.37930677086115
test_01581,12.077472320757806
test_01582,22.277495561167598
test_01583,78.36389369517565
test_01584,111.68155030161142
test_01585,11.544546112418175
test_01586,51.001125033944845
test_01587,7.881261662114412
test_01588,27.456155875697732
test_01589,14.185990866273642
test_01590,10.16180730983615
test_01591,73.2840993925929
test_01592,148.15249748528004
test_01593,255.08549168705943
test_01594,225.09580045938492
test_01595,103.62167686223984
test_01596,130.31500239670277
test_01597,12.641988000832498
test_01598,99.27155005186796
test_01599,206.6670629233122
test_01600,127.78670071065424
test_01601,75.84185400605202
test_01602,61.45094196870923
test_01603,22.98116053827107
test_01604,14.53492820262909
test_01605,81.26448335498571
test_01606,63.79806915298105
test_01607,193.40572822093964
test_01608,38.43064532801509
test_01609,69.96379994601011
test_01610,9.571153085213155
test_01611,9.518639221321791
test_01612,20.095861887559295
test_01613,101.65226768702269
test_01614,204.2156434059143
test_01615,295.3265844285488
test_01616,18.123930828645825
test_01617,108.12849473208189
test_01618,139.46736773848534
test_01619,9.426532897632569
test_01620,133.73793025314808
test_01621,175.14838963747025
test_01622,448.47586438059807
test_01623,92.20201551169157
test_01624,34.88717960193753
test_01625,122.30571519583464
test_01626,193.80154882371426
test_01627,10.581685160286725
test_01628,22.352884655818343
test_01629,152.0656290203333
test_01630,216.60450291633606
test_01631,11.386327623389661
test_01632,16.830993741750717
test_01633,11.857164052315056
test_01634,85.73976839333773
test_01635,256.9175900518894
test_01636,223.7143281698227
test_01637,202.51792170107365
test_01638,374.8216474354267
test_01639,479.8994117677212
test_01640,12.756471863947809
test_01641,87.53510445356369
test_01642,176.60380251705647
test_01643,169.22256463766098
test_01644,14.113655702210963
test_01645,161.45410804450512
test_01646,12.106306848116219
test_01647,326.4846766293049
test_01648,247.24713546037674
test_01649,403.8957054615021
test_01650,167.0271367430687
test_01651,268.7008706331253
test_01652,252.5442945957184
test_01653,173.42772956192493
test_01654,140.86530098319054
test_01655,27.64326553232968
test_01656,13.30834284145385
test_01657,9.72123394953087
test_01658,75.51590332388878
test_01659,92.55680257827044
test_01660,11.714417635463178
test_01661,30.443852661177516
test_01662,88.48434296250343
test_01663,119.70781100541353
test_01664,176.3294928818941
test_01665,48.89539300277829
test_01666,8.666657119989395
test_01667,67.5873683989048
test_01668,10.956576728262007
test_01669,20.737514153122902
test_01670,70.83602257817984
test_01671,173.11240124702454
test_01672,266.8441699743271
test_01673,9.292672499548644
test_01674,541.6683734059334
test_01675,10.347994937561452
test_01676,12.034299454651773
test_01677,69.58874124288559
test_01678,10.18041409458965
test_01679,59.260750975459814
test_01680,80.15836065262556
test_01681,10.467910693027079
test_01682,11.082079440355301
test_01683,60.57865619659424
test_01684,11.45540365204215
test_01685,9.61280780704692
test_01686,11.323348313570023
test_01687,111.45391965657473
test_01688,142.48468458652496
test_01689,154.37883891165257
test_01690,240.098089158535
test_01691,277.00631389021873
test_01692,7.781199705321342
test_01693,78.672506891191
test_01694,146.54113636910915
test_01695,7.641300157178193
test_01696,41.137766767293215
test_01697,83.38579238206148
test_01698,20.483489153906703
test_01699,33.57775370404124
test_01700,11.67442776542157
test_01701,23.73810262978077
test_01702,68.24513806402683
test_01703,10.688101038336754
test_01704,163.87590378522873
test_01705,183.9442891329527
test_01706,330.7645843923092
test_01707,59.05609584227204
test_01708,61.72533331438899
test_01709,51.548336654901505
test_01710,8.305616877507418
test_01711,9.778518129140139
test_01712,10.019462945871055
test_01713,17.693063842132688
test_01714,95.93272460252047
test_01715,9.919809541665018
test_01716,114.57365692406893
test_01717,253.50090190768245
test_01718,344.8757827579975
test_01719,91.0511451587081
test_01720,55.29037008062005
test_01721,55.88026801869273
test_01722,127.06657849252223
test_01723,65.4743269905448
test_01724,10.073939719237387
test_01725,36.1639435775578
test_01726,54.518547389656305
test_01727,12.13876263704151
test_01728,65.28479573130608
test_01729,11.497515209950507
test_01730,10.88810331467539
test_01731,90.45552748441696
test_01732,71.30366672575474
test_01733,9.409991160500795
test_01734,12.104542643763125
test_01735,68.79728574305773
test_01736,127.47282832860945
test_01737,83.92403441667557
test_01738,24.168458925560117
test_01739,20.931420639157295
test_01740,51.36895978450775
test_01741,59.84933411702514
test_01742,46.151063565164804
test_01743,131.86035627126694
test_01744,99.08014687895775
test_01745,76.87927301973104
test_01746,96.97864151000977
test_01747,17.202602961100638
test_01748,38.14764466509223
test_01749,42.27375837787986
test_01750,74.7132089138031
test_01751,88.33620179444551
test_01752,24.223297825083137
test_01753,14.371766227297485
test_01754,59.077630277723074
test_01755,60.83424298092723
test_01756,77.17757583409548
test_01757,77.70038943737745
test_01758,71.07008606940508
test_01759,46.115913186222315
test_01760,224.4504805058241
test_01761,206.15121699869633
test_01762,19.176664993166924
test_01763,13.389243681915104
test_01764,23.627238171175122
test_01765,48.52527407184243
test_01766,14.483743991702795
test_01767,21.658282117918134
test_01768,63.33898603916169
test_01769,31.53844303824007
test_01770,57.994379092007875
test_01771,194.21207731962204
test_01772,26.012425743043423
test_01773,39.81216590106487
test_01774,63.183390643447645
test_01775,50.79247351363301
test_01776,43.76364566758275
test_01777,54.68639564886689
test_01778,87.77429342269897
test_01779,100.39024874567986
test_01780,85.72263889759779
test_01781,43.482227217406034
test_01782,81.53527200967073
test_01783,29.197427429258823
test_01784,11.952308521606028
test_01785,15.4396196231246
test_01786,56.922470811754465
test_01787,19.20349389873445
test_01788,98.52193033695221
test_01789,38.710522420704365
test_01790,44.751830380409956
test_01791,64.08209491148591
test_01792,56.91936209797859
test_01793,75.74946169555187
test_01794,118.59056824445724
test_01795,90.17482214421034
test_01796,225.57345043122768
test_01797,38.77135218679905
test_01798,11.309019260108471
test_01799,42.519840743392706
test_01800,27.677944218739867
test_01801,59.28798657655716
test_01802,11.275151179172099
test_01803,28.582977337762713
test_01804,30.081414518877864
test_01805,37.01544887945056
test_01806,79.97280349582434
test_01807,107.89974985271692
test_01808,113.87394747883081
test_01809,80.36397402733564
test_01810,22.687678644433618
test_01811,11.826833665370941
test_01812,13.968058702535927
test_01813,41.14149573817849
test_01814,89.90746533125639
test_01815,99.15507542341948
test_01816,117.99188271164894
test_01817,66.61435955762863
test_01818,33.80028858408332
test_01819,40.44966021552682
test_01820,104.44959753751755
test_01821,51.68033999577165
test_01822,100.94422376900911
test_01823,90.2322274968028
test_01824,64.95758967846632
test_01825,102.64179690927267
test_01826,108.41082685440779
test_01827,79.7402776479721
test_01828,69.17769277095795
test_01829,18.00380893982947
test_01830,44.166783075779676
test_01831,26.781626269221306
test_01832,28.904801638796926
test_01833,78.82133888453245
test_01834,109.74217345565557
test_01835,50.05606861785054
test_01836,8.651821554172784
test_01837,24.110143614932895
test_01838,55.99805372953415
test_01839,144.64078743755817
test_01840,150.25153668224812
test_01841,36.406738951802254
test_01842,36.14893855527043
test_01843,21.07787188515067
test_01844,77.01943626999855
test_01845,117.28759747743607
test_01846,51.41622931882739
test_01847,77.14584244042635
test_01848,66.8830385953188
test_01849,24.135236172005534
test_01850,36.22774463519454
test_01851,75.26725821942091
test_01852,92.12511848658323
test_01853,21.751933513209224
test_01854,42.32165188342333
test_01855,46.97362848743796
test_01856,65.98154131323099
test_01857,109.22757547348738
test_01858,73.4709193482995
test_01859,39.20507161319256
test_01860,16.41510485019535
test_01861,12.984657769091427
test_01862,27.961958834901452
test_01863,72.6000337973237
test_01864,64.76062276214361
test_01865,27.316928582265973
test_01866,64.08975341543555
test_01867,75.03441295772791
test_01868,48.2663668692112
test_01869,97.81017973273993
test_01870,89.99967193603516
test_01871,7.602903642226011
test_01872,10.609937500208616
test_01873,11.702634607441723
test_01874,14.704180397093296
test_01875,27.446408182382584
test_01876,15.43746265117079
test_01877,8.646942600607872
test_01878,25.27144505828619
test_01879,15.642359201796355
test_01880,131.93013705313206
test_01881,19.73275520466268
test_01882,55.38302609324455
test_01883,12.248719923198223
test_01884,11.143050342798233
test_01885,15.294920510612428
test_01886,32.80509719438851
test_01887,41.2205172367394
test_01888,94.68959564715624
test_01889,49.545467022806406
test_01890,165.83524771034718
test_01891,64.144622027874
test_01892,25.164970682933927
test_01893,17.613819496706128
test_01894,19.963271716609597
test_01895,94.46734303981066
test_01896,87.83556145429611
test_01897,93.10841542482376
test_01898,209.11653624475002
test_01899,28.358758106827736
test_01900,12.022716988809407
test_01901,11.28504743706435
test_01902,200.11234921216965
test_01903,197.72692207992077
test_01904,96.99724179506302
test_01905,33.29772061854601
test_01906,61.93399226292968
test_01907,63.825991865247495
test_01908,47.23186343535781
test_01909,37.04850821197033
test_01910,83.02839057892561
test_01911,157.96544036269188
test_01912,79.56206700950861
test_01913,121.866157181561
test_01914,193.63625587522984
test_01915,251.71595793962481
test_01916,146.87507982552052
test_01917,97.82362482696772
test_01918,87.4378020837903
test_01919,196.75691424310207
test_01920,59.913105461746454
test_01921,53.99942561611533
test_01922,20.808892004191875
test_01923,21.456499852240086
test_01924,33.80460438504815
test_01925,92.57610854506493
test_01926,12.307358361780643
test_01927,39.259657952934504
test_01928,8.695053846109658
test_01929,28.227982280775905
test_01930,13.163698512129486
test_01931,12.060224901884794
test_01932,78.8967948332429
test_01933,148.95394395291805
test_01934,299.83967915177345
test_01935,233.85277603566647
test_01936,86.40478800982237
test_01937,117.71665197610855
test_01938,10.237685739062726
test_01939,101.86917939782143
test_01940,210.1231206804514
test_01941,49.91512540355325
test_01942,74.89559421688318
test_01943,50.74302379414439
test_01944,12.898318536579609
test_01945,23.597954235970974
test_01946,80.43379195034504
test_01947,72.08365304023027
test_01948,167.12447625398636
test_01949,17.812981454655528
test_01950,66.17093886435032
test_01951,9.517513844650239
test_01952,10.042681732214987
test_01953,15.905225650407376
test_01954,96.5494681596756
test_01955,181.40796495974064
test_01956,426.3516869843006
test_01957,16.472935468889773
test_01958,121.78206963092089
test_01959,139.37782786786556
test_01960,11.065967611968517
test_01961,66.49326457083225
test_01962,96.42003870010376
test_01963,331.4395132660866
test_01964,143.23939263820648
test_01965,40.74470203742385
test_01966,76.50818841904402
test_01967,196.95486168563366
test_01968,8.884748526383191
test_01969,25.411361319944263
test_01970,109.74859887361526
test_01971,230.40396822988987
test_01972,13.047478300519288
test_01973,8.221039063762873
test_01974,100.57564990967512
test_01975,167.38758412003517
test_01976,258.9768436551094
test_01977,208.23599399626255
test_01978,507.9795727729797
test_01979,421.7730455696583
test_01980,10.514717820100486
test_01981,100.31824692338705
test_01982,159.13082547485828
test_01983,154.67965246737003
test_01984,15.831231205724182
test_01985,180.1940586566925
test_01986,11.615609192289412
test_01987,71.89006596803665
test_01988,194.36076074838638
test_01989,398.8930013179779
test_01990,9.19536130875349
test_01991,194.307812333107
test_01992,363.48685359954834
test_01993,266.7038061618805
test_01994,164.89061470329762
test_01995,238.20907570421696
test_01996,20.61712484806776
test_01997,20.538298340514302
test_01998,9.372805446851999
test_01999,68.5257542654872
test_02000,107.39866381883621
test_02001,10.129038606770337
test_02002,31.179999426007267
test_02003,100.53852362185717
test_02004,132.5969097316265
test_02005,176.11043441295624
test_02006,71.19674479961395
test_02007,8.031881537288427
test_02008,70.69475252181292
test_02009,15.804519294761123
test_02010,21.056564010679722
test_02011,42.6559741795063
test_02012,96.40640790015459
test_02013,222.2045555114746
test_02014,8.020696945954114
test_02015,481.7384629547596
test_02016,8.545289610046893
test_02017,13.850554335862398
test_02018,78.61659461259842
test_02019,10.02897293586284
test_02020,63.253706257790334
test_02021,107.82661893963814
test_02022,274.58298793435097
test_02023,9.41492721857503
test_02024,15.747356288135054
test_02025,85.2754075229168
test_02026,11.195453711785376
test_02027,9.425522658508271
test_02028,11.659594520926476
test_02029,159.37013329565525
test_02030,170.40632718801498
test_02031,113.7041827365756
test_02032,214.19283927977085
test_02033,285.2649593055248
test_02034,8.640415508765727
test_02035,74.30673623085022
test_02036,146.26193895936012
test_02037,8.755368743091822
test_02038,53.662024319171906
test_02039,101.01155323535204
test_02040,23.041318049654365
test_02041,31.032177671790123
test_02042,11.273117701523006
test_02043,28.438817700371146
test_02044,73.8879698291421
test_02045,8.594822432845831
test_02046,130.9567270874977
test_02047,139.52627359330654
test_02048,307.7943317294121
test_02049,43.712892293930054
test_02050,31.683924900367852
test_02051,95.30590093880892
test_02052,9.622103306930512
test_02053,11.354922000318766
test_02054,10.833297842182219
test_02055,18.429481737315655
test_02056,80.87757662683725
test_02057,11.543803289532661
test_02058,70.9039908722043
test_02059,200.02634517848492
test_02060,265.66819220781326
test_02061,24.241519270464778
test_02062,53.74298087134957
test_02063,35.50825381651521
test_02064,127.6025697737932
test_02065,60.00256733596325
test_02066,8.814160853158683
test_02067,16.882104598917067
test_02068,16.404367345385253
test_02069,10.791848325170577
test_02070,27.415738882496953
test_02071,10.293755867518485
test_02072,9.187233433593065
test_02073,54.35744396224618
test_02074,76.44987682253122
test_02075,9.484279948752373
test_02076,15.47371240798384
test_02077,87.58690149337053
test_02078,85.36192410439253
test_02079,23.464676953852177
test_02080,10.730832853354514
test_02081,49.853927940130234
test_02082,55.5558809787035
test_02083,36.54443974420428
test_02084,79.15498521178961
test_02085,49.50099793076515
test_02086,42.13595359027386
test_02087,79.67146996408701
test_02088,15.601832642219962
test_02089,17.273659541271627
test_02090,22.596641985699534
test_02091,48.39606374502182
test_02092,67.10913159698248
test_02093,36.485819876194
test_02094,15.788946941494943
test_02095,31.29544710181653
test_02096,64.10886624827981
test_02097,64.3784106746316
test_02098,57.06894062831998
test_02099,63.96564999595285
test_02100,40.324984822422266
test_02101,137.88686348497868
test_02102,169.3810384720564
test_02103,34.5669560842216
test_02104,12.306641537696123
test_02105,57.147716995328665
test_02106,54.99546939507127
test_02107,27.063921250402927
test_02108,29.495641104876995
test_02109,53.291708540171385
test_02110,24.19551624916494
test_02111,78.21980091184378
test_02112,119.15303373336792
test_02113,13.984370164573193
test_02114,32.12664362601936
test_02115,64.99813295155764
test_02116,13.416225794702768
test_02117,23.332736752927303
test_02118,68.75196611881256
test_02119,98.27356750518084
test_02120,77.65798910707235
test_02121,50.29616383090615
test_02122,32.84205634705722
test_02123,52.75546841323376
test_02124,16.02479227911681
test_02125,11.690816295333207
test_02126,17.431320913136005
test_02127,67.52560267597437
test_02128,57.470763240009546
test_02129,16.10771081224084
test_02130,73.54343371838331
test_02131,28.155824465677142
test_02132,33.1580959148705
test_02133,51.459554463624954
test_02134,51.824833903461695
test_02135,92.58520069718361
test_02136,51.72874976322055
test_02137,54.58037253841758
test_02138,66.82455614954233
test_02139,76.39376398175955
test_02140,40.74222472310066
test_02141,9.78980625141412
test_02142,47.68276435509324
test_02143,18.662819119170308
test_02144,38.94238344207406
test_02145,13.935671624727547
test_02146,15.734650302678348
test_02147,18.62316351942718
test_02148,21.785367971286178
test_02149,61.32171307131648
test_02150,78.49904289096594
test_02151,110.91864148527384
test_02152,40.95077596232295
test_02153,32.44396270625293
test_02154,10.03143725078553
test_02155,16.79658989980817
test_02156,73.81644341349602
test_02157,63.69617613777519
test_02158,40.9241457618773
test_02159,115.71464773267508
test_02160,34.817331966012716
test_02161,15.2658817069605
test_02162,44.68181932345033
test_02163,61.37947869300842
test_02164,35.543147921562195
test_02165,86.46068543195724
test_02166,103.72221793979406
test_02167,63.64288973808289
test_02168,43.92418083548546
test_02169,119.44481456279755
test_02170,99.36799817532301
test_02171,84.82003480941057
test_02172,12.20892225857824
test_02173,40.2655589915812
test_02174,32.67799277044833
test_02175,21.943776808679104
test_02176,43.79626302048564
test_02177,84.81981939077377
test_02178,68.32835651189089
test_02179,9.238274186849594
test_02180,13.845336005091667
test_02181,76.54031550884247
test_02182,111.26975900679827
test_02183,104.49927010387182
test_02184,36.587538328021765
test_02185,26.374559327960014
test_02186,24.04913185723126
test_02187,170.54724068939686
test_02188,41.9689038656652
test_02189,35.890569899231195
test_02190,49.098012801259756
test_02191,33.18794996663928
test_02192,60.462162997573614
test_02193,66.55609995871782
test_02194,101.98181363195181
test_02195,17.628937799483538
test_02196,21.363069446757436
test_02197,33.48670218884945
test_02198,127.49212686717509
test_02199,116.89268311858177
test_02200,13.916963630355895
test_02201,18.724816974252462
test_02202,14.423305136151612
test_02203,13.816640757024288
test_02204,27.63701839186251
test_02205,52.940561305731535
test_02206,53.008221328258514
test_02207,21.600169226527214
test_02208,41.52081824466586
test_02209,61.52120929956436
test_02210,42.48967842012644
test_02211,64.64550007134676
test_02212,94.1286306604743
test_02213,9.128562960773706
test_02214,12.685774624347687
test_02215,11.21711257006973
test_02216,12.45879487786442
test_02217,17.598253643140197
test_02218,19.210157020017505
test_02219,8.7647566315718
test_02220,12.779612653888762
test_02221,13.383815503679216
test_02222,110.06869611144066
test_02223,33.01931988634169
test_02224,15.684680607169868
test_02225,38.98415980115533
test_02226,15.401133040897548
test_02227,10.957482043653727
test_02228,12.432553730905056
test_02229,20.23629998229444
test_02230,30.43284031189978
test_02231,106.32802576571703
test_02232,89.77326694875956
test_02233,45.78783803060651
test_02234,26.573793711140752
test_02235,19.10659265331924
test_02236,12.879548330791295
test_02237,20.274176521226764
test_02238,78.11226987093687
test_02239,129.8846850991249
test_02240,17.285563278011978
test_02241,129.24551571905613
test_02242,20.618348648771644
test_02243,9.596784188877791
test_02244,8.879749328363687
test_02245,20.967867244035006
test_02246,195.66028481721878
test_02247,150.11343105137348
test_02248,54.09852561727166
test_02249,36.30350514128804
test_02250,78.16376978158951
test_02251,81.958799906075
test_02252,43.41849672794342
test_02253,13.622001661919057
test_02254,59.718794137239456
test_02255,121.34004544466734
test_02256,73.421566195786
test_02257,105.00584559887648
test_02258,146.76627112925053
test_02259,248.04220850765705
test_02260,94.22116410732269
test_02261,68.51315598934889
test_02262,53.89730232581496
test_02263,169.6456022709608
test_02264,123.31343615055084
test_02265,36.39088339731097
test_02266,10.3403754318133
test_02267,19.72749230451882
test_02268,25.088968759402633
test_02269,8.384947576094419
test_02270,36.74815892055631
test_02271,6.8149593733251095
test_02272,29.755326414480805
test_02273,10.15958162676543
test_02274,11.705708037130535
test_02275,74.14755671471357
test_02276,138.43438337743282
test_02277,289.0666971206665
test_02278,210.86444306373596
test_02279,159.36200681328773
test_02280,70.1435185149312
test_02281,14.360725093632936
test_02282,45.62593978270888
test_02283,160.22637037932873
test_02284,73.34279725700617
test_02285,62.65882397815586
test_02286,54.08019274845719
test_02287,62.055228386074305
test_02288,15.47481735702604
test_02289,67.59626741707325
test_02290,129.18724869191647
test_02291,172.73628030717373
test_02292,26.756773272529244
test_02293,47.798492446541786
test_02294,9.99254397302866
test_02295,12.380876471288502
test_02296,11.27003962919116
test_02297,83.62773722410202
test_02298,99.25739184767008
test_02299,226.78070104122162
test_02300,31.460769763216373
test_02301,53.389616310596466
test_02302,81.30836933106184
test_02303,10.080876756459475
test_02304,34.17299625277519
test_02305,66.35379957407713
test_02306,274.6225655376911
test_02307,105.97161934524775
test_02308,15.22360394243151
test_02309,48.90274694934487
test_02310,132.55615846812725
test_02311,13.56828813906759
test_02312,18.160511141642928
test_02313,45.04280153289437
test_02314,192.125086709857
test_02315,12.28109585866332
test_02316,15.740742378868164
test_02317,11.890813000500202
test_02318,25.20305892638862
test_02319,70.10318323224783
test_02320,107.49865520745516
test_02321,74.57176057994366
test_02322,375.41052770614624
test_02323,386.65855982899666
test_02324,10.03839750122279
test_02325,37.36198318377137
test_02326,138.968621596694
test_02327,149.92931497097015
test_02328,18.75057621486485
test_02329,58.04522531852126
test_02330,23.482044152915478
test_02331,45.06807979568839
test_02332,123.77443946152925
test_02333,302.7348759174347
test_02334,284.0298231244087
test_02335,146.80477906763554
test_02336,90.3759860098362
test_02337,243.79847621917725
test_02338,130.61137387156487
test_02339,143.9603913873434
test_02340,34.025415915995836
test_02341,15.861465954221787
test_02342,8.823825907427818
test_02343,50.57375302910805
test_02344,20.285372719168663
test_02345,17.308744923211634
test_02346,11.866386198438704
test_02347,88.41789745539427
test_02348,137.35061964392662
test_02349,154.89211466908455
test_02350,41.12527248635888
test_02351,8.796555950772017
test_02352,41.79404707252979
test_02353,11.727805160917342
test_02354,14.177694463171065
test_02355,23.662414548918605
test_02356,87.03773253411055
test_02357,180.58851246535778
test_02358,8.535164934117347
test_02359,210.44443614780903
test_02360,10.19088139757514
test_02361,15.167128975503147
test_02362,70.32770144939423
test_02363,9.804698921740055
test_02364,33.222023252397776
test_02365,52.696191146969795
test_02366,225.51510912179947
test_02367,11.660107997246087
test_02368,10.74742194544524
test_02369,87.31724935770035
test_02370,8.412086610216647
test_02371,8.77344162389636
test_02372,11.079512058757246
test_02373,131.94717741012573
test_02374,86.93953877687454
test_02375,124.00435800105333
test_02376,213.05262100696564
test_02377,232.1165463924408
test_02378,7.701254785060883
test_02379,30.216485718265176
test_02380,111.04865777492523
test_02381,8.1731316302903
test_02382,22.218834837898612
test_02383,96.44580722600222
test_02384,16.009717617183924
test_02385,24.274095768108964
test_02386,34.059819757938385
test_02387,20.626285711303353
test_02388,55.962713930755854
test_02389,14.340590879321098
test_02390,202.2806789278984
test_02391,127.31503789126872
test_02392,384.66856703162193
test_02393,59.25571835041046
test_02394,52.43954584002495
test_02395,118.08105117082596
test_02396,9.311889327596873
test_02397,8.466400891076773
test_02398,10.767240460030735
test_02399,22.087110055610538
test_02400,94.25183526426554
test_02401,10.18248749896884
test_02402,120.07286388427019
test_02403,256.7742549479008
test_02404,272.9289293587208
test_02405,48.53118694201112
test_02406,45.431736167520285
test_02407,48.73400730267167
test_02408,129.23006500303745
test_02409,52.576656088232994
test_02410,13.537360708229244
test_02411,30.539981370791793
test_02412,32.926121613010764
test_02413,12.624995927326381
test_02414,48.5144511424005
test_02415,11.070005782879889
test_02416,11.754461360163987
test_02417,116.38315861672163
test_02418,90.81893872469664
test_02419,7.877305201720446
test_02420,16.752658425830305
test_02421,68.71435699611902
test_02422,93.90545695275068
test_02423,107.97045173496008
test_02424,20.301601542159915
test_02425,15.463140181265771
test_02426,58.534630462527275
test_02427,61.96165870130062
test_02428,38.5142351873219
test_02429,89.63176661729813
test_02430,62.571100309491165
test_02431,38.43520626053214
test_02432,86.2280630171299
test_02433,10.399031512439251
test_02434,13.623305316083133
test_02435,28.193480014801025
test_02436,63.711199730634696
test_02437,79.02194563299417
test_02438,51.21202730759978
test_02439,31.592676537111398
test_02440,68.55632885545492
test_02441,67.07086136192083
test_02442,80.18354234844446
test_02443,94.72101705521345
test_02444,98.5140341296792
test_02445,62.94296858832241
test_02446,145.03203225135803
test_02447,188.33860647678375
test_02448,42.52441653236747
test_02449,11.865175397135317
test_02450,28.62378059886396
test_02451,45.292174603790045
test_02452,15.450036785565317
test_02453,26.85206259228289
test_02454,177.10898150503635
test_02455,22.007063461467624
test_02456,40.060513876378536
test_02457,146.94968895614147
test_02458,16.78898432198912
test_02459,34.89389472082257
test_02460,54.64243167638779
test_02461,35.76470598950982
test_02462,41.45894852653146
test_02463,48.8282566703856
test_02464,76.65413825958967
test_02465,121.75654623657465
test_02466,88.63492058962584
test_02467,76.29912834614515
test_02468,81.54623607546091
test_02469,45.92511912807822
test_02470,12.117748177610338
test_02471,19.15154086612165
test_02472,84.75681315362453
test_02473,34.319206081330776
test_02474,11.431797669269145
test_02475,99.75826246291399
test_02476,41.390330262482166
test_02477,30.61904743872583
test_02478,43.920797277241945
test_02479,93.17596030980349
test_02480,70.66578985750675
test_02481,67.01435482501984
test_02482,127.66701708734034
test_02483,88.65637331455946
test_02484,168.64512383937836
test_02485,43.97444023191929
test_02486,10.521843348629773
test_02487,55.8789160810411
test_02488,69.44155088812113
test_02489,66.27934643626213
test_02490,16.97442541271448
test_02491,28.38407351076603
test_02492,34.15830693021417
test_02493,45.51579400524497
test_02494,119.1686998680234
test_02495,85.22848340123892
test_02496,168.11633794009686
test_02497,62.811548363417394
test_02498,134.2038139104843
test_02499,11.537976772524416
test_02500,16.53092022333294
test_02501,30.477019703015685
test_02502,73.01920875161886
test_02503,93.42978288978338
test_02504,113.7933214828372
test_02505,51.1442855745554
test_02506,36.65745281800628
test_02507,43.41875300183892
test_02508,129.72536444664001
test_02509,58.7596649415791
test_02510,93.97748105973005
test_02511,78.92201367020607
test_02512,63.41863522306085
test_02513,70.54519256204367
test_02514,113.211141474545
test_02515,81.92346382141113
test_02516,63.7145684324205
test_02517,23.441324459388852
test_02518,58.482677429914474
test_02519,34.37098455056548
test_02520,31.333643054589626
test_02521,93.2676469385624
test_02522,94.73335534334183
test_02523,92.73910617083311
test_02524,11.376463863998652
test_02525,35.999393451958895
test_02526,68.92566782236099
test_02527,138.41810069978237
test_02528,127.22815732657908
test_02529,26.751978350803256
test_02530,42.38015289977193
test_02531,21.20986965484917
test_02532,122.8829331472516
test_02533,120.88095861673355
test_02534,31.89461546950042
test_02535,63.37402870878578
test_02536,165.01638947427273
test_02537,91.99471592903137
test_02538,105.80849543958902
test_02539,68.45263820886612
test_02540,132.67168228328228
test_02541,21.501743337139487
test_02542,45.3049548715353
test_02543,65.58912283927202
test_02544,73.83583109080791
test_02545,85.124696187675
test_02546,49.203218806535006
test_02547,29.748832285404205
test_02548,16.60171402990818
test_02549,15.610480029135944
test_02550,30.865571783855557
test_02551,88.00756952166557
test_02552,59.147455628961325
test_02553,34.44783700630069
test_02554,69.55278118699789
test_02555,65.31682625412941
test_02556,41.49019165709615
test_02557,87.02918264269829
test_02558,105.17616003006697
test_02559,10.229734748601913
test_02560,37.18931771814823
test_02561,15.390857943333685
test_02562,26.651247853413224
test_02563,43.06186746060848
test_02564,27.73296696692705
test_02565,11.108927845023572
test_02566,13.883746447972953
test_02567,15.324129234999418
test_02568,131.44783701002598
test_02569,39.91737933456898
test_02570,13.757123001851141
test_02571,40.64610715582967
test_02572,12.260505736805499
test_02573,10.208555939607322
test_02574,12.790619431994855
test_02575,33.815434742718935
test_02576,46.360680755227804
test_02577,67.20846930146217
test_02578,58.452637672424316
test_02579,156.99333776533604
test_02580,32.11730262823403
test_02581,24.818523660302162
test_02582,14.958103258162737
test_02583,40.28998672217131
test_02584,61.16754760965705
test_02585,93.40254357457161
test_02586,121.59943919628859
test_02587,27.007624560967088
test_02588,195.63566766679287
test_02589,38.02041024714708
test_02590,9.297307714354247
test_02591,9.665952141862363
test_02592,47.79435120895505
test_02593,85.94168993830681
test_02594,216.15833377838135
test_02595,187.08782644569874
test_02596,102.54514079540968
test_02597,42.975339736789465
test_02598,59.78408455476165
test_02599,56.18019390106201
test_02600,45.64796448126435
test_02601,12.967052866704762
test_02602,52.801289442926645
test_02603,156.24081361293793
test_02604,51.85959801450372
test_02605,136.83284237980843
test_02606,254.64357149600986
test_02607,112.94558972120285
test_02608,105.63464517146349
test_02609,44.057978093624115
test_02610,152.4937178492546
test_02611,35.73418711125851
test_02612,45.86862001940608
test_02613,11.476968728937209
test_02614,26.603467628359795
test_02615,56.233409732580185
test_02616,115.86340544372797
test_02617,9.421891183126718
test_02618,67.04354033619165
test_02619,8.268141462933272
test_02620,29.320659888908267
test_02621,15.73937558475882
test_02622,11.986514586955309
test_02623,75.64458253234625
test_02624,157.05904787778854
test_02625,292.31672552227974
test_02626,252.25105783343318
test_02627,110.6692461296916
test_02628,109.81936760991812
test_02629,11.969809428788722
test_02630,95.24839901924133
test_02631,225.47634862363338
test_02632,35.039038598537445
test_02633,68.59084040671587
test_02634,59.79082938656211
test_02635,19.609290612861514
test_02636,18.139907091856003
test_02637,99.3876681253314
test_02638,63.61209601536394
test_02639,185.5041874796152
test_02640,23.24540120922029
test_02641,76.99362317472696
test_02642,10.798517017625272
test_02643,9.713006257545203
test_02644,15.15800803899765
test_02645,89.14744609594345
test_02646,202.82692116498947
test_02647,251.47602614760402
test_02648,15.383606134913862
test_02649,152.1215190142393
test_02650,113.52434531599283
test_02651,9.092758897691965
test_02652,129.36031156778336
test_02653,219.25834167003632
test_02654,496.0242841243744
test_02655,64.26036868989468
test_02656,42.77384531497955
test_02657,133.9826606810093
test_02658,214.3266068249941
test_02659,10.397928420454264
test_02660,22.81296686641872
test_02661,179.486831843853
test_02662,216.88150157034397
test_02663,11.072265821509063
test_02664,13.49632067233324
test_02665,8.891886125784367
test_02666,86.5274800658226
test_02667,259.96108397841454
test_02668,200.38613887131214
test_02669,253.59321993589404
test_02670,360.62169659137726
test_02671,393.62421801686287
test_02672,11.603700812906027
test_02673,90.9156988337636
test_02674,143.9325800985098
test_02675,188.7806306630373
test_02676,16.2501183161512
test_02677,146.1234322041273
test_02678,12.43373853340745
test_02679,373.1837229728699
test_02680,336.38852617144585
test_02681,134.7785805463791
test_02682,331.5460934937
test_02683,489.6803686916828
test_02684,252.51342287659648
test_02685,234.45897893607616
test_02686,159.62945276498795
test_02687,17.79977777786553
test_02688,13.742565530352294
test_02689,9.359351995866746
test_02690,28.648104334250093
test_02691,59.457498759031296
test_02692,10.493315235711634
test_02693,30.931664450094104
test_02694,71.0209780484438
test_02695,136.99656054377556
test_02696,178.30385668575764
test_02697,66.51552697271109
test_02698,9.317184261977673
test_02699,69.03926029801369
test_02700,11.583333537913859
test_02701,23.207994505763054
test_02702,131.3101027905941
test_02703,195.52681440114975
test_02704,313.77515533566475
test_02705,10.982974796555936
test_02706,297.99792408943176
test_02707,11.083616155199707
test_02708,11.160830737091601
test_02709,99.8462572619319
test_02710,10.280948672443628
test_02711,40.4635621458292
test_02712,76.53008683770895
test_02713,266.21921822428703
test_02714,9.294336422812194
test_02715,11.787631187587976
test_02716,50.17628335952759
test_02717,8.454978596419096
test_02718,9.070610240567476
test_02719,9.989152058027685
test_02720,91.7311697974801
test_02721,128.64292293787003
test_02722,190.81242953240871
test_02723,245.57627423107624
test_02724,286.9686384499073
test_02725,8.135048493742943
test_02726,85.4119606539607
test_02727,177.7753084897995
test_02728,8.64586318610236
test_02729,43.62278787791729
test_02730,16.953971784561872
test_02731,36.282438684254885
test_02732,18.2205980848521
test_02733,24.11237951181829
test_02734,94.44362470507622
test_02735,9.373792472761124
test_02736,202.04808622598648
test_02737,405.47301557660103
test_02738,34.77118780836463
test_02739,38.56556424871087
test_02740,118.93940529972315
test_02741,8.133472316432744
test_02742,9.172350048553199
test_02743,13.73532300721854
test_02744,11.853649571537971
test_02745,216.21015310287476
test_02746,74.61856584995985
test_02747,320.27785658836365
test_02748,257.00548085570335
test_02749,42.991028156131506
test_02750,46.13753676041961
test_02751,38.862567123025656
test_02752,130.45489080250263
test_02753,63.88418461009861
test_02754,12.41589592769742
test_02755,40.133897349238396
test_02756,63.01715430989862
test_02757,18.605891030281782
test_02758,60.25019105896354
test_02759,9.97328536119312
test_02760,9.763687670230865
test_02761,108.71271750330925
test_02762,127.89986234903334
test_02763,12.473727474920452
test_02764,24.601431814953685
test_02765,77.55423903465271
test_02766,101.30588194727898
test_02767,63.60267702117563
test_02768,11.630312442779541
test_02769,86.87300413101912
test_02770,56.61006921902299
test_02771,45.49871650710702
test_02772,110.27256385236979
test_02773,20.043544871732593
test_02774,32.67309385351837
test_02775,104.68964075297117
test_02776,20.021412463858724
test_02777,30.346186308190227
test_02778,58.90737898647785
test_02779,73.60075736045837
test_02780,38.46149476245046
test_02781,16.25428926665336
test_02782,50.042055264115334
test_02783,59.03122613206506
test_02784,65.2626076117158
test_02785,85.3326420262456
test_02786,72.15362695604563
test_02787,54.244371462613344
test_02788,170.18548594415188
test_02789,204.21705476939678
test_02790,11.137130044400692
test_02791,43.333967197686434
test_02792,13.29221801366657
test_02793,20.05472064204514
test_02794,51.64580615982413
test_02795,19.049852127209306
test_02796,34.969852074980736
test_02797,129.54725037515163
test_02798,20.719795970246196
test_02799,37.726631224155426
test_02800,70.39915358275175
test_02801,28.939725456759334
test_02802,46.03408381715417
test_02803,47.459055814892054
test_02804,86.16530191153288
test_02805,105.31931685656309
test_02806,58.084594931453466
test_02807,38.596019987016916
test_02808,61.77242085710168
test_02809,22.79253180883825
test_02810,16.650804408825934
test_02811,14.779744055122137
test_02812,98.7703897356987
test_02813,48.018323451280594
test_02814,12.312644475139678
test_02815,84.91611894965172
test_02816,36.43706098198891
test_02817,26.884167397394776
test_02818,39.80214150622487
test_02819,70.33969803899527
test_02820,99.30990942567587
test_02821,46.1224054582417
test_02822,146.68586798012257
test_02823,77.62843218445778
test_02824,165.65013624727726
test_02825,42.977219078689814
test_02826,9.178933780640364
test_02827,61.93477222695947
test_02828,33.46397180855274
test_02829,55.324658785015345
test_02830,16.194881077855825
test_02831,15.75231927353889
test_02832,23.4098844807595
test_02833,23.46528792567551
test_02834,77.50507901608944
test_02835,83.07406675815582
test_02836,139.37045906484127
test_02837,47.87731709703803
test_02838,160.78714223206043
test_02839,14.495968070812523
test_02840,22.50049470551312
test_02841,68.59553504735231
test_02842,102.15576789528131
test_02843,65.53635270148516
test_02844,99.75745278596878
test_02845,42.18930312991142
test_02846,14.276953242719173
test_02847,94.44370641559362
test_02848,118.95087448507547
test_02849,115.32419773936272
test_02850,35.24872264266014
test_02851,53.29821938276291
test_02852,128.53344570100307
test_02853,84.21450044959784
test_02854,85.4971921518445
test_02855,16.244007669389248
test_02856,34.59049614146352
test_02857,34.49060131981969
test_02858,25.096686689183116
test_02859,72.05966728925705
test_02860,77.12618734687567
test_02861,11.066744790412486
test_02862,22.172610826790333
test_02863,75.06862737983465
test_02864,88.20477414131165
test_02865,113.84632932394743
test_02866,38.28320984169841
test_02867,54.018698155879974
test_02868,22.049831489101052
test_02869,92.66031494736671
test_02870,173.14759619534016
test_02871,36.48896944522858
test_02872,52.33970673009753
test_02873,72.36665370315313
test_02874,106.60073090344667
test_02875,163.61752027273178
test_02876,67.76083239912987
test_02877,102.86589914560318
test_02878,20.13890290260315
test_02879,18.49415561184287
test_02880,39.26125502213836
test_02881,91.7543161585927
test_02882,103.70243656635284
test_02883,47.35051453486085
test_02884,22.528460130095482
test_02885,11.780059036798775
test_02886,18.80321635864675
test_02887,41.34450923278928
test_02888,65.54182730615139
test_02889,38.885234363377094
test_02890,25.546005396172404
test_02891,28.624196579679847
test_02892,52.95909473672509
test_02893,81.25184050947428
test_02894,75.29548548907042
test_02895,148.2430475950241
test_02896,10.00678388774395
test_02897,24.1012520249933
test_02898,10.600621572695673
test_02899,13.144557823427022
test_02900,19.016393527388573
test_02901,27.945731868967414
test_02902,11.949339087121189
test_02903,13.450770772993565
test_02904,14.019587397575378
test_02905,27.97824522666633
test_02906,16.729203793220222
test_02907,34.35235083848238
test_02908,13.676669712178409
test_02909,11.708846463821828
test_02910,10.405398433096707
test_02911,23.76272535137832
test_02912,33.78584439307451
test_02913,91.56783790141344
test_02914,153.5835430175066
test_02915,24.39148406870663
test_02916,17.8765448089689
test_02917,14.299599126912653
test_02918,29.148386262357235
test_02919,38.06415880098939
test_02920,68.53569323569536
test_02921,119.06124310940504
test_02922,17.653060972690582
test_02923,175.99657452106476
test_02924,23.983206326141953
test_02925,11.34676859062165
test_02926,11.378636620938778
test_02927,33.98384011909366
test_02928,77.3341926112771
test_02929,208.24841399490833
test_02930,159.54701428115368
test_02931,39.389889661222696
test_02932,56.26279580593109
test_02933,84.52623350173235
test_02934,91.54356244951487
test_02935,81.04087138175964
test_02936,20.597061201930046
test_02937,44.24320840835571
test_02938,152.37164233624935
test_02939,85.57934836298227
test_02940,122.00092753767967
test_02941,194.36610907316208
test_02942,165.30610525608063
test_02943,138.15167984366417
test_02944,78.28984168171883
test_02945,48.648604955524206
test_02946,155.7264681905508
test_02947,84.38763017952442
test_02948,33.991639759391546
test_02949,11.062807829119265
test_02950,21.303015930578113
test_02951,38.886697724461555
test_02952,61.76003799960017
test_02953,7.526579983532429
test_02954,6.441652339417487
test_02955,25.717266926541924
test_02956,18.499799208715558
test_02957,9.344960730988532
test_02958,79.37548475712538
test_02959,134.927234262228
test_02960,274.36299350857735
test_02961,147.09412343800068
test_02962,111.08234479278326
test_02963,91.65298026055098
test_02964,10.174052745103836
test_02965,82.5613109767437
test_02966,158.33991223573685
test_02967,91.22833812981844
test_02968,48.262738179415464
test_02969,57.618429001420736
test_02970,64.06544825062156
test_02971,14.589569325558841
test_02972,83.23223603516817
test_02973,125.88594322651623
test_02974,165.21289584040642
test_02975,41.67596423253417
test_02976,65.19463931769133
test_02977,10.730461441911757
test_02978,10.516937003470957
test_02979,11.171388107351959
test_02980,88.50544656068087
test_02981,141.19943757355213
test_02982,211.21709080040455
test_02983,14.13278339151293
test_02984,70.22554101794958
test_02985,115.86050843447447
test_02986,9.335329103749245
test_02987,60.01589357852936
test_02988,131.93312320113182
test_02989,448.8608843386173
test_02990,239.3735100030899
test_02991,56.50855132937431
test_02992,41.649215180426836
test_02993,133.28923551738262
test_02994,16.144750746898353
test_02995,17.084066070616245
test_02996,62.68942085281015
test_02997,189.26403008401394
test_02998,10.518254585564137
test_02999,10.773420746438205
test_03000,9.799126821570098
test_03001,43.19029039517045
test_03002,210.93948303163052
test_03003,101.4504947066307
test_03004,80.17672323435545
test_03005,359.06714656949043
test_03006,412.26907244324684
test_03007,15.394225716590881
test_03008,55.71277631446719
test_03009,136.0096609145403
test_03010,187.91836185753345
test_03011,12.380486489273608
test_03012,123.35505651682615
test_03013,10.873527272604406
test_03014,155.800705909729
test_03015,203.48216523230076
test_03016,351.1530224084854
test_03017,337.6499582827091
test_03018,191.30085043609142
test_03019,410.2972936630249
test_03020,264.66006270051
test_03021,262.390887349844
test_03022,171.5536468476057
test_03023,26.524045005440712
test_03024,15.13192381337285
test_03025,11.619124601595104
test_03026,39.627485275268555
test_03027,26.905209712684155
test_03028,9.866918695159256
test_03029,30.553829446434975
test_03030,64.05908968672156
test_03031,122.19001310318708
test_03032,197.35690714418888
test_03033,87.26508090645075
test_03034,9.205623406916857
test_03035,97.15040444582701
test_03036,15.731822933070363
test_03037,16.184285637922585
test_03038,90.69441932439804
test_03039,142.14704187214375
test_03040,241.3780769854784
test_03041,10.463983017019928
test_03042,489.95135048031807
test_03043,9.691969513427466
test_03044,12.657368148677051
test_03045,98.57513874024153
test_03046,10.037908166646957
test_03047,27.617062455043197
test_03048,81.99181838333607
test_03049,267.34539714455605
test_03050,9.494384661316872
test_03051,13.823255594819784
test_03052,109.50415071845055
test_03053,8.541185513604432
test_03054,8.73176322458312
test_03055,10.776117193512619
test_03056,66.25959477573633
test_03057,165.7891184091568
test_03058,199.72535334527493
test_03059,266.07814130187035
test_03060,261.7130763232708
test_03061,9.624564372003078
test_03062,77.78452155739069
test_03063,152.98405523598194
test_03064,7.689451329410076
test_03065,74.25315641611814
test_03066,84.44057116657495
test_03067,19.503713196143508
test_03068,25.067250475287437
test_03069,16.777179937809706
test_03070,20.177382985129952
test_03071,100.82699888944626
test_03072,11.884479506872594
test_03073,182.49865180253983
test_03074,137.62473614513874
test_03075,59.74976613745093
test_03076,46.132671270519495
test_03077,118.73985335975885
test_03078,9.668054330628365
test_03079,8.322518419474363
test_03080,11.96212399750948
test_03081,16.556602396070957
test_03082,98.7903568148613
test_03083,10.51608182862401
test_03084,94.77171471714973
test_03085,280.4451084434986
test_03086,264.58007553219795
test_03087,60.066019266843796
test_03088,41.77536879107356
test_03089,46.55796708539128
test_03090,123.59351009130478
test_03091,58.85582707822323
test_03092,11.372635540552437
test_03093,35.044747192412615
test_03094,35.575015023350716
test_03095,15.273045305162668
test_03096,53.24919678643346
test_03097,11.333239000290632
test_03098,12.635270096361637
test_03099,121.85465828329325
test_03100,71.01406979560852
test_03101,9.604525331873447
test_03102,11.471378986723721
test_03103,99.93796617537737
test_03104,137.60118865966797
test_03105,120.59538035839796
test_03106,33.0211398024112
test_03107,24.302820729091763
test_03108,77.24817372113466
test_03109,77.59221214056015
test_03110,47.87602458521724
test_03111,79.9219498410821
test_03112,66.40847876667976
test_03113,36.95703328773379
test_03114,101.87419345229864
test_03115,15.386063021607697
test_03116,31.031681837514043
test_03117,70.52036742120981
test_03118,89.52924963086843
test_03119,16.061458945274353
test_03120,45.82569971308112
test_03121,49.70778125151992
test_03122,62.357193317264326
test_03123,67.07633596658707
test_03124,97.96132933348417
test_03125,57.299687415361404
test_03126,160.18896181881428
test_03127,29.70121176727116
test_03128,12.226729580201209
test_03129,16.582427562214434
test_03130,47.86251263692975
test_03131,23.469436591491103
test_03132,23.29491963982582
test_03133,59.41529527679086
test_03134,20.43440713174641
test_03135,40.71765957027674
test_03136,109.8746187761426
test_03137,28.432054297998548
test_03138,39.182181525975466
test_03139,51.42628714069724
test_03140,40.74491374194622
test_03141,44.80904631316662
test_03142,45.61672877892852
test_03143,73.82493387907743
test_03144,100.59478502720594
test_03145,79.68692810833454
test_03146,78.2877097800374
test_03147,80.91379667073488
test_03148,49.02368965744972
test_03149,14.251054722815752
test_03150,24.687563985586166
test_03151,81.70725036412477
test_03152,39.028595466166735
test_03153,16.726800761185586
test_03154,97.17869114130735
test_03155,37.00784980133176
test_03156,32.733674773946404
test_03157,46.37273305654526
test_03158,89.53351343423128
test_03159,63.23641705513001
test_03160,84.02482805401087
test_03161,117.43556779623032
test_03162,87.36273983120918
test_03163,186.9007836431265
test_03164,36.509943049401045
test_03165,10.789192733354867
test_03166,68.38059924542904
test_03167,82.57777936011553
test_03168,54.47246265783906
test_03169,21.462098879739642
test_03170,29.057292034849524
test_03171,43.585494454950094
test_03172,46.93081960454583
test_03173,106.09019616246223
test_03174,105.53758793324232
test_03175,167.33010448515415
test_03176,69.82777421921492
test_03177,129.36800721287727
test_03178,10.670466423034668
test_03179,29.07995741814375
test_03180,69.67152885347605
test_03181,101.4537408426404
test_03182,113.43753903359175
test_03183,69.80682661384344
test_03184,30.24877251498401
test_03185,40.17087135836482
test_03186,102.2180387377739
test_03187,58.38220692053437
test_03188,91.65929425507784
test_03189,78.81051595509052
test_03190,74.54768569022417
test_03191,70.18704793602228
test_03192,112.8588280081749
test_03193,88.00353599339724
test_03194,58.42828422412276
test_03195,33.031416757032275
test_03196,43.13055257871747
test_03197,32.72969695739448
test_03198,35.35089421644807
test_03199,100.48411184549332
test_03200,98.68059730529785
test_03201,100.86105731874704
test_03202,10.8328911466524
test_03203,35.8461490906775
test_03204,63.874877039343126
test_03205,155.39858616888523
test_03206,123.6756737306714
test_03207,28.56103434972465
test_03208,49.27728567644954
test_03209,19.34073414094746
test_03210,93.45409548282623
test_03211,124.0015649870038
test_03212,42.053110267966986
test_03213,70.50150714814663
test_03214,147.53128956258297
test_03215,92.27158087491989
test_03216,93.28257025033236
test_03217,82.74469909071922
test_03218,127.36271226406096
test_03219,19.380917144939303
test_03220,59.258507650345564
test_03221,69.86967685818672
test_03222,73.55104022473097
test_03223,51.215626284480095
test_03224,32.84349928051233
test_03225,20.696044208481908
test_03226,13.353044065646827
test_03227,32.477813145145774
test_03228,93.52914287894964
test_03229,60.40258860215545
test_03230,36.648969780653715
test_03231,67.35924006253481
test_03232,71.44906687736511
test_03233,35.30669625476003
test_03234,92.03705683350563
test_03235,122.3000251725316
test_03236,11.0815808204934
test_03237,33.46794219687581
test_03238,12.724638189189136
test_03239,27.757010286673903
test_03240,49.156576957553625
test_03241,34.02274918183684
test_03242,12.904119983315468
test_03243,21.131717259064317
test_03244,19.03409313969314
test_03245,119.86069881170988
test_03246,38.755652625113726
test_03247,20.42292494699359
test_03248,42.50716818496585
test_03249,12.955011707730591
test_03250,12.004089776426554
test_03251,15.31209921836853
test_03252,31.65858535468578
test_03253,35.053430791944265
test_03254,58.11024460569024
test_03255,80.4042944535613
test_03256,136.92033205926418
test_03257,29.674728274345398
test_03258,32.7677889149636
test_03259,17.866379277780652
test_03260,20.718282468616962
test_03261,54.61209850385785
test_03262,91.33888503164053
test_03263,93.9224898815155
test_03264,41.50876222923398
test_03265,194.00267554819584
test_03266,41.67617965117097
test_03267,11.341903100721538
test_03268,10.170692400075495
test_03269,54.3227801322937
test_03270,89.88720112293959
test_03271,211.85746355354786
test_03272,197.63974438607693
test_03273,104.35152263194323
test_03274,45.71417599916458
test_03275,56.71555006876588
test_03276,51.17572555318475
test_03277,47.172742161899805
test_03278,17.818998320028186
test_03279,47.6973236836493
test_03280,128.41505458950996
test_03281,55.463395815342665
test_03282,125.14871379733084
test_03283,205.20734167099
test_03284,137.4019487053156
test_03285,121.72769499570131
test_03286,104.74212861806154
test_03287,50.9386833421886
test_03288,161.22842359542847
test_03289,39.08292553201318
test_03290,47.706794675439596
test_03291,11.737586281262338
test_03292,22.85196135379374
test_03293,55.49572718143463
test_03294,123.95443287491798
test_03295,10.147096631117165
test_03296,66.44788552075624
test_03297,8.964445065241307
test_03298,24.87193262577057
test_03299,18.347022825852036
test_03300,11.636300523765385
test_03301,71.35706826299429
test_03302,134.89313869178295
test_03303,248.09129424393177
test_03304,213.43181723356247
test_03305,106.09116926044226
test_03306,107.04472357034683
test_03307,13.523905400186777
test_03308,87.94354561716318
test_03309,191.4526388645172
test_03310,99.45911283046007
test_03311,60.86398932337761
test_03312,56.63664370775223
test_03313,30.20752541720867
test_03314,17.192139372229576
test_03315,84.47333708405495
test_03316,67.92770756036043
test_03317,194.10398173332214
test_03318,25.05573114939034
test_03319,65.25971803069115
test_03320,11.13607895001769
test_03321,10.714526033960283
test_03322,37.71500604599714
test_03323,94.3454012349248
test_03324,199.34508745372295
test_03325,266.68972223997116
test_03326,19.497551480308175
test_03327,110.91400627046824
test_03328,141.87598580121994
test_03329,9.689752187114209
test_03330,109.37555322051048
test_03331,232.55120177567005
test_03332,386.8510995209217
test_03333,77.40403281897306
test_03334,39.93975315988064
test_03335,126.50017604231833
test_03336,218.69587618112564
test_03337,11.238027676939964
test_03338,31.28324437886476
test_03339,161.47282718122005
test_03340,214.35432897508144
test_03341,11.94501028675586
test_03342,16.150672902353108
test_03343,10.353968162089586
test_03344,201.67001909017563
test_03345,258.95812451839447
test_03346,206.24614976346493
test_03347,209.78158557415009
test_03348,339.7938639819622
test_03349,373.13205221295357
test_03350,12.95077018905431
test_03351,81.72278279066086
test_03352,129.17068374156952
test_03353,172.70818674564362
test_03354,15.914235163480045
test_03355,155.23130245506763
test_03356,13.913211446255445
test_03357,286.67147958278656
test_03358,281.9960037767887
test_03359,328.3565308749676
test_03360,114.61209058016539
test_03361,335.9520137310028
test_03362,479.00624153018
test_03363,232.73916567862034
test_03364,139.33789370954037
test_03365,206.79900312423706
test_03366,22.451984656974673
test_03367,15.25881653279066
test_03368,9.005056120920926
test_03369,74.7611878439784
test_03370,85.92214626818895
test_03371,12.916930892504752
test_03372,26.325085466727614
test_03373,70.9425508081913
test_03374,38.87932892143726
test_03375,155.96122993528843
test_03376,75.0819313377142
test_03377,8.861721016932279
test_03378,65.19587983191013
test_03379,9.999807852320373
test_03380,24.480399968102574
test_03381,95.8350211083889
test_03382,172.12710611522198
test_03383,292.0845488011837
test_03384,10.573384114541113
test_03385,274.1369970738888
test_03386,11.39548384398222
test_03387,12.547097019851208
test_03388,99.55183198302984
test_03389,10.128509345464408
test_03390,55.92338517308235
test_03391,109.55431354790926
test_03392,300.77076306939125
test_03393,10.836681400425732
test_03394,19.558890080079436
test_03395,51.062222216278315
test_03396,12.633816949091852
test_03397,10.507941418327391
test_03398,11.026427149772644
test_03399,69.70355937629938
test_03400,119.95631497353315
test_03401,200.01110245287418
test_03402,195.79038281738758
test_03403,242.12021647393703
test_03404,8.436634585261345
test_03405,84.99806717038155
test_03406,136.3099396377802
test_03407,8.075164434034377
test_03408,43.138069946318865
test_03409,83.96632332354784
test_03410,20.150862351059914
test_03411,37.15548584982753
test_03412,18.38328372500837
test_03413,22.292140314355493
test_03414,101.75745140761137
test_03415,10.529191724024713
test_03416,190.63660335540771
test_03417,204.46738608181477
test_03418,342.1477805674076
test_03419,56.854840502142906
test_03420,59.47249263897538
test_03421,102.58653831481934
test_03422,8.301241650711745
test_03423,9.245386715978384
test_03424,9.763958800584078
test_03425,16.838814738206565
test_03426,101.89836490899324
test_03427,10.738372505642474
test_03428,94.40838518738747
test_03429,238.52195270359516
test_03430,332.5619186460972
test_03431,79.68810919672251
test_03432,51.853328589349985
test_03433,52.43240359798074
test_03434,117.61782681941986
test_03435,56.880531031638384
test_03436,13.399756482802331
test_03437,26.574854090809822
test_03438,48.69968517124653
test_03439,14.644757351838052
test_03440,55.858146753162146
test_03441,10.67378776986152
test_03442,36.80739161744714
test_03443,90.70683189481497
test_03444,65.14837630838156
test_03445,9.357000961434096
test_03446,24.074699820950627
test_03447,56.641453485935926
test_03448,106.75038743019104
test_03449,87.95883291214705
test_03450,20.905925100669265
test_03451,12.882318131625652
test_03452,40.92208442837
test_03453,51.18787442147732
test_03454,36.508981093764305
test_03455,84.67872018367052
test_03456,53.62935496866703
test_03457,27.699281806126237
test_03458,81.44559843093157
test_03459,12.550938342697918
test_03460,14.565461008809507
test_03461,42.11900608614087
test_03462,79.72808792442083
test_03463,62.37710839882494
test_03464,30.12350472062826
test_03465,13.695897682569921
test_03466,38.73751660436392
test_03467,57.600006993860006
test_03468,71.0980459228158
test_03469,81.6208229213953
test_03470,69.88988906890154
test_03471,51.560132682323456
test_03472,174.7837973088026
test_03473,186.8779195547104
test_03474,27.6661593336612
test_03475,12.061133931390941
test_03476,30.156359776854515
test_03477,50.62172081694007
test_03478,20.29573324136436
test_03479,29.323701748624444
test_03480,55.56599822640419
test_03481,22.087364472448826
test_03482,40.507511261850595
test_03483,168.1605210453272
test_03484,19.60683929733932
test_03485,32.65590121783316
test_03486,52.33417269960046
test_03487,59.369648810476065
test_03488,35.61617112532258
test_03489,47.12790537253022
test_03490,80.51901601999998
test_03491,85.81101996451616
test_03492,77.48508965224028
test_03493,52.513575568795204
test_03494,97.56437221169472
test_03495,56.09953447803855
test_03496,11.796815264038742
test_03497,18.317718463018537
test_03498,55.8031964302063
test_03499,38.79881063476205
test_03500,12.091950867325068
test_03501,93.600141890347
test_03502,28.860185839235783
test_03503,44.510576363652945
test_03504,40.01706616580486
test_03505,56.85680526867509
test_03506,60.54194217547774
test_03507,76.00842460989952
test_03508,114.36976689845324
test_03509,76.53449177742004
test_03510,166.31117433309555
test_03511,48.349581602960825
test_03512,11.21013467758894
test_03513,39.858867175877094
test_03514,53.622799556702375
test_03515,63.01251909509302
test_03516,16.809608799405396
test_03517,33.4244090616703
test_03518,26.00911089591682
test_03519,29.617025792598724
test_03520,87.66647268086672
test_03521,140.3244516402483
test_03522,60.89417764544487
test_03523,39.065027214586735
test_03524,9.729027554392815
test_03525,12.862611040472984
test_03526,28.901796920225024
test_03527,72.70318218320608
test_03528,92.10472057014704
test_03529,119.12489560246468
test_03530,43.462111573666334
test_03531,22.18791483528912
test_03532,31.462524682283398
test_03533,116.9073315858841
test_03534,44.922118812799454
test_03535,83.30440870672464
test_03536,76.18816546350718
test_03537,64.79558743536472
test_03538,53.61557189002633
test_03539,108.0396531149745
test_03540,86.18952536582947
test_03541,65.48928001523018
test_03542,24.30201476626098
test_03543,45.75259479880333
test_03544,36.941571429371834
test_03545,43.850329384207726
test_03546,78.78439087420702
test_03547,143.17418764531612
test_03548,48.25439256429672
test_03549,11.264405317604542
test_03550,30.496964497491717
test_03551,61.27719569578767
test_03552,161.98158657550812
test_03553,166.57756547629833
test_03554,34.24890160933137
test_03555,33.70489898324013
test_03556,20.49007056467235
test_03557,88.71612598747015
test_03558,119.67264577001333
test_03559,48.223970253020525
test_03560,63.975228697061546
test_03561,95.23356484621763
test_03562,42.39463794603944
test_03563,59.275418013334274
test_03564,62.56523572281004
test_03565,102.17311280965805
test_03566,16.42296948749572
test_03567,47.12682827934623
test_03568,59.76417690142989
test_03569,84.89736267179251
test_03570,112.11499488353729
test_03571,55.576401460915804
test_03572,25.479348184540868
test_03573,16.60701314266771
test_03574,12.273259077221155
test_03575,24.801854714751244
test_03576,69.56751136481762
test_03577,65.04161780327559
test_03578,17.421251020394266
test_03579,59.86428342759609
test_03580,58.353615667670965
test_03581,38.78399131819606
test_03582,110.61065226048231
test_03583,88.06884498149157
test_03584,7.486762355547398
test_03585,23.388279477134347
test_03586,11.10439383983612
test_03587,21.69961649738252
test_03588,30.871618362143636
test_03589,21.540102710947394
test_03590,9.36071878997609
test_03591,20.569964880123734
test_03592,17.53648977726698
test_03593,136.09942363202572
test_03594,18.447049498558044
test_03595,45.35515112802386
test_03596,10.726767755113542
test_03597,12.307666633278131
test_03598,13.773862515576184
test_03599,33.089553790166974
test_03600,38.55145804211497
test_03601,75.99532864242792
test_03602,50.453516002744436
test_03603,137.71117101609707
test_03604,69.00068550556898
test_03605,27.109285444021225
test_03606,13.574568706564605
test_03607,23.87525930441916
test_03608,37.85049694031477
test_03609,97.42843562364578
test_03610,62.75429157540203
test_03611,29.102879075333476
test_03612,185.84318213164806
test_03613,31.435673492029306
test_03614,8.556999284308404
test_03615,9.934012315236032
test_03616,27.97418941371143
test_03617,105.91194838285446
test_03618,199.18202297389507
test_03619,161.94187526404858
test_03620,107.641774892807
test_03621,30.06816441565752
test_03622,53.09330054745078
test_03623,64.3824664875865
test_03624,48.39925788342953
test_03625,23.166292428970337
test_03626,42.750490963459015
test_03627,134.25160713493824
test_03628,53.581424321979284
test_03629,103.95553860813379
test_03630,170.2798690199852
test_03631,238.00022362172604
test_03632,142.7021088451147
test_03633,104.08468579500914
test_03634,87.0244954302907
test_03635,173.78146182000637
test_03636,88.01591885089874
test_03637,45.22462600469589
test_03638,14.128633797168732
test_03639,20.641045602038503
test_03640,40.72379157319665
test_03641,91.36240280419588
test_03642,10.46886057779193
test_03643,49.64080834016204
test_03644,7.4146500383503735
test_03645,28.147460279986262
test_03646,14.022875317372382
test_03647,10.89793457556516
test_03648,75.57995694130659
test_03649,141.19524805247784
test_03650,260.81651881337166
test_03651,249.2998076528311
test_03652,98.2430449128151
test_03653,113.71444112062454
test_03654,13.422158163972199
test_03655,85.60083080083132
test_03656,205.8467190414667
test_03657,47.663060978055
test_03658,66.73606365919113
test_03659,43.64291466400027
test_03660,13.204082078300416
test_03661,22.029097445309162
test_03662,87.34881190210581
test_03663,58.40310995653272
test_03664,168.57739324867725
test_03665,23.03306528739631
test_03666,69.71489485353231
test_03667,9.64028389705345
test_03668,10.209172482602298
test_03669,15.4232765911147
test_03670,74.66563110798597
test_03671,193.22253324091434
test_03672,306.4262302517891
test_03673,18.50011862255633
test_03674,99.97634783387184
test_03675,154.52209973335266
test_03676,9.084485243540257
test_03677,118.97370886057615
test_03678,121.4945526048541
test_03679,338.8492904007435
test_03680,68.28842978179455
test_03681,46.26656509563327
test_03682,105.00745009630919
test_03683,179.40351682901382
test_03684,10.173532769083977
test_03685,46.69133350625634
test_03686,96.01760697364807
test_03687,215.59282271564007
test_03688,10.508855090476573
test_03689,16.67522842530161
test_03690,9.013393379282206
test_03691,71.1423330232501
test_03692,215.72694681584835
test_03693,220.57995729148388
test_03694,170.2772542834282
test_03695,274.19383788108826
test_03696,345.03751015663147
test_03697,11.577734510414302
test_03698,88.79927015304565
test_03699,162.8414337784052
test_03700,166.73058699071407
test_03701,13.046125434339046
test_03702,156.72101889550686
test_03703,19.595154693350196
test_03704,164.30518113076687
test_03705,409.75280448794365
test_03706,98.73597475141287
test_03707,191.4710163027048
test_03708,418.5718949139118
test_03709,245.09843112528324
test_03710,212.12027429044247
test_03711,163.297289326787
test_03712,18.225656708702445
test_03713,14.064807669259608
test_03714,8.969389480073005
test_03715,37.80418564751744
test_03716,97.66699319332838
test_03717,11.449177867732942
test_03718,27.300400773063302
test_03719,90.34787759184837
test_03720,121.54580738395452
test_03721,166.84673477709293
test_03722,57.287921100854874
test_03723,8.383996762800962
test_03724,88.88466507196426
test_03725,15.387520811520517
test_03726,24.547482445836067
test_03727,67.32007844001055
test_03728,155.27414847910404
test_03729,212.86348344385624
test_03730,9.508228558581322
test_03731,596.2362020015717
test_03732,9.701910804957151
test_03733,14.059208641760051
test_03734,104.0921585932374
test_03735,10.017696884460747
test_03736,62.13868825137615
test_03737,89.91750829666853
test_03738,244.9600135087967
test_03739,8.854779337067157
test_03740,10.496492660604417
test_03741,86.02081543207169
test_03742,10.374153445474803
test_03743,9.072858672589064
test_03744,9.275136772543192
test_03745,161.8330665677786
test_03746,150.855421975255
test_03747,137.85048002004623
test_03748,183.90757882595062
test_03749,268.1332945227623
test_03750,7.800409105140716
test_03751,81.15643233805895
test_03752,139.46004350483418
test_03753,7.751893021166325
test_03754,55.676782831549644
test_03755,89.18096969276667
test_03756,15.82891081273556
test_03757,43.31053113564849
test_03758,15.109779334627092
test_03759,29.46285847388208
test_03760,60.280293956398964
test_03761,8.707289531826973
test_03762,216.85285831987858
test_03763,151.76373094320297
test_03764,371.2447769641876
test_03765,66.59264684468508
test_03766,65.9521849527955
test_03767,124.41337856650352
test_03768,10.289083511568606
test_03769,10.110832017846406
test_03770,10.353544753044844
test_03771,15.516609501093626
test_03772,100.92935988306999
test_03773,11.59200506657362
test_03774,91.6483747586608
test_03775,276.7078773677349
test_03776,61.10086068511009
test_03777,48.93143105506897
test_03778,51.84892364963889
test_03779,123.08545637875795
test_03780,60.47834539413452
test_03781,12.356930647045374
test_03782,45.502371195703745
test_03783,46.457307156175375
test_03784,12.957154751755297
test_03785,57.38484463095665
test_03786,11.44366705045104
test_03787,12.290294791571796
test_03788,113.26572410017252
test_03789,66.9587322473526
test_03790,8.39532481180504
test_03791,66.57334830611944
test_03792,112.07863370329142
test_03793,114.45645432919264
test_03794,23.63771197386086
test_03795,14.28201465215534
test_03796,45.31232738867402
test_03797,66.01204162091017
test_03798,33.577902268618345
test_03799,91.44469272345304
test_03800,65.88215161114931
test_03801,88.93998309224844
test_03802,11.3152209026739
test_03803,14.213825368322432
test_03804,29.93837654404342
test_03805,71.28734690696001
test_03806,96.68234431743622
test_03807,37.7172233723104
test_03808,25.02392347343266
test_03809,55.16851741448045
test_03810,64.62651351839304
test_03811,59.76887525618076
test_03812,78.62599132210016
test_03813,112.33429848402739
test_03814,53.99949247017503
test_03815,174.2218815088272
test_03816,197.7770477682352
test_03817,25.737402997910976
test_03818,12.006184536963701
test_03819,27.026059567928314
test_03820,48.60099372267723
test_03821,12.567503293044865
test_03822,33.817328941076994
test_03823,85.7608645632863
test_03824,27.91844241321087
test_03825,42.36891770362854
test_03826,147.46006770431995
test_03827,12.733661630190909
test_03828,38.19187233969569
test_03829,58.19107487797737
test_03830,80.38477306813002
test_03831,43.61671158671379
test_03832,48.488990887999535
test_03833,77.02745132893324
test_03834,98.40687450021505
test_03835,79.9202933460474
test_03836,71.29170727729797
test_03837,89.21340876817703
test_03838,65.15322694182396
test_03839,12.730421065352857
test_03840,16.059415253810585
test_03841,73.63543976098299
test_03842,40.21421507373452
test_03843,15.32069646473974
test_03844,90.53406614810228
test_03845,25.043918408453465
test_03846,33.57688460126519
test_03847,35.28573379293084
test_03848,72.58990912139416
test_03849,67.3221732005477
test_03850,85.29475063085556
test_03851,111.26225649565458
test_03852,94.00249933451414
test_03853,200.5430824905634
test_03854,48.95334804430604
test_03855,23.55599774233997
test_03856,60.74898919835687
test_03857,68.68188077956438
test_03858,72.13958760350943
test_03859,18.20205351151526
test_03860,31.63470545597374
test_03861,22.34769046679139
test_03862,33.890723556280136
test_03863,100.79564433544874
test_03864,117.02032980322838
test_03865,74.6937395259738
test_03866,116.42726001143456
test_03867,9.322235457599163
test_03868,15.955079279839994
test_03869,73.86136934161186
test_03870,100.5458849966526
test_03871,125.48198128491639
test_03872,82.74887375533581
test_03873,33.17607222869992
test_03874,40.87579542025924
test_03875,109.8128976225853
test_03876,51.23584220930934
test_03877,90.68173933774233
test_03878,89.16198313981295
test_03879,70.28576166927814
test_03880,61.01750110089779
test_03881,116.72562967985868
test_03882,99.84567043185234
test_03883,64.89633650332689
test_03884,30.57643540389836
test_03885,41.010186936706305
test_03886,30.614776207134128
test_03887,35.61926869675517
test_03888,104.30136723071337
test_03889,102.1697923913598
test_03890,87.62220043689013
test_03891,10.743422772735357
test_03892,33.26505869626999
test_03893,63.1732659675181
test_03894,151.41247971355915
test_03895,141.1668425053358
test_03896,32.38349135220051
test_03897,56.25453561544418
test_03898,19.53183647058904
test_03899,111.95965576171875
test_03900,123.93790506571531
test_03901,32.2129317894578
test_03902,74.99074982851744
test_03903,182.05373060703278
test_03904,97.28180238604546
test_03905,87.8229631781578
test_03906,84.58761295676231
test_03907,123.41089451313019
test_03908,23.18480357527733
test_03909,58.79107892140746
test_03910,41.57680109143257
test_03911,73.87734746187925
test_03912,84.00527695566416
test_03913,51.419824581593275
test_03914,31.77948906458914
test_03915,24.18135990202427
test_03916,14.532858512364328
test_03917,29.177651626989245
test_03918,100.64880310744047
test_03919,56.45483409240842
test_03920,41.663852505385876
test_03921,77.42490614205599
test_03922,70.99073030054569
test_03923,46.41640732809901
test_03924,85.27024490386248
test_03925,129.07234884798527
test_03926,9.266904902178794
test_03927,36.76833027601242
test_03928,11.0157908545807
test_03929,28.866527689620852
test_03930,45.67308675125241
test_03931,25.103529945015907
test_03932,10.267612216062844
test_03933,17.70940594561398
test_03934,23.542147809639573
test_03935,130.1406767219305
test_03936,44.22317076101899
test_03937,18.04577843286097
test_03938,49.568163976073265
test_03939,14.626484837383032
test_03940,11.767236056737602
test_03941,17.487748525105417
test_03942,31.40440807677805
test_03943,44.79550093784928
test_03944,85.24507063627243
test_03945,77.64545025676489
test_03946,158.04936449229717
test_03947,26.8082620408386
test_03948,33.77737249806523
test_03949,17.684031115844846
test_03950,36.18351696059108
test_03951,58.664104491472244
test_03952,97.63544550538063
test_03953,78.69374419748783
test_03954,172.00394608080387
test_03955,31.818814108148214
test_03956,10.30097146332264
test_03957,10.012224136851728
test_03958,48.64841924980283
test_03959,87.75822616368532
test_03960,196.3258689790964
test_03961,182.90885345637798
test_03962,104.14985364675522
test_03963,42.59039777517319
test_03964,56.52290266752243
test_03965,44.47311580553651
test_03966,46.79115404561162
test_03967,20.348410526290536
test_03968,53.42802396789193
test_03969,150.19055092334747
test_03970,49.37869957089424
test_03971,119.51513760536909
test_03972,235.28077875077724
test_03973,106.68727719783783
test_03974,136.7663894444704
test_03975,104.2949715256691
test_03976,64.39054840058088
test_03977,223.9315444380045
test_03978,36.76967107132077
test_03979,45.767573822289705
test_03980,12.547386720776558
test_03981,25.30963915400207
test_03982,71.4337053000927
test_03983,114.58386331051588
test_03984,11.762351996265352
test_03985,58.348791033029556
test_03986,7.854404900688678
test_03987,26.978108493611217
test_03988,16.480970955453813
test_03989,11.011547478847206
test_03990,77.23934898525476
test_03991,160.30543644726276
test_03992,256.8091973364353
test_03993,226.46917597949505
test_03994,106.098463781178
test_03995,142.57232283055782
test_03996,15.238042562268674
test_03997,104.18081450462341
test_03998,185.6559907644987
test_03999,127.6892423480749
test_04000,54.67731835320592
test_04001,54.397942665964365
test_04002,17.887668581679463
test_04003,19.031487688422203
test_04004,69.18010694533587
test_04005,57.567668199539185
test_04006,184.4454271644354
test_04007,23.741978308185935
test_04008,67.67504378408194
test_04009,11.174110553227365
test_04010,12.296941199339926
test_04011,41.77320717647672
test_04012,90.70901579409838
test_04013,213.05571115016937
test_04014,312.99037781357765
test_04015,14.596943699754775
test_04016,133.81323763728142
test_04017,143.45978818833828
test_04018,10.550963862799108
test_04019,145.71597899496555
test_04020,268.46922874450684
test_04021,447.3872425854206
test_04022,104.6883111000061
test_04023,43.74823209270835
test_04024,131.54070472717285
test_04025,229.2280498892069
test_04026,11.542134723626077
test_04027,20.960002606734633
test_04028,187.77294684946537
test_04029,218.69223634898663
test_04030,11.796106796711683
test_04031,16.730039468966424
test_04032,10.19426866993308
test_04033,272.32644057273865
test_04034,261.7553578019142
test_04035,248.61753968894482
test_04036,237.03070604801178
test_04037,395.4923878610134
test_04038,431.6991500854492
test_04039,12.335087940096855
test_04040,93.78751153498888
test_04041,135.58815349638462
test_04042,163.7583446353674
test_04043,12.358510074205697
test_04044,180.659006357193
test_04045,11.966599505394697
test_04046,368.99423161149025
test_04047,336.36380502581596
test_04048,351.63353967666626
test_04049,116.82797581702471
test_04050,319.08993422985077
test_04051,452.72317707538605
test_04052,253.62593385577205
test_04053,203.42410619556904
test_04054,179.3424122184515
test_04055,19.084488101303577
test_04056,18.464082427322865
test_04057,10.225237884558737
test_04058,80.93921606987715
test_04059,92.6024713292718
test_04060,11.639507661573589
test_04061,30.14995107240975
test_04062,86.4277635216713
test_04063,128.89026810228825
test_04064,169.0136085599661
test_04065,60.37641895189881
test_04066,9.308925464283675
test_04067,77.27579187601805
test_04068,11.49004612583667
test_04069,24.11971303075552
test_04070,101.0668415427208
test_04071,189.79660438001156
test_04072,345.730890750885
test_04073,10.092914201319218
test_04074,470.1053811609745
test_04075,11.439227755181491
test_04076,11.693962150253356
test_04077,125.78414677828549
test_04078,11.792315614409745
test_04079,61.638619884848595
test_04080,101.72133535891771
test_04081,392.1118306219578
test_04082,9.560273051261902
test_04083,13.562368769198656
test_04084,42.78267005085945
test_04085,10.919988058507442
test_04086,9.940549156628549
test_04087,10.613390698097646
test_04088,125.74890726059674
test_04089,151.13414397835732
test_04090,201.83401952683926
test_04091,229.27737332880497
test_04092,266.90662652254105
test_04093,7.609498980920762
test_04094,102.1054565012455
test_04095,148.8339037746191
test_04096,8.184582245070487
test_04097,61.351619120687246
test_04098,92.362539537251
test_04099,18.50793311931193
test_04100,32.40110368281603
test_04101,11.140379894524813
test_04102,28.97204753756523
test_04103,9.519058916252106
