id,PM2.5
test_00001,177.97194856405258
test_00002,157.30444684624672
test_00003,391.1430410146713
test_00004,55.66165152937174
test_00005,50.899094596505165
test_00006,116.05087165534496
test_00007,12.585597530007362
test_00008,11.241946067661047
test_00009,57.28425898402929
test_00010,119.14550893753767
test_00011,13.178559612482786
test_00012,116.30326801538467
test_00013,249.95362550020218
test_00014,311.0093583166599
test_00015,60.43274721130729
test_00016,50.076990224421024
test_00017,46.144471012055874
test_00018,125.97999946027994
test_00019,57.90032657235861
test_00020,13.90381845086813
test_00021,26.41660496033728
test_00022,33.896250158548355
test_00023,12.323147062212229
test_00024,57.04257784411311
test_00025,13.567653954029083
test_00026,13.58769902959466
test_00027,108.83552098274231
test_00028,70.13037797808647
test_00029,11.854685809463263
test_00030,14.211172562092543
test_00031,60.45884257927537
test_00032,94.46325008571148
test_00033,102.28825035691261
test_00034,20.719682689756155
test_00035,16.053926721215248
test_00036,79.84131641685963
test_00037,97.77298659086227
test_00038,20.685568548738956
test_00039,34.47355353459716
test_00040,82.82621647417545
test_00041,10.412699453532696
test_00042,13.19200099259615
test_00043,27.71816250681877
test_00044,69.01502941548824
test_00045,71.43404699862003
test_00046,56.753987438976765
test_00047,23.92311381176114
test_00048,62.033370822668076
test_00049,61.52996718138456
test_00050,73.94671969115734
test_00051,95.87913735955954
test_00052,112.03132331371307
test_00053,62.19894604384899
test_00054,166.8152836561203
test_00055,180.05045613646507
test_00056,30.511135701090097
test_00057,12.164379812777042
test_00058,22.703714333474636
test_00059,59.944894567131996
test_00060,34.688511621207
test_00061,30.45194943062961
test_00062,61.37298642098904
test_00063,22.03349867090583
test_00064,57.04049422591925
test_00065,135.95155730843544
test_00066,19.38529422879219
test_00067,36.55570465326309
test_00068,63.183684058487415
test_00069,62.923287495970726
test_00070,42.88644240796566
test_00071,50.28234361112118
test_00072,78.60026736557484
test_00073,123.24188002198935
test_00074,87.05359180271626
test_00075,64.08365855365992
test_00076,82.30681242793798
test_00077,58.1546468436718
test_00078,11.925547398626804
test_00079,18.297043845057487
test_00080,58.45292737334967
test_00081,38.47161943838
test_00082,14.353389717638493
test_00083,86.60746723413467
test_00084,34.44036792218685
test_00085,37.702548906207085
test_00086,41.486915808171034
test_00087,71.31674783676863
test_00088,72.85404951125383
test_00089,76.05468761920929
test_00090,126.11992500722408
test_00091,78.05518393218517
test_00092,195.4590095281601
test_00093,54.0615330375731
test_00094,11.901216235011816
test_00095,67.92820525169373
test_00096,46.4438509196043
test_00097,64.35025025904179
test_00098,18.54510583356023
test_00099,95.47601480782032
test_00100,19.02521826326847
test_00101,17.030935663729906
test_00102,127.3293149471283
test_00103,86.20145510137081
test_00104,149.5869924724102
test_00105,58.685393795371056
test_00106,106.29140459746122
test_00107,10.061173379421234
test_00108,16.41222734004259
test_00109,30.615771589800715
test_00110,63.21496061608195
test_00111,91.2541883662343
test_00112,120.27451801300049
test_00113,60.22659529000521
test_00114,23.87821388244629
test_00115,39.87266882508993
test_00116,108.79046877473593
test_00117,55.41950612515211
test_00118,88.2088373824954
test_00119,83.4316988363862
test_00120,81.72149770706892
test_00121,65.54188673198223
test_00122,104.76941250264645
test_00123,80.92392134666443
test_00124,54.244055762887
test_00125,25.01894098892808
test_00126,70.45836399495602
test_00127,36.746740128844976
test_00128,35.86190436407924
test_00129,87.23023508489132
test_00130,110.39119266718626
test_00131,73.94911900907755
test_00132,11.551792349666357
test_00133,22.798268258571625
test_00134,63.469065468758345
test_00135,141.51173517107964
test_00136,121.045635022223
test_00137,43.7709141895175
test_00138,24.36592353321612
test_00139,120.16754408925772
test_00140,97.11534320563078
test_00141,44.42687879502773
test_00142,82.97405308485031
test_00143,90.49153953790665
test_00144,55.43422144651413
test_00145,90.14780567586422
test_00146,83.54402108490467
test_00147,121.18495888262987
test_00148,16.450423292815685
test_00149,45.37966799736023
test_00150,55.48732214048505
test_00151,63.67650618776679
test_00152,92.12055012583733
test_00153,51.963403798639774
test_00154,34.65303440019488
test_00155,14.526846289634705
test_00156,13.067444451153278
test_00157,23.603064857423306
test_00158,77.3579183742404
test_00159,64.9585033506155
test_00160,20.998133562505245
test_00161,59.7836871445179
test_00162,65.16289849579334
test_00163,34.78263099491596
test_00164,83.82457043230534
test_00165,108.4858891069889
test_00166,12.346609123051167
test_00167,24.287360727787018
test_00168,15.243328675627708
test_00169,20.98443590849638
test_00170,27.439501786604524
test_00171,24.522226467728615
test_00172,10.359576474875212
test_00173,14.719073995947838
test_00174,14.228090353310108
test_00175,141.99881899356842
test_00176,39.116326563060284
test_00177,12.800982739776373
test_00178,11.844486851245165
test_00179,10.110337112098932
test_00180,13.97156761214137
test_00181,25.351422941312194
test_00182,39.84789939597249
test_00183,64.7043836414814
test_00184,82.85919038206339
test_00185,152.81072494387627
test_00186,32.108724880963564
test_00187,26.693286057561636
test_00188,15.021094638854265
test_00189,20.475661657750607
test_00190,44.17707860097289
test_00191,92.02500081807375
test_00192,102.86745907366276
test_00193,28.737584779039025
test_00194,174.66157323122025
test_00195,32.576138753443956
test_00196,10.908203173428774
test_00197,34.0188902169466
test_00198,85.5703527778387
test_00199,193.71976402401924
test_00200,159.94271603226662
test_00201,102.86603285372257
test_00202,38.09237492829561
test_00203,58.65315156802535
test_00204,53.80301581695676
test_00205,55.32254916802049
test_00206,25.809304539114237
test_00207,48.01205402612686
test_00208,138.10578824579716
test_00209,49.406975124031305
test_00210,124.07455476373434
test_00211,213.4642637372017
test_00212,257.13701993227005
test_00213,118.23564746975899
test_00214,103.77687484771013
test_00215,60.03977533429861
test_00216,177.5217681825161
test_00217,37.763995215296745
test_00218,37.427667297422886
test_00219,13.396266143769026
test_00220,23.224459175020456
test_00221,49.76192932575941
test_00222,119.35577238351107
test_00223,10.469584830105305
test_00224,71.19427862763405
test_00225,8.533364981412888
test_00226,25.465919803828
test_00227,13.566821992397308
test_00228,9.48045301809907
test_00229,70.49745133519173
test_00230,115.20487809926271
test_00231,284.170305788517
test_00232,221.1011069715023
test_00233,89.74409629404545
test_00234,111.50892569124699
test_00235,15.232739735394716
test_00236,93.48814648389816
test_00237,206.35461676120758
test_00238,27.94225917197764
test_00239,68.9100536853075
test_00240,58.1890172585845
test_00241,16.834663286805153
test_00242,26.94484859891236
test_00243,91.39963308721781
test_00244,65.88032426685095
test_00245,190.4478669166565
test_00246,25.354663506150246
test_00247,74.82374838739634
test_00248,9.100640248507261
test_00249,10.208842854946852
test_00250,14.172293212264776
test_00251,74.46641343832016
test_00252,186.74257722496986
test_00253,234.6668356359005
test_00254,15.470056790858507
test_00255,61.311250410974026
test_00256,148.36644533276558
test_00257,10.770669516175985
test_00258,137.40927293896675
test_00259,126.54070445895195
test_00260,519.752424120903
test_00261,58.77672386914492
test_00262,28.93268906697631
test_00263,114.07611415535212
test_00264,183.0325928926468
test_00265,10.699403088539839
test_00266,18.759640511125326
test_00267,108.35603623837233
test_00268,219.73511511087418
test_00269,12.422722470015287
test_00270,16.750698301941156
test_00271,10.657151322811842
test_00272,57.222214702516794
test_00273,256.5506949722767
test_00274,198.64797788858414
test_00275,189.76025062799454
test_00276,405.0934033691883
test_00277,370.6814795136452
test_00278,13.0840465426445
test_00279,86.19346232712269
test_00280,161.75615468621254
test_00281,172.5337719321251
test_00282,12.949253901839256
test_00283,147.4177416563034
test_00284,13.821261115372181
test_00285,306.9174144566059
test_00286,270.7910850942135
test_00287,429.2227568626404
test_00288,82.50510899722576
test_00289,275.09309926629066
test_00290,299.83385542035103
test_00291,243.55913868546486
test_00292,181.7720224559307
test_00293,107.73666308820248
test_00294,18.413979023694992
test_00295,14.70774594694376
test_00296,8.613069877028465
test_00297,41.643112890422344
test_00298,83.5041166394949
test_00299,11.51639312505722
test_00300,31.477564988657832
test_00301,84.17966948449612
test_00302,127.79830360412598
test_00303,158.56142202019691
test_00304,63.26755619049072
test_00305,10.479471802711487
test_00306,80.06256621330976
test_00307,13.315662432461977
test_00308,24.133718956261873
test_00309,75.62607138603926
test_00310,188.76263949275017
test_00311,258.38689371943474
test_00312,13.773025911301374
test_00313,613.6792284250259
test_00314,9.65630890801549
test_00315,10.760942250490189
test_00316,95.19207818806171
test_00317,10.855418179184198
test_00318,55.13119799271226
test_00319,82.77363204210997
test_00320,255.1195129752159
test_00321,9.734357308596373
test_00322,12.31604938954115
test_00323,85.36337260901928
test_00324,10.350462038069963
test_00325,9.815870977938175
test_00326,11.240571845322847
test_00327,105.48879189789295
test_00328,135.24149291217327
test_00329,168.0687824189663
test_00330,249.2242922782898
test_00331,286.6138068139553
test_00332,8.633995197713375
test_00333,84.27448339760303
test_00334,161.12000116705894
test_00335,8.585752565413713
test_00336,50.17405489087105
test_00337,92.36548111587763
test_00338,19.93322267383337
test_00339,30.024852270260453
test_00340,15.417583782225847
test_00341,24.039543870836496
test_00342,10.366785570979118
test_00343,117.6213626563549
test_00344,171.37942516803741
test_00345,246.92222473025322
test_00346,42.520988404750824
test_00347,30.18457219004631
test_00348,85.7945070117712
test_00349,11.619838640093803
test_00350,13.228302747011185
test_00351,18.629876781255007
test_00352,19.11452043056488
test_00353,92.13784304261208
test_00354,16.996825236827135
test_00355,77.16577237844467
test_00356,204.24883273243904
test_00357,255.14343187212944
test_00358,65.95555736869574
test_00359,45.61643907800317
test_00360,29.493382923305035
test_00361,107.80555248260498
test_00362,57.97594594210386
test_00363,11.808069959282875
test_00364,13.144378617405891
test_00365,15.489734169095755
test_00366,12.283718023449183
test_00367,23.067545268684626
test_00368,11.539338923990726
test_00369,11.18214139714837
test_00370,58.1261373013258
test_00371,63.826760686933994
test_00372,11.441431153565645
test_00373,22.378268770873547
test_00374,45.469802126288414
test_00375,46.904471676796675
test_00376,88.06928324699402
test_00377,18.335451502352953
test_00378,18.953754987567663
test_00379,16.177959572523832
test_00380,52.08224060386419
test_00381,32.48668616451323
test_00382,103.54602777957916
test_00383,16.67438067868352
test_00384,37.48417383432388
test_00385,84.54238989949226
test_00386,11.519137855619192
test_00387,22.813102431595325
test_00388,31.140596386045218
test_00389,84.34332822263241
test_00390,70.98047934472561
test_00391,44.37089966237545
test_00392,14.835518911480904
test_00393,51.19132483378053
test_00394,90.92542238533497
test_00395,75.16136138886213
test_00396,75.91907787322998
test_00397,76.50488285720348
test_00398,56.068956173956394
test_00399,150.15652963519096
test_00400,42.4199087806046
test_00401,12.586399778723717
test_00402,20.274780064821243
test_00403,13.7127904035151
test_00404,21.468860425055027
test_00405,70.17044584453106
test_00406,23.23504811525345
test_00407,45.04875525832176
test_00408,174.70415183901787
test_00409,19.67423376068473
test_00410,33.30018679052591
test_00411,61.57907520234585
test_00412,16.47031608968973
test_00413,22.93359573185444
test_00414,48.54101448878646
test_00415,76.20663204044104
test_00416,106.00811423361301
test_00417,82.1692936271429
test_00418,52.813378885388374
test_00419,75.98530053347349
test_00420,23.92727547697723
test_00421,16.466709684580564
test_00422,21.08123315870762
test_00423,24.432123908773065
test_00424,85.01551607996225
test_00425,13.358924437314272
test_00426,68.85449053347111
test_00427,46.04053894802928
test_00428,57.31297651678324
test_00429,83.43432100117207
test_00430,104.45325222611427
test_00431,69.81360858678818
test_00432,71.1009429320693
test_00433,113.46050711721182
test_00434,67.89200749248266
test_00435,125.05157484859228
test_00436,46.31760074198246
test_00437,10.825422991067171
test_00438,46.55461324006319
test_00439,28.210594654083252
test_00440,39.767135977745056
test_00441,12.960949648171663
test_00442,22.716015480458736
test_00443,25.687338592484593
test_00444,28.89537893049419
test_00445,54.85688464343548
test_00446,140.24049779772758
test_00447,101.62014802545309
test_00448,62.57902251556516
test_00449,38.53119011968374
test_00450,15.520873304456472
test_00451,30.466180060058832
test_00452,74.03441736102104
test_00453,63.2613684758544
test_00454,116.95917319506407
test_00455,12.319700364023447
test_00456,21.763961672782898
test_00457,37.17824222892523
test_00458,94.05242446064949
test_00459,44.91353549435735
test_00460,80.54542337357998
test_00461,71.36072295159101
test_00462,66.5411543622613
test_00463,51.95150377601385
test_00464,86.64870876073837
test_00465,53.81058889627457
test_00466,44.60944980382919
test_00467,12.011874560266733
test_00468,43.321677193045616
test_00469,23.406448924914002
test_00470,32.85095722228289
test_00471,64.4795682951808
test_00472,109.59413628280163
test_00473,37.33866597339511
test_00474,10.925250958651304
test_00475,17.07447622716427
test_00476,89.00274419784546
test_00477,143.49345292150974
test_00478,65.97595528513193
test_00479,34.30982422828674
test_00480,25.00583573617041
test_00481,16.85800649598241
test_00482,65.08235421031713
test_00483,136.72560846805573
test_00484,35.315442994236946
test_00485,46.30677781254053
test_00486,62.956149980425835
test_00487,23.548043966293335
test_00488,42.09072310477495
test_00489,69.8858555406332
test_00490,95.75975829362869
test_00491,18.35648824647069
test_00492,40.313036516308784
test_00493,48.21364130079746
test_00494,89.24092292785645
test_00495,60.597739316523075
test_00496,29.452514665201306
test_00497,11.899979434907436
test_00498,18.883112531155348
test_00499,23.767670694738626
test_00500,61.81896613910794
test_00501,56.386598382145166
test_00502,16.307890437543392
test_00503,42.83366484194994
test_00504,44.153003711253405
test_00505,40.639061480760574
test_00506,63.065705213695765
test_00507,55.53384142369032
test_00508,10.869490958750248
test_00509,14.628107905387878
test_00510,11.481034755706787
test_00511,20.875166662037373
test_00512,20.778064854443073
test_00513,16.971026998013258
test_00514,13.519500460475683
test_00515,20.06048309057951
test_00516,19.589808225631714
test_00517,128.08990615606308
test_00518,39.13909408450127
test_00519,13.624754749238491
test_00520,52.422839753329754
test_00521,11.282901607453823
test_00522,13.283594768494368
test_00523,18.71162072569132
test_00524,20.76220929995179
test_00525,27.034525891765952
test_00526,115.00177546590567
test_00527,25.70336313918233
test_00528,50.83689060807228
test_00529,30.921346640214324
test_00530,29.928669705986977
test_00531,12.351073488593102
test_00532,16.435726542025805
test_00533,28.841171430423856
test_00534,82.816292360425
test_00535,103.3282246813178
test_00536,15.69980076700449
test_00537,115.8559994995594
test_00538,22.269437789916992
test_00539,12.188996963202953
test_00540,14.541431616991758
test_00541,36.680060632526875
test_00542,110.55430914461613
test_00543,162.01278513669968
test_00544,156.75772920250893
test_00545,120.36406531184912
test_00546,48.79163921624422
test_00547,56.074935898184776
test_00548,63.108124114573
test_00549,42.29273750260472
test_00550,23.962041445076466
test_00551,62.33743051439524
test_00552,104.43231947720051
test_00553,75.61469876766205
test_00554,114.52523230016232
test_00555,145.8182062804699
test_00556,216.94831106066704
test_00557,157.1801280081272
test_00558,21.22902148589492
test_00559,94.78373359143734
test_00560,139.00310343503952
test_00561,101.5139392092824
test_00562,40.261544033885
test_00563,14.293247062712908
test_00564,37.38423444330692
test_00565,54.36838202923536
test_00566,103.81631131470203
test_00567,24.742087185382843
test_00568,48.2792882733047
test_00569,10.44883407279849
test_00570,35.726651173084974
test_00571,12.346479129046202
test_00572,12.061298280954361
test_00573,68.41329830884933
test_00574,30.80830385349691
test_00575,265.13374599814415
test_00576,226.24946382641792
test_00577,160.57589825987816
test_00578,73.22311363369226
test_00579,23.571879295632243
test_00580,52.951581083238125
test_00581,208.34202453494072
test_00582,30.34287888929248
test_00583,50.746009942144156
test_00584,58.48886885866523
test_00585,54.73720844835043
test_00586,20.947168484330177
test_00587,94.3020055219531
test_00588,112.48435613512993
test_00589,176.17957636713982
test_00590,18.204926379024982
test_00591,58.22532644122839
test_00592,11.721991643309593
test_00593,12.828545182943344
test_00594,14.974478788673878
test_00595,61.250064089894295
test_00596,120.1063726246357
test_00597,209.7844974398613
test_00598,23.295146200805902
test_00599,73.09565265476704
test_00600,116.6267376691103
test_00601,21.56398632377386
test_00602,32.82969577424228
test_00603,86.65148691833019
test_00604,156.75095465779305
test_00605,145.91438698768616
test_00606,39.97339932247996
test_00607,100.5500745177269
test_00608,170.53878736495972
test_00609,17.491274148225784
test_00610,82.79354712367058
test_00611,73.72745323181152
test_00612,193.87997606396675
test_00613,43.959658056497574
test_00614,14.713695958256721
test_00615,13.08432138711214
test_00616,82.48625615239143
test_00617,155.98682761192322
test_00618,219.71294927597046
test_00619,196.02670449018478
test_00620,284.1529831588268
test_00621,389.15922850370407
test_00622,12.489728808403015
test_00623,63.42404297366738
test_00624,221.43106889724731
test_00625,208.7882828116417
test_00626,15.338740561157465
test_00627,84.96548695862293
test_00628,11.009665351361036
test_00629,54.37835442647338
test_00630,120.47525104135275
test_00631,366.1864205300808
test_00632,19.40350081771612
test_00633,143.579635232687
test_00634,163.34633049368858
test_00635,189.79296454787254
test_00636,158.22905334830284
test_00637,239.14641419053078
test_00638,30.360493076965213
test_00639,12.40835627540946
test_00640,11.769870292395353
test_00641,23.086520679295063
test_00642,25.049331730231643
test_00643,12.303220838308334
test_00644,23.802683651447296
test_00645,102.6732480302453
test_00646,114.40571209788322
test_00647,163.3444882929325
test_00648,54.53258674219251
test_00649,11.763560011982918
test_00650,51.20606243982911
test_00651,15.205210719257593
test_00652,39.969659209251404
test_00653,46.45517896860838
test_00654,98.14098104834557
test_00655,194.4402130842209
test_00656,13.541354309767485
test_00657,240.45107859373093
test_00658,10.539870731532574
test_00659,16.841604966670275
test_00660,64.17716881260276
test_00661,13.798085041344166
test_00662,94.83188337087631
test_00663,101.98049883544445
test_00664,237.39112371206284
test_00665,14.783224180340767
test_00666,16.12331009283662
test_00667,87.06702204048634
test_00668,11.114693079143763
test_00669,11.827457636594772
test_00670,14.039621330797672
test_00671,61.20402764156461
test_00672,70.9484785348177
test_00673,77.75309272110462
test_00674,215.97978886961937
test_00675,239.2529647052288
test_00676,11.569683238863945
test_00677,64.52503648400307
test_00678,124.22698201984167
test_00679,9.954674862325191
test_00680,41.43681983277202
test_00681,112.3145616799593
test_00682,19.467067886143923
test_00683,29.176869805902243
test_00684,20.306023195385933
test_00685,73.91884897649288
test_00686,72.73819142580032
test_00687,12.878867719322443
test_00688,155.1983954012394
test_00689,189.82044899463654
test_00690,335.8926473259926
test_00691,37.89303840696812
test_00692,32.3584303651005
test_00693,40.21818174794316
test_00694,9.704168986529112
test_00695,10.024266224354506
test_00696,12.561738058924675
test_00697,14.558375407010317
test_00698,90.25171174108982
test_00699,13.246936459094286
test_00700,92.95029071718454
test_00701,210.66512882709503
test_00702,286.7089772820473
test_00703,59.21293918043375
test_00704,49.846388287842274
test_00705,41.71303480863571
test_00706,145.19655266404152
test_00707,84.40788695961237
test_00708,9.207261331379414
test_00709,10.068768743425608
test_00710,11.697307638823986
test_00711,9.591876450926065
test_00712,23.836411524564028
test_00713,10.051832381635904
test_00714,7.986301925033331
test_00715,56.91048165038228
test_00716,103.16776750981808
test_00717,10.4985920637846
test_00718,13.381131127476692
test_00719,38.383186373859644
test_00720,46.477192524820566
test_00721,72.00339102745056
test_00722,17.927675165235996
test_00723,18.41446928679943
test_00724,16.756900873035192
test_00725,62.61018022149801
test_00726,34.065896049141884
test_00727,98.41640491783619
test_00728,14.993368774652481
test_00729,41.17145749926567
test_00730,89.71903344988823
test_00731,10.436053805053234
test_00732,11.88092602789402
test_00733,21.711039256304502
test_00734,114.97316935658455
test_00735,61.28416708856821
test_00736,52.34175692126155
test_00737,10.361366678029299
test_00738,49.04128713160753
test_00739,120.97684219479561
test_00740,90.8525366038084
test_00741,66.6974442973733
test_00742,51.09789257124066
test_00743,48.07768985629082
test_00744,146.09067371487617
test_00745,202.28157031536102
test_00746,33.97327346354723
test_00747,28.578171273693442
test_00748,115.99931974709034
test_00749,13.011227615177631
test_00750,14.355023927986622
test_00751,54.93374452739954
test_00752,18.174262650310993
test_00753,42.00699210911989
test_00754,159.9651195704937
test_00755,21.406192172318697
test_00756,30.941846694797277
test_00757,44.33173803985119
test_00758,12.698722027242184
test_00759,20.649166513234377
test_00760,45.80669830366969
test_00761,67.68603756278753
test_00762,84.81837088614702
test_00763,54.128710225224495
test_00764,38.21939392760396
test_00765,61.64429133757949
test_00766,30.38554106466472
test_00767,16.664616271853447
test_00768,16.166817229241133
test_00769,19.084766659885645
test_00770,83.05793264508247
test_00771,12.0435188151896
test_00772,73.64699065685272
test_00773,39.07643325999379
test_00774,23.204447526484728
test_00775,47.17874788492918
test_00776,106.4928135946393
test_00777,64.64234307408333
test_00778,74.86626014113426
test_00779,85.5057346150279
test_00780,47.0721639432013
test_00781,101.63523475825787
test_00782,47.67932879924774
test_00783,8.685777381062508
test_00784,16.920927308499813
test_00785,26.253338061273098
test_00786,30.697361398488283
test_00787,11.454883676022291
test_00788,19.80263812467456
test_00789,16.451778944581747
test_00790,19.95323060825467
test_00791,40.37503994256258
test_00792,148.4216222167015
test_00793,54.77508870139718
test_00794,47.27088392153382
test_00795,17.750192493200302
test_00796,9.047457844018936
test_00797,14.446201723068953
test_00798,40.62061347439885
test_00799,75.14806485921144
test_00800,69.95953614264727
test_00801,112.66084342449903
test_00802,9.272228620946407
test_00803,13.126160886138678
test_00804,27.5563255418092
test_00805,72.04270121455193
test_00806,51.97170855849981
test_00807,75.93595480918884
test_00808,51.29347412288189
test_00809,85.53563323616982
test_00810,66.70210922509432
test_00811,100.5215649753809
test_00812,55.847494672983885
test_00813,36.62942982465029
test_00814,9.971982635557652
test_00815,42.05824688822031
test_00816,19.069583360105753
test_00817,21.6905596293509
test_00818,67.49912104010582
test_00819,102.28943887352943
test_00820,36.73144540563226
test_00821,7.259564869105816
test_00822,16.27033331245184
test_00823,91.5287059918046
test_00824,149.52529360353947
test_00825,70.54419717937708
test_00826,13.816399339586496
test_00827,24.69592445716262
test_00828,14.470191188156605
test_00829,64.23722232878208
test_00830,139.5859816968441
test_00831,33.609052546322346
test_00832,31.67403607070446
test_00833,50.563119519501925
test_00834,26.725795701146126
test_00835,40.13233742117882
test_00836,57.81292603164911
test_00837,90.56668350100517
test_00838,17.481613736599684
test_00839,33.55031754076481
test_00840,43.74578449130058
test_00841,111.90886153280735
test_00842,110.33185597509146
test_00843,21.91650778055191
test_00844,20.13600217923522
test_00845,10.641485188156366
test_00846,13.136196423321962
test_00847,23.16511134058237
test_00848,45.41306531429291
test_00849,40.47075267136097
test_00850,13.581050764769316
test_00851,29.93907294049859
test_00852,45.30240327492356
test_00853,34.97158656641841
test_00854,55.57034374028444
test_00855,46.740140683948994
test_00856,7.339982874691486
test_00857,12.694109097123146
test_00858,8.457091927528381
test_00859,10.834206871688366
test_00860,16.958061024546623
test_00861,13.324383173137903
test_00862,8.957847405225039
test_00863,13.285771239548922
test_00864,14.339446932077408
test_00865,119.26046820729971
test_00866,25.87698127515614
test_00867,11.017866116017103
test_00868,47.55541108548641
test_00869,8.565232083201408
test_00870,10.503019288182259
test_00871,14.962140500545502
test_00872,16.337499357759953
test_00873,18.825424905866385
test_00874,117.91436171531677
test_00875,22.641462061554193
test_00876,35.45080389454961
test_00877,21.723410971462727
test_00878,19.85764415934682
test_00879,10.131013587117195
test_00880,11.764406830072403
test_00881,72.2085809931159
test_00882,18.080700393766165
test_00883,115.02980960160494
test_00884,17.06600061804056
test_00885,9.123392913490534
test_00886,9.175085958093405
test_00887,23.437354071065784
test_00888,98.00404907763004
test_00889,161.14170645177364
test_00890,142.4660843014717
test_00891,100.59167259931564
test_00892,40.13315452635288
test_00893,68.6287169456482
test_00894,64.57608327269554
test_00895,34.25270114839077
test_00896,139.8833485543728
test_00897,150.53743435442448
test_00898,16.501793209463358
test_00899,77.19228372722864
test_00900,147.85850304365158
test_00901,88.25273078680038
test_00902,35.29116754233837
test_00903,10.100316431373358
test_00904,18.062686938792467
test_00905,41.78194648772478
test_00906,21.657901421189308
test_00907,35.523567110300064
test_00908,6.974324595183134
test_00909,32.71521748229861
test_00910,8.534393791109324
test_00911,11.004495304077864
test_00912,57.358414992690086
test_00913,18.173434402793646
test_00914,176.6191789507866
test_00915,246.95065999031067
test_00916,177.02297747135162
test_00917,50.756435461342335
test_00918,10.259759649634361
test_00919,52.56722966581583
test_00920,206.37675288319588
test_00921,17.8924430757761
test_00922,25.69625061005354
test_00923,45.45808780938387
test_00924,30.16428383998573
test_00925,26.27698954194784
test_00926,76.34192237257957
test_00927,111.92261861264706
test_00928,171.9801014661789
test_00929,14.26335958391428
test_00930,51.956016425043344
test_00931,7.799051132053137
test_00932,10.776626955717802
test_00933,9.378173734992743
test_00934,71.26676328480244
test_00935,112.639308989048
test_00936,231.2960242331028
test_00937,9.55043064802885
test_00938,68.88955920189619
test_00939,93.99989202618599
test_00940,12.495519112795591
test_00941,19.72728245705366
test_00942,70.74345199018717
test_00943,166.13958224654198
test_00944,134.9550158381462
test_00945,28.27826953306794
test_00946,54.079368215054274
test_00947,144.16043359041214
test_00948,15.763219270855188
test_00949,32.62547704949975
test_00950,64.50353918969631
test_00951,188.15477266907692
test_00952,94.41934925317764
test_00953,13.674453314393759
test_00954,10.65132387727499
test_00955,86.80902479588985
test_00956,130.3499299287796
test_00957,216.0449492931366
test_00958,199.13916209340096
test_00959,350.4344749748707
test_00960,376.8163348734379
test_00961,9.261279411613941
test_00962,43.24446075409651
test_00963,191.2883858680725
test_00964,188.74166217446327
test_00965,12.439008861780167
test_00966,73.76922959089279
test_00967,10.507944203913212
test_00968,58.71925166249275
test_00969,128.7288526892662
test_00970,180.11160531640053
test_00971,15.001227840781212
test_00972,136.82853400707245
test_00973,67.41336956620216
test_00974,202.25001519918442
test_00975,158.20789775252342
test_00976,201.53975766897202
test_00977,28.118128061294556
test_00978,11.950339112430811
test_00979,11.382532726973295
test_00980,16.833649333566427
test_00981,17.49434943497181
test_00982,12.016179218888283
test_00983,26.948753990232944
test_00984,107.7285143211484
test_00985,123.89758463948965
test_00986,123.63377851992846
test_00987,44.94745650142431
test_00988,8.724987287074327
test_00989,58.21848504245281
test_00990,12.292576186358929
test_00991,41.668554574251175
test_00992,44.45591574162245
test_00993,140.71222004294395
test_00994,192.88349401950836
test_00995,12.277704872190952
test_00996,274.0318133533001
test_00997,8.94789357855916
test_00998,12.659489836543798
test_00999,61.53645945340395
test_01000,10.712083075195551
test_01001,72.82198927551508
test_01002,107.88772355020046
test_01003,223.0354771912098
test_01004,12.304587632417679
test_01005,15.615768928080797
test_01006,82.96740482002497
test_01007,11.067494112998247
test_01008,9.708945337682962
test_01009,9.860187791287899
test_01010,50.645338870584965
test_01011,87.25259405374527
test_01012,42.60552907735109
test_01013,206.11519008874893
test_01014,241.39012557268143
test_01015,7.922601148486137
test_01016,52.928245302289724
test_01017,119.11132422834635
test_01018,8.844908613711596
test_01019,33.66271407157183
test_01020,94.14950398355722
test_01021,14.087800823152065
test_01022,20.644806142896414
test_01023,15.993509221822023
test_01024,35.219288285821676
test_01025,86.31442360579967
test_01026,12.396660529077053
test_01027,191.35835978388786
test_01028,115.28808169066906
test_01029,335.3711262345314
test_01030,46.87277913838625
test_01031,47.379703760147095
test_01032,89.0748723000288
test_01033,9.606788620352745
test_01034,9.269056767225266
test_01035,11.34423277899623
test_01036,22.92314049974084
test_01037,110.19257668405771
test_01038,11.367962256073952
test_01039,116.32027865946293
test_01040,270.6704209446907
test_01041,289.28140264749527
test_01042,53.536888375878334
test_01043,47.673464212566614
test_01044,56.21489858627319
test_01045,128.0942739546299
test_01046,55.61367631331086
test_01047,13.83068010956049
test_01048,43.23423208296299
test_01049,12.945796061307192
test_01050,58.04508789628744
test_01051,10.555362302809954
test_01052,12.5694077052176
test_01053,120.81804151833057
test_01054,64.73968258500099
test_01055,10.679395154118538
test_01056,13.125377207994461
test_01057,77.02296467870474
test_01058,101.24387852102518
test_01059,115.75842228531837
test_01060,27.608200578019023
test_01061,27.04636463150382
test_01062,52.59099628403783
test_01063,62.833331644535065
test_01064,42.767568461596966
test_01065,96.02618657797575
test_01066,63.59900004789233
test_01067,36.61843976005912
test_01068,103.73806978017092
test_01069,10.64448619261384
test_01070,20.13504022359848
test_01071,33.588156938552856
test_01072,74.80080258846283
test_01073,93.81008592247963
test_01074,54.6177365295589
test_01075,26.017001532018185
test_01076,77.48561705648899
test_01077,75.39466720074415
test_01078,99.31148421019316
test_01079,101.7473638728261
test_01080,65.28745503723621
test_01081,204.5018976330757
test_01082,38.20327838510275
test_01083,18.898087840527296
test_01084,58.22695693746209
test_01085,48.015924133360386
test_01086,31.964030411094427
test_01087,77.99069947749376
test_01088,24.796201832592487
test_01089,59.940913036465645
test_01090,164.97384057939053
test_01091,23.53704647347331
test_01092,39.35023406147957
test_01093,61.91809956729412
test_01094,48.17832750082016
test_01095,48.10042766481638
test_01096,51.62778156250715
test_01097,84.62632888555527
test_01098,129.90979251265526
test_01099,89.3514252603054
test_01100,75.04889800399542
test_01101,91.0475350394845
test_01102,59.35409038513899
test_01103,11.127647910267115
test_01104,21.541501075029373
test_01105,82.1260836198926
test_01106,45.33288872614503
test_01107,16.30899352952838
test_01108,96.7346984744072
test_01109,37.81186272203922
test_01110,39.30254111811519
test_01111,44.5051946118474
test_01112,76.7287845313549
test_01113,133.12012445926666
test_01114,91.2758119404316
test_01115,172.73519578576088
test_01116,53.75664881244302
test_01117,13.292980335652828
test_01118,55.16254511848092
test_01119,65.73820739239454
test_01120,59.99766470491886
test_01121,19.316204272210598
test_01122,30.21883489564061
test_01123,31.00165507942438
test_01124,37.589591544121504
test_01125,106.29603981226683
test_01126,92.32003521174192
test_01127,164.1761527955532
test_01128,56.83343606069684
test_01129,121.03254648298025
test_01130,9.354057990014553
test_01131,18.34244889393449
test_01132,27.607318475842476
test_01133,76.39003501087427
test_01134,94.92605845630169
test_01135,117.36567559093237
test_01136,71.39252319931984
test_01137,39.30672321096063
test_01138,44.740613754838705
test_01139,130.51483660936356
test_01140,45.95700480043888
test_01141,93.45020309090614
test_01142,86.10517039895058
test_01143,92.69534647464752
test_01144,92.83088193833828
test_01145,153.2797878831625
test_01146,133.75351467728615
test_01147,26.292241552844644
test_01148,29.66277625411749
test_01149,31.707195684313774
test_01150,36.041960917413235
test_01151,96.01598761975765
test_01152,100.98160261660814
test_01153,95.32712338864803
test_01154,8.861818976700306
test_01155,27.669024772942066
test_01156,65.02298780530691
test_01157,26.246028684079647
test_01158,55.39972475171089
test_01159,109.83162418752909
test_01160,45.08533185720444
test_01161,64.2032864652574
test_01162,174.1823484748602
test_01163,91.67358616739511
test_01164,105.42333434522152
test_01165,76.35028655827045
test_01166,136.85896003246307
test_01167,25.690742578357458
test_01168,50.105804324150085
test_01169,47.89796385914087
test_01170,73.93698871135712
test_01171,83.30975703150034
test_01172,52.34074296802282
test_01173,32.16275596059859
test_01174,16.542674466967583
test_01175,12.89436300471425
test_01176,28.335541177541018
test_01177,90.3182538151741
test_01178,62.32930403202772
test_01179,33.99972538650036
test_01180,74.75144943594933
test_01181,69.32870123535395
test_01182,40.06574334949255
test_01183,89.82431373745203
test_01184,124.25157688558102
test_01185,12.358876843005419
test_01186,33.779337264597416
test_01187,18.263995654881
test_01188,22.479125548154116
test_01189,31.619782144203782
test_01190,24.950194587931037
test_01191,10.276146322488785
test_01192,16.326550148427486
test_01193,17.233165480196476
test_01194,129.9249163866043
test_01195,33.5636957809329
test_01196,12.465917620807886
test_01197,46.30253257974982
test_01198,13.110606174916029
test_01199,10.660884007811546
test_01200,15.665738623589277
test_01201,30.41052962653339
test_01202,25.88017727062106
test_01203,61.37261500954628
test_01204,77.60731372982264
test_01205,157.5935683697462
test_01206,30.919820139184594
test_01207,27.379498410969973
test_01208,18.388544768095016
test_01209,29.47203233651817
test_01210,47.93595553562045
test_01211,88.90045005828142
test_01212,108.54544864594936
test_01213,34.026897847652435
test_01214,176.7346730530262
test_01215,46.02346144989133
test_01216,10.978262513875961
test_01217,11.340032115578651
test_01218,42.24842440336943
test_01219,91.34850458800793
test_01220,214.26256063580513
test_01221,182.44499027729034
test_01222,105.03381288051605
test_01223,60.082457937300205
test_01224,49.026616379618645
test_01225,51.463628847151995
test_01226,28.001152027398348
test_01227,56.364027708768845
test_01228,168.30505952239037
test_01229,46.16486892849207
test_01230,125.7753888964653
test_01231,292.35104393959045
test_01232,126.92584326863289
test_01233,111.58914313465357
test_01234,54.66977870091796
test_01235,199.11580774188042
test_01236,30.511501541361213
test_01237,46.27112231403589
test_01238,11.223709765821695
test_01239,19.802812688052654
test_01240,50.11593271419406
test_01241,121.58777687698603
test_01242,9.185964599251747
test_01243,9.434750840067863
test_01244,27.425464291125536
test_01245,13.879665564745665
test_01246,11.173639789223671
test_01247,75.6430671736598
test_01248,154.4605048596859
test_01249,269.74067410826683
test_01250,246.93895310163498
test_01251,98.96440021693707
test_01252,123.84217005223036
test_01253,13.511035993695259
test_01254,95.75351858139038
test_01255,188.4117596745491
test_01256,98.45515798777342
test_01257,53.63843597844243
test_01258,54.669110160321
test_01259,21.716807276010513
test_01260,17.909747134894133
test_01261,90.9690929427743
test_01262,67.65225397795439
test_01263,185.87397956848145
test_01264,24.58428374864161
test_01265,76.05768862366676
test_01266,9.849910836666822
test_01267,10.539558745920658
test_01268,27.598963575437665
test_01269,94.81626923382282
test_01270,204.67964029312134
test_01271,273.81167036294937
test_01272,15.320745676755905
test_01273,136.10309317708015
test_01274,150.99993073940277
test_01275,9.82728073745966
test_01276,123.84172435849905
test_01277,197.17680230736732
test_01278,552.3303776979446
test_01279,59.25551036000252
test_01280,38.88000860437751
test_01281,112.23125409334898
test_01282,219.46151858568192
test_01283,10.94418179988861
test_01284,18.757906019687653
test_01285,199.9639331996441
test_01286,223.4002923667431
test_01287,11.638825193047523
test_01288,16.07084822654724
test_01289,10.144703812897205
test_01290,94.66981427371502
test_01291,275.0897119939327
test_01292,204.60847786068916
test_01293,224.06794157624245
test_01294,439.7057111263275
test_01295,479.47814205288887
test_01296,14.533453699201345
test_01297,96.06852748245001
test_01298,141.65462458133698
test_01299,165.48554155230522
test_01300,10.538318231701851
test_01301,153.9454611837864
test_01302,13.370241343975067
test_01303,383.59875351190567
test_01304,346.09157583117485
test_01305,358.30976435542107
test_01306,89.23141479492188
test_01307,330.8999267220497
test_01308,287.68780985474586
test_01309,259.9432562291622
test_01310,163.37345838546753
test_01311,134.85128805041313
test_01312,20.31524534150958
test_01313,16.507479518651962
test_01314,8.682256400585175
test_01315,55.14658556878567
test_01316,90.47696535289288
test_01317,10.782328121364117
test_01318,35.334875240921974
test_01319,91.19302432984114
test_01320,136.5368720293045
test_01321,175.69540441036224
test_01322,63.559756714850664
test_01323,9.23304471373558
test_01324,78.11878442764282
test_01325,14.305187940597534
test_01326,33.0446371473372
test_01327,97.45854966342449
test_01328,138.02317148447037
test_01329,298.54274010658264
test_01330,11.836156092584133
test_01331,533.4197709560394
test_01332,10.806276731193066
test_01333,11.545571208000183
test_01334,76.18070009350777
test_01335,9.574193552136421
test_01336,86.58979547768831
test_01337,299.28134375810623
test_01338,10.175382398068905
test_01339,11.626089494675398
test_01340,59.288985673338175
test_01341,11.695082884281874
test_01342,13.006432693451643
test_01343,15.271823361515999
test_01344,128.93336668610573
test_01345,154.46692284941673
test_01346,191.78875136375427
test_01347,245.51466450095177
test_01348,242.15642166137695
test_01349,9.5995609536767
test_01350,94.30254778265953
test_01351,159.37258461117744
test_01352,9.705034375190735
test_01353,43.79400855302811
test_01354,94.82848124206066
test_01355,16.34133603796363
test_01356,23.77396611869335
test_01357,12.028049528598785
test_01358,25.5516229942441
test_01359,106.89422765374184
test_01360,10.091031145304441
test_01361,167.94193798303604
test_01362,140.91758085787296
test_01363,337.045775860548
test_01364,58.37997845187783
test_01365,62.66108215972781
test_01366,72.81376622617245
test_01367,10.548338912427425
test_01368,10.920069769024849
test_01369,11.715477086603642
test_01370,17.93328347802162
test_01371,105.57601416110992
test_01372,12.622096132487059
test_01373,103.5009384304285
test_01374,255.58758053183556
test_01375,302.07940900325775
test_01376,64.460893727839
test_01377,50.44088801369071
test_01378,53.47795280814171
test_01379,122.61279817670584
test_01380,63.48514758422971
test_01381,13.065141700208187
test_01382,32.909766510128975
test_01383,41.610157553106546
test_01384,17.278165690600872
test_01385,54.7950186394155
test_01386,12.81237392872572
test_01387,12.948176808655262
test_01388,125.45165925472975
test_01389,70.64960374683142
test_01390,11.182022545486689
test_01391,15.451437935233116
test_01392,62.40233837813139
test_01393,106.49330385774374
test_01394,122.94694219529629
test_01395,28.909434996545315
test_01396,26.168305268511176
test_01397,54.240935906767845
test_01398,62.83037520945072
test_01399,84.41835333406925
test_01400,78.95272196829319
test_01401,45.98447439074516
test_01402,88.38538409769535
test_01403,14.160998590290546
test_01404,23.33174879848957
test_01405,46.16356527432799
test_01406,72.28365810215473
test_01407,84.1706664711237
test_01408,50.25546456500888
test_01409,21.6387143060565
test_01410,60.054557509720325
test_01411,66.3727118447423
test_01412,72.06428764760494
test_01413,98.05496215820312
test_01414,128.1260964870453
test_01415,62.49223108962178
test_01416,188.2011842429638
test_01417,191.85313925147057
test_01418,32.00350773334503
test_01419,26.26247849687934
test_01420,62.000526908785105
test_01421,19.301804650574923
test_01422,24.22694137133658
test_01423,65.18817675858736
test_01424,29.342521166428924
test_01425,49.712167620658875
test_01426,170.83749130368233
test_01427,23.45445942506194
test_01428,32.05640043690801
test_01429,65.45793288946152
test_01430,42.696888864040375
test_01431,46.608178198337555
test_01432,53.184077218174934
test_01433,82.43901261687279
test_01434,93.88517045974731
test_01435,88.43016146123409
test_01436,70.60692857205868
test_01437,86.68223978579044
test_01438,65.83640114963055
test_01439,14.347279999405146
test_01440,19.663031991571188
test_01441,57.66189528256655
test_01442,37.517979703843594
test_01443,11.867347225546837
test_01444,94.98073022067547
test_01445,42.57165635377169
test_01446,46.691526640206575
test_01447,50.620246313512325
test_01448,75.91622543334961
test_01449,72.3815770149231
test_01450,96.3052651360631
test_01451,127.31205174326897
test_01452,97.4028528034687
test_01453,192.71139681339264
test_01454,46.19811025261879
test_01455,14.085223227739334
test_01456,69.79514943808317
test_01457,44.96200097352266
test_01458,70.45555612444878
test_01459,21.86881483718753
test_01460,33.33616170287132
test_01461,37.171623677015305
test_01462,41.19917222112417
test_01463,116.23154103755951
test_01464,100.93828861415386
test_01465,166.58875238895416
test_01466,69.99937373399734
test_01467,81.61476891487837
test_01468,11.459697168320417
test_01469,16.848773207515478
test_01470,30.6065940130502
test_01471,74.25340154767036
test_01472,103.91185319423676
test_01473,123.01466535776854
test_01474,80.92863084375858
test_01475,34.75405088439584
test_01476,37.48746453970671
test_01477,114.47594600170851
test_01478,51.959036000072956
test_01479,87.38925860822201
test_01480,104.91339386254549
test_01481,69.52329854667187
test_01482,68.9857993349433
test_01483,127.61952099204063
test_01484,107.34867183864117
test_01485,86.06397344172001
test_01486,23.80309777520597
test_01487,54.39730755239725
test_01488,50.36419526487589
test_01489,40.69997667148709
test_01490,112.88961058855057
test_01491,130.80367586016655
test_01492,79.75957618653774
test_01493,11.337458234280348
test_01494,52.52768548950553
test_01495,119.90476306527853
test_01496,34.25034639984369
test_01497,49.233254849910736
test_01498,26.045407079160213
test_01499,118.58713640272617
test_01500,130.64902013540268
test_01501,56.81759536266327
test_01502,73.01252334564924
test_01503,147.44192796945572
test_01504,71.63144475221634
test_01505,97.32688430696726
test_01506,75.06056775152683
test_01507,117.83388428390026
test_01508,29.521638048812747
test_01509,50.871714144945145
test_01510,57.74209786951542
test_01511,73.01848821341991
test_01512,87.02843239158392
test_01513,75.42373386025429
test_01514,32.76382038369775
test_01515,18.869080606848
test_01516,12.927778892219067
test_01517,29.687042420729995
test_01518,84.46876872330904
test_01519,63.125365033745766
test_01520,31.29066889360547
test_01521,68.17096719890833
test_01522,70.93099991232157
test_01523,38.51495572552085
test_01524,111.14954797923565
test_01525,129.24805617332458
test_01526,11.753583900630474
test_01527,37.06094306707382
test_01528,16.103591859340668
test_01529,24.461942676454782
test_01530,30.00604028068483
test_01531,27.838499814271927
test_01532,12.867435675114393
test_01533,26.66877847351134
test_01534,25.16260664910078
test_01535,137.2423457801342
test_01536,33.71045529842377
test_01537,20.611512821167707
test_01538,55.70948189496994
test_01539,24.47543976828456
test_01540,11.440365202724934
test_01541,14.525546349585056
test_01542,38.404813662171364
test_01543,43.572825610637665
test_01544,74.83430390059948
test_01545,57.445332698524
test_01546,147.6227904856205
test_01547,37.84689424932003
test_01548,29.256372282281518
test_01549,17.093923330307007
test_01550,30.309767559170723
test_01551,50.46244101971388
test_01552,104.94384217262268
test_01553,72.75873790681362
test_01554,37.475289672613144
test_01555,172.50257337093353
test_01556,35.382037065923214
test_01557,11.629372771829367
test_01558,14.523793287575245
test_01559,40.95554859936237
test_01560,95.23422595858574
test_01561,188.34597527980804
test_01562,164.9588801264763
test_01563,86.4820341616869
test_01564,42.057050943374634
test_01565,62.9884404912591
test_01566,52.2177017852664
test_01567,56.04684976488352
test_01568,25.630707632750273
test_01569,51.21392522007227
test_01570,162.58952768146992
test_01571,53.65200363844633
test_01572,121.5518391057849
test_01573,240.4008340537548
test_01574,255.47190815210342
test_01575,123.92725298553705
test_01576,126.7221018075943
test_01577,84.18035288155079
test_01578,231.80678924918175
test_01579,45.64236731082201
test_01580,46.032854445278645
test_01581,12.037542805075645
test_01582,23.675633082166314
test_01583,82.83792336285114
test_01584,112.66047944128513
test_01585,11.664571434259415
test_01586,55.564326874911785
test_01587,10.32652085646987
test_01588,32.353124752640724
test_01589,15.12922365218401
test_01590,11.679097335785627
test_01591,72.48604019731283
test_01592,138.16225764155388
test_01593,251.38801649212837
test_01594,218.6733835041523
test_01595,96.78004781156778
test_01596,129.2682015299797
test_01597,14.782005950808525
test_01598,101.93133881688118
test_01599,205.50108355283737
test_01600,136.06024715304375
test_01601,76.79131536185741
test_01602,65.7497880011797
test_01603,24.76825312152505
test_01604,17.382324315607548
test_01605,81.04510547220707
test_01606,64.06906208395958
test_01607,187.1086106300354
test_01608,48.928905457258224
test_01609,70.52424495667219
test_01610,10.242503874003887
test_01611,11.262525975704193
test_01612,22.9159945435822
test_01613,102.36083900928497
test_01614,200.19732815027237
test_01615,292.19023764133453
test_01616,19.797133807092905
test_01617,107.14764910936356
test_01618,135.33147847652435
test_01619,11.12837216258049
test_01620,137.50173953175545
test_01621,172.62573340535164
test_01622,465.9836649596691
test_01623,83.10483448207378
test_01624,37.236353263258934
test_01625,122.85959365218878
test_01626,187.77489304542542
test_01627,11.85650572553277
test_01628,26.97727653197944
test_01629,152.99864427745342
test_01630,215.65080747008324
test_01631,11.77259273827076
test_01632,18.481724470853806
test_01633,12.813480734825134
test_01634,85.86275015026331
test_01635,256.16062381863594
test_01636,221.57710787653923
test_01637,192.73172044754028
test_01638,376.4023151099682
test_01639,483.1259966790676
test_01640,16.798016119748354
test_01641,88.32999922335148
test_01642,165.77328142523766
test_01643,166.17511889338493
test_01644,13.726246640086174
test_01645,154.33960300683975
test_01646,13.046092007309198
test_01647,317.11646181344986
test_01648,244.61317464709282
test_01649,400.9162428677082
test_01650,135.8705896139145
test_01651,266.6034953594208
test_01652,251.96123805642128
test_01653,173.28815314173698
test_01654,142.73561015725136
test_01655,32.51622265949845
test_01656,13.396622698754072
test_01657,11.02747081592679
test_01658,72.16271910816431
test_01659,96.4829780831933
test_01660,12.064767263829708
test_01661,36.46279236674309
test_01662,85.1853253915906
test_01663,121.38808380067348
test_01664,169.23920387029648
test_01665,52.94393743574619
test_01666,10.541802071034908
test_01667,70.64545879513025
test_01668,12.079724002629519
test_01669,23.838814556598663
test_01670,74.43175332248211
test_01671,163.14573860168457
test_01672,271.0979303717613
test_01673,13.32925609126687
test_01674,565.6811037063599
test_01675,12.230895888060331
test_01676,12.329446200281382
test_01677,69.93771943449974
test_01678,10.935089647769928
test_01679,60.54801103845239
test_01680,79.9979926198721
test_01681,10.759958010166883
test_01682,12.797729175537825
test_01683,59.94232811406255
test_01684,11.327664114534855
test_01685,11.513596396893263
test_01686,12.602964729070663
test_01687,112.67072296887636
test_01688,143.15108585357666
test_01689,148.34928612411022
test_01690,235.4265651702881
test_01691,268.84402745962143
test_01692,10.144796665757895
test_01693,86.87849359214306
test_01694,144.94947491586208
test_01695,9.600040074437857
test_01696,46.93420687690377
test_01697,85.03771162778139
test_01698,23.984413413330913
test_01699,38.46169903874397
test_01700,13.925044614821672
test_01701,27.34683463163674
test_01702,68.73336583375931
test_01703,11.288862761110067
test_01704,158.30853539705276
test_01705,179.556568056345
test_01706,319.2400735914707
test_01707,65.2074901536107
test_01708,64.41356848180294
test_01709,52.03383083641529
test_01710,10.594483070075512
test_01711,11.049502942711115
test_01712,11.176659364253283
test_01713,16.312971346080303
test_01714,94.40755322575569
test_01715,11.762241501361132
test_01716,113.85484950244427
test_01717,242.43991258740425
test_01718,337.147661447525
test_01719,83.64085547626019
test_01720,59.99864894524217
test_01721,58.68198795244098
test_01722,118.48698902130127
test_01723,69.95663170516491
test_01724,10.544680509716272
test_01725,42.29583507403731
test_01726,61.87725545093417
test_01727,12.898415103554726
test_01728,74.12883757799864
test_01729,12.536084670573473
test_01730,12.37839451432228
test_01731,95.7929847612977
test_01732,74.41862764209509
test_01733,10.633997533470392
test_01734,14.22237804532051
test_01735,75.65598486363888
test_01736,120.86977170407772
test_01737,85.07878230512142
test_01738,15.232271756976843
test_01739,21.142564330250025
test_01740,51.72616473957896
test_01741,60.22509107366204
test_01742,46.411460127681494
test_01743,125.34332596510649
test_01744,85.98116354644299
test_01745,83.93087581545115
test_01746,98.33648460358381
test_01747,14.685394406318665
test_01748,35.96701008826494
test_01749,50.3598720356822
test_01750,78.4355241060257
test_01751,93.40679252147675
test_01752,21.804111249744892
test_01753,13.296415891498327
test_01754,65.39316616207361
test_01755,62.11101809889078
test_01756,79.98231905698776
test_01757,81.7041825056076
test_01758,74.56954696774483
test_01759,50.24161463230848
test_01760,214.48412984609604
test_01761,202.25613605976105
test_01762,21.082139402627945
test_01763,12.373061046004295
test_01764,18.599294763058424
test_01765,51.94348871707916
test_01766,13.590250626206398
test_01767,19.581670600920916
test_01768,63.61973223462701
test_01769,29.806813325732946
test_01770,59.62495703622699
test_01771,185.54862314462662
test_01772,25.93237914890051
test_01773,42.15145258978009
test_01774,68.82739978283644
test_01775,56.91487916186452
test_01776,47.69246933609247
test_01777,57.75398674979806
test_01778,91.753736756742
test_01779,104.08014714717865
test_01780,90.86329267919064
test_01781,48.66030070185661
test_01782,86.88251969218254
test_01783,31.666125006973743
test_01784,11.62787226960063
test_01785,14.281982153654099
test_01786,59.212136931717396
test_01787,23.2696005217731
test_01788,96.89131525158882
test_01789,40.1599555760622
test_01790,44.24375066906214
test_01791,66.45297385752201
test_01792,58.96112593635917
test_01793,74.69423721730709
test_01794,116.56662844121456
test_01795,93.41722175478935
test_01796,235.7112446129322
test_01797,40.571873150765896
test_01798,12.381566368043423
test_01799,49.2217708081007
test_01800,29.026177041232586
test_01801,65.60126056522131
test_01802,11.883243635296822
test_01803,32.05398254841566
test_01804,34.681053679436445
test_01805,42.538890436291695
test_01806,86.20655086636543
test_01807,109.80055190622807
test_01808,111.20369976758957
test_01809,86.72986958920956
test_01810,23.847500013187528
test_01811,12.001538179814816
test_01812,14.7339973077178
test_01813,43.057469949126244
test_01814,92.64009530842304
test_01815,99.95441970229149
test_01816,111.84220060706139
test_01817,64.77793796360493
test_01818,32.901073625311255
test_01819,43.88786422461271
test_01820,111.13892561197281
test_01821,55.110127821564674
test_01822,105.17913874983788
test_01823,88.50385691970587
test_01824,67.65803314000368
test_01825,108.34961082041264
test_01826,112.75719498097897
test_01827,86.8765325397253
test_01828,75.1731054186821
test_01829,16.85643171146512
test_01830,49.64626066014171
test_01831,29.883574785664678
test_01832,32.42174487374723
test_01833,84.49450753629208
test_01834,113.49501124024391
test_01835,54.24385520070791
test_01836,9.911357145756483
test_01837,21.025833427906036
test_01838,56.879736211150885
test_01839,137.25556802749634
test_01840,143.25118866562843
test_01841,36.16429641842842
test_01842,38.3730616979301
test_01843,17.846191208809614
test_01844,85.05123843252659
test_01845,115.64523836225271
test_01846,56.044962994754314
test_01847,83.9544752985239
test_01848,69.4582272619009
test_01849,27.108176780864596
test_01850,41.042451448738575
test_01851,83.88559333235025
test_01852,97.67507510632277
test_01853,24.591295996680856
test_01854,47.091863606125116
test_01855,50.87004650756717
test_01856,69.6239213347435
test_01857,110.76127445697784
test_01858,85.09863053262234
test_01859,42.48143308609724
test_01860,15.048839073628187
test_01861,12.939047515392303
test_01862,23.702398847788572
test_01863,75.48390251398087
test_01864,68.28332658857107
test_01865,22.24886902421713
test_01866,67.64767076075077
test_01867,82.49880243092775
test_01868,51.45946903899312
test_01869,100.79777623713017
test_01870,86.80005149543285
test_01871,10.114760622382164
test_01872,12.209673438221216
test_01873,14.29599179327488
test_01874,14.35215663164854
test_01875,30.603641292080283
test_01876,15.196720253676176
test_01877,10.254303615540266
test_01878,25.573016293346882
test_01879,15.947012223303318
test_01880,136.16765934228897
test_01881,17.754686571657658
test_01882,57.72277704626322
test_01883,11.745665408670902
test_01884,11.321361262351274
test_01885,13.825907472521067
test_01886,33.37468449771404
test_01887,40.784361351281404
test_01888,93.40308583527803
test_01889,51.03331897780299
test_01890,164.30177900195122
test_01891,66.98975995928049
test_01892,25.267251823097467
test_01893,17.083943504840136
test_01894,18.786564126610756
test_01895,92.05218070745468
test_01896,95.46646210551262
test_01897,99.34240049868822
test_01898,202.83996513485909
test_01899,34.32553493231535
test_01900,12.854584839195013
test_01901,12.54735329374671
test_01902,189.58200284838676
test_01903,190.07078030705452
test_01904,85.02518020570278
test_01905,34.62352576106787
test_01906,65.38994973897934
test_01907,65.6493583470583
test_01908,50.824886590242386
test_01909,46.30177861452103
test_01910,87.9530611783266
test_01911,153.75122785568237
test_01912,83.96041788160801
test_01913,121.0478040650487
test_01914,188.09894210100174
test_01915,249.2412286400795
test_01916,145.1354629099369
test_01917,103.35016024112701
test_01918,86.9478063955903
test_01919,190.59717431664467
test_01920,52.693123288452625
test_01921,58.30725609138608
test_01922,19.506612062454224
test_01923,20.351766228675842
test_01924,37.0552270449698
test_01925,92.52256587147713
test_01926,11.593583565205336
test_01927,40.49129915237427
test_01928,10.780794192105532
test_01929,27.252180425450206
test_01930,14.065155867487192
test_01931,11.297022670507431
test_01932,82.20817297697067
test_01933,141.49396684765816
test_01934,298.35002213716507
test_01935,229.50870323181152
test_01936,83.4531069919467
test_01937,117.78214666992426
test_01938,11.3413320556283
test_01939,102.3284519314766
test_01940,207.83221033215523
test_01941,51.109202049672604
test_01942,81.77824937552214
test_01943,54.673247683793306
test_01944,13.142332140356302
test_01945,24.380544144660234
test_01946,83.78783041238785
test_01947,76.10410762578249
test_01948,156.63501486182213
test_01949,15.230956960469484
test_01950,65.60183253884315
test_01951,10.213648919016123
test_01952,10.41882774233818
test_01953,15.523740600794554
test_01954,97.7076181769371
test_01955,175.98700696229935
test_01956,428.58609822392464
test_01957,16.847874391824007
test_01958,115.75001353025436
test_01959,139.986095815897
test_01960,12.55989957228303
test_01961,73.07713408023119
test_01962,98.78057383745909
test_01963,330.51998767256737
test_01964,143.90808179974556
test_01965,43.220608711242676
test_01966,84.6697840243578
test_01967,194.346320271492
test_01968,10.33404565230012
test_01969,27.521574430167675
test_01970,110.08805407583714
test_01971,229.3798680305481
test_01972,10.545070491731167
test_01973,10.535473220050335
test_01974,100.04957531392574
test_01975,162.3403254598379
test_01976,256.0533601939678
test_01977,201.92124179005623
test_01978,527.7440692782402
test_01979,428.7222428023815
test_01980,9.920196738094091
test_01981,102.90916115045547
test_01982,157.33891382813454
test_01983,160.5853766798973
test_01984,15.368063494563103
test_01985,176.16938483715057
test_01986,13.030492726713419
test_01987,71.60769670456648
test_01988,188.86936828494072
test_01989,388.2985047698021
test_01990,12.86501407250762
test_01991,190.48352241516113
test_01992,350.7819972336292
test_01993,251.30915841460228
test_01994,163.16297209262848
test_01995,229.6709060370922
test_01996,22.254388198256493
test_01997,21.04714873060584
test_01998,10.434523589909077
test_01999,72.43407230824232
test_02000,108.30804245173931
test_02001,10.723916243761778
test_02002,31.863138349726796
test_02003,102.75933377444744
test_02004,129.68688622117043
test_02005,172.06958191096783
test_02006,77.5406305193901
test_02007,10.306527778506279
test_02008,73.57042047381401
test_02009,15.928040526807308
test_02010,24.607808949425817
test_02011,44.53762997314334
test_02012,92.63529667258263
test_02013,217.59548807144165
test_02014,9.855894275009632
test_02015,494.4120316207409
test_02016,9.90798844397068
test_02017,12.59959602728486
test_02018,85.10079957544804
test_02019,10.769291579723358
test_02020,68.8578852340579
test_02021,106.88129510730505
test_02022,268.77126052975655
test_02023,9.924326833337545
test_02024,14.490139696747065
test_02025,86.4918691366911
test_02026,11.879555519670248
test_02027,10.99230558052659
test_02028,13.134818486869335
test_02029,153.95063123106956
test_02030,162.9155229330063
test_02031,114.89829280972481
test_02032,210.26777800917625
test_02033,276.0915126502514
test_02034,10.194814644753933
test_02035,83.39659302681684
test_02036,135.06969283521175
test_02037,9.865071851760149
test_02038,56.191362243145704
test_02039,104.92218888550997
test_02040,20.638362154364586
test_02041,31.693026337772608
test_02042,14.026584789156914
test_02043,32.25177028402686
test_02044,79.65434789657593
test_02045,10.195784028619528
test_02046,128.16478270292282
test_02047,135.495374917984
test_02048,298.11309134960175
test_02049,46.6484020575881
test_02050,31.10899670049548
test_02051,95.41925571113825
test_02052,12.947801683098078
test_02053,11.157215975224972
test_02054,10.39997861161828
test_02055,19.854717437177896
test_02056,83.36916057765484
test_02057,12.265370298177004
test_02058,72.23931157588959
test_02059,192.02470162510872
test_02060,255.5174580514431
test_02061,28.30957023240626
test_02062,53.60325588658452
test_02063,36.786562863737345
test_02064,123.68292368203402
test_02065,58.14316651597619
test_02066,11.34284370020032
test_02067,19.60818937793374
test_02068,18.835798427462578
test_02069,10.761042531579733
test_02070,26.07419889420271
test_02071,11.94527306035161
test_02072,10.6044517531991
test_02073,57.587661277502775
test_02074,74.79769758880138
test_02075,11.667550154030323
test_02076,16.162783700972795
test_02077,86.44060692936182
test_02078,91.32902034372091
test_02079,17.3742609731853
test_02080,11.900090858340263
test_02081,49.10383653268218
test_02082,50.50065554305911
test_02083,35.7850481942296
test_02084,78.56612722575665
test_02085,54.64974105358124
test_02086,45.997674353420734
test_02087,82.82142526656389
test_02088,14.646875325590372
test_02089,17.114603519439697
test_02090,25.82462154701352
test_02091,48.00227104872465
test_02092,69.58181070536375
test_02093,38.2380870655179
test_02094,15.962306946516037
test_02095,32.643694780766964
test_02096,59.76084905490279
test_02097,66.80984082818031
test_02098,60.748443223536015
test_02099,65.14417935907841
test_02100,41.45070319250226
test_02101,134.74045887589455
test_02102,170.24177706241608
test_02103,40.726852003484964
test_02104,12.659720111638308
test_02105,59.637232184410095
test_02106,54.33981677517295
test_02107,21.06069039180875
test_02108,27.349954487755895
test_02109,49.16699504852295
test_02110,22.931968949735165
test_02111,80.84337706118822
test_02112,114.38131779432297
test_02113,13.043317563831806
test_02114,33.20741192623973
test_02115,69.45949006080627
test_02116,14.064513325691223
test_02117,21.056196313351393
test_02118,71.44896288216114
test_02119,101.55742406100035
test_02120,77.72441975772381
test_02121,52.221965588629246
test_02122,39.197446536272764
test_02123,53.56901917979121
test_02124,15.989594545215368
test_02125,11.143395755439997
test_02126,15.061987038701773
test_02127,72.59506431221962
test_02128,60.18434352427721
test_02129,16.605413287878036
test_02130,72.34483699500561
test_02131,29.884638879448175
test_02132,32.208021730184555
test_02133,51.243998404592276
test_02134,50.76306886970997
test_02135,88.40505404770374
test_02136,53.18316354602575
test_02137,50.99722892791033
test_02138,68.65560713410378
test_02139,80.46097926795483
test_02140,39.866098556667566
test_02141,9.749154340475798
test_02142,55.08635006099939
test_02143,19.36970980465412
test_02144,40.2055351883173
test_02145,14.06680864840746
test_02146,17.22919137775898
test_02147,20.044835526496172
test_02148,21.17466913536191
test_02149,62.12966666743159
test_02150,82.70902873575687
test_02151,116.03300676494837
test_02152,40.413755871355534
test_02153,31.018121605738997
test_02154,10.931490670889616
test_02155,17.948708195239305
test_02156,77.10500203818083
test_02157,66.15236829221249
test_02158,38.778334721922874
test_02159,113.22807040810585
test_02160,33.51525258645415
test_02161,13.290213320404291
test_02162,48.710158973932266
test_02163,64.80843084305525
test_02164,36.338191255927086
test_02165,87.50051862001419
test_02166,105.29203297197819
test_02167,62.9294677823782
test_02168,45.62595835328102
test_02169,121.63611236214638
test_02170,108.70720575749874
test_02171,87.98516598343849
test_02172,11.853003315627575
test_02173,41.88091278076172
test_02174,34.86971955001354
test_02175,22.594560224562883
test_02176,45.236845441162586
test_02177,84.24958397448063
test_02178,68.93284349143505
test_02179,11.339564137160778
test_02180,12.806241925805807
test_02181,77.17916547507048
test_02182,106.93943585455418
test_02183,106.93408010154963
test_02184,33.26958620175719
test_02185,24.964174514636397
test_02186,23.03341255709529
test_02187,169.75937302410603
test_02188,46.34089195355773
test_02189,37.31000415235758
test_02190,47.74074539542198
test_02191,33.69448832049966
test_02192,61.4719155728817
test_02193,68.94373327493668
test_02194,103.56132250279188
test_02195,17.76271277293563
test_02196,20.063205536454916
test_02197,31.98818144015968
test_02198,127.371581569314
test_02199,118.48947004973888
test_02200,15.553323522210121
test_02201,19.046139869838953
test_02202,13.986490923911333
test_02203,12.287710696458817
test_02204,22.129348821938038
test_02205,51.176401522010565
test_02206,48.596637066453695
test_02207,19.35069725289941
test_02208,45.072224747389555
test_02209,63.04009639471769
test_02210,43.118440851569176
test_02211,64.81888978928328
test_02212,89.8184751495719
test_02213,10.671773791313171
test_02214,13.729099079966545
test_02215,12.092485699802637
test_02216,12.399921521544456
test_02217,17.386331845074892
test_02218,17.80415114760399
test_02219,10.551755897700787
test_02220,13.231894295662642
test_02221,13.18546786531806
test_02222,113.66681874543428
test_02223,33.29269913583994
test_02224,14.816978052258492
test_02225,38.40004473924637
test_02226,15.272521615028381
test_02227,11.406232491135597
test_02228,12.781379643827677
test_02229,20.039138074964285
test_02230,29.27189913764596
test_02231,105.66133479773998
test_02232,87.04794634878635
test_02233,46.08609256148338
test_02234,21.27851577475667
test_02235,18.282009109854698
test_02236,12.174251928925514
test_02237,18.692467037588358
test_02238,83.45897529274225
test_02239,132.69493263959885
test_02240,18.645617198199034
test_02241,134.24484744668007
test_02242,19.368502717465162
test_02243,10.522009555250406
test_02244,11.454731397330761
test_02245,20.656995866447687
test_02246,189.6813331246376
test_02247,143.51795122027397
test_02248,44.66012146696448
test_02249,33.96698918193579
test_02250,79.23288504779339
test_02251,84.17983290553093
test_02252,43.33073591813445
test_02253,14.825657937675714
test_02254,63.22039436548948
test_02255,117.09650629013777
test_02256,69.84522312879562
test_02257,104.75878270715475
test_02258,143.38825434446335
test_02259,236.7634383738041
test_02260,95.15033154189587
test_02261,66.7157548815012
test_02262,57.44696690887213
test_02263,169.4926253259182
test_02264,109.39615912735462
test_02265,36.832016196101904
test_02266,12.08958126232028
test_02267,18.93100232258439
test_02268,22.497079577296972
test_02269,10.12490015476942
test_02270,38.174605421721935
test_02271,8.48142309114337
test_02272,31.437989242374897
test_02273,12.75184129178524
test_02274,10.927884265780449
test_02275,72.21336477249861
test_02276,134.7320055514574
test_02277,281.41202613711357
test_02278,201.11129742860794
test_02279,160.35588897764683
test_02280,71.37368521094322
test_02281,16.168158024549484
test_02282,45.97578336298466
test_02283,161.56423896551132
test_02284,72.29153202474117
test_02285,64.27156674489379
test_02286,54.57420339435339
test_02287,56.37137422710657
test_02288,16.831472862511873
test_02289,66.34960262477398
test_02290,128.45555329322815
test_02291,172.20883148908615
test_02292,25.090136848390102
test_02293,46.36405688524246
test_02294,10.73943381384015
test_02295,11.249983411282301
test_02296,10.03221071511507
test_02297,82.18119364976883
test_02298,93.95146740227938
test_02299,222.59489408135414
test_02300,38.83432499691844
test_02301,51.8553379252553
test_02302,86.32691788673401
test_02303,9.781853403896093
test_02304,37.573683992028236
test_02305,66.47106902301311
test_02306,265.49044954776764
test_02307,100.5990636870265
test_02308,17.459102489054203
test_02309,45.70486471429467
test_02310,135.3716206252575
test_02311,13.865024525672197
test_02312,18.680886428803205
test_02313,48.79141265526414
test_02314,191.24788716435432
test_02315,12.778178077191114
test_02316,13.341947220265865
test_02317,11.71976688876748
test_02318,25.471223559230566
test_02319,66.95984648168087
test_02320,100.49512790888548
test_02321,73.99327240139246
test_02322,368.17367973923683
test_02323,368.2439804971218
test_02324,7.656009443104267
test_02325,40.03344912454486
test_02326,139.01445376873016
test_02327,149.44324138760567
test_02328,19.484357088804245
test_02329,60.77139273658395
test_02330,19.862873632460833
test_02331,46.62370691075921
test_02332,128.05119022727013
test_02333,300.67710795998573
test_02334,259.3434118926525
test_02335,149.13078036904335
test_02336,84.34303852170706
test_02337,235.89900052547455
test_02338,127.50231839716434
test_02339,143.01892280578613
test_02340,36.557502284646034
test_02341,15.00906090810895
test_02342,7.616988956928253
test_02343,51.32067629694939
test_02344,19.060654629021883
test_02345,13.989491928368807
test_02346,11.289245314896107
test_02347,86.98546008765697
test_02348,137.20625944435596
test_02349,153.73249386250973
test_02350,41.74780263379216
test_02351,7.802453260868788
test_02352,42.67620496079326
test_02353,11.774442367255688
test_02354,15.975844893604517
test_02355,21.560762472450733
test_02356,87.06886424124241
test_02357,181.32698240876198
test_02358,8.872199926525354
test_02359,211.82253602147102
test_02360,11.192314356565475
test_02361,13.776736311614513
test_02362,72.83426070958376
test_02363,9.975492473691702
test_02364,35.525427881628275
test_02365,52.73757752403617
test_02366,220.87175297737122
test_02367,11.007938288152218
test_02368,10.220479175448418
test_02369,87.44396008551121
test_02370,9.198005758225918
test_02371,8.37256982550025
test_02372,10.708172112703323
test_02373,133.11430072784424
test_02374,86.99770180881023
test_02375,126.38739324361086
test_02376,203.2129216492176
test_02377,225.26338130235672
test_02378,8.25844994559884
test_02379,33.38527715206146
test_02380,109.42825650423765
test_02381,9.086121775209904
test_02382,22.84062773361802
test_02383,93.25015345960855
test_02384,16.943026289343834
test_02385,22.75071645155549
test_02386,40.024174980819225
test_02387,22.60480746626854
test_02388,55.119743663817644
test_02389,13.770990576595068
test_02390,198.37292543053627
test_02391,126.67790384590626
test_02392,373.15433689951897
test_02393,58.28518682345748
test_02394,53.49127162247896
test_02395,120.22053707391024
test_02396,11.998834304511547
test_02397,10.290794789791107
test_02398,13.424326278269291
test_02399,24.8499079272151
test_02400,93.12803337723017
test_02401,13.168267801404
test_02402,122.46135144680738
test_02403,246.21710753440857
test_02404,260.5335032939911
test_02405,46.881381027400494
test_02406,46.653646387159824
test_02407,51.98312574625015
test_02408,125.5424619242549
test_02409,52.55400741845369
test_02410,13.038682349026203
test_02411,32.471177879720926
test_02412,34.742823116481304
test_02413,12.667731456458569
test_02414,54.563603311777115
test_02415,12.064273286610842
test_02416,12.09548670426011
test_02417,116.75517174601555
test_02418,89.01884859800339
test_02419,10.321369379758835
test_02420,22.58762225881219
test_02421,70.87557046860456
test_02422,86.19977632164955
test_02423,104.17672155052423
test_02424,20.57797436788678
test_02425,19.170083582401276
test_02426,54.89089850336313
test_02427,60.00501122325659
test_02428,39.1842205747962
test_02429,86.4164874702692
test_02430,63.383455131202936
test_02431,39.84002547338605
test_02432,85.87001495808363
test_02433,10.658937811851501
test_02434,16.54821963980794
test_02435,35.1371989287436
test_02436,64.85896508395672
test_02437,84.6497500911355
test_02438,54.31837147846818
test_02439,30.030432727187872
test_02440,75.06688917428255
test_02441,66.51253339648247
test_02442,82.57812105864286
test_02443,93.05528873205185
test_02444,103.73382826149464
test_02445,69.77950558811426
test_02446,125.2120171636343
test_02447,186.38319951295853
test_02448,39.68824075907469
test_02449,12.859041776508093
test_02450,29.807745568454266
test_02451,45.37261117994785
test_02452,16.987666230648756
test_02453,33.902645863592625
test_02454,171.47575443983078
test_02455,21.180919989943504
test_02456,41.013206511735916
test_02457,142.50249747931957
test_02458,16.57103544473648
test_02459,36.96946442872286
test_02460,57.57425703853369
test_02461,38.01794407516718
test_02462,42.928835310041904
test_02463,46.834219202399254
test_02464,78.28694467246532
test_02465,129.5566247999668
test_02466,90.89661571383476
test_02467,80.70466974377632
test_02468,84.25617281347513
test_02469,52.7705105766654
test_02470,13.235092148184776
test_02471,19.12920603901148
test_02472,87.01851570606232
test_02473,35.74513632059097
test_02474,11.955167461186647
test_02475,99.01149518787861
test_02476,41.649828009307384
test_02477,34.47122107073665
test_02478,44.11140562966466
test_02479,90.31190267950296
test_02480,73.92288250476122
test_02481,65.0407709851861
test_02482,128.76889084279537
test_02483,88.28270369023085
test_02484,173.12455382943153
test_02485,43.35808294266462
test_02486,12.216867677867413
test_02487,62.523009955883026
test_02488,70.5456679686904
test_02489,68.46034871041775
test_02490,19.149845372885466
test_02491,32.32465792261064
test_02492,36.782198779284954
test_02493,49.08739414811134
test_02494,126.67010420560837
test_02495,84.10478550940752
test_02496,176.36061716079712
test_02497,66.59118348360062
test_02498,134.8630989342928
test_02499,12.68180052191019
test_02500,18.763896886259317
test_02501,31.492371305823326
test_02502,72.0179874971509
test_02503,90.45276418328285
test_02504,110.36061807721853
test_02505,50.05102113634348
test_02506,38.8599189594388
test_02507,45.21979394182563
test_02508,134.59346908330917
test_02509,57.206689704209566
test_02510,91.54377786815166
test_02511,74.9391682073474
test_02512,65.38596820831299
test_02513,74.818125218153
test_02514,117.08357374370098
test_02515,86.86414225399494
test_02516,68.31822440773249
test_02517,24.878176052123308
test_02518,64.64318989217281
test_02519,37.04324159771204
test_02520,33.72238503396511
test_02521,91.18997132778168
test_02522,91.54915590584278
test_02523,89.06491847336292
test_02524,10.564963288605213
test_02525,33.94682525470853
test_02526,65.32030266523361
test_02527,133.3484087884426
test_02528,125.09063247591257
test_02529,21.980650536715984
test_02530,40.195774495601654
test_02531,21.946599535644054
test_02532,127.54011322557926
test_02533,117.93988510966301
test_02534,33.36197479814291
test_02535,57.969884507358074
test_02536,170.97258107364178
test_02537,92.53449560701847
test_02538,107.8768560513854
test_02539,75.30116808414459
test_02540,142.24123181402683
test_02541,21.78876081481576
test_02542,47.458792112767696
test_02543,69.04751306027174
test_02544,74.18896909058094
test_02545,86.86187664419413
test_02546,51.28497622907162
test_02547,30.186705948784947
test_02548,16.997668340802193
test_02549,16.3123510889709
test_02550,31.755282323807478
test_02551,87.11930191516876
test_02552,57.444864720106125
test_02553,31.043990412727
test_02554,69.69734194874763
test_02555,65.10426748543978
test_02556,40.46649258211255
test_02557,88.30997271835804
test_02558,100.21165183931589
test_02559,11.242878310382366
test_02560,37.90032921358943
test_02561,17.729783434420824
test_02562,28.099524062126875
test_02563,44.53222593665123
test_02564,30.85661891102791
test_02565,12.379854161292315
test_02566,13.906225197017193
test_02567,15.257876861840487
test_02568,134.78643961250782
test_02569,39.10764667764306
test_02570,13.40726363658905
test_02571,39.7449107170105
test_02572,12.601831924170256
test_02573,10.380665216594934
test_02574,14.242928240448236
test_02575,32.932155191898346
test_02576,46.222066290676594
test_02577,65.03999102115631
test_02578,53.54910038411617
test_02579,161.71452689170837
test_02580,29.14174171164632
test_02581,22.039088413119316
test_02582,14.257929548621178
test_02583,41.9380507171154
test_02584,62.83772172778845
test_02585,92.81852136552334
test_02586,127.78837949037552
test_02587,27.399584341794252
test_02588,184.58209171891212
test_02589,40.99148637056351
test_02590,11.387717630714178
test_02591,11.09680961817503
test_02592,50.188057102262974
test_02593,86.37295804917812
test_02594,207.8011900484562
test_02595,180.27758166193962
test_02596,94.04481795430183
test_02597,41.69817463681102
test_02598,59.358432184904814
test_02599,57.964127629995346
test_02600,47.313157971948385
test_02601,17.93391116335988
test_02602,53.339527763426304
test_02603,154.58559623360634
test_02604,51.473014414310455
test_02605,138.95615702867508
test_02606,247.6243409216404
test_02607,109.9805453196168
test_02608,107.8526028841734
test_02609,44.28875830769539
test_02610,150.47772625088692
test_02611,34.5352932587266
test_02612,47.96361454576254
test_02613,11.849441479891539
test_02614,26.98455433920026
test_02615,59.60673559084535
test_02616,111.1166260689497
test_02617,11.137624021619558
test_02618,70.50672919303179
test_02619,10.03173902258277
test_02620,32.4813062697649
test_02621,14.596103381365538
test_02622,13.095608580857515
test_02623,75.06822625547647
test_02624,150.9033043384552
test_02625,283.57197681069374
test_02626,242.06425219774246
test_02627,102.6089269965887
test_02628,113.30328865349293
test_02629,12.537540603429079
test_02630,92.02500081807375
test_02631,222.74827215075493
test_02632,36.33128300309181
test_02633,69.90152167528868
test_02634,63.29448352009058
test_02635,23.323150623589754
test_02636,17.332451187074184
test_02637,95.76742422580719
test_02638,66.43098630011082
test_02639,180.90205800533295
test_02640,24.15111772529781
test_02641,75.04490904510021
test_02642,10.547380670905113
test_02643,10.984041675925255
test_02644,14.949059389531612
test_02645,88.18303914368153
test_02646,200.27728560566902
test_02647,244.06586274504662
test_02648,17.29578173533082
test_02649,148.04905197024345
test_02650,112.33441733568907
test_02651,11.254065223038197
test_02652,135.00451755523682
test_02653,215.40757754445076
test_02654,504.14310055971146
test_02655,55.77686335891485
test_02656,40.57901167869568
test_02657,132.1776604950428
test_02658,214.96981716156006
test_02659,11.588959492743015
test_02660,22.190356865525246
test_02661,181.73259341716766
test_02662,217.1259645819664
test_02663,13.55783012136817
test_02664,13.648120243102312
test_02665,11.020265433937311
test_02666,86.91322799026966
test_02667,255.43185514211655
test_02668,196.67551571130753
test_02669,242.84353283047676
test_02670,354.7330424487591
test_02671,377.70365166664124
test_02672,11.739540833979845
test_02673,91.42607015371323
test_02674,139.5951035618782
test_02675,185.17614203691483
test_02676,13.933653932064772
test_02677,140.54101422429085
test_02678,13.109176240861416
test_02679,367.7707131803036
test_02680,331.7437438070774
test_02681,120.98652117699385
test_02682,324.93057230114937
test_02683,485.46244207024574
test_02684,247.84290912747383
test_02685,231.24818643927574
test_02686,154.75855511426926
test_02687,18.893389485776424
test_02688,13.944109164178371
test_02689,11.37695412710309
test_02690,29.57504515722394
test_02691,59.75639954581857
test_02692,10.844290692359209
test_02693,34.60198761150241
test_02694,71.03587907552719
test_02695,139.5765627026558
test_02696,171.87001511454582
test_02697,61.4598298445344
test_02698,10.230217583477497
test_02699,73.82043980062008
test_02700,11.8379165828228
test_02701,22.0037189014256
test_02702,136.99626341462135
test_02703,187.04968991875648
test_02704,312.6937537789345
test_02705,12.2334920540452
test_02706,236.0963239967823
test_02707,13.71063993126154
test_02708,11.513414405286312
test_02709,103.81999571621418
test_02710,10.473090954124928
test_02711,43.16961020603776
test_02712,74.32401429116726
test_02713,261.2606971859932
test_02714,10.354718413203955
test_02715,14.037600852549076
test_02716,48.48063041642308
test_02717,10.503906961530447
test_02718,11.069551732391119
test_02719,11.507646385580301
test_02720,88.03501682728529
test_02721,130.81086638569832
test_02722,182.64124408364296
test_02723,240.76627320051193
test_02724,271.7937177121639
test_02725,9.101212222129107
test_02726,92.10607250779867
test_02727,183.54528924822807
test_02728,10.895181488245726
test_02729,46.00332352146506
test_02730,20.583876095712185
test_02731,38.31482066959143
test_02732,21.222432646900415
test_02733,24.896767051890492
test_02734,93.12621346116066
test_02735,10.90126520767808
test_02736,199.74144288897514
test_02737,387.33812391757965
test_02738,41.37154798582196
test_02739,40.36836567893624
test_02740,117.64892138540745
test_02741,10.134660847485065
test_02742,10.087190750986338
test_02743,13.508569821715355
test_02744,12.443777784705162
test_02745,208.2566296160221
test_02746,80.44208928197622
test_02747,311.96653017401695
test_02748,245.6821562051773
test_02749,44.55304726213217
test_02750,50.21781087294221
test_02751,42.3959935978055
test_02752,123.17602134495974
test_02753,62.62856137380004
test_02754,11.999859400093555
test_02755,42.949742060154676
test_02756,66.054917357862
test_02757,16.75127398967743
test_02758,65.12403400242329
test_02759,11.37039128690958
test_02760,11.016629315912724
test_02761,112.18487223237753
test_02762,121.24526124447584
test_02763,13.978594716638327
test_02764,28.458652928471565
test_02765,80.44548398256302
test_02766,86.71895009279251
test_02767,63.14464500173926
test_02768,12.596903294324875
test_02769,90.37067482620478
test_02770,60.28752162307501
test_02771,49.974228106439114
test_02772,108.40294550359249
test_02773,16.207561064511538
test_02774,35.60709011554718
test_02775,107.73885441571474
test_02776,20.589480694383383
test_02777,32.36310272105038
test_02778,59.686592765152454
test_02779,77.7504631280899
test_02780,37.24101819097996
test_02781,12.849901340901852
test_02782,52.204278975725174
test_02783,59.686332777142525
test_02784,68.74996049702168
test_02785,89.64072506129742
test_02786,75.21885588020086
test_02787,57.974475152790546
test_02788,158.51545614004135
test_02789,197.36289429664612
test_02790,11.233269896358252
test_02791,48.99635748937726
test_02792,13.739034336060286
test_02793,15.563054502010345
test_02794,52.65212317928672
test_02795,15.96517052873969
test_02796,38.757424257695675
test_02797,119.38299684226513
test_02798,17.38181548193097
test_02799,39.80242006480694
test_02800,74.44734517484903
test_02801,29.058504693210125
test_02802,49.807375229895115
test_02803,49.237176954746246
test_02804,85.97287364304066
test_02805,108.2770518809557
test_02806,62.20773735269904
test_02807,41.058310717344284
test_02808,64.23743774741888
test_02809,24.80989391542971
test_02810,15.72379394620657
test_02811,13.276567663997412
test_02812,106.32446021586657
test_02813,49.14092567935586
test_02814,12.592750914394855
test_02815,86.07925330847502
test_02816,40.21333111450076
test_02817,25.27615269832313
test_02818,42.595344975590706
test_02819,72.37548586726189
test_02820,98.21068754792213
test_02821,46.995266918092966
test_02822,141.02040240168571
test_02823,80.91386352479458
test_02824,159.23320132493973
test_02825,43.14163549616933
test_02826,10.014245543628931
test_02827,71.8403562605381
test_02828,33.42204317077994
test_02829,57.98771225661039
test_02830,17.060637436807156
test_02831,15.861320175230503
test_02832,25.828733071684837
test_02833,26.278332194313407
test_02834,78.86833728849888
test_02835,79.70864824950695
test_02836,136.5865223109722
test_02837,51.62810840457678
test_02838,153.19636887311935
test_02839,15.08387802913785
test_02840,22.906906105577946
test_02841,73.2382077947259
test_02842,100.815834261477
test_02843,69.85529580712318
test_02844,96.94031927734613
test_02845,46.46755439788103
test_02846,13.44929626956582
test_02847,93.8581688478589
test_02848,117.02677750587463
test_02849,110.11663790047169
test_02850,40.99656727910042
test_02851,56.89819907397032
test_02852,126.52373838424683
test_02853,88.64711031317711
test_02854,91.95955069363117
test_02855,16.03686036542058
test_02856,37.72566184028983
test_02857,36.041273806244135
test_02858,26.653481893241405
test_02859,75.11483839154243
test_02860,79.8828105032444
test_02861,10.701438423246145
test_02862,19.141756031662226
test_02863,75.31051279604435
test_02864,80.79817628860474
test_02865,110.95602776110172
test_02866,34.328959345817566
test_02867,56.25397478416562
test_02868,29.108312824741006
test_02869,94.1042437851429
test_02870,166.0474127829075
test_02871,43.430961295962334
test_02872,51.49564451351762
test_02873,73.48538210988045
test_02874,107.02454850077629
test_02875,157.236389413476
test_02876,72.47077518701553
test_02877,108.02126824855804
test_02878,19.339031219482422
test_02879,16.075832568109035
test_02880,40.65154833346605
test_02881,86.89640305191278
test_02882,104.75297383219004
test_02883,52.14231640473008
test_02884,22.16063652187586
test_02885,11.88149057328701
test_02886,15.313295163214207
test_02887,43.053254429250956
test_02888,66.2410910576582
test_02889,36.15886638313532
test_02890,20.338785398751497
test_02891,26.092750895768404
test_02892,55.2078795991838
test_02893,83.81427490711212
test_02894,76.88503732532263
test_02895,142.97542309761047
test_02896,11.180978879332542
test_02897,26.076453361660242
test_02898,11.38360982015729
test_02899,13.447643488645554
test_02900,17.602188747376204
test_02901,28.57253510504961
test_02902,13.512142799794674
test_02903,14.111352022737265
test_02904,14.045107077807188
test_02905,26.956204503774643
test_02906,13.780792124569416
test_02907,33.811876621097326
test_02908,11.662097834050655
test_02909,10.962425529956818
test_02910,10.94262558594346
test_02911,17.937068160623312
test_02912,32.83163454197347
test_02913,87.45816285908222
test_02914,150.19423532485962
test_02915,19.557692278176546
test_02916,14.511232152581215
test_02917,13.503332920372486
test_02918,30.834072379395366
test_02919,38.49787451326847
test_02920,70.62420663237572
test_02921,117.42758245021105
test_02922,16.026624266058207
test_02923,167.16974388062954
test_02924,21.30429544299841
test_02925,11.124483484774828
test_02926,10.881825532764196
test_02927,35.05428132414818
test_02928,75.12783036381006
test_02929,200.82569688558578
test_02930,158.4918046593666
test_02931,35.19243523851037
test_02932,54.983142249286175
test_02933,84.7451805472374
test_02934,90.6399555504322
test_02935,83.14290415495634
test_02936,19.50534926354885
test_02937,44.15152920782566
test_02938,142.4822778403759
test_02939,81.89964149147272
test_02940,116.30109897255898
test_02941,187.4308769106865
test_02942,162.26466152071953
test_02943,138.09061980247498
test_02944,81.71342322230339
test_02945,51.02259632945061
test_02946,154.52412021160126
test_02947,83.29288752377033
test_02948,36.09448592364788
test_02949,10.730193097144365
test_02950,18.336435742676258
test_02951,40.26791002601385
test_02952,58.656899109482765
test_02953,9.196657534688711
test_02954,10.124989293515682
test_02955,23.0392882861197
test_02956,17.468681190162897
test_02957,10.447838690131903
test_02958,78.55508887767792
test_02959,131.31262838840485
test_02960,261.4949835240841
test_02961,141.27530950307846
test_02962,100.19104593247175
test_02963,93.23677521944046
test_02964,10.966057933866978
test_02965,80.65247900784016
test_02966,155.23916152119637
test_02967,92.86306845396757
test_02968,50.68525817245245
test_02969,58.86249391362071
test_02970,54.84900700673461
test_02971,14.669290006160736
test_02972,83.91176298260689
test_02973,122.79868217557669
test_02974,159.37549647688866
test_02975,41.17275372520089
test_02976,63.41614676639438
test_02977,10.935412775725126
test_02978,11.143440324813128
test_02979,11.401519279927015
test_02980,86.96690437197685
test_02981,136.6463938355446
test_02982,216.11822134256363
test_02983,13.404552333056927
test_02984,69.15372930467129
test_02985,109.69767093658447
test_02986,10.599716257303953
test_02987,60.25615964084864
test_02988,129.80965998768806
test_02989,461.50292760133743
test_02990,237.72141247987747
test_02991,57.40426944941282
test_02992,41.12610816210508
test_02993,132.15989217162132
test_02994,14.895865842700005
test_02995,16.538759790360928
test_02996,66.60770386457443
test_02997,186.8299034833908
test_02998,9.939829546958208
test_02999,11.355319410562515
test_03000,10.892303049564362
test_03001,48.05729936808348
test_03002,212.1806657910347
test_03003,91.15606889128685
test_03004,77.8243368640542
test_03005,352.63578602671623
test_03006,407.38516053557396
test_03007,13.400570802390575
test_03008,55.43161413818598
test_03009,128.71325340867043
test_03010,177.25399538874626
test_03011,11.504333395510912
test_03012,119.97019090503454
test_03013,11.156978271901608
test_03014,151.75658498704433
test_03015,193.9597849547863
test_03016,349.29551950097084
test_03017,318.3228358924389
test_03018,186.91654634475708
test_03019,391.2913381755352
test_03020,263.7003058195114
test_03021,238.10791808366776
test_03022,166.9160104393959
test_03023,27.59877415560186
test_03024,13.82278761640191
test_03025,11.449383072555065
test_03026,39.9884266294539
test_03027,25.81724345870316
test_03028,10.870813183486462
test_03029,30.891297597438097
test_03030,67.2205995991826
test_03031,119.13569624722004
test_03032,192.18535935878754
test_03033,88.86168213188648
test_03034,9.828376401215792
test_03035,94.77015478909016
test_03036,15.477644726634026
test_03037,15.807699505239725
test_03038,92.26242929697037
test_03039,134.79227820038795
test_03040,238.1801798939705
test_03041,11.632566910237074
test_03042,505.3979364037514
test_03043,6.713103499263525
test_03044,12.07045728713274
test_03045,100.37562999129295
test_03046,10.465673867613077
test_03047,28.760887132957578
test_03048,85.88143214583397
test_03049,262.41947117447853
test_03050,10.392895795404911
test_03051,13.854773569852114
test_03052,109.36432173848152
test_03053,9.955191124230623
test_03054,10.329499576240778
test_03055,11.1149270683527
test_03056,70.59802212566137
test_03057,156.14594027400017
test_03058,180.76998409628868
test_03059,256.92068019509315
test_03060,249.37000441551208
test_03061,9.583757396787405
test_03062,76.22375410795212
test_03063,151.1480199098587
test_03064,9.339951783418655
test_03065,81.92581114172935
test_03066,86.69855960458517
test_03067,19.848871421068907
test_03068,24.973495084792376
test_03069,17.674517411738634
test_03070,20.627316378057003
test_03071,105.53065739572048
test_03072,11.570374064147472
test_03073,175.99393007159233
test_03074,134.46625323593616
test_03075,61.213450349867344
test_03076,49.989626824855804
test_03077,117.60049676150084
test_03078,10.574330285191536
test_03079,10.438085425645113
test_03080,12.358653996139765
test_03081,17.258948862552643
test_03082,100.7361145094037
test_03083,11.03456848859787
test_03084,90.46603100001812
test_03085,268.05794256925583
test_03086,253.01889899373055
test_03087,54.40392239019275
test_03088,43.2467635050416
test_03089,51.0944755859673
test_03090,117.4007368311286
test_03091,59.62566643208265
test_03092,11.760224737226963
test_03093,36.40250486135483
test_03094,37.66833448410034
test_03095,15.994987439364195
test_03096,61.068700168281794
test_03097,11.773606691509485
test_03098,12.419275771826506
test_03099,121.47780937701464
test_03100,68.51502047479153
test_03101,11.034509062767029
test_03102,12.975419837981462
test_03103,107.58915331959724
test_03104,129.44554306566715
test_03105,116.89448817819357
test_03106,28.981247399002314
test_03107,27.63137293793261
test_03108,70.78418096899986
test_03109,72.88313102722168
test_03110,49.630434818565845
test_03111,76.23180630803108
test_03112,69.3013579249382
test_03113,39.210969626903534
test_03114,106.37532129883766
test_03115,16.53721471875906
test_03116,34.37811193615198
test_03117,67.96561381220818
test_03118,93.02218111604452
test_03119,13.949048936367035
test_03120,50.233751852065325
test_03121,52.417558282613754
test_03122,62.98545062914491
test_03123,66.26656245440245
test_03124,99.5390405729413
test_03125,62.01127927005291
test_03126,157.01684068143368
test_03127,28.82486275397241
test_03128,10.955272145569324
test_03129,14.904430590569973
test_03130,50.508722599595785
test_03131,21.146991554647684
test_03132,23.4168633017689
test_03133,60.20932465791702
test_03134,18.57722920924425
test_03135,44.53629660606384
test_03136,103.69546888768673
test_03137,27.726662257686257
test_03138,41.946229197084904
test_03139,54.750341556966305
test_03140,48.0728503651917
test_03141,51.21433748677373
test_03142,46.76982017233968
test_03143,71.63758046925068
test_03144,106.16540697962046
test_03145,77.79764723777771
test_03146,79.85834191739559
test_03147,77.99837283790112
test_03148,54.94341608136892
test_03149,12.466107040643692
test_03150,24.612072752788663
test_03151,81.33338760584593
test_03152,39.60771504417062
test_03153,15.8976033590734
test_03154,90.73656709492207
test_03155,38.49211020767689
test_03156,34.09641121327877
test_03157,49.16256782412529
test_03158,82.69037645310163
test_03159,64.14334437251091
test_03160,81.7740821391344
test_03161,114.99036570638418
test_03162,84.16957452148199
test_03163,185.35040828585625
test_03164,43.784181006252766
test_03165,11.691398482769728
test_03166,74.39298539608717
test_03167,85.2805552855134
test_03168,54.47182383015752
test_03169,21.80533319339156
test_03170,31.865322249010205
test_03171,48.36077222973108
test_03172,52.06493654474616
test_03173,108.73867173492908
test_03174,102.72505992650986
test_03175,167.5093179345131
test_03176,68.78912211954594
test_03177,120.95122223347425
test_03178,11.13031093031168
test_03179,28.993347983807325
test_03180,64.37988889217377
test_03181,101.26159484684467
test_03182,109.35911455005407
test_03183,67.19665098935366
test_03184,31.290022637695074
test_03185,41.82402369007468
test_03186,101.38939009606838
test_03187,57.52497445419431
test_03188,86.4907251894474
test_03189,72.53274147212505
test_03190,72.67655198276043
test_03191,69.01419002562761
test_03192,114.699075140059
test_03193,86.51099682599306
test_03194,60.48021359369159
test_03195,36.056367967277765
test_03196,46.6485506221652
test_03197,35.10786113888025
test_03198,37.64544068276882
test_03199,102.68993926048279
test_03200,99.10682907700539
test_03201,97.78436663746834
test_03202,10.504987768828869
test_03203,33.688022047281265
test_03204,58.87945627421141
test_03205,148.02516278624535
test_03206,116.06256368756294
test_03207,25.421615989878774
test_03208,51.781976737082005
test_03209,22.77991310507059
test_03210,89.8544352054596
test_03211,117.54822431504726
test_03212,46.9263960942626
test_03213,65.19449075311422
test_03214,146.5973680615425
test_03215,88.15632723271847
test_03216,93.37370719015598
test_03217,81.7815326526761
test_03218,129.4676049053669
test_03219,21.504222508519888
test_03220,61.141303677111864
test_03221,66.65485083311796
test_03222,72.95106218010187
test_03223,55.99964337050915
test_03224,33.35383717343211
test_03225,19.935336004942656
test_03226,13.064803715795279
test_03227,30.920310402289033
test_03228,96.02796192467213
test_03229,58.230983037501574
test_03230,33.687806628644466
test_03231,65.12481396645308
test_03232,69.19522339105606
test_03233,35.63012133911252
test_03234,87.80026993900537
test_03235,116.08114911615849
test_03236,12.162095632404089
test_03237,37.24771845340729
test_03238,14.498451884835958
test_03239,30.413742335513234
test_03240,51.209275148808956
test_03241,36.99204995855689
test_03242,12.749798528850079
test_03243,21.85999010130763
test_03244,19.14197887852788
test_03245,122.20953448861837
test_03246,40.41718399897218
test_03247,18.66937267407775
test_03248,44.29645023867488
test_03249,12.324253868311644
test_03250,11.272164102643728
test_03251,14.546690803021193
test_03252,32.72981023788452
test_03253,34.99147564917803
test_03254,54.956081211566925
test_03255,74.08960910141468
test_03256,136.0885635614395
test_03257,31.01939926110208
test_03258,32.49003258161247
test_03259,17.903626274317503
test_03260,22.10945973917842
test_03261,53.998979922384024
test_03262,88.69435384869576
test_03263,93.2591193318367
test_03264,44.11048824340105
test_03265,186.45923486351967
test_03266,45.032220020890236
test_03267,11.96856427192688
test_03268,11.185669805854559
test_03269,53.898223426193
test_03270,86.13835972547531
test_03271,202.274290651083
test_03272,187.91819843649864
test_03273,91.33751080930233
test_03274,47.103343933820724
test_03275,56.889886885881424
test_03276,52.71298265829682
test_03277,49.95866225287318
test_03278,22.4889048114419
test_03279,51.26075277477503
test_03280,124.84706085175276
test_03281,54.88035413250327
test_03282,122.76393292099237
test_03283,197.30014061927795
test_03284,130.95533058047295
test_03285,118.01986484974623
test_03286,105.53913300484419
test_03287,50.76717296615243
test_03288,158.42373237013817
test_03289,37.839224603027105
test_03290,49.059735137969255
test_03291,11.961455456912518
test_03292,22.58292018994689
test_03293,57.574687875807285
test_03294,119.41871919482946
test_03295,10.921403136104345
test_03296,65.68464243412018
test_03297,10.165250293910503
test_03298,26.722035160288215
test_03299,18.36801314353943
test_03300,11.524567890912294
test_03301,69.01013421267271
test_03302,128.46268439292908
test_03303,238.6956692636013
test_03304,204.83801013231277
test_03305,104.8954621180892
test_03306,109.19677060842514
test_03307,12.859160628169775
test_03308,83.95910308510065
test_03309,186.48434227705002
test_03310,105.43244878202677
test_03311,62.29675353318453
test_03312,58.72350060939789
test_03313,34.847204588353634
test_03314,19.106535084545612
test_03315,81.80239854753017
test_03316,65.41951408982277
test_03317,186.53966772556305
test_03318,23.261095199733973
test_03319,62.745217993855476
test_03320,10.210907902568579
test_03321,10.926071777939796
test_03322,35.64357014745474
test_03323,86.33358843624592
test_03324,193.43654051423073
test_03325,259.6683820486069
test_03326,16.941793203353882
test_03327,109.20675414800644
test_03328,138.0833995640278
test_03329,10.7301708124578
test_03330,115.33484981954098
test_03331,227.6386614739895
test_03332,397.1953538954258
test_03333,67.7203634083271
test_03334,39.74859883263707
test_03335,125.07963869720697
test_03336,215.18407699465752
test_03337,11.656678941100836
test_03338,34.36358603462577
test_03339,162.8818284869194
test_03340,213.44370239973068
test_03341,11.648344468325377
test_03342,15.62454166635871
test_03343,10.719173319637775
test_03344,207.6352137029171
test_03345,257.24903762340546
test_03346,202.5015053153038
test_03347,202.13416454195976
test_03348,330.09016063809395
test_03349,360.7531762421131
test_03350,12.837655905634165
test_03351,81.17209104448557
test_03352,122.68947978317738
test_03353,170.655529409647
test_03354,14.383332908153534
test_03355,143.8863022327423
test_03356,12.82549960911274
test_03357,271.3453498184681
test_03358,275.1863681077957
test_03359,316.56912019848824
test_03360,106.09168180823326
test_03361,321.05036267638206
test_03362,477.6455088555813
test_03363,233.61981192231178
test_03364,136.8532105833292
test_03365,193.66024905443192
test_03366,21.23666513338685
test_03367,12.711238592863083
test_03368,10.572276379913092
test_03369,72.28763963282108
test_03370,83.55086248368025
test_03371,11.985106937587261
test_03372,28.056083779782057
test_03373,68.17117518931627
test_03374,44.38028522953391
test_03375,148.04851713776588
test_03376,65.9412580281496
test_03377,10.415232479572296
test_03378,65.82388458400965
test_03379,10.986741837114096
test_03380,24.03605074621737
test_03381,99.49360209703445
test_03382,166.43391838669777
test_03383,291.39711079001427
test_03384,12.24423698708415
test_03385,217.09479573369026
test_03386,10.88005018606782
test_03387,11.656452380120754
test_03388,102.77345483750105
test_03389,10.725502170622349
test_03390,56.52093047276139
test_03391,106.57271162420511
test_03392,295.2490337193012
test_03393,10.506751973181963
test_03394,19.903498616069555
test_03395,49.64074520021677
test_03396,11.805733781307936
test_03397,11.440680902451277
test_03398,11.862333171069622
test_03399,66.35470581799746
test_03400,114.96767246723175
test_03401,179.38880893588066
test_03402,191.82678389549255
test_03403,236.4351106584072
test_03404,9.717662364244461
test_03405,86.90036229789257
test_03406,133.31890386343002
test_03407,9.64609880745411
test_03408,47.1342082247138
test_03409,80.66385905444622
test_03410,21.022966131567955
test_03411,40.67693430557847
test_03412,20.953348770737648
test_03413,22.45097256079316
test_03414,102.1830220669508
test_03415,11.063226595520973
test_03416,184.5150593817234
test_03417,196.356398999691
test_03418,323.3059295117855
test_03419,55.31320445612073
test_03420,58.038803614676
test_03421,95.48091743886471
test_03422,8.471261274069548
test_03423,10.001561842858791
test_03424,11.403703179210424
test_03425,16.47741747647524
test_03426,100.43261936306953
test_03427,11.993675399571657
test_03428,91.14247523248196
test_03429,225.26501551270485
test_03430,319.1486172378063
test_03431,69.24209551513195
test_03432,51.4013691470027
test_03433,52.27660021185875
test_03434,107.97097171097994
test_03435,56.10148438811302
test_03436,14.105806849896908
test_03437,24.143212232738733
test_03438,45.061739802360535
test_03439,14.905745387077332
test_03440,55.659092504531145
test_03441,13.668035324662924
test_03442,37.863555766642094
test_03443,91.11050413548946
test_03444,60.19717578962445
test_03445,12.71614122390747
test_03446,28.8661432787776
test_03447,54.92563661560416
test_03448,98.18287625908852
test_03449,84.66264549642801
test_03450,18.530914202332497
test_03451,16.09150241687894
test_03452,33.982681315392256
test_03453,47.580685634166
test_03454,33.87728217616677
test_03455,76.5706078261137
test_03456,53.8246059641242
test_03457,28.388420881703496
test_03458,75.24521866440773
test_03459,11.642312746495008
test_03460,17.336050163954496
test_03461,40.91353825107217
test_03462,77.09169065207243
test_03463,61.24593028053641
test_03464,30.74772293306887
test_03465,12.718503400683403
test_03466,35.84381662681699
test_03467,55.79037159308791
test_03468,64.29750983417034
test_03469,84.54513834416866
test_03470,64.41486842185259
test_03471,52.806266356259584
test_03472,160.35132804512978
test_03473,179.6613655090332
test_03474,26.060972932726145
test_03475,12.068303100764751
test_03476,28.538667952641845
test_03477,50.11133835464716
test_03478,17.972422815859318
test_03479,32.33045008406043
test_03480,52.06381859630346
test_03481,19.3026774674654
test_03482,37.401248801499605
test_03483,156.74483379721642
test_03484,20.59531556814909
test_03485,31.554759142920375
test_03486,53.116770036518574
test_03487,58.086960822343826
test_03488,35.16249204799533
test_03489,45.00298994034529
test_03490,78.27194707840681
test_03491,82.5895233899355
test_03492,73.64733235538006
test_03493,53.30570703744888
test_03494,99.33208268880844
test_03495,56.207477785646915
test_03496,12.26893213391304
test_03497,18.827359959483147
test_03498,56.88713101297617
test_03499,36.18038967624307
test_03500,13.38491952419281
test_03501,87.63064633309841
test_03502,30.838390037417412
test_03503,41.50950876623392
test_03504,36.43141181394458
test_03505,58.15036075562239
test_03506,58.997958809137344
test_03507,70.92741207778454
test_03508,109.46762611716986
test_03509,75.99820336699486
test_03510,162.8369471281767
test_03511,42.38854679837823
test_03512,11.637985803186893
test_03513,40.271750420331955
test_03514,53.96086939424276
test_03515,63.97110231593251
test_03516,18.71187699958682
test_03517,34.8649580553174
test_03518,29.4665261618793
test_03519,32.959864342585206
test_03520,85.25420735776424
test_03521,136.18034675717354
test_03522,59.827235136181116
test_03523,34.40157771110535
test_03524,11.53406859561801
test_03525,12.955738745629787
test_03526,29.06789768859744
test_03527,71.73129500448704
test_03528,87.8417565971613
test_03529,110.96393882483244
test_03530,37.090381138026714
test_03531,21.662076085805893
test_03532,30.26699210330844
test_03533,115.05628380924463
test_03534,42.694355838000774
test_03535,83.03012878447771
test_03536,72.81595755368471
test_03537,60.24926624447107
test_03538,55.026627101004124
test_03539,106.85620997846127
test_03540,86.40136359632015
test_03541,63.307037226855755
test_03542,27.279650015756488
test_03543,46.671990398317575
test_03544,36.67255812138319
test_03545,44.21134130656719
test_03546,75.88524229079485
test_03547,136.42690452933311
test_03548,40.44350592792034
test_03549,9.770317364484072
test_03550,30.54366577230394
test_03551,57.146907318383455
test_03552,155.8493310958147
test_03553,164.47259855270386
test_03554,33.23673485964537
test_03555,33.117435647174716
test_03556,21.452102340757847
test_03557,86.12522661685944
test_03558,113.7939008846879
test_03559,46.92003010213375
test_03560,61.54835947602987
test_03561,89.07940351963043
test_03562,40.75663548707962
test_03563,58.91061769425869
test_03564,63.5976481102407
test_03565,103.00092948973179
test_03566,19.213557291775942
test_03567,48.27547387778759
test_03568,58.61557215824723
test_03569,80.06584949046373
test_03570,109.38363513350487
test_03571,59.3326562307775
test_03572,25.949231943115592
test_03573,17.56530387699604
test_03574,16.9180154427886
test_03575,23.144044883549213
test_03576,67.87536083161831
test_03577,61.27435068413615
test_03578,17.345435731112957
test_03579,58.51374599710107
test_03580,57.044238053262234
test_03581,35.236733481287956
test_03582,106.337103061378
test_03583,82.65814536809921
test_03584,10.089207515120506
test_03585,25.625500444322824
test_03586,13.541384022682905
test_03587,23.217123799026012
test_03588,32.75900689139962
test_03589,22.990733668208122
test_03590,11.072805296629667
test_03591,24.021366994827986
test_03592,20.226619143038988
test_03593,133.93806159496307
test_03594,18.864861372858286
test_03595,41.556878581643105
test_03596,13.920873664319515
test_03597,13.502170402556658
test_03598,16.377362947911024
test_03599,33.32294688373804
test_03600,34.47904670983553
test_03601,70.08044542372227
test_03602,46.543340902775526
test_03603,136.25370794534683
test_03604,68.12416192889214
test_03605,24.474240109324455
test_03606,14.496951382607222
test_03607,26.9313942193985
test_03608,36.75755934417248
test_03609,93.22928013652563
test_03610,61.53160881996155
test_03611,27.80694469809532
test_03612,171.19337774813175
test_03613,31.909366074949503
test_03614,11.317509725689888
test_03615,10.945411171764135
test_03616,26.395430793985724
test_03617,102.95396079868078
test_03618,188.63371515274048
test_03619,150.5688557624817
test_03620,89.79639102518559
test_03621,29.870974652469158
test_03622,51.377257116138935
test_03623,60.3272663615644
test_03624,48.2250584885478
test_03625,24.47504235804081
test_03626,39.97710229456425
test_03627,126.17490875720978
test_03628,50.680504105985165
test_03629,102.95802403986454
test_03630,162.41212671995163
test_03631,228.8081023991108
test_03632,134.73638820648193
test_03633,97.56400080025196
test_03634,81.57742720842361
test_03635,163.37262642383575
test_03636,74.48990892618895
test_03637,46.17053295299411
test_03638,15.587396807968616
test_03639,19.838988162577152
test_03640,42.145528577268124
test_03641,85.9602010846138
test_03642,13.397005252540112
test_03643,50.3831001073122
test_03644,8.80973595008254
test_03645,28.46118781156838
test_03646,15.283949945122004
test_03647,9.954559724777937
test_03648,70.92647612094879
test_03649,132.94458055496216
test_03650,250.33490163087845
test_03651,238.46230402588844
test_03652,94.89866314828396
test_03653,112.08544538915157
test_03654,15.946529388427734
test_03655,80.0477766096592
test_03656,198.11026325821877
test_03657,51.00915866345167
test_03658,64.0977090485394
test_03659,43.1500256806612
test_03660,16.18754941597581
test_03661,21.413037285208702
test_03662,82.4139943420887
test_03663,56.023153714835644
test_03664,154.2532869875431
test_03665,21.771768741309643
test_03666,64.88932425528765
test_03667,7.579424403607845
test_03668,9.83860507234931
test_03669,18.490961473435163
test_03670,72.99979136139154
test_03671,182.93575850129128
test_03672,303.94101229310036
test_03673,17.253983091562986
test_03674,92.78377211093903
test_03675,140.89082437753677
test_03676,13.057334631681442
test_03677,112.25308565795422
test_03678,115.20570263266563
test_03679,340.5770072937012
test_03680,54.4038889631629
test_03681,43.701582815498114
test_03682,101.42344109714031
test_03683,170.76300102472305
test_03684,11.221618719398975
test_03685,48.91060230135918
test_03686,90.92950791120529
test_03687,212.0527516901493
test_03688,13.464490711688995
test_03689,16.010033316910267
test_03690,10.252517126500607
test_03691,70.38270005583763
test_03692,212.85399016737938
test_03693,215.63606986403465
test_03694,156.56302046775818
test_03695,229.76818612217903
test_03696,325.29057398438454
test_03697,12.395423728972673
test_03698,86.53810243308544
test_03699,151.78904634714127
test_03700,161.5928525030613
test_03701,12.613709662109613
test_03702,154.73671612143517
test_03703,19.86486068367958
test_03704,157.16402360796928
test_03705,399.9621611535549
test_03706,80.74604497849941
test_03707,188.75607293844223
test_03708,410.69734835624695
test_03709,242.04877176880836
test_03710,200.5895386338234
test_03711,156.82363244891167
test_03712,19.970181826502085
test_03713,12.953502848744392
test_03714,8.367344066500664
test_03715,38.410109989345074
test_03716,93.55159841477871
test_03717,11.852813895791769
test_03718,27.336410969495773
test_03719,85.111518509686
test_03720,116.57176134735346
test_03721,156.40044625103474
test_03722,54.53331470862031
test_03723,9.226701006293297
test_03724,89.67433036863804
test_03725,15.583426419645548
test_03726,23.340369258075953
test_03727,64.9416486993432
test_03728,144.38140854239464
test_03729,206.35301226377487
test_03730,12.635355520993471
test_03731,601.133781850338
test_03732,10.765209767967463
test_03733,12.058642689138651
test_03734,103.75827456265688
test_03735,10.56522699072957
test_03736,56.45864848792553
test_03737,85.23885320872068
test_03738,237.9568873345852
test_03739,9.899683684110641
test_03740,11.282277636229992
test_03741,82.58472475409508
test_03742,11.198074948042631
test_03743,9.559734504669905
test_03744,9.407433528453112
test_03745,154.7360624372959
test_03746,144.53814417123795
test_03747,139.95027689635754
test_03748,174.625026345253
test_03749,255.67844262719154
test_03750,9.072000712156296
test_03751,83.89759735018015
test_03752,129.8779996931553
test_03753,8.142840705811977
test_03754,54.15683349967003
test_03755,83.72711949795485
test_03756,17.36952919140458
test_03757,39.9148091673851
test_03758,18.201973658055067
test_03759,30.041445076465607
test_03760,59.04434809833765
test_03761,10.178401973098516
test_03762,209.44333374500275
test_03763,148.83241812884808
test_03764,352.5970998108387
test_03765,65.38942976295948
test_03766,67.78835398703814
test_03767,121.78951271623373
test_03768,13.18227744102478
test_03769,11.586088482290506
test_03770,12.03106538951397
test_03771,18.985302675515413
test_03772,101.64625824987888
test_03773,12.684162698686123
test_03774,90.21136160194874
test_03775,264.2230154275894
test_03776,59.28547954931855
test_03777,51.230371318757534
test_03778,54.38039347529411
test_03779,115.26508389413357
test_03780,60.65402300655842
test_03781,13.98716689273715
test_03782,51.787989888340235
test_03783,50.85717338696122
test_03784,15.596169546246529
test_03785,68.03313641250134
test_03786,10.806960128247738
test_03787,14.151817299425602
test_03788,115.27430232614279
test_03789,68.77584787458181
test_03790,11.691004786640406
test_03791,66.3460222184658
test_03792,105.91092328727245
test_03793,110.03629417717457
test_03794,17.80190782248974
test_03795,20.13124068453908
test_03796,45.045330844819546
test_03797,66.75047442317009
test_03798,34.08283983916044
test_03799,86.43431521952152
test_03800,66.22841849923134
test_03801,83.24434404820204
test_03802,11.48841841518879
test_03803,15.636452831327915
test_03804,32.8060387223959
test_03805,72.46842043846846
test_03806,96.9228257983923
test_03807,42.74089369177818
test_03808,28.528604559600353
test_03809,59.525905318558216
test_03810,66.72013010829687
test_03811,61.78885209932923
test_03812,78.79842279851437
test_03813,108.46870761364698
test_03814,57.308155596256256
test_03815,164.67833077907562
test_03816,192.26035475730896
test_03817,25.473099187016487
test_03818,11.0646045319736
test_03819,27.46489704400301
test_03820,50.12128475308418
test_03821,13.310562953352928
test_03822,43.57784337922931
test_03823,78.07525500655174
test_03824,29.181009186431766
test_03825,42.867708414793015
test_03826,136.73229387402534
test_03827,14.562330938875675
test_03828,38.031797721982
test_03829,59.66495433449745
test_03830,88.72799629718065
test_03831,48.2156543508172
test_03832,49.9352484755218
test_03833,77.897928327322
test_03834,98.25244905054569
test_03835,81.83509018272161
test_03836,73.33608956634998
test_03837,89.60204627364874
test_03838,70.16633803397417
test_03839,13.303732696920633
test_03840,17.354323606938124
test_03841,78.13823153078556
test_03842,43.0409049987793
test_03843,15.419905103743076
test_03844,84.569220662117
test_03845,28.172727400436997
test_03846,34.6080899015069
test_03847,35.04879929125309
test_03848,73.3026105388999
test_03849,72.52956961840391
test_03850,82.5179004073143
test_03851,105.6553550735116
test_03852,90.51615668833256
test_03853,197.0832957625389
test_03854,53.301978066563606
test_03855,29.067765837535262
test_03856,65.29457128047943
test_03857,73.25791488587856
test_03858,74.58903121203184
test_03859,20.000589281320572
test_03860,33.67188050597906
test_03861,25.044130112975836
test_03862,37.197722759097815
test_03863,97.94867905974388
test_03864,107.72645670175552
test_03865,75.22055694460869
test_03866,107.82277111709118
test_03867,11.124910607933998
test_03868,18.592501647770405
test_03869,71.1906610801816
test_03870,96.24630728363991
test_03871,116.91440325975418
test_03872,77.35930745303631
test_03873,33.778620440512896
test_03874,41.45550925657153
test_03875,105.7826229184866
test_03876,54.06751276180148
test_03877,86.0427658483386
test_03878,83.93964855372906
test_03879,71.17077571153641
test_03880,62.993023708462715
test_03881,116.35282915830612
test_03882,98.25671285390854
test_03883,68.43938624858856
test_03884,32.55009909719229
test_03885,43.92036272585392
test_03886,34.34085936844349
test_03887,39.29492346942425
test_03888,102.85084212571383
test_03889,98.44683094322681
test_03890,82.20916835963726
test_03891,9.497686509042978
test_03892,32.55765546299517
test_03893,57.97097274288535
test_03894,143.26698108017445
test_03895,129.28987710177898
test_03896,29.818938052281737
test_03897,53.47699085250497
test_03898,19.628639291971922
test_03899,110.32739903777838
test_03900,114.21205074340105
test_03901,37.33950907737017
test_03902,73.19143223762512
test_03903,176.45563906431198
test_03904,96.56376007199287
test_03905,87.12242919951677
test_03906,84.49199679493904
test_03907,124.43651749938726
test_03908,28.063603004440665
test_03909,62.13840597867966
test_03910,44.34371977299452
test_03911,74.14731901139021
test_03912,84.02872044593096
test_03913,53.95204094424844
test_03914,32.509542824700475
test_03915,26.734180314466357
test_03916,15.307192873209715
test_03917,27.906429110094905
test_03918,98.46468840539455
test_03919,57.256904531270266
test_03920,41.968617878854275
test_03921,77.11981392651796
test_03922,71.58577600121498
test_03923,47.93204457312822
test_03924,84.11528159677982
test_03925,122.1386691853404
test_03926,11.911898028105497
test_03927,38.81445448473096
test_03928,14.703589852899313
test_03929,32.245773846283555
test_03930,49.678480602800846
test_03931,28.15596003085375
test_03932,11.096063081175089
test_03933,19.388874635100365
test_03934,25.552263678982854
test_03935,129.90539500117302
test_03936,46.47074110805988
test_03937,17.998607322573662
test_03938,51.475443445146084
test_03939,14.735557235777378
test_03940,11.47333911061287
test_03941,18.408452421426773
test_03942,32.76502561382949
test_03943,46.00846014171839
test_03944,80.9300199225545
test_03945,74.25508032739162
test_03946,156.57466793060303
test_03947,31.058880297467113
test_03948,33.6801444105804
test_03949,19.568556062877178
test_03950,39.041416589170694
test_03951,58.345526326447725
test_03952,98.4800945520401
test_03953,77.94768260419369
test_03954,165.75674618780613
test_03955,35.953163869678974
test_03956,9.647985577583313
test_03957,11.490338612347841
test_03958,51.216298539191484
test_03959,85.62588621675968
test_03960,186.36266788840294
test_03961,172.07545021176338
test_03962,96.17810128629208
test_03963,41.70971067622304
test_03964,56.05280349031091
test_03965,48.27166319638491
test_03966,50.731068059802055
test_03967,25.794877061620355
test_03968,54.437642835080624
test_03969,143.40890482068062
test_03970,49.916871037334204
test_03971,115.99909690022469
test_03972,227.19736525416374
test_03973,96.18405872583389
test_03974,130.17428202927113
test_03975,103.40721646696329
test_03976,61.92991045117378
test_03977,214.3853641152382
test_03978,30.732489492744207
test_03979,47.3103983849287
test_03980,14.467814154922962
test_03981,25.815703958272934
test_03982,73.15287972986698
test_03983,109.20513479411602
test_03984,12.085116896778345
test_03985,59.69626060500741
test_03986,9.803811248391867
test_03987,29.057169469073415
test_03988,15.155166741460562
test_03989,11.161672912538052
test_03990,75.86823907494545
test_03991,152.7501403093338
test_03992,246.3394356071949
test_03993,216.98450139164925
test_03994,103.45561137795448
test_03995,139.45785960555077
test_03996,15.841063395142555
test_03997,99.21882448345423
test_03998,178.93741032481194
test_03999,138.2378472983837
test_04000,57.48954923078418
test_04001,57.346407260745764
test_04002,20.169514633715153
test_04003,22.156272437423468
test_04004,68.86852988600731
test_04005,56.110866241157055
test_04006,174.69300949573517
test_04007,22.17711604759097
test_04008,66.36566245555878
test_04009,11.85244619846344
test_04010,12.508228812366724
test_04011,38.23599973320961
test_04012,84.94982825219631
test_04013,204.04209026694298
test_04014,302.466122597456
test_04015,15.552346710115671
test_04016,122.58535087108612
test_04017,136.73593370616436
test_04018,10.993230395019054
test_04019,143.0333335697651
test_04020,259.8304660022259
test_04021,466.9856141805649
test_04022,86.33272676169872
test_04023,43.92342687025666
test_04024,131.35072034597397
test_04025,222.93522581458092
test_04026,13.802616260945797
test_04027,23.908660335466266
test_04028,181.06313171982765
test_04029,215.12301695346832
test_04030,11.483148086816072
test_04031,19.89849941805005
test_04032,10.151883196085691
test_04033,258.6811704337597
test_04034,254.18792393803596
test_04035,241.08057641983032
test_04036,222.59706312417984
test_04037,368.50075951218605
test_04038,423.4741694033146
test_04039,14.559976190328598
test_04040,93.00363282859325
test_04041,125.56088393181562
test_04042,156.89945980906487
test_04043,14.155312281101942
test_04044,172.91429038345814
test_04045,13.60583133623004
test_04046,350.42342177033424
test_04047,322.0844315588474
test_04048,335.03908440470695
test_04049,88.65989429503679
test_04050,306.03945723176
test_04051,444.33067497611046
test_04052,247.343316167593
test_04053,196.20566537976265
test_04054,177.02189294993877
test_04055,19.846754375845194
test_04056,17.211757324635983
test_04057,11.24852005019784
test_04058,78.6495610922575
test_04059,90.45150138437748
test_04060,12.845017280429602
test_04061,32.380421636626124
test_04062,82.87424740195274
test_04063,128.38908550143242
test_04064,161.58465173840523
test_04065,58.31299068406224
test_04066,10.945645160973072
test_04067,79.68584358692169
test_04068,14.213077902793884
test_04069,28.528036300092936
test_04070,101.07611940056086
test_04071,180.17721143364906
test_04072,336.20561346411705
test_04073,13.893782913684845
test_04074,480.9554384946823
test_04075,8.435004089027643
test_04076,12.801265012472868
test_04077,126.94340360164642
test_04078,12.459804188460112
test_04079,60.70138539373875
test_04080,95.18418940901756
test_04081,381.0709272325039
test_04082,12.215252038091421
test_04083,15.237560655921698
test_04084,43.15024481341243
test_04085,11.848821222782135
test_04086,11.485539976507425
test_04087,12.694781351834536
test_04088,123.6985229626298
test_04089,146.57907976210117
test_04090,194.24808937311172
test_04091,220.14464822411537
test_04092,255.1428079009056
test_04093,9.391737680882215
test_04094,107.41330485790968
test_04095,145.52902533113956
test_04096,9.624412093311548
test_04097,63.72769411280751
test_04098,92.06299620866776
test_04099,20.103849090635777
test_04100,33.61052333563566
test_04101,13.624784462153912
test_04102,32.278734754770994
test_04103,11.640110276639462
