id,PM2.5
test_00001,176.676227748394
test_00002,160.32653261721134
test_00003,408.01985812187195
test_00004,65.05559772998095
test_00005,50.2166372127831
test_00006,117.11752074956894
test_00007,11.735784935764968
test_00008,9.37184488400817
test_00009,53.69252834096551
test_00010,118.64163731783628
test_00011,13.31961053609848
test_00012,114.44202128052711
test_00013,259.98916268348694
test_00014,318.3782801926136
test_00015,66.7020795121789
test_00016,48.785819198936224
test_00017,45.42716037854552
test_00018,125.05886194109917
test_00019,57.42340085282922
test_00020,12.175129388459027
test_00021,25.47218737192452
test_00022,32.36568403057754
test_00023,11.837009410373867
test_00024,51.56911712512374
test_00025,12.736880838871002
test_00026,12.518227208405733
test_00027,107.44497882574797
test_00028,67.43809071183205
test_00029,11.280596070922911
test_00030,12.074446246027946
test_00031,60.60126772522926
test_00032,97.41664702445269
test_00033,100.03765300661325
test_00034,24.226885659620166
test_00035,16.11276200786233
test_00036,83.13266062736511
test_00037,96.49357073754072
test_00038,22.980020305141807
test_00039,32.26917091012001
test_00040,83.6783531755209
test_00041,11.15204871352762
test_00042,14.208509542047977
test_00043,26.620040006935596
test_00044,69.38187992572784
test_00045,70.80445260554552
test_00046,56.11261187493801
test_00047,25.514468850567937
test_00048,59.67216343060136
test_00049,60.51308350637555
test_00050,71.2416038736701
test_00051,93.19497657567263
test_00052,110.26479392498732
test_00053,59.98195028677583
test_00054,170.62381087243557
test_00055,181.63339684903622
test_00056,32.41652282886207
test_00057,11.448355191387236
test_00058,25.05009683780372
test_00059,59.49769661948085
test_00060,36.099347699433565
test_00061,27.84025287628174
test_00062,63.39903584122658
test_00063,25.330285916104913
test_00064,53.5977292843163
test_00065,139.28794629871845
test_00066,20.99418917298317
test_00067,34.792120557278395
test_00068,62.24621557816863
test_00069,59.85168515145779
test_00070,40.05932907387614
test_00071,48.32298482954502
test_00072,77.36208561062813
test_00073,120.20868162065744
test_00074,88.96027701348066
test_00075,65.54016338288784
test_00076,79.92221725732088
test_00077,55.57201137766242
test_00078,10.971199196763337
test_00079,17.749871222302318
test_00080,58.75965008512139
test_00081,40.575033862143755
test_00082,15.284014013595879
test_00083,87.68905449658632
test_00084,33.021457359194756
test_00085,37.08299747854471
test_00086,41.95837063714862
test_00087,72.84506878256798
test_00088,73.01784195750952
test_00089,75.85107986629009
test_00090,120.78777891397476
test_00091,76.97620397806168
test_00092,194.36924378573895
test_00093,55.49856476485729
test_00094,9.82270401995629
test_00095,65.62304013222456
test_00096,45.69234072044492
test_00097,62.826523672789335
test_00098,17.809150345623493
test_00099,100.14910615235567
test_00100,18.593272326514125
test_00101,16.064249173738062
test_00102,123.82826440781355
test_00103,89.25040877610445
test_00104,150.80529628694057
test_00105,56.46099580824375
test_00106,107.1636346578598
test_00107,9.59716674266383
test_00108,16.121869016438723
test_00109,30.531037783250213
test_00110,65.05163848400116
test_00111,91.55957771092653
test_00112,120.31910967081785
test_00113,59.62385023012757
test_00114,26.578486494719982
test_00115,37.145892292261124
test_00116,108.69559543579817
test_00117,54.83494536951184
test_00118,87.61360597610474
test_00119,84.07903926819563
test_00120,78.49504650384188
test_00121,64.48756106942892
test_00122,105.79223504662514
test_00123,81.70746578276157
test_00124,51.47980010136962
test_00125,24.505447955802083
test_00126,67.97047930210829
test_00127,36.361987587064505
test_00128,36.06869139894843
test_00129,87.8344546481967
test_00130,112.37860786914825
test_00131,76.18615984171629
test_00132,13.795065466314554
test_00133,23.595614343881607
test_00134,65.7217910066247
test_00135,144.5667131394148
test_00136,121.37635462731123
test_00137,41.9397072121501
test_00138,22.45050086826086
test_00139,116.55564951896667
test_00140,98.66470832377672
test_00141,43.82417830452323
test_00142,82.37872511148453
test_00143,90.45874390751123
test_00144,55.607369747012854
test_00145,87.83989953994751
test_00146,81.56384840607643
test_00147,117.17173939198256
test_00148,16.541503592394292
test_00149,43.32592985406518
test_00150,52.08317284658551
test_00151,65.47968274354935
test_00152,93.20020604878664
test_00153,54.66233932971954
test_00154,36.093639105558395
test_00155,14.917459703981876
test_00156,11.398232288658619
test_00157,23.572371415793896
test_00158,78.61948419362307
test_00159,67.49876448512077
test_00160,22.34712963551283
test_00161,59.56631859764457
test_00162,64.75204315781593
test_00163,33.51411606743932
test_00164,80.82932285219431
test_00165,109.07967200875282
test_00166,10.714671812951565
test_00167,22.89756696484983
test_00168,13.51800460088998
test_00169,20.250989304855466
test_00170,27.67210934497416
test_00171,24.41044090874493
test_00172,8.778329398483038
test_00173,14.779272362589836
test_00174,14.422213186509907
test_00175,138.17030984163284
test_00176,37.88795007020235
test_00177,12.519854919053614
test_00178,11.563613447360694
test_00179,10.840193095616996
test_00180,12.85399708058685
test_00181,25.488789463415742
test_00182,38.169647078961134
test_00183,66.07065777480602
test_00184,82.08822193741798
test_00185,149.1658861786127
test_00186,32.16795386373997
test_00187,26.991464449092746
test_00188,14.234033864922822
test_00189,18.404123621061444
test_00190,42.634280037134886
test_00191,92.20474909991026
test_00192,99.96609687805176
test_00193,29.043512670323253
test_00194,175.6733425706625
test_00195,31.552903942763805
test_00196,10.578255175612867
test_00197,33.82348322868347
test_00198,88.532923579216
test_00199,200.77219878137112
test_00200,162.9712643623352
test_00201,104.09535273164511
test_00202,36.674214616417885
test_00203,56.4139936901629
test_00204,51.902793165296316
test_00205,52.7052053026855
test_00206,23.712945075705647
test_00207,47.42635303735733
test_00208,139.82637403905392
test_00209,49.26563078537583
test_00210,122.04262218624353
test_00211,221.1341031640768
test_00212,266.66758611798286
test_00213,117.41764348000288
test_00214,99.32443904131651
test_00215,61.80807635560632
test_00216,177.98518566787243
test_00217,43.407651513814926
test_00218,37.873201321810484
test_00219,14.595803466625512
test_00220,23.36118129827082
test_00221,50.826123390346766
test_00222,121.04888858646154
test_00223,9.339810647070408
test_00224,69.00516472756863
test_00225,7.849267351906747
test_00226,24.622977392748
test_00227,12.559253316372633
test_00228,9.658751402515918
test_00229,70.70911128818989
test_00230,116.18233644962311
test_00231,297.1958239376545
test_00232,232.44631518423557
test_00233,95.65447800606489
test_00234,106.49126852303743
test_00235,13.725051623769104
test_00236,94.53401882201433
test_00237,210.81679840385914
test_00238,25.735464230179787
test_00239,68.05897922068834
test_00240,57.89449541270733
test_00241,15.14593066740781
test_00242,27.90005011856556
test_00243,89.54076338559389
test_00244,64.85318592190742
test_00245,196.070739030838
test_00246,26.904793731868267
test_00247,74.38363325595856
test_00248,9.09382252721116
test_00249,9.620993715245277
test_00250,13.821440321393311
test_00251,72.66446625441313
test_00252,193.90728223323822
test_00253,242.3615447729826
test_00254,18.118944630026817
test_00255,64.0728504806757
test_00256,153.181259855628
test_00257,9.783071633428335
test_00258,130.3423977047205
test_00259,130.45768381655216
test_00260,518.4309719204903
test_00261,67.50700981914997
test_00262,28.586388751864433
test_00263,112.8910293802619
test_00264,185.25768913328648
test_00265,10.128661624155939
test_00266,18.436436416581273
test_00267,103.28001547604799
test_00268,222.84639905393124
test_00269,13.81933441851288
test_00270,17.929132955148816
test_00271,10.386191818863153
test_00272,57.29172806814313
test_00273,260.10825204849243
test_00274,207.7747009843588
test_00275,196.90769243240356
test_00276,412.8660643398762
test_00277,386.311453551054
test_00278,13.635567464865744
test_00279,82.85901953279972
test_00280,160.39200502634048
test_00281,181.23417411744595
test_00282,13.491837736219168
test_00283,145.91354016959667
test_00284,12.916078503243625
test_00285,319.8192080259323
test_00286,274.4119901061058
test_00287,437.7407663166523
test_00288,88.48526406288147
test_00289,277.94984751939774
test_00290,310.70373126864433
test_00291,249.1588792949915
test_00292,181.38452146947384
test_00293,110.96734095364809
test_00294,19.81613707356155
test_00295,15.907433691434562
test_00296,8.066982239950448
test_00297,40.869176868349314
test_00298,79.6560415327549
test_00299,11.695819207467139
test_00300,29.61520773358643
test_00301,84.6375975087285
test_00302,120.99062155932188
test_00303,159.58630961179733
test_00304,67.29966566711664
test_00305,10.146727076731622
test_00306,75.64937373995781
test_00307,12.390301036648452
test_00308,23.990207431837916
test_00309,77.3262295499444
test_00310,198.30977062880993
test_00311,255.88554164767265
test_00312,12.260905004106462
test_00313,588.3402324318886
test_00314,12.540328974835575
test_00315,10.919190452434123
test_00316,95.2779410853982
test_00317,10.47101105004549
test_00318,54.90324793383479
test_00319,84.78463929891586
test_00320,263.42870005965233
test_00321,10.675061711110175
test_00322,10.608369215391576
test_00323,83.84610486775637
test_00324,9.652712252456695
test_00325,9.587950631976128
test_00326,11.04140895884484
test_00327,110.5344460606575
test_00328,133.46014420688152
test_00329,164.3150755316019
test_00330,257.3810521066189
test_00331,296.2304513156414
test_00332,8.491979997139424
test_00333,79.60962253063917
test_00334,158.90280856192112
test_00335,8.283009062986821
test_00336,47.939108818769455
test_00337,92.72558679431677
test_00338,18.942250518128276
test_00339,29.29691369831562
test_00340,14.282393491826952
test_00341,24.445906987413764
test_00342,10.046458986587822
test_00343,118.54199505597353
test_00344,180.82178856432438
test_00345,249.08890537917614
test_00346,42.49819488450885
test_00347,28.070214128121734
test_00348,84.2127176746726
test_00349,9.969060556031764
test_00350,12.572728123515844
test_00351,19.367345770820975
test_00352,18.20730526931584
test_00353,91.55733438581228
test_00354,15.998789764009416
test_00355,77.87626761198044
test_00356,210.12952381372452
test_00357,261.7845655977726
test_00358,67.7894533649087
test_00359,43.122652657330036
test_00360,29.309868529438972
test_00361,109.74737321585417
test_00362,56.175852101296186
test_00363,11.08990043681115
test_00364,12.786691755987704
test_00365,14.682312619872391
test_00366,12.040249465964735
test_00367,21.588271060958505
test_00368,10.0059147849679
test_00369,10.021321860142052
test_00370,57.84815440699458
test_00371,63.2310947291553
test_00372,10.186747588217258
test_00373,22.576544912531972
test_00374,41.79779461398721
test_00375,47.55631732940674
test_00376,82.79802634567022
test_00377,18.432284036651254
test_00378,17.189587775617838
test_00379,15.44901726115495
test_00380,49.486602023243904
test_00381,31.685052134096622
test_00382,104.52110909670591
test_00383,16.15407503116876
test_00384,35.27007508650422
test_00385,83.04159796983004
test_00386,9.87957454007119
test_00387,19.13824805058539
test_00388,28.342349149286747
test_00389,81.00295027345419
test_00390,70.82575676590204
test_00391,40.076848551630974
test_00392,14.380553822033107
test_00393,47.60084584727883
test_00394,90.1819309592247
test_00395,73.75937233120203
test_00396,72.80365640670061
test_00397,77.97575388103724
test_00398,53.934554893523455
test_00399,153.01550635695457
test_00400,39.66593750193715
test_00401,12.91918350290507
test_00402,17.714390287175775
test_00403,14.115152490325272
test_00404,19.661804476752877
test_00405,74.39866799116135
test_00406,23.3385029155761
test_00407,40.55567218363285
test_00408,174.3797313719988
test_00409,16.96434437762946
test_00410,32.13184338621795
test_00411,58.0015101917088
test_00412,15.900274735875428
test_00413,21.20220186561346
test_00414,46.208524629473686
test_00415,76.34257605671883
test_00416,101.85508804768324
test_00417,80.42966928333044
test_00418,50.173828329890966
test_00419,75.81327760964632
test_00420,22.40684331022203
test_00421,15.855355307459831
test_00422,19.057200502604246
test_00423,22.26522598415613
test_00424,88.42118073254824
test_00425,12.354156203567982
test_00426,70.5659321770072
test_00427,43.30262750014663
test_00428,58.223640233278275
test_00429,89.758937895298
test_00430,105.53463149815798
test_00431,70.72696875035763
test_00432,71.01112821698189
test_00433,109.7063248232007
test_00434,67.3022061213851
test_00435,127.59231881797314
test_00436,45.147669553756714
test_00437,9.130299773532897
test_00438,42.025896951556206
test_00439,28.198436500504613
test_00440,35.30441207438707
test_00441,12.037546519190073
test_00442,20.979702269658446
test_00443,22.311682127416134
test_00444,25.86120928823948
test_00445,53.26447665318847
test_00446,138.74396224319935
test_00447,98.32953920960426
test_00448,64.23783515766263
test_00449,37.62560731172562
test_00450,13.922102107666433
test_00451,29.400182792916894
test_00452,76.2866860628128
test_00453,63.629518926143646
test_00454,117.9835110977292
test_00455,11.42266094777733
test_00456,19.769188810139894
test_00457,33.83923478797078
test_00458,93.22500890493393
test_00459,43.68467988073826
test_00460,82.01411049813032
test_00461,71.55069990456104
test_00462,66.55525314062834
test_00463,49.29663249850273
test_00464,86.92301839590073
test_00465,53.033525589853525
test_00466,42.494168784469366
test_00467,10.364003699272871
test_00468,41.64320574328303
test_00469,22.54948201775551
test_00470,29.693751968443394
test_00471,60.92289146408439
test_00472,106.16644693166018
test_00473,33.29280684515834
test_00474,7.833010673057288
test_00475,15.038698612712324
test_00476,91.02242762595415
test_00477,148.3201823234558
test_00478,65.09080010652542
test_00479,34.32050973549485
test_00480,24.035879896953702
test_00481,15.371865819208324
test_00482,64.84185787290335
test_00483,136.5857943445444
test_00484,33.89781008660793
test_00485,42.5991036593914
test_00486,62.048542980104685
test_00487,23.121420355513692
test_00488,39.720312137156725
test_00489,68.15915631502867
test_00490,94.37076120823622
test_00491,17.894521122798324
test_00492,36.66610299050808
test_00493,45.278075825423
test_00494,91.07840675860643
test_00495,57.662615820765495
test_00496,27.97655159048736
test_00497,9.607691150158644
test_00498,17.534097887575626
test_00499,21.569676347076893
test_00500,60.970038432627916
test_00501,54.21621476113796
test_00502,15.030807976610959
test_00503,38.83371588215232
test_00504,40.28788824751973
test_00505,36.88962211087346
test_00506,63.081181928515434
test_00507,52.528227750211954
test_00508,7.853630043566227
test_00509,13.296051908284426
test_00510,10.023337695747614
test_00511,19.580079102888703
test_00512,18.577485483139753
test_00513,16.765329127199948
test_00514,13.138127762824297
test_00515,18.982470663264394
test_00516,16.862620354630053
test_00517,128.22559018433094
test_00518,37.206710916012526
test_00519,11.596197373233736
test_00520,51.79611637070775
test_00521,10.271982800215483
test_00522,11.897774179466069
test_00523,16.560540285892785
test_00524,19.37193827331066
test_00525,24.605175642296672
test_00526,110.8849396109581
test_00527,27.238779900595546
test_00528,46.86776136979461
test_00529,30.697140408679843
test_00530,27.288439467549324
test_00531,11.11871175095439
test_00532,14.596197162754834
test_00533,26.729806944727898
test_00534,82.94508299231529
test_00535,98.7202566191554
test_00536,16.165815346874297
test_00537,112.77028352022171
test_00538,23.71121801249683
test_00539,12.487181854434311
test_00540,12.988255817443132
test_00541,32.944382056593895
test_00542,112.77809058874846
test_00543,165.4501980394125
test_00544,158.85601072013378
test_00545,126.91643913090229
test_00546,44.88653388246894
test_00547,53.765168990939856
test_00548,59.523130875080824
test_00549,37.486888851970434
test_00550,23.126631258055568
test_00551,59.54647779837251
test_00552,103.37130840867758
test_00553,75.72492625564337
test_00554,110.17816592007875
test_00555,148.89160625636578
test_00556,231.31202463805676
test_00557,152.43903122842312
test_00558,19.070461748167872
test_00559,93.94870410114527
test_00560,139.42400173842907
test_00561,113.74270553141832
test_00562,37.4785172380507
test_00563,14.137417677789927
test_00564,34.556526850908995
test_00565,54.38859795406461
test_00566,99.40909856557846
test_00567,24.01051063835621
test_00568,44.36754581704736
test_00569,9.65269136056304
test_00570,32.41557572968304
test_00571,11.16213624831289
test_00572,9.995562619529665
test_00573,69.57967137545347
test_00574,31.530049139633775
test_00575,263.9205676615238
test_00576,238.7015969902277
test_00577,159.06290175020695
test_00578,73.67082784324884
test_00579,22.918952835723758
test_00580,52.55343544483185
test_00581,217.1988800764084
test_00582,31.052971141412854
test_00583,49.27657628059387
test_00584,54.45793304219842
test_00585,47.47494479641318
test_00586,21.427789747714996
test_00587,94.45289513468742
test_00588,115.04398266226053
test_00589,183.62451873719692
test_00590,19.303058164194226
test_00591,57.550924971699715
test_00592,11.339846409857273
test_00593,12.938452328555286
test_00594,14.97684375103563
test_00595,60.17785868048668
test_00596,121.90502167493105
test_00597,204.30995219945908
test_00598,21.98417337425053
test_00599,73.74450101703405
test_00600,117.53849333524704
test_00601,20.981174916028976
test_00602,30.34542305767536
test_00603,87.324855864048
test_00604,162.85305152833462
test_00605,147.56266640126705
test_00606,36.55525524541736
test_00607,98.7802247107029
test_00608,172.20545907318592
test_00609,16.661165859550238
test_00610,80.85096871107817
test_00611,74.99118809401989
test_00612,201.34230048954487
test_00613,49.890129413455725
test_00614,13.133981882594526
test_00615,13.143226313404739
test_00616,82.49646996706724
test_00617,155.70103393495083
test_00618,225.84787891805172
test_00619,201.52173678576946
test_00620,302.6652882695198
test_00621,395.7651821374893
test_00622,12.123000863939524
test_00623,60.10863872990012
test_00624,219.96576161682606
test_00625,219.51935477554798
test_00626,13.773030553944409
test_00627,86.16152837127447
test_00628,10.411618646234274
test_00629,53.704450648278
test_00630,118.99635753035545
test_00631,362.8779765367508
test_00632,20.368568882346153
test_00633,142.77350898087025
test_00634,161.98998047411442
test_00635,193.60663209855556
test_00636,166.83156633377075
test_00637,249.0274739265442
test_00638,27.153537260368466
test_00639,11.29054989758879
test_00640,10.973639369942248
test_00641,23.14539867825806
test_00642,23.90144752524793
test_00643,11.813324502669275
test_00644,23.96673608571291
test_00645,99.03937333077192
test_00646,114.404441870749
test_00647,164.49476438760757
test_00648,54.256212059408426
test_00649,10.774741114117205
test_00650,46.60284101590514
test_00651,15.271883715875447
test_00652,36.620445381850004
test_00653,44.641224052757025
test_00654,95.88178923726082
test_00655,201.6501708626747
test_00656,12.00720963254571
test_00657,247.60042202472687
test_00658,11.511760695837438
test_00659,17.279160144738853
test_00660,64.46015833318233
test_00661,12.607701153494418
test_00662,95.87221425026655
test_00663,102.40725058317184
test_00664,241.49940967559814
test_00665,13.469824180006981
test_00666,15.199887464754283
test_00667,89.03059262782335
test_00668,10.382224216125906
test_00669,10.486373555846512
test_00670,13.175176054239273
test_00671,57.14129900559783
test_00672,73.09202025085688
test_00673,79.13892538100481
test_00674,224.6669985204935
test_00675,233.74742889404297
test_00676,10.431254240684211
test_00677,61.61086430773139
test_00678,125.29972226172686
test_00679,7.809341550339013
test_00680,37.79305816069245
test_00681,108.452811203897
test_00682,19.330919593572617
test_00683,26.768092036247253
test_00684,18.78126965649426
test_00685,68.32089857012033
test_00686,72.76375196129084
test_00687,11.38608620595187
test_00688,155.7276269942522
test_00689,193.97780583798885
test_00690,348.33074113726616
test_00691,46.8522660844028
test_00692,32.49593988060951
test_00693,44.20834030210972
test_00694,8.763474333565682
test_00695,10.011389389634132
test_00696,13.165222227573395
test_00697,15.182822037488222
test_00698,93.03391771763563
test_00699,13.545897600241005
test_00700,97.29275902360678
test_00701,220.04097986221313
test_00702,295.69523257017136
test_00703,65.775051407516
test_00704,51.00211298838258
test_00705,41.3374524153769
test_00706,149.0616829842329
test_00707,84.35304434597492
test_00708,8.463881328701973
test_00709,9.884293322451413
test_00710,11.949510864913464
test_00711,9.909820430912077
test_00712,23.150219598785043
test_00713,9.817773533053696
test_00714,8.057239189278334
test_00715,60.47174912691116
test_00716,101.40446197241545
test_00717,10.568501911126077
test_00718,12.080162268131971
test_00719,39.23761096969247
test_00720,52.38769680261612
test_00721,75.39486033469439
test_00722,20.75632799975574
test_00723,17.99732595309615
test_00724,18.405300995334983
test_00725,64.07537979260087
test_00726,35.46307161450386
test_00727,101.96995817869902
test_00728,15.686039973050356
test_00729,39.7211440987885
test_00730,85.62854552268982
test_00731,9.025891374330968
test_00732,11.07388610392809
test_00733,20.391286263242364
test_00734,112.38898510485888
test_00735,64.01886582747102
test_00736,47.956416592001915
test_00737,10.754915171302855
test_00738,47.53233900666237
test_00739,119.46357084065676
test_00740,88.45165875554085
test_00741,67.86590469628572
test_00742,53.05274613201618
test_00743,49.19819360971451
test_00744,144.9558631926775
test_00745,209.15024554729462
test_00746,32.41515789180994
test_00747,30.78512035124004
test_00748,116.51872379332781
test_00749,13.156884969212115
test_00750,14.451484122313559
test_00751,58.904155135154724
test_00752,20.026602938771248
test_00753,40.36078888550401
test_00754,158.95956023037434
test_00755,18.779150754213333
test_00756,30.278106590732932
test_00757,44.728509455919266
test_00758,12.337122346274555
test_00759,18.90571848861873
test_00760,46.77519449591637
test_00761,68.58226823061705
test_00762,85.62376174330711
test_00763,60.969901010394096
test_00764,38.741902973502874
test_00765,64.70599556714296
test_00766,25.70390354283154
test_00767,15.840821049176157
test_00768,14.60149163287133
test_00769,19.203029634431005
test_00770,85.34671109169722
test_00771,12.29119546432048
test_00772,77.3844074383378
test_00773,36.94431987404823
test_00774,24.031047834083438
test_00775,47.425461649894714
test_00776,106.3084449544549
test_00777,68.03939098119736
test_00778,80.15909604728222
test_00779,86.15765083581209
test_00780,47.97177816927433
test_00781,104.7977140545845
test_00782,50.87609679996967
test_00783,7.828544914722443
test_00784,15.829428003169596
test_00785,29.688832623884082
test_00786,29.97168472222984
test_00787,11.495346167124808
test_00788,19.379788054153323
test_00789,15.260899222455919
test_00790,19.87428896315396
test_00791,41.21940300241113
test_00792,150.6452773809433
test_00793,55.72538201883435
test_00794,49.21209925413132
test_00795,16.222826074808836
test_00796,7.738277077674866
test_00797,15.986120919696987
test_00798,40.27346262708306
test_00799,81.18859656900167
test_00800,73.74127716571093
test_00801,113.71123212575912
test_00802,8.698635645210743
test_00803,11.594824079424143
test_00804,28.09285165555775
test_00805,77.62119708955288
test_00806,55.6932549290359
test_00807,80.65834730863571
test_00808,57.506173606961966
test_00809,90.64684151858091
test_00810,67.93978586047888
test_00811,101.82057649642229
test_00812,61.91086818650365
test_00813,38.58299830183387
test_00814,9.432332951575518
test_00815,43.566184774041176
test_00816,18.026208763942122
test_00817,20.858300868421793
test_00818,66.39162411540747
test_00819,101.51419919729233
test_00820,39.1540136821568
test_00821,7.162529915571213
test_00822,14.53139700833708
test_00823,94.53177549690008
test_00824,152.2183088362217
test_00825,72.39575750380754
test_00826,12.386197868734598
test_00827,26.047979103401303
test_00828,14.425499249249697
test_00829,66.42253297567368
test_00830,137.84437401592731
test_00831,36.416793059557676
test_00832,34.464156825095415
test_00833,54.139195170253515
test_00834,29.105274679139256
test_00835,42.236216109246016
test_00836,60.962090227752924
test_00837,93.60482167452574
test_00838,17.983771292492747
test_00839,34.245566334575415
test_00840,44.500076562166214
test_00841,111.99114402383566
test_00842,112.42123847454786
test_00843,15.947379920631647
test_00844,21.405306356027722
test_00845,10.644851104356349
test_00846,11.261708870530128
test_00847,24.113874442875385
test_00848,49.75219091773033
test_00849,40.03474535048008
test_00850,13.488737379200757
test_00851,30.46829524822533
test_00852,44.612224247306585
test_00853,35.39844973757863
test_00854,58.77354830130935
test_00855,48.25993773713708
test_00856,5.957524023484439
test_00857,12.134837746620178
test_00858,7.821478347759694
test_00859,10.414694861508906
test_00860,16.856364857405424
test_00861,14.078954731114209
test_00862,8.112029805313796
test_00863,12.40040157083422
test_00864,12.655032899230719
test_00865,120.30657082051039
test_00866,26.782356092706323
test_00867,10.512233077548444
test_00868,49.06230530515313
test_00869,8.58398975385353
test_00870,11.175764262676239
test_00871,14.127864975482225
test_00872,16.805329211056232
test_00873,19.04486221447587
test_00874,115.61124678701162
test_00875,23.423518994823098
test_00876,35.41268593817949
test_00877,23.73742480389774
test_00878,22.157479524612427
test_00879,9.781014014035463
test_00880,11.114756219089031
test_00881,76.7860190346837
test_00882,21.3875454608351
test_00883,113.20007341355085
test_00884,18.66493616439402
test_00885,9.313337832223624
test_00886,8.201532534789294
test_00887,23.786335976794362
test_00888,99.48094439506531
test_00889,164.7726544290781
test_00890,142.94963228702545
test_00891,103.69271301478148
test_00892,39.5005999840796
test_00893,70.0016319155693
test_00894,67.6445211917162
test_00895,33.313461035490036
test_00896,139.97779105603695
test_00897,148.1612627953291
test_00898,14.052631873637438
test_00899,78.0253447368741
test_00900,148.06009031832218
test_00901,103.32021705061197
test_00902,35.05100918933749
test_00903,8.918449472170323
test_00904,18.21974012441933
test_00905,42.32099819928408
test_00906,22.404774548485875
test_00907,34.63284818828106
test_00908,6.4089978453703225
test_00909,31.920146292075515
test_00910,7.585840072017163
test_00911,11.579857126809657
test_00912,60.445007503032684
test_00913,21.36458851955831
test_00914,177.42043228447437
test_00915,255.27295047044754
test_00916,177.041161775589
test_00917,51.2224305421114
test_00918,9.221467819064856
test_00919,55.332473281770945
test_00920,215.03359593451023
test_00921,18.705570433288813
test_00922,25.585310012102127
test_00923,45.50210006535053
test_00924,27.58853062801063
test_00925,28.50080998428166
test_00926,78.42326010018587
test_00927,116.06473273038864
test_00928,177.44995206594467
test_00929,15.089814112521708
test_00930,54.63785960152745
test_00931,7.993613623548299
test_00932,10.946131709963083
test_00933,9.132288217544556
test_00934,71.60747385770082
test_00935,115.5663505718112
test_00936,217.46931217610836
test_00937,8.12372787296772
test_00938,70.44058824330568
test_00939,100.24721077084541
test_00940,10.602538055740297
test_00941,18.831841038540006
test_00942,74.61244498938322
test_00943,167.23006109893322
test_00944,133.90138100087643
test_00945,26.568839082494378
test_00946,56.8700238019228
test_00947,145.17181666195393
test_00948,15.917451586574316
test_00949,31.558764815330505
test_00950,67.65112488716841
test_00951,193.49950218200684
test_00952,92.03046056628227
test_00953,13.099507472477853
test_00954,9.80097830761224
test_00955,88.25217366963625
test_00956,131.95684896409512
test_00957,220.7039938569069
test_00958,203.09623903036118
test_00959,355.656787276268
test_00960,381.3826751410961
test_00961,8.595581504981965
test_00962,42.48443037644029
test_00963,194.38274830579758
test_00964,195.48237873613834
test_00965,11.804067072458565
test_00966,74.68874775618315
test_00967,10.917703878134489
test_00968,61.6059208214283
test_00969,127.9172889739275
test_00970,188.57935537397861
test_00971,16.508467473089695
test_00972,134.93672753870487
test_00973,71.68414803594351
test_00974,206.19724230468273
test_00975,165.3930303901434
test_00976,204.9289316534996
test_00977,25.718518583104014
test_00978,12.344577502459288
test_00979,9.966237829066813
test_00980,17.204276169650257
test_00981,19.845931699499488
test_00982,12.123487412929535
test_00983,26.812161860987544
test_00984,106.71713124960661
test_00985,124.80784723162651
test_00986,124.39472628384829
test_00987,46.650533959269524
test_00988,7.72972207935527
test_00989,57.26429561898112
test_00990,12.160045441240072
test_00991,39.62761526927352
test_00992,44.66674001887441
test_00993,138.0375525355339
test_00994,198.830118060112
test_00995,12.695307827554643
test_00996,273.5002492964268
test_00997,10.020332977175713
test_00998,11.275095467455685
test_00999,64.15771428123116
test_01000,9.296288654208183
test_01001,76.42405629903078
test_01002,107.89751395583153
test_01003,231.06136648356915
test_01004,12.53013187367469
test_01005,14.230047691613436
test_01006,84.69261097162962
test_01007,9.759047348517925
test_01008,9.108081941027194
test_01009,9.33394466759637
test_01010,49.08608677983284
test_01011,88.68083447217941
test_01012,44.09264192357659
test_01013,213.3716634362936
test_01014,248.12017519772053
test_01015,7.68965931981802
test_01016,53.92042640224099
test_01017,121.90772555023432
test_01018,8.299632046371698
test_01019,33.02775092609227
test_01020,91.7626283466816
test_01021,13.786756063811481
test_01022,21.632361313328147
test_01023,16.821013916283846
test_01024,33.221885830163956
test_01025,86.76887521892786
test_01026,11.025817106477916
test_01027,192.56176257133484
test_01028,116.05249843746424
test_01029,352.997243642807
test_01030,48.03161998093128
test_01031,50.989128444343805
test_01032,96.9389673396945
test_01033,8.648983042221516
test_01034,8.043567534070462
test_01035,11.447173174470663
test_01036,21.538119373843074
test_01037,111.6522162258625
test_01038,12.363550127483904
test_01039,116.51351660490036
test_01040,281.8728437423706
test_01041,294.8187312781811
test_01042,62.753660175949335
test_01043,48.524338115006685
test_01044,59.36721235141158
test_01045,131.2242770344019
test_01046,58.424451258033514
test_01047,13.314294709824026
test_01048,43.109084997326136
test_01049,13.710873920470476
test_01050,55.15879386290908
test_01051,11.900873607955873
test_01052,13.19129902496934
test_01053,120.14505141228437
test_01054,65.26444981247187
test_01055,9.229696903843433
test_01056,11.874245264567435
test_01057,76.40101393312216
test_01058,103.61255499720573
test_01059,114.94714827090502
test_01060,31.343214327469468
test_01061,26.464112197980285
test_01062,60.55090433359146
test_01063,68.97794026881456
test_01064,44.95960536971688
test_01065,96.75761456042528
test_01066,68.53491327166557
test_01067,38.36830763146281
test_01068,106.0124374628067
test_01069,10.770254463888705
test_01070,18.732014928013086
test_01071,32.90151189081371
test_01072,75.90847036242485
test_01073,90.63020228594542
test_01074,56.88151155784726
test_01075,28.777403799816966
test_01076,73.94995097070932
test_01077,76.6457072198391
test_01078,98.02818339318037
test_01079,103.49892538040876
test_01080,66.24187102168798
test_01081,206.87668754160404
test_01082,39.961826141923666
test_01083,20.37068778462708
test_01084,62.62736542895436
test_01085,54.219568606466055
test_01086,32.8359094876796
test_01087,81.15643233805895
test_01088,27.871962128207088
test_01089,61.61770570650697
test_01090,172.91867303848267
test_01091,27.292337430641055
test_01092,39.67990628629923
test_01093,64.78852318972349
test_01094,49.313583716750145
test_01095,48.87186037376523
test_01096,53.53488275408745
test_01097,84.79956261068583
test_01098,128.58106064796448
test_01099,90.23776152729988
test_01100,74.77296901494265
test_01101,89.31947644799948
test_01102,61.062319319695234
test_01103,10.393981245346367
test_01104,22.212049150839448
test_01105,82.94529841095209
test_01106,49.276951406151056
test_01107,17.559672350995243
test_01108,99.02233297377825
test_01109,38.829845774918795
test_01110,40.82920556887984
test_01111,45.94143894687295
test_01112,81.730159021914
test_01113,137.48340666294098
test_01114,89.97616159170866
test_01115,174.26098370552063
test_01116,57.64873988926411
test_01117,12.53882475849241
test_01118,56.745927810668945
test_01119,69.01875095814466
test_01120,61.918322414159775
test_01121,18.11727699264884
test_01122,32.38990934193134
test_01123,33.262670520693064
test_01124,38.52952619642019
test_01125,107.71769881993532
test_01126,94.50773774832487
test_01127,166.7832977026701
test_01128,58.684936959296465
test_01129,128.41792188584805
test_01130,8.985374100040644
test_01131,18.348917024210095
test_01132,29.48221829533577
test_01133,78.96097473055124
test_01134,96.73989823460579
test_01135,121.7891858741641
test_01136,77.01260972768068
test_01137,39.462496884167194
test_01138,44.806257013231516
test_01139,133.74883489310741
test_01140,47.15403416752815
test_01141,93.93582355231047
test_01142,87.985908806324
test_01143,96.0839262008667
test_01144,95.55931496620178
test_01145,157.7747577279806
test_01146,139.8286619335413
test_01147,24.271562742069364
test_01148,31.09594901651144
test_01149,32.84821620583534
test_01150,37.38780742138624
test_01151,99.47206023335457
test_01152,105.19678079336882
test_01153,104.15650933980942
test_01154,11.606810455210507
test_01155,29.017664290964603
test_01156,69.93965820223093
test_01157,29.371665822342038
test_01158,55.54596057906747
test_01159,112.98810890316963
test_01160,47.07636832073331
test_01161,68.48978678137064
test_01162,170.6183734089136
test_01163,89.59013882279396
test_01164,104.92569500952959
test_01165,76.7938335314393
test_01166,135.94834831357002
test_01167,26.710918815806508
test_01168,51.991133376955986
test_01169,47.857684288173914
test_01170,75.75784816592932
test_01171,84.74628735333681
test_01172,58.37994131073356
test_01173,35.322510953992605
test_01174,18.143173655495048
test_01175,12.213161920197308
test_01176,31.386992594227195
test_01177,91.66590537875891
test_01178,68.42753822356462
test_01179,34.46422739326954
test_01180,78.15988481789827
test_01181,72.53742125630379
test_01182,41.1418745778501
test_01183,87.39199962466955
test_01184,127.00590471923351
test_01185,11.043067310936749
test_01186,33.5153528675437
test_01187,17.106688741594553
test_01188,21.862092290073633
test_01189,33.29033324494958
test_01190,24.399682976305485
test_01191,8.801399155985564
test_01192,14.521796022541821
test_01193,16.066850910894573
test_01194,128.52765168249607
test_01195,34.9584757424891
test_01196,12.13036223873496
test_01197,50.24383567273617
test_01198,13.500877890735865
test_01199,11.167948837392032
test_01200,16.538202673196793
test_01201,31.58041810244322
test_01202,26.311813078820705
test_01203,66.13233435899019
test_01204,79.41002602130175
test_01205,157.29813285171986
test_01206,32.48133412562311
test_01207,29.798016445711255
test_01208,17.26853220630437
test_01209,30.842024298384786
test_01210,50.72632513567805
test_01211,89.0810971558094
test_01212,109.14822713285685
test_01213,35.47284344956279
test_01214,184.54462373256683
test_01215,45.858402490615845
test_01216,10.905814069323242
test_01217,10.303873115219176
test_01218,45.58477625250816
test_01219,95.4353898242116
test_01220,225.06859828531742
test_01221,190.94022478163242
test_01222,107.59817861765623
test_01223,62.1285895742476
test_01224,50.44262993335724
test_01225,52.11932975053787
test_01226,27.203064976260066
test_01227,58.12199606373906
test_01228,176.1243994832039
test_01229,49.69311049953103
test_01230,127.21059699356556
test_01231,304.1071966290474
test_01232,132.56045198440552
test_01233,111.20125588029623
test_01234,57.68496364727616
test_01235,205.43678480386734
test_01236,36.13794477656484
test_01237,49.22233906760812
test_01238,12.02932068426162
test_01239,19.90033976174891
test_01240,54.6368419341743
test_01241,128.96784852445126
test_01242,8.997094452381134
test_01243,8.301314540207386
test_01244,28.592667462304235
test_01245,13.057309561409056
test_01246,11.765688199549913
test_01247,77.86230996996164
test_01248,161.09175904095173
test_01249,283.22439512610435
test_01250,261.3576504290104
test_01251,107.1881700977683
test_01252,122.62605756521225
test_01253,13.236678075045347
test_01254,99.69253749400377
test_01255,192.41807091236115
test_01256,101.41010742634535
test_01257,55.66923946514726
test_01258,56.337349224835634
test_01259,16.43001051992178
test_01260,18.419344061985612
test_01261,88.23632925748825
test_01262,68.79184085130692
test_01263,194.83812844753265
test_01264,25.67683321982622
test_01265,78.00717528909445
test_01266,9.974095966666937
test_01267,10.236389513127506
test_01268,29.3616228569299
test_01269,97.94578947871923
test_01270,216.04948051273823
test_01271,287.26838234066963
test_01272,18.086644833907485
test_01273,140.48008789122105
test_01274,159.32583133876324
test_01275,9.547422215342522
test_01276,122.3887182250619
test_01277,201.08211934566498
test_01278,555.4355556368828
test_01279,66.02587298303843
test_01280,39.82299625873566
test_01281,112.62433367967606
test_01282,221.55917613208294
test_01283,11.160071200691164
test_01284,18.635912217199802
test_01285,203.49356013536453
test_01286,227.7371003627777
test_01287,13.278702351264656
test_01288,16.06140323355794
test_01289,10.231573235243559
test_01290,101.89038699120283
test_01291,286.7877462208271
test_01292,217.32403087615967
test_01293,236.6770480722189
test_01294,438.82086050510406
test_01295,478.7113111317158
test_01296,14.35554111842066
test_01297,99.29768256098032
test_01298,144.0447314977646
test_01299,177.0588261038065
test_01300,10.984987846575677
test_01301,160.09603467583656
test_01302,14.075879444368184
test_01303,400.59546223282814
test_01304,360.5255455970764
test_01305,374.71652314066887
test_01306,96.88316648453474
test_01307,340.7872855961323
test_01308,302.80152198672295
test_01309,268.9112677872181
test_01310,162.4405768364668
test_01311,137.20713597536087
test_01312,21.500190837308764
test_01313,17.010534033179283
test_01314,8.625925819855183
test_01315,56.97264849767089
test_01316,90.18615762144327
test_01317,10.931123902089894
test_01318,34.9095682837069
test_01319,93.86700844019651
test_01320,135.66359458863735
test_01321,179.6907367259264
test_01322,69.02998244017363
test_01323,8.740830306429416
test_01324,77.37134861201048
test_01325,15.294382892549038
test_01326,34.34769705310464
test_01327,104.08502006530762
test_01328,146.72544558346272
test_01329,305.41851672530174
test_01330,11.966704429127276
test_01331,516.9925696849823
test_01332,13.583653430454433
test_01333,12.961990528739989
test_01334,80.03990268707275
test_01335,9.90843042358756
test_01336,89.5137097761035
test_01337,309.99032416939735
test_01338,11.050300548784435
test_01339,11.499149420298636
test_01340,61.82334879413247
test_01341,12.028746853582561
test_01342,13.647166644223034
test_01343,15.300666245631874
test_01344,135.81021296977997
test_01345,157.75149251520634
test_01346,194.47080253064632
test_01347,255.60190215706825
test_01348,251.53589767217636
test_01349,8.897871885448694
test_01350,92.68694514781237
test_01351,160.625593110919
test_01352,8.729118775110692
test_01353,44.55690251290798
test_01354,98.04584772139788
test_01355,16.054830179549754
test_01356,24.002278303727508
test_01357,12.890507753938437
test_01358,25.109130829572678
test_01359,107.66902906447649
test_01360,9.88495443481952
test_01361,166.67125029861927
test_01362,142.31212683022022
test_01363,353.3091104030609
test_01364,60.89282942190766
test_01365,61.09826451912522
test_01366,76.91700099408627
test_01367,8.960733272135258
test_01368,8.457819893956184
test_01369,10.985502251423895
test_01370,16.61279044765979
test_01371,106.2251002267003
test_01372,12.800352268852293
test_01373,103.00687950104475
test_01374,265.7548053562641
test_01375,306.3031296432018
test_01376,71.02542755752802
test_01377,49.498383194208145
test_01378,52.44596382975578
test_01379,124.58759281784296
test_01380,64.39204890280962
test_01381,12.262989550828934
test_01382,31.744728667661548
test_01383,38.446385744959116
test_01384,16.289178729057312
test_01385,48.25681788101792
test_01386,13.249837182462215
test_01387,13.015336354263127
test_01388,121.28448229283094
test_01389,69.24292004853487
test_01390,10.284698999486864
test_01391,13.491664101369679
test_01392,64.06332749128342
test_01393,106.38609965890646
test_01394,119.16340354084969
test_01395,34.21306783333421
test_01396,23.539135662838817
test_01397,60.46478144824505
test_01398,64.40381521731615
test_01399,85.94612459093332
test_01400,90.98500420898199
test_01401,41.912612747401
test_01402,91.02248705178499
test_01403,14.173028606921434
test_01404,20.850751930847764
test_01405,39.263149220496416
test_01406,73.71704628318548
test_01407,82.37378533929586
test_01408,48.840123265981674
test_01409,22.852002209052444
test_01410,57.726353738456964
test_01411,66.22563291341066
test_01412,70.65979527682066
test_01413,92.96363181620836
test_01414,128.9755738824606
test_01415,59.92753851041198
test_01416,192.2669064551592
test_01417,193.81778693199158
test_01418,35.417492002248764
test_01419,27.07699493318796
test_01420,61.557470198720694
test_01421,20.552781529724598
test_01422,22.63501064479351
test_01423,67.28794392198324
test_01424,29.178947852924466
test_01425,45.98919874429703
test_01426,174.60749572515488
test_01427,23.857229135930538
test_01428,30.501881984993815
test_01429,63.792572263628244
test_01430,41.28806212171912
test_01431,42.72061462700367
test_01432,51.86867159605026
test_01433,82.39295016974211
test_01434,92.12574988603592
test_01435,91.98556435108185
test_01436,71.61999785155058
test_01437,88.71096336841583
test_01438,63.77644929289818
test_01439,14.741027197800577
test_01440,18.00298997759819
test_01441,59.22910672053695
test_01442,39.520968187600374
test_01443,13.517642474733293
test_01444,96.81510162353516
test_01445,41.89227797091007
test_01446,45.30148217454553
test_01447,49.212589517235756
test_01448,80.16107195615768
test_01449,74.38524518162012
test_01450,95.79921704530716
test_01451,125.68753523379564
test_01452,95.76311585307121
test_01453,191.37700463831425
test_01454,49.976761132478714
test_01455,12.223333951085806
test_01456,66.6628584638238
test_01457,43.23756364360452
test_01458,69.44691406935453
test_01459,20.20246068574488
test_01460,32.46908497624099
test_01461,36.036880008876324
test_01462,39.09792312607169
test_01463,114.65380751341581
test_01464,102.91658937931061
test_01465,166.9702810794115
test_01466,69.38841676712036
test_01467,82.69002732634544
test_01468,10.504743565805256
test_01469,16.236274883151054
test_01470,29.757384033873677
test_01471,78.31085614115
test_01472,100.98304369300604
test_01473,125.4165683016181
test_01474,83.79069028049707
test_01475,32.82073733024299
test_01476,34.405518386512995
test_01477,113.55117607861757
test_01478,51.139891777187586
test_01479,89.46810045093298
test_01480,105.33472300320864
test_01481,69.15262992680073
test_01482,68.8931990340352
test_01483,130.64234958589077
test_01484,110.02114801853895
test_01485,89.17134270817041
test_01486,20.538900027051568
test_01487,51.282127503305674
test_01488,47.96579473093152
test_01489,38.0947445333004
test_01490,111.87943831831217
test_01491,134.65134984254837
test_01492,85.20578273385763
test_01493,13.756978151388466
test_01494,51.0121262408793
test_01495,122.27343211323023
test_01496,35.147126756608486
test_01497,46.25618414580822
test_01498,23.8011887203902
test_01499,118.81909027695656
test_01500,132.2908369898796
test_01501,57.76030074432492
test_01502,73.75579192489386
test_01503,144.12164337933064
test_01504,71.9301412627101
test_01505,94.42480900138617
test_01506,75.4179695546627
test_01507,115.5741650685668
test_01508,27.559400828555226
test_01509,47.73821979761124
test_01510,54.92470808699727
test_01511,75.14768601953983
test_01512,88.82295877486467
test_01513,76.55148756504059
test_01514,31.442592887207866
test_01515,18.05989949591458
test_01516,11.212638919241726
test_01517,27.41050012409687
test_01518,86.880291223526
test_01519,64.55267692357302
test_01520,29.82702925056219
test_01521,69.19652333110571
test_01522,71.55858125537634
test_01523,36.9898957721889
test_01524,108.94056356698275
test_01525,130.01467910408974
test_01526,10.09344810526818
test_01527,34.34386408701539
test_01528,13.470623643137515
test_01529,23.215862857177854
test_01530,28.026495287194848
test_01531,26.323295263573527
test_01532,12.631595908664167
test_01533,23.291339233517647
test_01534,22.92612479068339
test_01535,135.40571619570255
test_01536,31.72067791968584
test_01537,19.414351603016257
test_01538,56.54582618176937
test_01539,21.296568227931857
test_01540,11.318274833261967
test_01541,13.046960181556642
test_01542,36.87086211889982
test_01543,40.84352719411254
test_01544,77.32619983702898
test_01545,56.832422107458115
test_01546,147.34106747806072
test_01547,37.777503449469805
test_01548,27.887071145698428
test_01549,15.394889614544809
test_01550,26.81262612529099
test_01551,50.86329424753785
test_01552,101.66988744586706
test_01553,73.98232319206
test_01554,35.67891737446189
test_01555,175.88212037086487
test_01556,32.410708382725716
test_01557,11.622216601856053
test_01558,13.483874674886465
test_01559,39.74830913171172
test_01560,97.52958581596613
test_01561,195.0879694968462
test_01562,170.24290615320206
test_01563,94.0763136446476
test_01564,39.0041640214622
test_01565,61.384054481983185
test_01566,49.810795929282904
test_01567,52.94266349449754
test_01568,21.982988571748137
test_01569,49.271001394838095
test_01570,168.34312176704407
test_01571,55.01072697713971
test_01572,121.28382860869169
test_01573,249.06994853913784
test_01574,265.03417801856995
test_01575,124.12319480627775
test_01576,124.24157106131315
test_01577,85.74456702917814
test_01578,232.50181891024113
test_01579,51.32815280929208
test_01580,43.19631468877196
test_01581,11.729527581483126
test_01582,22.170558778569102
test_01583,82.6806306168437
test_01584,113.51298755407333
test_01585,11.98434832971543
test_01586,53.26967641338706
test_01587,9.15850243717432
test_01588,29.492378255352378
test_01589,13.78481451049447
test_01590,11.739968885667622
test_01591,73.76675599068403
test_01592,143.86712254583836
test_01593,263.3196833729744
test_01594,231.33628523349762
test_01595,100.00395856052637
test_01596,126.6227492466569
test_01597,14.091994058340788
test_01598,100.10654240101576
test_01599,207.93950366973877
test_01600,135.51226671040058
test_01601,75.86003088206053
test_01602,64.50767671316862
test_01603,24.93031107634306
test_01604,17.376657505519688
test_01605,79.73768519610167
test_01606,64.0850030630827
test_01607,194.77527077496052
test_01608,42.33161313831806
test_01609,71.0049999281764
test_01610,10.306840692646801
test_01611,10.444581411778927
test_01612,22.92795584909618
test_01613,100.17862593382597
test_01614,211.90118610858917
test_01615,298.09285685420036
test_01616,20.948399713262916
test_01617,103.50831466168165
test_01618,141.8092060238123
test_01619,9.998814326710999
test_01620,133.65116854012012
test_01621,173.52166694402695
test_01622,463.4404771029949
test_01623,84.00458613038063
test_01624,36.103017244488
test_01625,121.73167652636766
test_01626,193.33667540550232
test_01627,11.68259138893336
test_01628,23.901064971461892
test_01629,148.326377466321
test_01630,218.6176569312811
test_01631,13.571806333959103
test_01632,18.876947101205587
test_01633,13.427413635887206
test_01634,89.29652322083712
test_01635,262.9787573814392
test_01636,231.7394449263811
test_01637,202.85508900880814
test_01638,370.7578119933605
test_01639,481.83330658078194
test_01640,15.993994842283428
test_01641,88.73324805498123
test_01642,169.4411179870367
test_01643,174.36058139801025
test_01644,14.390103738754988
test_01645,159.77957727015018
test_01646,13.021382004022598
test_01647,336.0414198935032
test_01648,248.47219896316528
test_01649,410.85016188025475
test_01650,146.24372494220734
test_01651,270.158259421587
test_01652,256.3112088739872
test_01653,173.10491359233856
test_01654,145.4269020408392
test_01655,30.796348119154572
test_01656,13.826628939248621
test_01657,10.220923940651119
test_01658,74.29990968853235
test_01659,94.2660306096077
test_01660,12.629795491695404
test_01661,32.692953223362565
test_01662,86.29247318953276
test_01663,116.38444370031357
test_01664,171.5852019637823
test_01665,55.64914610609412
test_01666,9.47724913014099
test_01667,67.67762880772352
test_01668,11.642406527884305
test_01669,22.84550622291863
test_01670,74.87079878896475
test_01671,173.11145043373108
test_01672,272.2296953201294
test_01673,10.149856218136847
test_01674,539.261746108532
test_01675,14.068260867148638
test_01676,12.187911513261497
test_01677,71.83721411973238
test_01678,10.15703374426812
test_01679,61.4733306504786
test_01680,82.77214639633894
test_01681,11.825154885649681
test_01682,10.891031893901527
test_01683,58.521122228354216
test_01684,11.216620449908078
test_01685,11.466812483035028
test_01686,12.812335859052837
test_01687,116.58473103493452
test_01688,141.35630691051483
test_01689,148.60015226900578
test_01690,242.1311805397272
test_01691,280.8207985460758
test_01692,8.988610022235662
test_01693,84.67205706238747
test_01694,144.8958282470703
test_01695,8.565010629128665
test_01696,43.92223835363984
test_01697,87.56327229738235
test_01698,23.120777813717723
test_01699,37.55682562664151
test_01700,12.700087892822921
test_01701,25.493016125634313
test_01702,71.2138222977519
test_01703,11.518384818919003
test_01704,160.6104098111391
test_01705,186.04982060194016
test_01706,334.238559037447
test_01707,73.2603587731719
test_01708,59.93209944292903
test_01709,51.34778933227062
test_01710,9.644858293235302
test_01711,9.491112526506186
test_01712,10.511167126707733
test_01713,17.157285193912685
test_01714,96.27495796233416
test_01715,11.552074622362852
test_01716,115.83011955022812
test_01717,254.60235968232155
test_01718,344.0332136154175
test_01719,87.78768651932478
test_01720,55.983832385391
test_01721,57.552756030112505
test_01722,122.83996084332466
test_01723,67.34653779119253
test_01724,10.204386846162379
test_01725,37.28872599080205
test_01726,55.75802908465266
test_01727,14.343330967240036
test_01728,68.24593288451433
test_01729,12.038033996708691
test_01730,13.205743215978146
test_01731,92.96032625436783
test_01732,72.09377028793097
test_01733,9.829120152629912
test_01734,15.30678524915129
test_01735,74.53938093036413
test_01736,124.12994706630707
test_01737,83.62595444917679
test_01738,23.002260422334075
test_01739,21.224443839862943
test_01740,54.946131099015474
test_01741,61.54953685030341
test_01742,46.45432472229004
test_01743,127.62491388618946
test_01744,108.15613517165184
test_01745,78.33233115077019
test_01746,96.66467256098986
test_01747,16.84639524575323
test_01748,36.7792274877429
test_01749,44.141267109662294
test_01750,76.70268916338682
test_01751,86.74336668103933
test_01752,22.153826693072915
test_01753,15.115829627029598
test_01754,59.72140887379646
test_01755,62.56453004106879
test_01756,77.66925773024559
test_01757,79.66959805041552
test_01758,73.56236084550619
test_01759,49.51988420262933
test_01760,221.95450647175312
test_01761,205.44229654967785
test_01762,21.982418455183506
test_01763,12.774063766933978
test_01764,22.47379207983613
test_01765,50.90192103758454
test_01766,14.656120684929192
test_01767,20.38883494772017
test_01768,64.02385759726167
test_01769,31.23429792188108
test_01770,57.96503387391567
test_01771,192.22037602961063
test_01772,25.812160693109035
test_01773,39.903046566993
test_01774,65.1817141994834
test_01775,53.408528581261635
test_01776,45.77962240949273
test_01777,56.0933839045465
test_01778,88.09967213124037
test_01779,99.10295896977186
test_01780,88.69536408782005
test_01781,48.45358794927597
test_01782,84.88791396468878
test_01783,31.76567070186138
test_01784,10.968933586962521
test_01785,15.500705663114786
test_01786,60.46937580779195
test_01787,23.369389491155744
test_01788,95.92775511741638
test_01789,39.54400312528014
test_01790,45.64490405097604
test_01791,66.34172127395868
test_01792,58.267258793115616
test_01793,73.73348495364189
test_01794,114.13365321606398
test_01795,90.0343989059329
test_01796,236.55870153009892
test_01797,44.83797183632851
test_01798,11.977566356770694
test_01799,43.92648358643055
test_01800,29.694264516234398
test_01801,61.926333758980036
test_01802,10.993106900714338
test_01803,33.12990392930806
test_01804,34.32359245046973
test_01805,40.3461292758584
test_01806,84.71930059790611
test_01807,111.9490185379982
test_01808,113.70644091814756
test_01809,84.45809435844421
test_01810,23.719034366309643
test_01811,11.208619318902493
test_01812,13.352624370716512
test_01813,40.06738870218396
test_01814,90.52039820700884
test_01815,95.30763914436102
test_01816,112.91674590855837
test_01817,62.93796567618847
test_01818,31.755354749038815
test_01819,41.201731245964766
test_01820,107.5266447737813
test_01821,55.14063927158713
test_01822,100.76407436281443
test_01823,88.63402920216322
test_01824,64.7988187149167
test_01825,106.30802154541016
test_01826,113.35371889919043
test_01827,86.63786354660988
test_01828,73.87202885001898
test_01829,17.968298291787505
test_01830,47.94792241230607
test_01831,28.97167798317969
test_01832,31.952797072008252
test_01833,80.43486161530018
test_01834,111.60482412576675
test_01835,54.3492283411324
test_01836,11.411984725855291
test_01837,23.143266776576638
test_01838,55.774096343666315
test_01839,140.66349086165428
test_01840,149.33397214114666
test_01841,36.91934245452285
test_01842,36.42926876991987
test_01843,20.1622182559222
test_01844,82.8636101782322
test_01845,114.99520891159773
test_01846,56.026370137929916
test_01847,81.8870952129364
test_01848,68.7406677827239
test_01849,26.37848886102438
test_01850,39.36452968791127
test_01851,80.39798045903444
test_01852,95.73266011476517
test_01853,23.619184114038944
test_01854,45.8067131601274
test_01855,48.094343945384026
test_01856,68.01776740700006
test_01857,110.57527160644531
test_01858,77.39190994948149
test_01859,40.65996080264449
test_01860,16.449787250719965
test_01861,12.000961563549936
test_01862,26.01886416040361
test_01863,76.08436339348555
test_01864,68.98383085429668
test_01865,23.833490373566747
test_01866,66.82093117386103
test_01867,79.35080818086863
test_01868,48.635910112410784
test_01869,96.60812145471573
test_01870,87.38978601247072
test_01871,8.174301576334983
test_01872,11.28983585909009
test_01873,12.978083786554635
test_01874,14.331781928427517
test_01875,28.89352930150926
test_01876,15.930138072930276
test_01877,8.157267719041556
test_01878,25.61840462870896
test_01879,15.755595122464001
test_01880,138.11051259934902
test_01881,16.91822436172515
test_01882,57.61051422357559
test_01883,11.010864081792533
test_01884,10.841445680707693
test_01885,13.466411837376654
test_01886,31.49697680771351
test_01887,39.86829359829426
test_01888,94.51635449379683
test_01889,52.637552708387375
test_01890,166.05861455202103
test_01891,66.46882569789886
test_01892,25.1645361315459
test_01893,16.350982521660626
test_01894,20.749256325885653
test_01895,88.22131680697203
test_01896,92.4943088889122
test_01897,97.94696313887835
test_01898,205.44040977954865
test_01899,32.410173550248146
test_01900,12.255452684126794
test_01901,12.17868936713785
test_01902,197.4729955047369
test_01903,194.60219304263592
test_01904,87.45782116055489
test_01905,32.85628326237202
test_01906,62.22503398358822
test_01907,60.374495040625334
test_01908,47.599835608154535
test_01909,40.096537072211504
test_01910,86.25368297845125
test_01911,156.68135215342045
test_01912,80.74142462015152
test_01913,121.44249557703733
test_01914,196.40359796583652
test_01915,255.39073246717453
test_01916,146.66013659536839
test_01917,101.92827095836401
test_01918,83.7499093040824
test_01919,194.89327561855316
test_01920,60.485665913671255
test_01921,57.82465520501137
test_01922,20.75247460603714
test_01923,19.769959488883615
test_01924,37.07758601382375
test_01925,91.84690160304308
test_01926,12.673265486955643
test_01927,38.205068588256836
test_01928,9.195352487731725
test_01929,28.265468837693334
test_01930,12.249062550254166
test_01931,11.478965993970633
test_01932,80.37562149018049
test_01933,145.1722029298544
test_01934,308.8416228592396
test_01935,248.4316854029894
test_01936,90.13878780603409
test_01937,116.11696803569794
test_01938,11.197442620061338
test_01939,102.9712091460824
test_01940,213.47723342478275
test_01941,51.02327601239085
test_01942,77.49664797633886
test_01943,53.69206779077649
test_01944,13.066908690147102
test_01945,24.569627853110433
test_01946,80.58881165832281
test_01947,73.46490248292685
test_01948,164.09399658441544
test_01949,17.746168250218034
test_01950,61.692314837127924
test_01951,8.855087608564645
test_01952,9.61015500081703
test_01953,14.080178531818092
test_01954,102.67032130807638
test_01955,184.37286822497845
test_01956,431.609684497118
test_01957,17.26144103333354
test_01958,119.14364445209503
test_01959,146.8086268901825
test_01960,11.886382990516722
test_01961,69.7462865486741
test_01962,99.09677868336439
test_01963,341.80180338025093
test_01964,139.66402266919613
test_01965,41.52089252695441
test_01966,76.40486175566912
test_01967,195.4300691485405
test_01968,10.481118083931506
test_01969,26.06994809024036
test_01970,109.20318859815598
test_01971,232.23111939430237
test_01972,14.029739000834525
test_01973,8.768380678724498
test_01974,99.31215275079012
test_01975,163.0497064590454
test_01976,268.03990682959557
test_01977,212.3814062476158
test_01978,522.8961099982262
test_01979,436.9060710966587
test_01980,9.903323516249657
test_01981,100.94885155558586
test_01982,160.43548987805843
test_01983,160.49325178563595
test_01984,15.336192678660154
test_01985,180.54128378629684
test_01986,11.686079870909452
test_01987,70.61626585572958
test_01988,191.52045859396458
test_01989,400.1282563507557
test_01990,13.15012063831091
test_01991,193.51077823340893
test_01992,354.49700304865837
test_01993,264.2711800634861
test_01994,164.5526897162199
test_01995,237.24010781943798
test_01996,21.35897834971547
test_01997,20.829241637140512
test_01998,9.522787887137383
test_01999,71.32940553873777
test_02000,106.9940333366394
test_02001,9.743127725552768
test_02002,31.703726701438427
test_02003,99.74924459308386
test_02004,131.74134118855
test_02005,174.58112551271915
test_02006,75.02043303102255
test_02007,9.290230933576822
test_02008,69.34649927169085
test_02009,15.996763714589179
test_02010,25.363757515326142
test_02011,42.98540498688817
test_02012,88.04714712500572
test_02013,222.07115937769413
test_02014,9.209467515349388
test_02015,483.29218101501465
test_02016,13.03646966535598
test_02017,12.566179211251438
test_02018,85.14200396090746
test_02019,10.411105169914663
test_02020,68.35584838688374
test_02021,104.80353778600693
test_02022,271.6685074865818
test_02023,9.73158286511898
test_02024,14.447829433716834
test_02025,78.36985113471746
test_02026,11.537774353288114
test_02027,10.297472767531872
test_02028,12.312112428247929
test_02029,159.15316958725452
test_02030,167.41202299296856
test_02031,112.0215180516243
test_02032,218.47191508114338
test_02033,287.5425731241703
test_02034,9.789590832777321
test_02035,78.06486291438341
test_02036,135.136903449893
test_02037,10.070077040232718
test_02038,55.20910154283047
test_02039,103.41614519804716
test_02040,22.990993656218052
test_02041,31.875718055292964
test_02042,13.34896596800536
test_02043,30.75324025005102
test_02044,77.51076161116362
test_02045,9.195321846287698
test_02046,127.04050540924072
test_02047,135.7368814945221
test_02048,306.85697838664055
test_02049,47.5379881747067
test_02050,31.738444386050105
test_02051,96.51812103390694
test_02052,11.322350145317614
test_02053,11.263536214828491
test_02054,10.335938922129571
test_02055,19.545979818329215
test_02056,84.82189186662436
test_02057,11.049529870040715
test_02058,74.71560823172331
test_02059,199.11885331571102
test_02060,264.490699082613
test_02061,32.79377285949886
test_02062,54.02070377767086
test_02063,36.62295983731747
test_02064,125.70075748115778
test_02065,58.90197494998574
test_02066,11.259896382689476
test_02067,19.79650240764022
test_02068,17.28305625077337
test_02069,10.401324049569666
test_02070,27.621699526906013
test_02071,11.777747929096222
test_02072,9.527333963196725
test_02073,57.058645103126764
test_02074,75.70367409288883
test_02075,9.997835657559335
test_02076,14.767382553778589
test_02077,88.6594783142209
test_02078,91.35505628585815
test_02079,19.0094852745533
test_02080,11.542457851581275
test_02081,51.609905529767275
test_02082,52.19410601630807
test_02083,36.12903833016753
test_02084,78.89510119706392
test_02085,55.23563889041543
test_02086,43.834548112004995
test_02087,79.36927475780249
test_02088,14.57767765969038
test_02089,19.31277428753674
test_02090,24.99807880818844
test_02091,49.82439701631665
test_02092,68.08099649101496
test_02093,37.85486102476716
test_02094,17.62776599638164
test_02095,32.89725551567972
test_02096,63.41438256204128
test_02097,66.2010900452733
test_02098,61.21490999683738
test_02099,68.54497852176428
test_02100,40.464137833565474
test_02101,133.08011601865292
test_02102,171.2623117119074
test_02103,42.501418735831976
test_02104,11.82677702512592
test_02105,61.614077016711235
test_02106,54.633291240781546
test_02107,25.788265937939286
test_02108,30.694926796481013
test_02109,52.055283561348915
test_02110,25.288795543834567
test_02111,80.3257855027914
test_02112,116.12941031903028
test_02113,13.824247263371944
test_02114,32.259876338765025
test_02115,67.52793513983488
test_02116,14.759393493644893
test_02117,21.86359836347401
test_02118,68.5829219147563
test_02119,98.64477095752954
test_02120,76.18925741314888
test_02121,52.43526718020439
test_02122,36.32345736399293
test_02123,56.331729769706726
test_02124,15.23676212131977
test_02125,11.488480626605451
test_02126,16.768391414545476
test_02127,70.94084974378347
test_02128,61.39049104228616
test_02129,17.563949153758585
test_02130,75.35319539904594
test_02131,31.373267084360123
test_02132,34.087293062359095
test_02133,53.06356534734368
test_02134,52.24464025720954
test_02135,90.99693394452333
test_02136,55.901189625263214
test_02137,56.030919928103685
test_02138,67.53833466023207
test_02139,79.28721511363983
test_02140,39.55337383598089
test_02141,9.293075945228338
test_02142,55.97664185985923
test_02143,20.073651483282447
test_02144,38.05707227066159
test_02145,13.670543280430138
test_02146,15.724076218903065
test_02147,19.13694811053574
test_02148,21.61593935638666
test_02149,62.41684942319989
test_02150,81.7370969876647
test_02151,112.98258972913027
test_02152,40.44970478489995
test_02153,32.34708003140986
test_02154,9.370238065253943
test_02155,17.67551650851965
test_02156,79.75664203613997
test_02157,68.46171550452709
test_02158,37.8540847748518
test_02159,113.43606824427843
test_02160,33.82749818637967
test_02161,13.79430778697133
test_02162,47.84648251906037
test_02163,64.479352876544
test_02164,37.1152917034924
test_02165,88.58943754434586
test_02166,105.64272708445787
test_02167,64.38191679865122
test_02168,45.69541600719094
test_02169,121.2699378207326
test_02170,103.66987121105194
test_02171,87.55195167660713
test_02172,11.667105388827622
test_02173,41.34117767214775
test_02174,34.89023260399699
test_02175,21.570898290723562
test_02176,45.1886399500072
test_02177,87.37545695900917
test_02178,70.42544208467007
test_02179,11.349347114562988
test_02180,12.909489664249122
test_02181,78.3401605039835
test_02182,106.34190169721842
test_02183,107.37536889314651
test_02184,32.75701241195202
test_02185,26.20877797342837
test_02186,25.485766174271703
test_02187,171.5672553628683
test_02188,45.25193217396736
test_02189,36.46353147551417
test_02190,48.43859778344631
test_02191,34.58767341449857
test_02192,62.00758372619748
test_02193,69.50972717255354
test_02194,103.98575664311647
test_02195,19.2003480438143
test_02196,20.155503137037158
test_02197,31.255425661802292
test_02198,126.84653949737549
test_02199,118.54596173018217
test_02200,14.103403817862272
test_02201,17.745898976922035
test_02202,13.212162134237587
test_02203,12.033966112881899
test_02204,24.226870803162456
test_02205,54.36589728668332
test_02206,52.514351818710566
test_02207,18.161060830578208
test_02208,43.19001183658838
test_02209,64.05398649349809
test_02210,43.525756638497114
test_02211,65.3681850284338
test_02212,91.32451140880585
test_02213,8.649975639302284
test_02214,13.641613114625216
test_02215,12.055165349505842
test_02216,12.613999363034964
test_02217,17.22862404678017
test_02218,18.8413658849895
test_02219,9.799550230614841
test_02220,12.903173812665045
test_02221,12.938099487684667
test_02222,110.7914627790451
test_02223,33.17362091317773
test_02224,13.621799242682755
test_02225,38.9778235219419
test_02226,14.395753835327923
test_02227,10.548395552672446
test_02228,11.680902395397425
test_02229,19.359648268669844
test_02230,29.12648598663509
test_02231,103.14492570608854
test_02232,87.77299348264933
test_02233,47.23879025876522
test_02234,26.005589915439487
test_02235,18.142878383398056
test_02236,12.402811102569103
test_02237,18.398234892636538
test_02238,80.5963141694665
test_02239,128.23459319770336
test_02240,18.987844986841083
test_02241,129.8739735931158
test_02242,22.219488522037864
test_02243,10.618215332739055
test_02244,10.261620420962572
test_02245,19.632583681493998
test_02246,195.73939545452595
test_02247,143.77048128843307
test_02248,48.870998699218035
test_02249,31.588030179962516
test_02250,79.15530462563038
test_02251,82.3054530620575
test_02252,41.327420592308044
test_02253,14.159985565580428
test_02254,63.492523815482855
test_02255,119.25405764579773
test_02256,75.20988257974386
test_02257,104.2194412946701
test_02258,146.50958125293255
test_02259,251.33426582813263
test_02260,95.18810408562422
test_02261,67.3028672337532
test_02262,57.671971675008535
test_02263,171.25693367421627
test_02264,117.68761502951384
test_02265,35.00133290886879
test_02266,10.489201853983104
test_02267,18.36835669912398
test_02268,23.463416012004018
test_02269,9.3159079994075
test_02270,37.391970943659544
test_02271,7.623527191113681
test_02272,31.532002763822675
test_02273,10.295126375742257
test_02274,11.764369688928127
test_02275,72.65555237978697
test_02276,135.5306738615036
test_02277,294.50469547510147
test_02278,214.58497548103333
test_02279,161.14776788651943
test_02280,71.38534010201693
test_02281,16.73537015169859
test_02282,46.15962088480592
test_02283,160.778139218688
test_02284,71.062449850142
test_02285,63.1079086959362
test_02286,54.88998111709952
test_02287,54.60095616057515
test_02288,17.471354424022138
test_02289,67.75418413430452
test_02290,126.78656397759914
test_02291,175.46781833469868
test_02292,25.384950252249837
test_02293,48.449368715286255
test_02294,10.113984372466803
test_02295,11.352232981473207
test_02296,11.506083671934903
test_02297,82.07049075514078
test_02298,98.3028272986412
test_02299,218.80428375303745
test_02300,35.37042303010821
test_02301,52.5166062861681
test_02302,86.90980357676744
test_02303,9.122335783671588
test_02304,35.82183649763465
test_02305,67.22887464612722
test_02306,280.9729880988598
test_02307,102.57334578037262
test_02308,16.61647670622915
test_02309,45.728999029845
test_02310,133.8569304794073
test_02311,14.522004012949765
test_02312,18.74058710411191
test_02313,47.74078996479511
test_02314,192.09926618635654
test_02315,14.495891931466758
test_02316,14.100413955748081
test_02317,11.018266311846673
test_02318,25.598901813849807
test_02319,68.63561034202576
test_02320,101.56786072254181
test_02321,75.46805810183287
test_02322,378.09003841876984
test_02323,384.20055890083313
test_02324,9.730146895628422
test_02325,39.39845812320709
test_02326,136.18850295245647
test_02327,151.9008114784956
test_02328,19.592352394014597
test_02329,58.42199994251132
test_02330,22.131287589669228
test_02331,44.24744249880314
test_02332,126.3472213819623
test_02333,307.3338706791401
test_02334,276.83427610993385
test_02335,148.5091713219881
test_02336,86.64303359389305
test_02337,242.03351418673992
test_02338,130.83723659813404
test_02339,143.49404717981815
test_02340,33.628206234425306
test_02341,15.013067509047687
test_02342,8.45552085712552
test_02343,52.061482418328524
test_02344,19.416069380939007
test_02345,14.817724589258432
test_02346,12.346714046783745
test_02347,87.86291962116957
test_02348,136.37741766870022
test_02349,151.43345703184605
test_02350,41.82814635708928
test_02351,8.407436538953334
test_02352,41.504312720149755
test_02353,12.622641178779304
test_02354,15.726048413664103
test_02355,22.162023743614554
test_02356,85.19654201716185
test_02357,185.08021388947964
test_02358,7.918268169742078
test_02359,222.847795560956
test_02360,11.62934213038534
test_02361,15.122958869673312
test_02362,71.07476585358381
test_02363,10.766661986708641
test_02364,35.31341880187392
test_02365,54.245957389473915
test_02366,229.14143674075603
test_02367,11.43369001056999
test_02368,9.613529738038778
test_02369,87.21501464396715
test_02370,8.9125449587591
test_02371,8.827525165397674
test_02372,10.759893941693008
test_02373,132.87202161550522
test_02374,85.36367716640234
test_02375,122.63889354467392
test_02376,213.66286486387253
test_02377,232.86969451606274
test_02378,8.287626635748893
test_02379,32.155390871688724
test_02380,109.29131710529327
test_02381,8.582333258818835
test_02382,22.753418469801545
test_02383,93.57528703659773
test_02384,17.693853091448545
test_02385,23.848307833075523
test_02386,34.579695496708155
test_02387,20.499506272375584
test_02388,54.24275953695178
test_02389,13.191663936711848
test_02390,196.10972237586975
test_02391,124.17388503998518
test_02392,390.269926995039
test_02393,65.01551500707865
test_02394,53.23323352262378
test_02395,122.45870699733496
test_02396,11.043191733770072
test_02397,8.645369208883494
test_02398,12.303795597516
test_02399,22.313875311985612
test_02400,95.98525703698397
test_02401,11.857367400079966
test_02402,121.33760898560286
test_02403,258.0198203623295
test_02404,270.69130912423134
test_02405,55.53086641803384
test_02406,46.844336450099945
test_02407,52.3784115165472
test_02408,126.573262386024
test_02409,55.0236595235765
test_02410,12.14472471922636
test_02411,31.79028228111565
test_02412,33.490342020988464
test_02413,12.820817039348185
test_02414,50.05490981414914
test_02415,11.746746215969324
test_02416,12.221210406161845
test_02417,114.01599007099867
test_02418,87.09137920290232
test_02419,9.758844465017319
test_02420,20.99535726197064
test_02421,68.57519655674696
test_02422,87.6780161485076
test_02423,103.97718446701765
test_02424,24.131003938615322
test_02425,17.758213123306632
test_02426,56.30223598703742
test_02427,63.29252618178725
test_02428,38.28477719798684
test_02429,86.52329797297716
test_02430,66.82601208239794
test_02431,39.186304192990065
test_02432,88.16971290111542
test_02433,11.56274527311325
test_02434,16.357655856758356
test_02435,30.940951593220234
test_02436,65.27756063640118
test_02437,81.57583756744862
test_02438,55.16411618888378
test_02439,32.787542432546616
test_02440,71.13505335897207
test_02441,66.20978107303381
test_02442,80.96445719152689
test_02443,92.99107912182808
test_02444,102.75671160966158
test_02445,66.94761218875647
test_02446,131.08771647512913
test_02447,188.52080607414246
test_02448,42.664728347212076
test_02449,10.95155153144151
test_02450,31.327577905729413
test_02451,47.26526075229049
test_02452,16.92227831762284
test_02453,30.653154151514173
test_02454,175.83212839066982
test_02455,23.90582460910082
test_02456,40.101265139877796
test_02457,143.25066868960857
test_02458,17.642507316544652
test_02459,34.92004580050707
test_02460,57.47360825166106
test_02461,37.231435775756836
test_02462,40.59976986423135
test_02463,47.321217600256205
test_02464,77.66329286247492
test_02465,124.83839953690767
test_02466,92.10455714911222
test_02467,78.08523854613304
test_02468,83.91466742008924
test_02469,49.451633635908365
test_02470,12.096775501966476
test_02471,18.67504226975143
test_02472,86.82220247387886
test_02473,37.248011868447065
test_02474,11.985043797641993
test_02475,98.71239755302668
test_02476,40.78026096895337
test_02477,33.79118528962135
test_02478,44.906196404248476
test_02479,94.13877762109041
test_02480,72.7690557166934
test_02481,64.96901429444551
test_02482,124.16260156035423
test_02483,87.34959929436445
test_02484,169.1467521339655
test_02485,48.528869334608316
test_02486,10.34875447396189
test_02487,60.175470504909754
test_02488,73.51688522845507
test_02489,66.37173131853342
test_02490,17.463500000536442
test_02491,31.029497938230634
test_02492,37.008373491466045
test_02493,47.75704664364457
test_02494,121.89817284792662
test_02495,86.27810699492693
test_02496,174.37967194616795
test_02497,64.4479611814022
test_02498,137.66804271936417
test_02499,11.61316344793886
test_02500,18.488337451592088
test_02501,31.13539476878941
test_02502,75.07809837162495
test_02503,91.25170733779669
test_02504,110.79511003941298
test_02505,51.034748911857605
test_02506,38.76834746822715
test_02507,43.08118828386068
test_02508,131.34605541825294
test_02509,58.3729810602963
test_02510,91.20060855150223
test_02511,76.81121558696032
test_02512,64.34785094112158
test_02513,73.49559592455626
test_02514,116.65681456774473
test_02515,88.46927851438522
test_02516,68.43585783988237
test_02517,22.95090907625854
test_02518,62.398241709917784
test_02519,37.34949633106589
test_02520,33.227884124964476
test_02521,92.91139651089907
test_02522,97.20543276518583
test_02523,96.19329201430082
test_02524,12.668636771850288
test_02525,35.08199976012111
test_02526,66.9528713747859
test_02527,137.4355242997408
test_02528,126.33670300990343
test_02529,24.69057056121528
test_02530,41.04610242322087
test_02531,21.928924065083265
test_02532,124.61323506385088
test_02533,116.94052834063768
test_02534,33.29848201200366
test_02535,59.14498945698142
test_02536,163.65452770888805
test_02537,90.28028070926666
test_02538,104.9356934055686
test_02539,73.54677642136812
test_02540,136.8313715904951
test_02541,23.28690272383392
test_02542,46.79125804081559
test_02543,67.10194849967957
test_02544,75.1440164744854
test_02545,87.77167125791311
test_02546,57.04985750839114
test_02547,30.69235848635435
test_02548,17.67728442698717
test_02549,14.212591353803873
test_02550,30.805622262880206
test_02551,88.97069139033556
test_02552,60.7393733561039
test_02553,31.24457116238773
test_02554,70.54330579191446
test_02555,64.53098649531603
test_02556,40.368439961224794
test_02557,85.75472884625196
test_02558,100.59040237218142
test_02559,9.858924992382526
test_02560,36.55592378601432
test_02561,16.018454142846167
test_02562,26.352967323735356
test_02563,43.99155858531594
test_02564,29.502625497058034
test_02565,11.061467033810914
test_02566,12.667262549512088
test_02567,15.727913827635348
test_02568,132.86050786077976
test_02569,39.3612464107573
test_02570,12.655240889638662
test_02571,42.35875588655472
test_02572,11.015209595672786
test_02573,9.497029110789299
test_02574,12.643891484476626
test_02575,32.387745870277286
test_02576,46.14191198721528
test_02577,66.27558775246143
test_02578,54.643854182213545
test_02579,157.73479385674
test_02580,31.370108230039477
test_02581,24.12335100583732
test_02582,13.302321333438158
test_02583,40.21189746633172
test_02584,62.41017887368798
test_02585,93.56011116504669
test_02586,121.59808725863695
test_02587,28.761455392464995
test_02588,188.45829010009766
test_02589,41.46573792770505
test_02590,10.882699278183281
test_02591,9.93478670809418
test_02592,51.30067579075694
test_02593,88.53880673646927
test_02594,217.2398393303156
test_02595,186.7634505480528
test_02596,96.26660120487213
test_02597,41.64490680769086
test_02598,59.007496654987335
test_02599,57.28999729081988
test_02600,46.629883483052254
test_02601,16.441257786937058
test_02602,52.362489107996225
test_02603,157.4226448237896
test_02604,53.18103164434433
test_02605,135.1667055040598
test_02606,259.0663092434406
test_02607,115.01756788045168
test_02608,104.30729495733976
test_02609,45.60212488099933
test_02610,151.66512863337994
test_02611,39.30909653007984
test_02612,48.209529776126146
test_02613,11.937324855476618
test_02614,27.81041925214231
test_02615,61.22064458951354
test_02616,112.8331486210227
test_02617,9.564446323085576
test_02618,69.50114756822586
test_02619,9.260354597121477
test_02620,30.631404297426343
test_02621,13.286763836629689
test_02622,13.100393288768828
test_02623,76.04211162775755
test_02624,154.25854617357254
test_02625,300.1542200744152
test_02626,257.47524204850197
test_02627,106.90370607376099
test_02628,108.12096250802279
test_02629,11.110333637334406
test_02630,92.19002635031939
test_02631,227.7367883771658
test_02632,35.67900279909372
test_02633,67.99200630933046
test_02634,61.88694557547569
test_02635,19.021216304972768
test_02636,19.448170471936464
test_02637,94.45099350810051
test_02638,65.58598812669516
test_02639,187.77909742295742
test_02640,24.6445619687438
test_02641,76.62109749764204
test_02642,10.188048456795514
test_02643,10.190999320708215
test_02644,14.34834223613143
test_02645,86.03671927005053
test_02646,208.4615447372198
test_02647,252.5067077577114
test_02648,18.94784397445619
test_02649,148.25132264196873
test_02650,115.20489295572042
test_02651,10.101628442294896
test_02652,128.61038729548454
test_02653,222.10113970935345
test_02654,517.0878887176514
test_02655,63.53009579703212
test_02656,41.435066770762205
test_02657,129.83267264068127
test_02658,215.56667535007
test_02659,11.800637087784708
test_02660,21.36730725131929
test_02661,180.06415379047394
test_02662,220.2646438330412
test_02663,13.984066535718739
test_02664,14.318864238448441
test_02665,9.991195749491453
test_02666,89.47090089321136
test_02667,263.8376092016697
test_02668,208.94669722020626
test_02669,256.9980526268482
test_02670,363.20597741007805
test_02671,393.2141203582287
test_02672,11.80131769925356
test_02673,91.0261120274663
test_02674,137.04471032321453
test_02675,195.6050336509943
test_02676,15.28705494478345
test_02677,143.5360612422228
test_02678,12.701905951835215
test_02679,374.9773133993149
test_02680,344.8247953951359
test_02681,118.22506224364042
test_02682,331.1715324819088
test_02683,496.21643754839897
test_02684,254.092753469944
test_02685,237.0239166468382
test_02686,161.14087449014187
test_02687,19.333681037649512
test_02688,13.98446673154831
test_02689,10.53500895574689
test_02690,21.037609027698636
test_02691,58.478907603770494
test_02692,10.138876367360353
test_02693,32.822462536394596
test_02694,71.71689909696579
test_02695,133.0430343002081
test_02696,173.33077631890774
test_02697,65.0916469246149
test_02698,9.121747560799122
test_02699,71.40784020721912
test_02700,11.667728431522846
test_02701,23.63233207911253
test_02702,136.1064804494381
test_02703,197.1819574981928
test_02704,318.10542649030685
test_02705,11.42312706913799
test_02706,259.9614999592304
test_02707,14.67639510706067
test_02708,10.643956002779305
test_02709,100.35008431226015
test_02710,9.730140395928174
test_02711,44.82227227464318
test_02712,77.71815776079893
test_02713,269.07777896523476
test_02714,10.558728219009936
test_02715,11.615040004253387
test_02716,48.57709339633584
test_02717,9.124958876986057
test_02718,10.92985274642706
test_02719,11.106558240018785
test_02720,89.93297386914492
test_02721,133.84064780175686
test_02722,182.55225390195847
test_02723,248.33682692050934
test_02724,287.0945617854595
test_02725,8.677039462607354
test_02726,90.30318193882704
test_02727,179.30467681586742
test_02728,10.195546325296164
test_02729,44.65371833369136
test_02730,19.226894676685333
test_02731,37.814195185899734
test_02732,21.23488235846162
test_02733,24.539979934692383
test_02734,93.30845019966364
test_02735,9.582534060347825
test_02736,201.41668677330017
test_02737,401.5983028411865
test_02738,42.19799415767193
test_02739,40.06103013828397
test_02740,117.20287852734327
test_02741,8.7166031380184
test_02742,8.917585012037307
test_02743,13.310425531119108
test_02744,11.603552248328924
test_02745,210.2734977453947
test_02746,79.02451580017805
test_02747,326.60905489325523
test_02748,255.31291434168816
test_02749,47.17747765779495
test_02750,49.01346470043063
test_02751,41.30501705408096
test_02752,128.24846912920475
test_02753,63.073475141078234
test_02754,11.627258512191474
test_02755,42.95839594677091
test_02756,65.98642165958881
test_02757,17.691752759739757
test_02758,59.421679839491844
test_02759,10.714715453796089
test_02760,10.523052292875946
test_02761,109.55256048589945
test_02762,123.56274979561567
test_02763,15.320267484523356
test_02764,26.476079074665904
test_02765,77.09152723103762
test_02766,93.96301829814911
test_02767,56.60821959003806
test_02768,12.330423940904438
test_02769,89.10481549054384
test_02770,60.453308548778296
test_02771,46.88266611099243
test_02772,109.44754761457443
test_02773,19.541794011369348
test_02774,34.76729913055897
test_02775,103.7668467387557
test_02776,20.724325332790613
test_02777,31.589792527258396
test_02778,61.63595686480403
test_02779,75.1358528509736
test_02780,36.40712150558829
test_02781,15.680289595387876
test_02782,49.81292040273547
test_02783,60.53753352165222
test_02784,67.35043018311262
test_02785,87.5979175567627
test_02786,74.7734889909625
test_02787,55.073131527751684
test_02788,163.13437341153622
test_02789,200.84811528027058
test_02790,10.802941456437111
test_02791,46.143215641379356
test_02792,14.054745204746723
test_02793,18.143441071733832
test_02794,52.793445233255625
test_02795,17.51143343281001
test_02796,35.82098596543074
test_02797,125.77233589440584
test_02798,19.118769377470016
test_02799,37.90692548081279
test_02800,69.860176153481
test_02801,30.047404373064637
test_02802,46.067837689071894
test_02803,46.65251358225942
test_02804,87.01619809865952
test_02805,104.20943547040224
test_02806,60.52741627395153
test_02807,41.47518292069435
test_02808,65.74787894636393
test_02809,23.59908146969974
test_02810,16.242302890866995
test_02811,13.450301866047084
test_02812,99.28030050545931
test_02813,49.27362355962396
test_02814,13.583969130180776
test_02815,86.26333224773407
test_02816,37.46977421268821
test_02817,26.511363161727786
test_02818,41.45618522539735
test_02819,72.33537343144417
test_02820,100.19343039393425
test_02821,47.33943161740899
test_02822,139.50446431338787
test_02823,78.09537065029144
test_02824,163.23356997966766
test_02825,43.42202142253518
test_02826,8.554203484673053
test_02827,69.8276107981801
test_02828,35.97251811996102
test_02829,56.28604616224766
test_02830,16.19553104788065
test_02831,16.583894637413323
test_02832,24.497215621173382
test_02833,24.745632307603955
test_02834,77.4783151075244
test_02835,81.45778072625399
test_02836,141.59571872651577
test_02837,50.516173113137484
test_02838,160.49919436872005
test_02839,13.711043841205537
test_02840,23.02110769599676
test_02841,73.58354615420103
test_02842,98.65674526244402
test_02843,67.61038848012686
test_02844,96.66707930713892
test_02845,43.78342704102397
test_02846,14.24186971783638
test_02847,92.98169726878405
test_02848,118.43329035490751
test_02849,110.34663815051317
test_02850,40.785902708768845
test_02851,55.29099405184388
test_02852,128.53249488770962
test_02853,89.04727642983198
test_02854,90.41026728600264
test_02855,16.965995301492512
test_02856,36.60011803358793
test_02857,36.341626811772585
test_02858,25.404492065310478
test_02859,74.13598353415728
test_02860,80.55932158976793
test_02861,12.087389006279409
test_02862,21.735951678827405
test_02863,75.9522374868393
test_02864,80.03374468535185
test_02865,111.98953952640295
test_02866,36.03263849020004
test_02867,50.03895026445389
test_02868,24.032682044431567
test_02869,95.23339399695396
test_02870,171.4556536525488
test_02871,41.67285180464387
test_02872,52.58594137430191
test_02873,73.89105997234583
test_02874,103.71902380138636
test_02875,161.23068177700043
test_02876,70.38956373929977
test_02877,107.85214233398438
test_02878,20.994996992871165
test_02879,16.952015374787152
test_02880,39.4283158890903
test_02881,87.62075936049223
test_02882,101.11248800903559
test_02883,51.49306691810489
test_02884,22.09178426861763
test_02885,11.275889359414577
test_02886,15.350372239015996
test_02887,41.67067161947489
test_02888,68.29858417063951
test_02889,37.78172639757395
test_02890,21.526806181296706
test_02891,26.513170078396797
test_02892,53.14532043412328
test_02893,82.08738254755735
test_02894,76.79504433274269
test_02895,145.21249364316463
test_02896,9.725192266982049
test_02897,23.576076244935393
test_02898,10.30291301663965
test_02899,12.802824012003839
test_02900,18.600693127140403
test_02901,27.81994224153459
test_02902,12.624815792776644
test_02903,14.217281351797283
test_02904,13.664513415656984
test_02905,26.325369596481323
test_02906,13.557885833084583
test_02907,35.12134708836675
test_02908,11.223605770617723
test_02909,10.283187354914844
test_02910,10.323304433375597
test_02911,20.172250078991055
test_02912,32.491655649617314
test_02913,89.08440271764994
test_02914,151.96285204589367
test_02915,25.72752345353365
test_02916,16.347810667939484
test_02917,12.503415320068598
test_02918,27.17888237722218
test_02919,36.98124188557267
test_02920,70.41820698976517
test_02921,116.82195895165205
test_02922,19.19861540943384
test_02923,175.5387579202652
test_02924,25.06624023616314
test_02925,11.197962596081197
test_02926,10.437550593167543
test_02927,33.73923968523741
test_02928,77.05232846736908
test_02929,210.17713876068592
test_02930,162.4578103274107
test_02931,38.17944119870663
test_02932,52.26367509365082
test_02933,82.95140441507101
test_02934,89.7442374303937
test_02935,82.69588819891214
test_02936,20.245158145204186
test_02937,42.22470606863499
test_02938,147.23976129293442
test_02939,85.35868539661169
test_02940,118.75930046290159
test_02941,197.1219225525856
test_02942,169.43556167185307
test_02943,136.62014247477055
test_02944,81.43629086017609
test_02945,51.23997230455279
test_02946,155.49537599086761
test_02947,83.09638115763664
test_02948,34.585615795105696
test_02949,10.378012410365045
test_02950,18.58684876561165
test_02951,38.82706018909812
test_02952,59.26268231496215
test_02953,8.183860778342932
test_02954,8.206491806078702
test_02955,24.920177115127444
test_02956,19.972757564857602
test_02957,9.497431627940387
test_02958,79.81290344148874
test_02959,137.4805393666029
test_02960,280.19391545653343
test_02961,150.36964552104473
test_02962,105.98264283686876
test_02963,91.19118212908506
test_02964,10.590423543006182
test_02965,81.06551081687212
test_02966,157.48343744874
test_02967,93.1749649271369
test_02968,50.14135954156518
test_02969,57.76153011620045
test_02970,57.06226636469364
test_02971,15.183565788902342
test_02972,83.0809898674488
test_02973,120.90433525294065
test_02974,167.27255056798458
test_02975,42.43523693084717
test_02976,63.89567608013749
test_02977,10.618060268461704
test_02978,9.865591827780008
test_02979,11.295937220565975
test_02980,88.20351877063513
test_02981,145.1814733594656
test_02982,217.85427270829678
test_02983,14.736807963810861
test_02984,71.02396419644356
test_02985,115.70337168127298
test_02986,10.642973619513214
test_02987,62.78433504700661
test_02988,131.6080490499735
test_02989,467.9928820133209
test_02990,245.48789316415787
test_02991,57.85206165537238
test_02992,45.416976276785135
test_02993,134.96959002315998
test_02994,15.598138026893139
test_02995,17.3421673104167
test_02996,65.64615678042173
test_02997,188.48780988156796
test_02998,11.567428771406412
test_02999,10.947037025354803
test_03000,10.057781464420259
test_03001,46.95623528957367
test_03002,212.8739869594574
test_03003,103.22073078155518
test_03004,80.58850710093975
test_03005,364.25543758273125
test_03006,421.45927718281746
test_03007,14.080102392472327
test_03008,54.80632811784744
test_03009,136.19747625291348
test_03010,189.91202419996262
test_03011,12.326821249909699
test_03012,121.48409365862608
test_03013,11.262243703007698
test_03014,156.93065837025642
test_03015,201.18075136840343
test_03016,357.70047131180763
test_03017,331.41226652264595
test_03018,190.33898393809795
test_03019,402.44182279706
test_03020,272.31357488036156
test_03021,250.7442416101694
test_03022,174.21384416520596
test_03023,26.617462411522865
test_03024,13.696924635209143
test_03025,11.32472903560847
test_03026,39.7580475397408
test_03027,28.06968672387302
test_03028,10.156819254159927
test_03029,30.82537578046322
test_03030,64.89535597711802
test_03031,120.96625696867704
test_03032,196.514278575778
test_03033,91.73722380399704
test_03034,8.810291674453765
test_03035,95.87020862847567
test_03036,16.93551170732826
test_03037,16.777903261594474
test_03038,91.24996913224459
test_03039,140.60523869097233
test_03040,245.3601424843073
test_03041,12.126181074418128
test_03042,486.0588991343975
test_03043,10.468172538094223
test_03044,11.876246243715286
test_03045,100.86227554827929
test_03046,10.431834571063519
test_03047,26.96045902185142
test_03048,85.22912222892046
test_03049,269.82767352461815
test_03050,11.175897970795631
test_03051,13.132460952736437
test_03052,107.08373662829399
test_03053,9.342557698953897
test_03054,9.310289472807199
test_03055,11.042567762546241
test_03056,68.02041185647249
test_03057,161.6566609889269
test_03058,188.32168497145176
test_03059,267.53728315234184
test_03060,263.8926375210285
test_03061,10.084974353201687
test_03062,73.20524131506681
test_03063,152.31566320359707
test_03064,8.954164396505803
test_03065,78.87112287431955
test_03066,86.69530604034662
test_03067,20.445584759116173
test_03068,23.563500253483653
test_03069,18.43693039380014
test_03070,20.568425379693508
test_03071,103.69313642382622
test_03072,11.16819118335843
test_03073,174.73084889352322
test_03074,135.61468712985516
test_03075,60.815003868192434
test_03076,48.30395370721817
test_03077,118.51143532246351
test_03078,9.377070643007755
test_03079,7.8923074384219944
test_03080,11.866564475931227
test_03081,16.152251400984824
test_03082,98.61724936962128
test_03083,11.223942826502025
test_03084,91.87827844172716
test_03085,280.0547698736191
test_03086,261.78884425759315
test_03087,60.16848796978593
test_03088,42.60115756466985
test_03089,49.8386443592608
test_03090,119.28279003500938
test_03091,59.86416829004884
test_03092,9.87540730368346
test_03093,35.49392847716808
test_03094,36.41961578652263
test_03095,16.304487380199134
test_03096,54.848847299814224
test_03097,11.227259530685842
test_03098,12.318181291222572
test_03099,118.3018701300025
test_03100,68.02654757350683
test_03101,10.457759089767933
test_03102,11.522342207841575
test_03103,103.52873486280441
test_03104,130.46693938970566
test_03105,113.20292585343122
test_03106,34.816982839256525
test_03107,25.297354720532894
test_03108,75.59778469055891
test_03109,78.0863379240036
test_03110,47.489058431237936
test_03111,76.9517131075263
test_03112,76.01957438141108
test_03113,37.46604524180293
test_03114,103.72159396857023
test_03115,15.571787313558161
test_03116,31.914918676018715
test_03117,68.58454126864672
test_03118,89.52223738282919
test_03119,14.341778467409313
test_03120,46.77294745668769
test_03121,51.26107590273023
test_03122,60.82056761160493
test_03123,66.33473873883486
test_03124,100.20950508117676
test_03125,60.14713181182742
test_03126,157.50826258957386
test_03127,29.54889222048223
test_03128,10.862293004989624
test_03129,15.256420000456274
test_03130,50.68403622880578
test_03131,22.924605717882514
test_03132,22.35300536453724
test_03133,61.326559990644455
test_03134,20.6062034945935
test_03135,40.68961800634861
test_03136,106.74424428492785
test_03137,26.015844585373998
test_03138,39.545369919389486
test_03139,52.76779927313328
test_03140,44.01030000671744
test_03141,46.0380764901638
test_03142,44.654988560825586
test_03143,72.22039930522442
test_03144,102.09683975577354
test_03145,80.95612271875143
test_03146,78.92776311933994
test_03147,80.88459630310535
test_03148,52.50827181339264
test_03149,12.574671533890069
test_03150,23.898546801880002
test_03151,83.00751725584269
test_03152,41.74223146215081
test_03153,17.892301939427853
test_03154,94.19388765096664
test_03155,37.87242878600955
test_03156,33.74686847627163
test_03157,48.42144971713424
test_03158,86.22580483555794
test_03159,64.50335348397493
test_03160,81.16095612943172
test_03161,112.05685413628817
test_03162,85.15010815858841
test_03163,188.55142523348331
test_03164,46.26518715918064
test_03165,8.911653571296483
test_03166,73.47774589061737
test_03167,85.983726285398
test_03168,53.72578452154994
test_03169,19.761517306789756
test_03170,31.372570687904954
test_03171,47.230158656835556
test_03172,51.02692327275872
test_03173,105.49915427714586
test_03174,103.69179191440344
test_03175,168.23936426639557
test_03176,68.77679868787527
test_03177,130.83129401504993
test_03178,9.993205085396767
test_03179,28.66352162323892
test_03180,68.08600311726332
test_03181,98.72483240813017
test_03182,110.478734344244
test_03183,69.67146199941635
test_03184,30.26161777973175
test_03185,38.631155509501696
test_03186,100.24536114186049
test_03187,57.04732448235154
test_03188,86.60573645681143
test_03189,76.37332892417908
test_03190,73.62154897302389
test_03191,69.37324089556932
test_03192,114.65191331505775
test_03193,90.82768917828798
test_03194,59.17634029686451
test_03195,33.2257447950542
test_03196,44.921000864356756
test_03197,33.66220523789525
test_03198,36.81834454089403
test_03199,102.16974782198668
test_03200,101.26431357860565
test_03201,103.50428856164217
test_03202,12.00158182065934
test_03203,33.48204840347171
test_03204,60.0243469029665
test_03205,154.21021811664104
test_03206,119.45034116506577
test_03207,26.721329478546977
test_03208,44.51341766119003
test_03209,20.11796272546053
test_03210,89.81295597553253
test_03211,118.64833015203476
test_03212,45.753868740051985
test_03213,66.70533307641745
test_03214,143.96221873164177
test_03215,87.87535447627306
test_03216,90.32868304848671
test_03217,81.52968598157167
test_03218,126.607053399086
test_03219,21.51726090721786
test_03220,60.220507856458426
test_03221,68.6973909214139
test_03222,73.71853192895651
test_03223,56.68015455827117
test_03224,32.97468923032284
test_03225,20.759212009608746
test_03226,12.109445274807513
test_03227,31.123130762949586
test_03228,95.53120654821396
test_03229,60.41156190261245
test_03230,32.71502991952002
test_03231,66.06695851683617
test_03232,70.6856826543808
test_03233,34.17624610289931
test_03234,86.92878270149231
test_03235,115.38969243317842
test_03236,10.221887753345072
test_03237,34.036361411213875
test_03238,12.272626749239862
test_03239,27.584939079359174
test_03240,49.8026174493134
test_03241,35.16778837516904
test_03242,11.031716977246106
test_03243,20.618967048823833
test_03244,19.041811069473624
test_03245,119.63843134790659
test_03246,38.427599754184484
test_03247,18.382732179015875
test_03248,43.52173053845763
test_03249,11.196263388730586
test_03250,10.6864231871441
test_03251,13.878963597118855
test_03252,30.90816524811089
test_03253,33.52569296211004
test_03254,56.89327044412494
test_03255,76.7190015539527
test_03256,133.83977127075195
test_03257,32.56597136519849
test_03258,32.46998564898968
test_03259,16.079613536596298
test_03260,19.259720019996166
test_03261,54.987383767962456
test_03262,90.02127322554588
test_03263,92.41810268908739
test_03264,41.02142584696412
test_03265,189.95225548744202
test_03266,43.26312789320946
test_03267,12.501694756560028
test_03268,10.141430749557912
test_03269,54.977786496281624
test_03270,90.17064747959375
test_03271,212.5851328521967
test_03272,194.1820672750473
test_03273,95.48297505825758
test_03274,43.631846603006124
test_03275,53.79190318658948
test_03276,51.117733370512724
test_03277,46.535236705094576
test_03278,19.911803375929594
test_03279,48.8801428489387
test_03280,126.22278369218111
test_03281,55.39954276010394
test_03282,122.4590486958623
test_03283,205.6247041374445
test_03284,136.89225335419178
test_03285,118.25992292165756
test_03286,103.01160385459661
test_03287,50.823545794934034
test_03288,158.10963714122772
test_03289,41.016307797282934
test_03290,49.47876152768731
test_03291,11.969135317020118
test_03292,21.889359461143613
test_03293,58.25938115641475
test_03294,124.69891225546598
test_03295,10.68332561571151
test_03296,64.08070954680443
test_03297,9.426818884443492
test_03298,25.619197592139244
test_03299,17.72631073743105
test_03300,11.970450113527477
test_03301,70.01875398308039
test_03302,133.0178674608469
test_03303,251.8164173066616
test_03304,216.29568172991276
test_03305,104.71121232956648
test_03306,105.29018334299326
test_03307,12.485597784630954
test_03308,85.4638988301158
test_03309,189.66374307870865
test_03310,106.51182986050844
test_03311,60.442990738898516
test_03312,57.039428275078535
test_03313,31.913691161200404
test_03314,19.12118169479072
test_03315,80.02899804711342
test_03316,64.27163359895349
test_03317,194.8873924612999
test_03318,25.469312647357583
test_03319,62.66331434249878
test_03320,10.053096109069884
test_03321,9.97230854909867
test_03322,34.99631514027715
test_03323,89.47849997133017
test_03324,202.80985109508038
test_03325,265.51407131552696
test_03326,17.988536501303315
test_03327,105.8993426784873
test_03328,143.71646320819855
test_03329,10.341381028294563
test_03330,111.49580743908882
test_03331,232.04410630464554
test_03332,407.42955163121223
test_03333,74.66616594046354
test_03334,38.46231186762452
test_03335,123.77107447385788
test_03336,217.12086881697178
test_03337,12.062357732094824
test_03338,32.562090115621686
test_03339,161.92948497831821
test_03340,216.11027313768864
test_03341,13.782557257451117
test_03342,16.860819009132683
test_03343,10.025294105522335
test_03344,212.87070368230343
test_03345,266.0119409263134
test_03346,212.23677863180637
test_03347,210.26152344048023
test_03348,333.982998251915
test_03349,367.6455623805523
test_03350,13.321383097209036
test_03351,81.04120565205812
test_03352,120.03681468963623
test_03353,176.15678656101227
test_03354,15.222012444399297
test_03355,150.6931746006012
test_03356,13.335546872578561
test_03357,287.3062365949154
test_03358,285.573735922575
test_03359,332.3071303963661
test_03360,106.16935879737139
test_03361,329.8977992236614
test_03362,485.86285331845284
test_03363,234.19343461096287
test_03364,142.91176317632198
test_03365,201.5912352949381
test_03366,22.515340020880103
test_03367,14.031915471889079
test_03368,9.069625071715564
test_03369,68.4978241249919
test_03370,86.23065546900034
test_03371,12.47071997076273
test_03372,27.430067935958505
test_03373,67.7832285091281
test_03374,41.29867706075311
test_03375,149.039116024971
test_03376,68.63988900184631
test_03377,8.754879872780293
test_03378,62.79783585295081
test_03379,9.606059261132032
test_03380,24.49349407851696
test_03381,99.58854229003191
test_03382,173.29731957614422
test_03383,299.55458372831345
test_03384,10.35469612851739
test_03385,242.4534319639206
test_03386,13.328319205902517
test_03387,11.314193950034678
test_03388,99.08611917495728
test_03389,9.590141959488392
test_03390,56.622192088514566
test_03391,108.37375256419182
test_03392,302.87158504128456
test_03393,11.086869719438255
test_03394,17.547884680330753
test_03395,47.423340890556574
test_03396,12.167628734372556
test_03397,11.977261799387634
test_03398,11.981834802776575
test_03399,65.60940933227539
test_03400,115.68419199436903
test_03401,183.57926596701145
test_03402,196.68543982505798
test_03403,244.91121004521847
test_03404,9.029538634698838
test_03405,86.46131683140993
test_03406,133.53213860094547
test_03407,8.308669879566878
test_03408,44.17532553896308
test_03409,82.00054655224085
test_03410,21.115404868498445
test_03411,37.65450683608651
test_03412,20.43610076792538
test_03413,21.670967675745487
test_03414,100.70511651039124
test_03415,10.385654200799763
test_03416,183.23267966508865
test_03417,203.97312659025192
test_03418,342.8745287656784
test_03419,68.9654682725668
test_03420,56.34179873391986
test_03421,101.87036048620939
test_03422,7.740020390134305
test_03423,8.727984577417374
test_03424,9.718634069431573
test_03425,15.729360475204885
test_03426,102.24165307730436
test_03427,11.483598423190415
test_03428,92.47769194096327
test_03429,237.4108976572752
test_03430,328.31160494685173
test_03431,80.9378344193101
test_03432,51.61194086447358
test_03433,53.364861737936735
test_03434,110.67849427461624
test_03435,56.29367123916745
test_03436,13.225476305931807
test_03437,24.092206299304962
test_03438,46.05568139255047
test_03439,15.352674989961088
test_03440,54.37436546757817
test_03441,11.63811208307743
test_03442,39.14224736765027
test_03443,91.56278670579195
test_03444,62.13452844321728
test_03445,10.547703798860312
test_03446,27.247407788410783
test_03447,57.23295220732689
test_03448,100.00545906275511
test_03449,87.08456751704216
test_03450,22.483647482469678
test_03451,13.853273067623377
test_03452,38.660445015877485
test_03453,51.35655092820525
test_03454,34.73317013308406
test_03455,80.23871180415154
test_03456,55.87234952673316
test_03457,27.03673950396478
test_03458,79.41680799424648
test_03459,12.479259648360312
test_03460,17.098969883285463
test_03461,39.93220979347825
test_03462,79.31796055287123
test_03463,61.51748404279351
test_03464,30.337846264243126
test_03465,13.716926998458803
test_03466,36.32489101216197
test_03467,57.68670928105712
test_03468,67.013218306005
test_03469,81.06384689360857
test_03470,67.98576659709215
test_03471,53.07504567503929
test_03472,166.85818910598755
test_03473,183.8539915829897
test_03474,30.0567230861634
test_03475,11.018297881819308
test_03476,29.14257181622088
test_03477,51.41348830237985
test_03478,21.593364968895912
test_03479,30.47678571380675
test_03480,55.5849699229002
test_03481,21.421559320762753
test_03482,37.9139600135386
test_03483,167.19072119891644
test_03484,20.74848379008472
test_03485,30.657312102615833
test_03486,53.09406565502286
test_03487,59.254202991724014
test_03488,34.678216096013784
test_03489,45.33146250620484
test_03490,79.83460872620344
test_03491,82.78458125144243
test_03492,76.72236654162407
test_03493,54.43426299095154
test_03494,96.45169038325548
test_03495,58.038291066884995
test_03496,10.962815511971712
test_03497,18.023872585967183
test_03498,57.73401224240661
test_03499,40.41844308376312
test_03500,12.05847276840359
test_03501,89.94502245634794
test_03502,29.732298905029893
test_03503,42.45382607355714
test_03504,38.42478816956282
test_03505,58.59000048041344
test_03506,60.72618082165718
test_03507,72.59452947974205
test_03508,109.30591357499361
test_03509,77.68835570663214
test_03510,165.99537061154842
test_03511,51.24045142531395
test_03512,11.277408432215452
test_03513,39.888034116476774
test_03514,53.65209649130702
test_03515,63.491773564368486
test_03516,17.664249742403626
test_03517,34.03331212326884
test_03518,27.568481838330626
test_03519,30.831793770194054
test_03520,87.52497977763414
test_03521,138.47532777488232
test_03522,61.45971470698714
test_03523,38.4132261313498
test_03524,9.715064805466682
test_03525,13.147642395459116
test_03526,28.320829570293427
test_03527,74.63224121928215
test_03528,89.01655327528715
test_03529,114.38887230306864
test_03530,37.062878120690584
test_03531,21.600865622982383
test_03532,29.764210576191545
test_03533,115.89191498607397
test_03534,45.10837422311306
test_03535,83.12588608264923
test_03536,76.59793628007174
test_03537,59.969879414886236
test_03538,55.271145824342966
test_03539,108.81972113996744
test_03540,91.59685999155045
test_03541,66.41527559608221
test_03542,25.989028679206967
test_03543,47.56906045600772
test_03544,38.02462576702237
test_03545,45.612810388207436
test_03546,78.8097582757473
test_03547,141.41620814800262
test_03548,46.68379756808281
test_03549,11.110700406134129
test_03550,29.94665159098804
test_03551,58.52678996697068
test_03552,161.4288966357708
test_03553,170.30060863494873
test_03554,34.856894712895155
test_03555,32.64148302562535
test_03556,19.3220521453768
test_03557,88.2500789090991
test_03558,114.10108786076307
test_03559,48.16950276494026
test_03560,64.81614134460688
test_03561,89.33618253469467
test_03562,42.05638983100653
test_03563,58.46327489614487
test_03564,63.10388259589672
test_03565,101.42000182718039
test_03566,18.90945860184729
test_03567,49.26156011596322
test_03568,58.44504602253437
test_03569,81.85755314677954
test_03570,108.36566322296858
test_03571,63.19820253178477
test_03572,25.517919262871146
test_03573,16.11676489468664
test_03574,13.439230090938509
test_03575,22.628750504925847
test_03576,69.79828415066004
test_03577,65.17979771643877
test_03578,16.2319293692708
test_03579,60.17618361487985
test_03580,57.68352257087827
test_03581,35.94432799145579
test_03582,105.44090210646391
test_03583,85.04053435474634
test_03584,7.836708538234234
test_03585,22.987259114161134
test_03586,11.916056907735765
test_03587,22.28420696593821
test_03588,31.191810309886932
test_03589,21.743892455473542
test_03590,10.09573321416974
test_03591,22.70864482037723
test_03592,17.649924403056502
test_03593,135.26040518283844
test_03594,16.915081292390823
test_03595,44.813952658325434
test_03596,10.317956108599901
test_03597,11.632834326475859
test_03598,13.10408790409565
test_03599,32.80858660489321
test_03600,35.88870541378856
test_03601,73.23504336923361
test_03602,47.306457709521055
test_03603,134.62668812274933
test_03604,69.34104695171118
test_03605,26.283942364156246
test_03606,12.978633475489914
test_03607,23.947131132707
test_03608,35.22825415804982
test_03609,97.15454196929932
test_03610,65.55891966074705
test_03611,30.090109260752797
test_03612,177.87175661325455
test_03613,33.08385448157787
test_03614,10.22303541470319
test_03615,10.034389971755445
test_03616,27.462081745266914
test_03617,106.17148327082396
test_03618,197.88404397666454
test_03619,154.67133285105228
test_03620,98.39195861667395
test_03621,30.225800717249513
test_03622,51.493802312761545
test_03623,61.05101355537772
test_03624,45.785676416009665
test_03625,24.412635950371623
test_03626,40.118420634418726
test_03627,129.67667983472347
test_03628,54.55947321653366
test_03629,103.69734822958708
test_03630,169.06174348294735
test_03631,239.76252634823322
test_03632,136.29876758158207
test_03633,98.03889489918947
test_03634,83.12007720768452
test_03635,168.10097636282444
test_03636,82.2266618385911
test_03637,45.56944438815117
test_03638,14.799299796111882
test_03639,19.472094940021634
test_03640,43.66519192233682
test_03641,89.07869040966034
test_03642,11.852681116200984
test_03643,49.17047517374158
test_03644,7.716579221189022
test_03645,27.93354214541614
test_03646,13.601187764666975
test_03647,10.116962163709104
test_03648,73.04697547107935
test_03649,137.64324729144573
test_03650,264.1937482059002
test_03651,253.5305256843567
test_03652,98.16487766057253
test_03653,111.45386023074389
test_03654,15.610230254940689
test_03655,83.77463787794113
test_03656,206.4890974164009
test_03657,51.7584923915565
test_03658,64.77926761657
test_03659,45.434636890888214
test_03660,13.693355371244252
test_03661,21.540864104405046
test_03662,83.13203665614128
test_03663,57.60286686196923
test_03664,161.18963338434696
test_03665,24.72624091617763
test_03666,68.39289296418428
test_03667,8.381951678544283
test_03668,9.393472172319889
test_03669,16.907032806426287
test_03670,73.58853049576283
test_03671,194.4286399036646
test_03672,315.5043875873089
test_03673,20.443636706098914
test_03674,96.06701212376356
test_03675,152.68101321160793
test_03676,10.381273402832448
test_03677,114.94464495778084
test_03678,120.96165889501572
test_03679,352.48546838760376
test_03680,64.73538164049387
test_03681,42.91711727902293
test_03682,102.3535667732358
test_03683,178.84818243980408
test_03684,10.513876573182642
test_03685,45.94579931721091
test_03686,92.08675911277533
test_03687,215.9734600186348
test_03688,13.740064074285328
test_03689,16.898060434497893
test_03690,8.789241466671228
test_03691,72.60398561507463
test_03692,218.06417959928513
test_03693,220.770595356822
test_03694,163.55573226511478
test_03695,248.6830863803625
test_03696,333.58439949154854
test_03697,12.034084964543581
test_03698,87.91776966303587
test_03699,156.17352871596813
test_03700,170.20322455465794
test_03701,11.58997994568199
test_03702,159.1317168623209
test_03703,19.14392693154514
test_03704,159.0195803195238
test_03705,408.5575430393219
test_03706,90.2657213807106
test_03707,194.49801956117153
test_03708,417.34579145908356
test_03709,251.6206091940403
test_03710,207.66232673823833
test_03711,166.61271585524082
test_03712,20.764489766210318
test_03713,13.658957100473344
test_03714,8.138994276057929
test_03715,37.087848111987114
test_03716,96.08244055509567
test_03717,11.603648815304041
test_03718,26.483590871095657
test_03719,87.83953555673361
test_03720,115.84655079245567
test_03721,160.15133041143417
test_03722,58.87006327882409
test_03723,8.518137112259865
test_03724,88.18001585453749
test_03725,15.042999557219446
test_03726,24.33211394958198
test_03727,67.63928429037333
test_03728,151.41436648368835
test_03729,209.18701528012753
test_03730,9.856186761520803
test_03731,582.9272523522377
test_03732,12.40631629806012
test_03733,12.25997647549957
test_03734,100.85495131462812
test_03735,8.873035602271557
test_03736,58.71381791308522
test_03737,86.71776900440454
test_03738,243.75901746749878
test_03739,9.376034405082464
test_03740,9.507001508027315
test_03741,81.89200527220964
test_03742,10.482777364552021
test_03743,9.063135121017694
test_03744,9.232788439840078
test_03745,162.72169072926044
test_03746,145.75677482783794
test_03747,137.79824471473694
test_03748,178.12794137001038
test_03749,267.44933292269707
test_03750,7.978805449325591
test_03751,84.2872376665473
test_03752,134.400320276618
test_03753,7.6413075854070485
test_03754,53.83226075395942
test_03755,86.66666278988123
test_03756,16.301998923532665
test_03757,41.59165383502841
test_03758,14.372408769093454
test_03759,29.57790688239038
test_03760,61.899915263056755
test_03761,8.457606796640903
test_03762,209.67818462848663
test_03763,148.23714958131313
test_03764,373.8711609840393
test_03765,64.30586287751794
test_03766,67.092440366745
test_03767,125.55458479374647
test_03768,11.980806921608746
test_03769,10.4873689385131
test_03770,10.442103168927133
test_03771,17.594116119667888
test_03772,102.23788696527481
test_03773,12.757033623754978
test_03774,90.71007803082466
test_03775,277.1663476526737
test_03776,62.25479146838188
test_03777,49.734144035726786
test_03778,53.80518485978246
test_03779,117.08277892321348
test_03780,60.324569914489985
test_03781,11.25508567597717
test_03782,50.743707191199064
test_03783,47.437135111540556
test_03784,14.354559663683176
test_03785,60.38883152231574
test_03786,10.667360494844615
test_03787,13.333940518088639
test_03788,112.61928248405457
test_03789,65.06390248984098
test_03790,10.38052315171808
test_03791,67.02946384251118
test_03792,107.11121364682913
test_03793,107.78638022392988
test_03794,24.697527097538114
test_03795,19.421753833070397
test_03796,45.61432946100831
test_03797,69.34578616172075
test_03798,34.06006117537618
test_03799,86.35076992958784
test_03800,71.23167233169079
test_03801,87.662253446877
test_03802,11.936239405535161
test_03803,16.076379471458495
test_03804,31.059563694521785
test_03805,71.69264592975378
test_03806,93.20379388332367
test_03807,40.77861933037639
test_03808,29.753469357267022
test_03809,56.860396817326546
test_03810,65.9290905892849
test_03811,59.99091615900397
test_03812,76.2865374982357
test_03813,110.44663696736097
test_03814,55.327819496393204
test_03815,168.74672715365887
test_03816,194.3030582666397
test_03817,29.424590095877647
test_03818,10.441758684813976
test_03819,30.3688312638551
test_03820,49.24632481858134
test_03821,13.138064622879028
test_03822,40.52518301829696
test_03823,82.710150398314
test_03824,29.288759360089898
test_03825,40.344996470957994
test_03826,139.66871730983257
test_03827,13.499872294254601
test_03828,37.163058929145336
test_03829,58.50748400017619
test_03830,90.20539673417807
test_03831,44.552412148565054
test_03832,47.62850857153535
test_03833,77.29689547419548
test_03834,99.29597406834364
test_03835,83.34778213500977
test_03836,72.4530662894249
test_03837,89.56824783235788
test_03838,67.6247843876481
test_03839,12.90115890558809
test_03840,15.064797694794834
test_03841,77.28530000895262
test_03842,42.87790737301111
test_03843,16.310205259360373
test_03844,87.27010238915682
test_03845,27.816562397405505
test_03846,34.38199318572879
test_03847,35.802901942282915
test_03848,73.94581344723701
test_03849,71.54908797889948
test_03850,83.40422924607992
test_03851,105.2327111363411
test_03852,91.20479064434767
test_03853,199.6204073280096
test_03854,56.49263634905219
test_03855,24.92336568236351
test_03856,61.34393833205104
test_03857,72.06469620019197
test_03858,72.16130774468184
test_03859,18.156399616971612
test_03860,33.38416663184762
test_03861,24.949997739866376
test_03862,33.808017656207085
test_03863,99.24398389458656
test_03864,114.47711966186762
test_03865,72.8598658144474
test_03866,113.2288726568222
test_03867,9.195630117785186
test_03868,16.776341476477683
test_03869,72.8461087346077
test_03870,96.28939843922853
test_03871,119.20389481633902
test_03872,80.47351069003344
test_03873,32.761335641145706
test_03874,39.54150724038482
test_03875,105.90008550137281
test_03876,52.131779462099075
test_03877,86.05175400525331
test_03878,85.71072401851416
test_03879,67.87775272130966
test_03880,61.766292568296194
test_03881,116.95957431942225
test_03882,101.28324813395739
test_03883,67.32759580761194
test_03884,29.505418511107564
test_03885,41.253684278577566
test_03886,32.17207838781178
test_03887,37.521686390042305
test_03888,102.79456586390734
test_03889,102.62945119291544
test_03890,90.39212012290955
test_03891,12.304269147105515
test_03892,32.01239746622741
test_03893,58.290152594447136
test_03894,147.75817738473415
test_03895,136.36187781393528
test_03896,30.77548036724329
test_03897,52.5226825773716
test_03898,19.371312445029616
test_03899,111.35539162904024
test_03900,116.37163743376732
test_03901,36.64720557630062
test_03902,72.30199839919806
test_03903,172.53010238707066
test_03904,95.37740506976843
test_03905,87.02372289448977
test_03906,85.08993207663298
test_03907,123.47208083420992
test_03908,25.98910853266716
test_03909,59.436788856983185
test_03910,40.59082627668977
test_03911,73.05217523127794
test_03912,84.19658356159925
test_03913,56.722242902964354
test_03914,32.03903509490192
test_03915,26.039516493678093
test_03916,12.68471610173583
test_03917,27.630124995484948
test_03918,101.20648481696844
test_03919,58.607037123292685
test_03920,39.60262670740485
test_03921,75.7728829011321
test_03922,70.22945569455624
test_03923,45.758968219161034
test_03924,83.65932205319405
test_03925,122.5523918196559
test_03926,10.212074134498835
test_03927,35.972258131951094
test_03928,12.41180668771267
test_03929,29.96559357456863
test_03930,48.33763329684734
test_03931,25.67005867511034
test_03932,9.830988352186978
test_03933,17.140820524655282
test_03934,24.114600552245975
test_03935,127.53244729340076
test_03936,43.106537114828825
test_03937,16.37122815940529
test_03938,50.357669565826654
test_03939,12.923459377139807
test_03940,11.326849794946611
test_03941,17.098195490427315
test_03942,30.04715552739799
test_03943,43.179630886763334
test_03944,81.45028564333916
test_03945,73.03422863036394
test_03946,155.1842074841261
test_03947,31.262177921831608
test_03948,33.58176123350859
test_03949,16.986699632368982
test_03950,36.25860892608762
test_03951,58.70295784249902
test_03952,97.26508144289255
test_03953,79.71266692131758
test_03954,167.34959615767002
test_03955,34.808128390461206
test_03956,10.922287095338106
test_03957,9.813740004785359
test_03958,50.4717003069818
test_03959,89.13003432750702
test_03960,194.7655695080757
test_03961,180.062920704484
test_03962,96.63143866509199
test_03963,39.130258206278086
test_03964,52.956892266869545
test_03965,45.024698939174414
test_03966,46.175153311342
test_03967,21.763131568208337
test_03968,54.174605537205935
test_03969,147.2173131853342
test_03970,49.030493915081024
test_03971,116.2335615158081
test_03972,236.11012564599514
test_03973,103.46359672397375
test_03974,132.1258560270071
test_03975,101.61989546567202
test_03976,62.27592849358916
test_03977,214.95141001045704
test_03978,39.26318636164069
test_03979,45.85206249728799
test_03980,13.900797947309911
test_03981,24.065236257389188
test_03982,74.71859437972307
test_03983,111.76049751788378
test_03984,12.384819932281971
test_03985,58.403477653861046
test_03986,8.521165508311242
test_03987,27.613047497346997
test_03988,15.19954205211252
test_03989,10.292476355098188
test_03990,77.19608698040247
test_03991,157.29911337792873
test_03992,261.72721967101097
test_03993,228.91921384632587
test_03994,104.90367031097412
test_03995,137.18424217402935
test_03996,15.282591507770121
test_03997,100.67602756619453
test_03998,184.16199566423893
test_03999,139.68057276308537
test_04000,56.28409996628761
test_04001,56.08178843930364
test_04002,17.0919687775895
test_04003,21.321905916556716
test_04004,66.93966398388147
test_04005,55.48698044195771
test_04006,181.19655756652355
test_04007,23.7951662838459
test_04008,65.78192994743586
test_04009,11.001088532619178
test_04010,11.566526241600513
test_04011,39.15929143875837
test_04012,88.47447827458382
test_04013,217.82337127625942
test_04014,317.5047799050808
test_04015,15.144762578420341
test_04016,123.76586728543043
test_04017,143.1676508039236
test_04018,11.462379687465727
test_04019,142.41866248846054
test_04020,267.92138200998306
test_04021,469.8761757314205
test_04022,95.7051385268569
test_04023,42.54088120162487
test_04024,131.25488133728504
test_04025,226.1222182661295
test_04026,13.2832354279235
test_04027,21.61820682324469
test_04028,183.7122015506029
test_04029,219.66826105117798
test_04030,13.511117704212666
test_04031,18.485730143263936
test_04032,9.943539947271347
test_04033,266.74278950691223
test_04034,266.8327602148056
test_04035,255.70479798316956
test_04036,238.25346679985523
test_04037,390.23655939102173
test_04038,431.2623999416828
test_04039,13.05341902654618
test_04040,94.69972775131464
test_04041,125.30358494073153
test_04042,166.005339294672
test_04043,12.384251672774553
test_04044,176.43414177000523
test_04045,12.001279120333493
test_04046,370.2790775001049
test_04047,336.99995854496956
test_04048,350.2751543223858
test_04049,85.04718261957169
test_04050,313.03233245015144
test_04051,452.9442708790302
test_04052,260.4442159831524
test_04053,201.5517468303442
test_04054,179.34652745723724
test_04055,19.96982155740261
test_04056,17.392567843198776
test_04057,10.837754779495299
test_04058,79.16975995898247
test_04059,93.5324781537056
test_04060,12.41143620479852
test_04061,30.730961134657264
test_04062,84.48309034854174
test_04063,125.47258457541466
test_04064,164.73239342868328
test_04065,61.84367985650897
test_04066,9.524305567145348
test_04067,78.54692525416613
test_04068,11.87895476166159
test_04069,26.624392949044704
test_04070,102.61533012986183
test_04071,188.97450743615627
test_04072,347.5133388340473
test_04073,11.409678260795772
test_04074,467.5408891439438
test_04075,13.110395398922265
test_04076,11.422215254046023
test_04077,125.66069704294205
test_04078,12.028610359877348
test_04079,61.57212238013744
test_04080,101.24853602051735
test_04081,398.1374613046646
test_04082,11.454282918013632
test_04083,13.09908127784729
test_04084,40.89862236753106
test_04085,10.672498972155154
test_04086,10.806714996695518
test_04087,11.796099368482828
test_04088,126.0854357406497
test_04089,147.75083829462528
test_04090,196.57726995646954
test_04091,228.37111455202103
test_04092,266.406171888113
test_04093,8.841766472905874
test_04094,104.37071717530489
test_04095,145.72092619538307
test_04096,9.475176654290408
test_04097,61.59489732980728
test_04098,92.3344756886363
test_04099,18.133884655311704
test_04100,31.78789596259594
test_04101,11.09395996388048
test_04102,29.74656667560339
test_04103,10.006869312375784
