id,PM2.5
test_00001,177.1921330988407
test_00002,165.85661129653454
test_00003,420.49940145015717
test_00004,46.93350862339139
test_00005,49.759374015033245
test_00006,118.84424225986004
test_00007,11.203642405569553
test_00008,8.62452420592308
test_00009,54.57298516482115
test_00010,115.34072554856539
test_00011,11.773606691509485
test_00012,119.1436667367816
test_00013,260.98656582832336
test_00014,319.5364004969597
test_00015,59.173127587884665
test_00016,50.07701250910759
test_00017,46.574342615902424
test_00018,124.6770064085722
test_00019,54.89131077006459
test_00020,10.3240323998034
test_00021,26.242793690413237
test_00022,34.074549935758114
test_00023,10.28589215874672
test_00024,52.028742499649525
test_00025,11.376415580511093
test_00026,9.402304336428642
test_00027,108.70571268349886
test_00028,63.943276170641184
test_00029,10.749138794839382
test_00030,10.508293330669403
test_00031,59.67573640868068
test_00032,95.22471782565117
test_00033,97.57732704281807
test_00034,24.962735295295715
test_00035,14.81618694588542
test_00036,84.64755876362324
test_00037,89.82764901220798
test_00038,23.670476034283638
test_00039,31.338918954133987
test_00040,84.97196437418461
test_00041,11.949206307530403
test_00042,15.803431987762451
test_00043,28.54874248802662
test_00044,69.6775457188487
test_00045,71.7010695412755
test_00046,58.83044110611081
test_00047,24.39689739048481
test_00048,61.17810312286019
test_00049,58.85742786154151
test_00050,67.37525532394648
test_00051,90.35075974464417
test_00052,106.07548084110022
test_00053,58.89298679307103
test_00054,174.26350930333138
test_00055,180.5953612923622
test_00056,27.04337476938963
test_00057,9.909459233283997
test_00058,27.59574529528618
test_00059,60.292134553194046
test_00060,36.659380443394184
test_00061,30.032293498516083
test_00062,59.91556791961193
test_00063,26.724391765892506
test_00064,52.16741267591715
test_00065,138.82852520048618
test_00066,23.01236467063427
test_00067,34.30470246449113
test_00068,63.63329618051648
test_00069,61.21083561331034
test_00070,37.764760322868824
test_00071,46.99460951983929
test_00072,74.90782850980759
test_00073,123.3606276884675
test_00074,90.59699067473412
test_00075,66.13757868856192
test_00076,77.8147024512291
test_00077,54.85116862133145
test_00078,7.853254918009043
test_00079,17.672474648803473
test_00080,58.94324990361929
test_00081,38.98340583592653
test_00082,15.150735802948475
test_00083,87.30262317508459
test_00084,33.024190947413445
test_00085,37.23795033246279
test_00086,41.788535326719284
test_00087,71.53656398504972
test_00088,74.73782606422901
test_00089,75.97519814223051
test_00090,119.27072659134865
test_00091,78.13219980895519
test_00092,195.492139428854
test_00093,53.84202516078949
test_00094,8.176178596913815
test_00095,69.69862703233957
test_00096,43.01977540180087
test_00097,63.727857533842325
test_00098,16.73457533121109
test_00099,107.90535816550255
test_00100,18.766782753169537
test_00101,15.69336049258709
test_00102,127.27981323003769
test_00103,88.35688941180706
test_00104,150.45530785620213
test_00105,54.98362508416176
test_00106,111.74194180220366
test_00107,8.834226820617914
test_00108,17.161345649510622
test_00109,30.724567286670208
test_00110,63.072635751217604
test_00111,93.9612652361393
test_00112,120.15755312144756
test_00113,57.81781380623579
test_00114,28.15520977973938
test_00115,35.909619592130184
test_00116,111.33413203805685
test_00117,54.2368875220418
test_00118,88.038723513484
test_00119,83.58589401096106
test_00120,76.97860329598188
test_00121,64.89384061843157
test_00122,107.73150789737701
test_00123,83.75785008072853
test_00124,47.41126259043813
test_00125,24.974408756941557
test_00126,69.08654097467661
test_00127,35.59822081029415
test_00128,36.029566917568445
test_00129,86.5418834015727
test_00130,112.85732750594616
test_00131,75.26365552842617
test_00132,14.146587826311588
test_00133,24.653498128056526
test_00134,65.14263428747654
test_00135,145.1955127120018
test_00136,123.42451045662165
test_00137,40.942281782627106
test_00138,17.279279924929142
test_00139,119.67815008759499
test_00140,102.60137991607189
test_00141,42.04472008347511
test_00142,83.91365718096495
test_00143,92.46228579431772
test_00144,55.05635115876794
test_00145,87.83792363107204
test_00146,80.64669984579086
test_00147,116.93955524265766
test_00148,15.475185982882977
test_00149,41.1883567199111
test_00150,50.726016864180565
test_00151,62.985636334866285
test_00152,96.23683629184961
test_00153,53.22129635885358
test_00154,37.36665553972125
test_00155,14.843422546982765
test_00156,9.534679088741541
test_00157,23.578856259584427
test_00158,82.28171244263649
test_00159,69.89194668829441
test_00160,21.41340869665146
test_00161,60.029832649976015
test_00162,63.90328258648515
test_00163,32.97165851294994
test_00164,81.34171465039253
test_00165,113.70415302366018
test_00166,10.406727157533169
test_00167,22.32900847122073
test_00168,12.113533586263657
test_00169,20.309221047908068
test_00170,27.728398606181145
test_00171,24.582744248211384
test_00172,4.951874151825905
test_00173,13.676640927791595
test_00174,13.338667657226324
test_00175,139.59739145636559
test_00176,37.25960733368993
test_00177,12.762519370764494
test_00178,11.26039407402277
test_00179,11.006103515625
test_00180,11.679836444556713
test_00181,25.117012180387974
test_00182,39.50506063550711
test_00183,68.09811855852604
test_00184,81.93833513557911
test_00185,153.37336871027946
test_00186,29.570881634950638
test_00187,25.940171360969543
test_00188,14.27644069492817
test_00189,17.002749249339104
test_00190,40.76880292594433
test_00191,93.87658342719078
test_00192,98.50928749144077
test_00193,28.392036572098732
test_00194,176.9757487922907
test_00195,31.472374513745308
test_00196,10.150995522737503
test_00197,33.94816605001688
test_00198,90.29185388982296
test_00199,204.8562835752964
test_00200,165.17948366701603
test_00201,109.39727336168289
test_00202,36.61298372596502
test_00203,54.10365852341056
test_00204,50.52217883616686
test_00205,49.58135651051998
test_00206,20.31991398334503
test_00207,49.24533315002918
test_00208,142.52449989318848
test_00209,49.08449713885784
test_00210,123.76231659203768
test_00211,227.93442383408546
test_00212,276.45977452397346
test_00213,118.64428919553757
test_00214,95.7170756906271
test_00215,61.19554089009762
test_00216,181.30440059304237
test_00217,43.44291331619024
test_00218,35.93905766308308
test_00219,15.463293388485909
test_00220,22.262536965310574
test_00221,51.757359586656094
test_00222,120.362379103899
test_00223,7.714098192751408
test_00224,68.87136746942997
test_00225,6.344147086143494
test_00226,24.324776716530323
test_00227,9.53690755739808
test_00228,8.348617501556873
test_00229,68.4202734157443
test_00230,118.63784149289131
test_00231,305.0513542294502
test_00232,240.55504408478737
test_00233,93.38685515522957
test_00234,105.12215680629015
test_00235,11.26071348786354
test_00236,94.95040819048882
test_00237,218.73153167963028
test_00238,24.70796190202236
test_00239,66.78347061574459
test_00240,58.20610961318016
test_00241,12.718930523842573
test_00242,25.590108647942543
test_00243,87.42183139175177
test_00244,62.9926448687911
test_00245,199.15461280941963
test_00246,26.346380341798067
test_00247,77.18917129933834
test_00248,7.333394035696983
test_00249,8.754663061350584
test_00250,11.683075152337551
test_00251,70.20714129507542
test_00252,204.06465722620487
test_00253,249.02625569701195
test_00254,17.50950673595071
test_00255,66.14938214421272
test_00256,164.24887515604496
test_00257,8.527660101652145
test_00258,132.07584919035435
test_00259,132.87673111259937
test_00260,520.5099846124649
test_00261,74.54327332228422
test_00262,27.54566417634487
test_00263,112.3411844521761
test_00264,186.34983190894127
test_00265,8.607279572635889
test_00266,17.849255353212357
test_00267,98.8300904110074
test_00268,229.16718298196793
test_00269,13.790211118757725
test_00270,16.615935374051332
test_00271,8.88498019427061
test_00272,56.59877088293433
test_00273,263.2898813188076
test_00274,215.76945114135742
test_00275,206.16746996343136
test_00276,417.7083781659603
test_00277,394.67088517546654
test_00278,15.70598105341196
test_00279,85.12291341274977
test_00280,163.5537414997816
test_00281,192.14022544026375
test_00282,13.79856787621975
test_00283,145.4700154811144
test_00284,11.834128186106682
test_00285,327.579419285059
test_00286,282.4530181288719
test_00287,435.30620887875557
test_00288,88.81999491155148
test_00289,280.96487647295
test_00290,320.95412254333496
test_00291,254.51384490728378
test_00292,181.2283355295658
test_00293,113.469881542027
test_00294,20.145651448518038
test_00295,15.986084707081318
test_00296,5.210127670317888
test_00297,39.82079007476568
test_00298,79.8363543599844
test_00299,11.742597550153732
test_00300,30.968777738511562
test_00301,85.11272931098938
test_00302,117.73933035880327
test_00303,162.01129949092865
test_00304,69.79188844561577
test_00305,10.4067717269063
test_00306,72.28978639096022
test_00307,11.66456400603056
test_00308,26.676312554627657
test_00309,75.60451466590166
test_00310,207.3825647830963
test_00311,244.83887395262718
test_00312,10.168381292372942
test_00313,562.0096570253372
test_00314,14.604820407927036
test_00315,10.508271045982838
test_00316,91.42635242640972
test_00317,8.36849544197321
test_00318,49.84285245090723
test_00319,85.40292792767286
test_00320,268.8597455918789
test_00321,9.59112248569727
test_00322,8.110613334923983
test_00323,83.29865925759077
test_00324,8.003843687474728
test_00325,8.851987715810537
test_00326,11.064678814262152
test_00327,114.80226066708565
test_00328,134.36233231425285
test_00329,162.03688231110573
test_00330,259.0187685787678
test_00331,310.1773669719696
test_00332,7.557407133281231
test_00333,76.83510477095842
test_00334,159.17751932144165
test_00335,7.523010719567537
test_00336,46.322767075151205
test_00337,92.08504319190979
test_00338,16.95623368024826
test_00339,30.469842176884413
test_00340,13.552433513104916
test_00341,24.195116981863976
test_00342,7.427565407007933
test_00343,121.08230075985193
test_00344,182.6378122419119
test_00345,258.0826334655285
test_00346,39.45967787131667
test_00347,25.774343580007553
test_00348,80.77283117175102
test_00349,9.227770671248436
test_00350,12.42242905497551
test_00351,17.73812162131071
test_00352,16.63275659829378
test_00353,90.10171351581812
test_00354,15.77373392879963
test_00355,79.77103794366121
test_00356,210.57570780813694
test_00357,265.8112301826477
test_00358,67.82518314570189
test_00359,42.70015728473663
test_00360,30.626039259135723
test_00361,113.71450054645538
test_00362,51.69430135190487
test_00363,9.57645544782281
test_00364,10.690723203122616
test_00365,13.04517462104559
test_00366,10.563615065068007
test_00367,20.035568810999393
test_00368,8.05760920792818
test_00369,6.963497951626778
test_00370,57.89414257183671
test_00371,60.3217026181519
test_00372,7.780755404382944
test_00373,22.257114358246326
test_00374,38.04435142874718
test_00375,44.940551962703466
test_00376,74.80684916675091
test_00377,18.211459506303072
test_00378,16.13365390151739
test_00379,13.345304779708385
test_00380,46.19787997752428
test_00381,31.87295289710164
test_00382,102.84660060703754
test_00383,13.915395345538855
test_00384,32.591938596218824
test_00385,78.04150856286287
test_00386,7.1696350164711475
test_00387,16.775668293237686
test_00388,28.198501497507095
test_00389,77.1362823098898
test_00390,69.66496229916811
test_00391,42.00116094946861
test_00392,13.972952976822853
test_00393,46.95022585242987
test_00394,86.69644255936146
test_00395,69.77576918900013
test_00396,68.50823107361794
test_00397,75.48555900901556
test_00398,48.431251265108585
test_00399,154.8647045046091
test_00400,31.371900290250778
test_00401,13.371481858193874
test_00402,13.711817305535078
test_00403,12.382182911038399
test_00404,19.170451279729605
test_00405,72.1012802273035
test_00406,21.888443931937218
test_00407,37.15955280512571
test_00408,177.89231795072556
test_00409,16.042862374335527
test_00410,31.206273071467876
test_00411,56.79149256646633
test_00412,14.11210598796606
test_00413,18.746607683598995
test_00414,45.820841651409864
test_00415,76.40980152785778
test_00416,100.35061914473772
test_00417,76.4048468992114
test_00418,45.7169133014977
test_00419,74.50976458191872
test_00420,18.821164816617966
test_00421,13.029092505574226
test_00422,16.79310977458954
test_00423,19.06974306702614
test_00424,89.04036074876785
test_00425,10.472752969712019
test_00426,69.29655928909779
test_00427,41.79708521813154
test_00428,57.793646063655615
test_00429,92.50363874435425
test_00430,102.82987223565578
test_00431,71.56103257089853
test_00432,70.3016952201724
test_00433,106.90476088225842
test_00434,69.16565904021263
test_00435,131.02898889780045
test_00436,43.2487171292305
test_00437,6.540883727371693
test_00438,39.42924813181162
test_00439,27.91426032036543
test_00440,33.052236225456
test_00441,10.025101900100708
test_00442,18.476699274033308
test_00443,19.92308685556054
test_00444,22.037714190781116
test_00445,47.948449816554785
test_00446,139.131730645895
test_00447,96.35653477162123
test_00448,64.35434321314096
test_00449,34.77179320901632
test_00450,12.632651645690203
test_00451,28.53852867335081
test_00452,78.65043019503355
test_00453,63.08689423650503
test_00454,117.1619638428092
test_00455,9.41002969443798
test_00456,18.803114220499992
test_00457,33.78273196518421
test_00458,92.49271181970835
test_00459,42.353080719709396
test_00460,83.13916775584221
test_00461,70.9566570147872
test_00462,64.97179245203733
test_00463,46.32372160255909
test_00464,86.7810872271657
test_00465,50.28680054843426
test_00466,41.30518790334463
test_00467,6.75847140699625
test_00468,39.27679116278887
test_00469,21.043404903262854
test_00470,26.514106035232544
test_00471,57.134316470474005
test_00472,103.00187287479639
test_00473,28.62955790385604
test_00474,2.3263963758945465
test_00475,15.136429034173489
test_00476,92.47345785051584
test_00477,151.18741923570633
test_00478,61.66068172454834
test_00479,33.94564788043499
test_00480,23.463934130966663
test_00481,12.317921303212643
test_00482,61.90131548419595
test_00483,138.09406650066376
test_00484,29.829034872353077
test_00485,39.26627279073
test_00486,62.84547308459878
test_00487,22.754077725112438
test_00488,38.3356197103858
test_00489,65.5482007265091
test_00490,92.83856272697449
test_00491,16.336184561252594
test_00492,33.10768423974514
test_00493,43.97330371290445
test_00494,91.56793446838856
test_00495,54.56138598546386
test_00496,26.28420978039503
test_00497,5.379777275025845
test_00498,15.866594217717648
test_00499,19.907925840467215
test_00500,58.88857813924551
test_00501,54.21600305661559
test_00502,13.584382325410843
test_00503,36.40792004019022
test_00504,38.312321070581675
test_00505,34.105975057929754
test_00506,64.29946717247367
test_00507,51.49596764147282
test_00508,4.835804361850023
test_00509,12.302726861089468
test_00510,8.519771322607994
test_00511,17.376389160752296
test_00512,16.89693784341216
test_00513,15.922339361160994
test_00514,10.439704779535532
test_00515,17.274800702929497
test_00516,14.402092900127172
test_00517,130.39501927793026
test_00518,35.4766578450799
test_00519,9.048022389411926
test_00520,50.22197810932994
test_00521,8.887594930827618
test_00522,9.284303206950426
test_00523,13.085279628634453
test_00524,18.006800659000874
test_00525,24.195347256958485
test_00526,108.92755673825741
test_00527,26.788081400096416
test_00528,43.48741212114692
test_00529,30.905340664088726
test_00530,25.224394656717777
test_00531,9.275374475866556
test_00532,12.807322733104229
test_00533,25.78924460709095
test_00534,83.77347907423973
test_00535,95.12847026437521
test_00536,14.429878190159798
test_00537,114.98394771665335
test_00538,24.28538853302598
test_00539,13.577804628759623
test_00540,11.791122455149889
test_00541,28.092441245913506
test_00542,112.25714147090912
test_00543,171.54430213570595
test_00544,156.48407325148582
test_00545,143.92338395118713
test_00546,42.51041803508997
test_00547,50.681313782930374
test_00548,54.92339329048991
test_00549,34.65092849731445
test_00550,22.82338310033083
test_00551,56.88480597734451
test_00552,102.79305050522089
test_00553,73.1129752844572
test_00554,109.36099389195442
test_00555,154.5247590392828
test_00556,247.1660340577364
test_00557,148.85060243308544
test_00558,16.444094441831112
test_00559,92.34956242144108
test_00560,142.85321387648582
test_00561,105.93412164598703
test_00562,34.68626829609275
test_00563,13.259865291416645
test_00564,32.9775268137455
test_00565,52.990727849304676
test_00566,95.67650270462036
test_00567,25.448392897844315
test_00568,40.231883116066456
test_00569,9.334930300712585
test_00570,29.61974823847413
test_00571,7.821075830608606
test_00572,7.353030558675528
test_00573,69.12281301617622
test_00574,32.01167878508568
test_00575,267.63643515110016
test_00576,253.56344759464264
test_00577,158.44310519099236
test_00578,74.55909544974566
test_00579,23.79684506356716
test_00580,52.54688374698162
test_00581,220.83226451277733
test_00582,32.26263778284192
test_00583,48.995098404586315
test_00584,50.96058176085353
test_00585,44.01704112440348
test_00586,19.79619413614273
test_00587,93.31921370327473
test_00588,118.27451196312904
test_00589,188.25331555306911
test_00590,17.510966382920742
test_00591,58.104818284511566
test_00592,10.426122263073921
test_00593,12.959865126758814
test_00594,14.761154912412167
test_00595,59.86648218333721
test_00596,122.25685230642557
test_00597,201.94368989765644
test_00598,21.682273440063
test_00599,72.33235014230013
test_00600,122.73574279248714
test_00601,21.478450268507004
test_00602,28.54789938405156
test_00603,88.65425626933575
test_00604,164.2415657788515
test_00605,151.45541487634182
test_00606,33.452383771538734
test_00607,95.87218453735113
test_00608,180.71987326443195
test_00609,15.503565531224012
test_00610,80.45563094317913
test_00611,75.53002438694239
test_00612,209.03412747383118
test_00613,55.204299192875624
test_00614,10.096108339726925
test_00615,12.86570118367672
test_00616,84.03432133048773
test_00617,151.29542568325996
test_00618,238.1244978904724
test_00619,213.87370771169662
test_00620,316.14137306809425
test_00621,404.84660789370537
test_00622,12.274897001683712
test_00623,59.26954971253872
test_00624,224.63309608399868
test_00625,228.9897374510765
test_00626,11.387557923793793
test_00627,91.78974138200283
test_00628,8.70129495114088
test_00629,53.76381705328822
test_00630,115.23184257000685
test_00631,368.4034497141838
test_00632,13.5916657038033
test_00633,143.5467876046896
test_00634,171.62694860994816
test_00635,203.22345487773418
test_00636,177.19953161478043
test_00637,256.30594968795776
test_00638,23.196027629077435
test_00639,9.78231766819954
test_00640,8.442439746111631
test_00641,21.33820902183652
test_00642,24.72687417268753
test_00643,11.843758884817362
test_00644,23.951240800321102
test_00645,98.84306009858847
test_00646,115.33326017856598
test_00647,168.00882175564766
test_00648,52.473875399678946
test_00649,10.119633540511131
test_00650,45.290830094367266
test_00651,15.637975618243217
test_00652,36.45735861733556
test_00653,43.850359097123146
test_00654,89.82934264838696
test_00655,210.7956130951643
test_00656,10.119860101491213
test_00657,249.31809595227242
test_00658,11.408798944205046
test_00659,16.112067468464375
test_00660,59.97330754250288
test_00661,9.680279802531004
test_00662,96.12240442633629
test_00663,99.59587395191193
test_00664,253.63683849573135
test_00665,13.944220587611198
test_00666,13.87785679101944
test_00667,89.39410043507814
test_00668,8.980930626392365
test_00669,9.345801513642073
test_00670,12.530584067106247
test_00671,54.58937555179
test_00672,75.3322106525302
test_00673,82.86408558487892
test_00674,229.19226068258286
test_00675,230.60237622261047
test_00676,9.64798929169774
test_00677,61.47261011227965
test_00678,126.19371703267097
test_00679,5.094147019088268
test_00680,35.48038310185075
test_00681,104.23012308776379
test_00682,17.092601105570793
test_00683,24.37407787144184
test_00684,15.687172777950764
test_00685,65.33731330931187
test_00686,72.61107214540243
test_00687,7.63358362019062
test_00688,152.8844129741192
test_00689,192.34585367143154
test_00690,368.8022861778736
test_00691,53.749799985438585
test_00692,30.53282241523266
test_00693,46.001548174768686
test_00694,7.7225478030741215
test_00695,9.903360657393932
test_00696,12.263063833117485
test_00697,14.703378148376942
test_00698,93.29172925651073
test_00699,13.938560277223587
test_00700,98.27419890463352
test_00701,225.3463991880417
test_00702,302.13699263334274
test_00703,63.10029847547412
test_00704,50.4108408279717
test_00705,41.94501839578152
test_00706,150.4146160185337
test_00707,81.3116377517581
test_00708,6.410503454506397
test_00709,8.485159490257502
test_00710,11.41311103105545
test_00711,8.280560068786144
test_00712,21.83274707198143
test_00713,7.975289575755596
test_00714,5.845594078302383
test_00715,60.689284808933735
test_00716,96.75325419008732
test_00717,9.027386769652367
test_00718,11.245062209665775
test_00719,36.51522823423147
test_00720,50.817959766834974
test_00721,75.16659086197615
test_00722,23.147721856832504
test_00723,17.511267226189375
test_00724,18.928610432893038
test_00725,62.73883343115449
test_00726,34.6936853826046
test_00727,103.61870557069778
test_00728,15.341611571609974
test_00729,36.91856249049306
test_00730,79.76503593474627
test_00731,7.081525079905987
test_00732,9.05714425444603
test_00733,20.1903508156538
test_00734,108.27379831671715
test_00735,63.2087023332715
test_00736,47.493363089859486
test_00737,9.259169794619083
test_00738,48.10114820301533
test_00739,117.49917571991682
test_00740,81.90475954115391
test_00741,65.2294777110219
test_00742,50.840805284678936
test_00743,44.18011674657464
test_00744,143.17852573096752
test_00745,214.871318846941
test_00746,25.646711751818657
test_00747,31.872514631599188
test_00748,116.4146691635251
test_00749,11.292012330144644
test_00750,15.736837916076183
test_00751,56.8652140237391
test_00752,18.76749586313963
test_00753,38.45875374600291
test_00754,160.90969315171242
test_00755,16.787783734500408
test_00756,29.14848282933235
test_00757,44.27433640137315
test_00758,11.379617147147655
test_00759,16.834782138466835
test_00760,47.473035741597414
test_00761,67.89515706151724
test_00762,84.94116693735123
test_00763,60.81780802458525
test_00764,36.36225128918886
test_00765,62.00337563455105
test_00766,19.664818480610847
test_00767,14.414271481335163
test_00768,13.772632215172052
test_00769,18.633282624185085
test_00770,84.74944435060024
test_00771,12.371259700506926
test_00772,77.63153718411922
test_00773,34.75351233780384
test_00774,24.48285685479641
test_00775,45.94052527472377
test_00776,105.44440080225468
test_00777,68.05452228337526
test_00778,82.88255216181278
test_00779,85.39064163714647
test_00780,47.906814593821764
test_00781,107.50882445275784
test_00782,50.53968717157841
test_00783,5.756867598742247
test_00784,13.817740134894848
test_00785,31.274456784129143
test_00786,28.7607552818954
test_00787,10.93677956983447
test_00788,19.20235923677683
test_00789,15.370057974010706
test_00790,17.97235967591405
test_00791,39.92845853790641
test_00792,150.1170708835125
test_00793,55.07741390168667
test_00794,47.97623882070184
test_00795,14.475004680454731
test_00796,5.76000602543354
test_00797,17.885794810950756
test_00798,39.385146737098694
test_00799,85.94966042786837
test_00800,74.21680266410112
test_00801,113.09026190638542
test_00802,5.862088460475206
test_00803,9.622306190431118
test_00804,26.58329998701811
test_00805,77.4593582674861
test_00806,54.83464081212878
test_00807,80.99029257148504
test_00808,58.97525814175606
test_00809,94.88125880807638
test_00810,66.78105644136667
test_00811,101.1704653352499
test_00812,64.26215889304876
test_00813,40.2431665956974
test_00814,8.475788779556751
test_00815,43.87953718006611
test_00816,16.99770548194647
test_00817,19.79502047598362
test_00818,62.541740234941244
test_00819,99.16528923809528
test_00820,40.36695060133934
test_00821,3.6693161576986313
test_00822,14.934500060975552
test_00823,96.28081883490086
test_00824,154.7221419364214
test_00825,71.25568036735058
test_00826,9.944457333534956
test_00827,27.459726996719837
test_00828,11.964133333414793
test_00829,66.09380413591862
test_00830,137.25197276473045
test_00831,35.06152384728193
test_00832,34.26154074072838
test_00833,55.2067616507411
test_00834,28.98391041904688
test_00835,42.39470851421356
test_00836,61.406064324080944
test_00837,93.01528771966696
test_00838,16.53031389415264
test_00839,33.73441133648157
test_00840,44.25806858018041
test_00841,110.08072241395712
test_00842,111.51029991358519
test_00843,7.583305653184652
test_00844,21.38953436911106
test_00845,8.478596650063992
test_00846,8.340450163930655
test_00847,24.678746677935123
test_00848,50.71373800188303
test_00849,40.04412720352411
test_00850,13.247794419527054
test_00851,30.144381757825613
test_00852,44.75759468600154
test_00853,35.52674639225006
test_00854,62.19946230575442
test_00855,48.5213222540915
test_00856,4.412510454654694
test_00857,10.918858967721462
test_00858,7.126443579792976
test_00859,8.675927549600601
test_00860,16.211301177740097
test_00861,14.39246591553092
test_00862,7.149500802159309
test_00863,10.40831308439374
test_00864,10.85564474016428
test_00865,122.2647113725543
test_00866,26.11717862635851
test_00867,9.474569860845804
test_00868,48.88700281828642
test_00869,7.530609797686338
test_00870,10.723310843110085
test_00871,12.021100420504808
test_00872,16.204233217984438
test_00873,20.0658982694149
test_00874,116.03035488724709
test_00875,23.55562075972557
test_00876,34.81140795350075
test_00877,24.942586224526167
test_00878,22.76933530718088
test_00879,9.132165651768446
test_00880,10.59524817764759
test_00881,78.7633021324873
test_00882,22.41613045334816
test_00883,113.23348558694124
test_00884,19.429945312440395
test_00885,9.886658284813166
test_00886,6.599841579794884
test_00887,22.663973309099674
test_00888,99.35909915715456
test_00889,170.77109779417515
test_00890,139.87933731079102
test_00891,109.30927856266499
test_00892,38.72083280235529
test_00893,71.17020373791456
test_00894,66.76132706552744
test_00895,31.97098694741726
test_00896,139.33848796784878
test_00897,144.97224986553192
test_00898,11.88877023756504
test_00899,76.46581037342548
test_00900,150.78186765313148
test_00901,96.57423387467861
test_00902,32.25265424326062
test_00903,5.200823813676834
test_00904,18.957168258726597
test_00905,39.87174029648304
test_00906,24.912921592593193
test_00907,32.96406686306
test_00908,5.849512469023466
test_00909,30.338927071541548
test_00910,4.932768747210503
test_00911,11.386711105704308
test_00912,61.016331154853106
test_00913,23.31053377687931
test_00914,181.60479816794395
test_00915,268.03482592105865
test_00916,179.0714898556471
test_00917,50.93158566951752
test_00918,7.9097391702234745
test_00919,56.453173883259296
test_00920,211.4312020689249
test_00921,18.369892485439777
test_00922,27.432881377637386
test_00923,45.612643253058195
test_00924,28.658613421022892
test_00925,28.236567456275225
test_00926,76.3583758994937
test_00927,120.18401247262955
test_00928,182.81311844289303
test_00929,14.889076441526413
test_00930,54.832208067178726
test_00931,7.478537913411856
test_00932,10.948668450117111
test_00933,8.18187976256013
test_00934,69.94980516284704
test_00935,120.00308310240507
test_00936,216.44729188084602
test_00937,6.977663584053516
test_00938,70.78671399503946
test_00939,107.17779286205769
test_00940,9.050425421446562
test_00941,16.339140996336937
test_00942,77.6205656901002
test_00943,168.66651713848114
test_00944,132.9617100507021
test_00945,25.060327365994453
test_00946,57.87610311806202
test_00947,144.38271591067314
test_00948,15.645047292113304
test_00949,30.600215021520853
test_00950,66.85050295293331
test_00951,197.37625025212765
test_00952,84.11865401268005
test_00953,11.584599122405052
test_00954,8.674363907426596
test_00955,88.5861691236496
test_00956,132.8393076956272
test_00957,225.38266380131245
test_00958,210.30520142614841
test_00959,352.0605439841747
test_00960,388.1063216328621
test_00961,8.196045394986868
test_00962,42.22122222930193
test_00963,199.48641693592072
test_00964,199.4411047399044
test_00965,11.640979379415512
test_00966,77.62185077369213
test_00967,11.57320050522685
test_00968,62.28026286512613
test_00969,128.40224832296371
test_00970,196.25112614035606
test_00971,14.78770711645484
test_00972,134.69734543561935
test_00973,71.71509403735399
test_00974,208.42632007598877
test_00975,171.03909343481064
test_00976,202.31030270457268
test_00977,23.897285860031843
test_00978,12.29651314765215
test_00979,7.764821853488684
test_00980,14.169942177832127
test_00981,20.729907646775246
test_00982,13.902830496430397
test_00983,26.600800894200802
test_00984,109.05857583880424
test_00985,127.50931578874588
test_00986,122.91344831138849
test_00987,45.97724300995469
test_00988,6.551238678395748
test_00989,56.78476630523801
test_00990,11.938179101794958
test_00991,39.2032851241529
test_00992,45.124805465340614
test_00993,132.88346108794212
test_00994,202.62476934492588
test_00995,12.809543773531914
test_00996,271.6517494022846
test_00997,10.8766926266253
test_00998,8.99461342394352
test_00999,62.83677462860942
test_01000,7.626437664031982
test_01001,75.35877399891615
test_01002,106.37512816488743
test_01003,242.28720305860043
test_01004,13.303439281880856
test_01005,13.971563898026943
test_01006,83.13704328238964
test_01007,9.166238937526941
test_01008,8.502645540982485
test_01009,8.148731291294098
test_01010,47.66187246143818
test_01011,90.41843090951443
test_01012,44.00444284826517
test_01013,213.53848659992218
test_01014,265.57340800762177
test_01015,7.420601442456245
test_01016,53.73636603355408
test_01017,124.47293810546398
test_01018,7.145957536995411
test_01019,30.88923254981637
test_01020,87.0937488079071
test_01021,11.813574276864529
test_01022,20.35585918277502
test_01023,15.068542450666428
test_01024,29.136560522019863
test_01025,87.78545805066824
test_01026,7.760580334812403
test_01027,195.69638600945473
test_01028,120.20993699133396
test_01029,367.60482597351074
test_01030,37.50825986638665
test_01031,51.31302150711417
test_01032,103.9464984536171
test_01033,7.52134308218956
test_01034,6.570306941866875
test_01035,10.060185424983501
test_01036,19.857179895043373
test_01037,111.13698684424162
test_01038,10.480964876711369
test_01039,123.78171169757843
test_01040,283.6044530272484
test_01041,292.82104283571243
test_01042,54.84977211430669
test_01043,48.882248751819134
test_01044,59.6823549605906
test_01045,128.76831144094467
test_01046,57.339294731616974
test_01047,11.93362931162119
test_01048,43.294174175709486
test_01049,12.694777637720108
test_01050,55.55099691823125
test_01051,11.378216926008463
test_01052,10.260450474917889
test_01053,119.90228946506977
test_01054,62.961368311196566
test_01055,7.0647595673799515
test_01056,9.988324739038944
test_01057,74.52962023764849
test_01058,100.15220372378826
test_01059,111.52148682624102
test_01060,31.40112294256687
test_01061,22.99131678417325
test_01062,62.21350537240505
test_01063,70.74131266027689
test_01064,43.68158973753452
test_01065,94.38558052480221
test_01066,62.338333044201136
test_01067,37.5415049046278
test_01068,107.30744516849518
test_01069,9.363391559571028
test_01070,18.981662843376398
test_01071,33.62609290331602
test_01072,75.72014990448952
test_01073,88.79684855043888
test_01074,61.264530565589666
test_01075,27.02950255200267
test_01076,71.3247480392456
test_01077,74.70619666576385
test_01078,94.13692799210548
test_01079,100.31165808439255
test_01080,64.76801384985447
test_01081,202.7492516040802
test_01082,32.353444166481495
test_01083,18.347292099148035
test_01084,64.16448511183262
test_01085,59.306676000356674
test_01086,33.8403155952692
test_01087,79.03407593071461
test_01088,26.92412941157818
test_01089,61.39524510875344
test_01090,174.2743842303753
test_01091,30.34358085691929
test_01092,39.477910459041595
test_01093,65.2772263661027
test_01094,49.41410622373223
test_01095,47.799012422561646
test_01096,51.13344407454133
test_01097,82.39739225059748
test_01098,132.84138759970665
test_01099,90.5051406249404
test_01100,72.45504962652922
test_01101,87.51561278104782
test_01102,61.80134638026357
test_01103,6.136256959289312
test_01104,22.74952793493867
test_01105,82.92918658256531
test_01106,47.389553591609
test_01107,16.958551287651062
test_01108,98.61644712090492
test_01109,37.51569923758507
test_01110,41.562754310667515
test_01111,45.44660748168826
test_01112,83.6133858859539
test_01113,139.05174347758293
test_01114,90.06374040991068
test_01115,172.90652045607567
test_01116,55.81921911984682
test_01117,12.97641522064805
test_01118,59.55737501010299
test_01119,68.02984570711851
test_01120,61.27605917677283
test_01121,16.421497769653797
test_01122,31.781321980059147
test_01123,32.37051052227616
test_01124,36.670901626348495
test_01125,109.80237925052643
test_01126,91.86643784493208
test_01127,167.65871447324753
test_01128,58.255522191524506
test_01129,135.64677707850933
test_01130,7.171971194446087
test_01131,18.415576092898846
test_01132,29.031562507152557
test_01133,80.88288038223982
test_01134,98.02186197042465
test_01135,122.4843789562583
test_01136,79.16652125120163
test_01137,38.091074988245964
test_01138,44.68109878525138
test_01139,136.38919883966446
test_01140,46.39035652950406
test_01141,93.89829614013433
test_01142,86.81854778528214
test_01143,100.8937786668539
test_01144,98.48813189566135
test_01145,161.34999398887157
test_01146,143.16366927325726
test_01147,22.065570048987865
test_01148,31.429138507694006
test_01149,31.688617683947086
test_01150,36.33552452176809
test_01151,98.10584552586079
test_01152,106.06860972940922
test_01153,106.727315351367
test_01154,11.255231454968452
test_01155,27.138418957591057
test_01156,70.3672419115901
test_01157,28.88322077691555
test_01158,55.04064788296819
test_01159,116.87950544059277
test_01160,45.38569229096174
test_01161,69.82129680365324
test_01162,176.76004788279533
test_01163,89.1284818276763
test_01164,106.75748138874769
test_01165,75.23094160854816
test_01166,137.41432413458824
test_01167,24.819782745093107
test_01168,49.54999081417918
test_01169,45.4585632160306
test_01170,72.37468361854553
test_01171,85.13993891328573
test_01172,58.93323665112257
test_01173,35.57147175818682
test_01174,17.540887288749218
test_01175,10.738471858203411
test_01176,31.367907617241144
test_01177,94.12486454844475
test_01178,70.33426800370216
test_01179,32.04725628718734
test_01180,80.7825027257204
test_01181,72.41540516912937
test_01182,40.61762732639909
test_01183,86.10505897551775
test_01184,131.71999245882034
test_01185,10.376171138137579
test_01186,32.9446791857481
test_01187,16.00599978864193
test_01188,21.236549995839596
test_01189,32.760225120931864
test_01190,22.807516403496265
test_01191,4.934228394180536
test_01192,11.782565135508776
test_01193,13.875516898930073
test_01194,128.6991991996765
test_01195,34.297916777431965
test_01196,11.296651259064674
test_01197,50.70288164541125
test_01198,13.056142400950193
test_01199,11.106949150562286
test_01200,15.63618541508913
test_01201,29.96660567075014
test_01202,26.32404737174511
test_01203,67.53601705282927
test_01204,79.8227607011795
test_01205,162.25301405787468
test_01206,28.975505378097296
test_01207,29.15406885743141
test_01208,15.476441353559494
test_01209,31.09030356258154
test_01210,49.4575130790472
test_01211,90.7175211161375
test_01212,108.97178441286087
test_01213,35.37108785659075
test_01214,185.2963604927063
test_01215,46.68254591152072
test_01216,10.566430363804102
test_01217,8.619383871555328
test_01218,47.14741561561823
test_01219,94.81164144724607
test_01220,229.17675054073334
test_01221,196.33087560534477
test_01222,110.51782168447971
test_01223,61.81989095360041
test_01224,49.054591089487076
test_01225,49.996327087283134
test_01226,26.232115611433983
test_01227,58.10444687306881
test_01228,182.86498233675957
test_01229,47.91625215858221
test_01230,130.80363129079342
test_01231,311.15135633945465
test_01232,136.7364239692688
test_01233,111.18599086999893
test_01234,57.55011900886893
test_01235,210.1585830450058
test_01236,36.113940455019474
test_01237,48.23261299729347
test_01238,12.137296490371227
test_01239,18.15054802969098
test_01240,54.881186094135046
test_01241,130.51950153708458
test_01242,7.3480870723724365
test_01243,7.036718003451824
test_01244,28.38553687185049
test_01245,10.1872787065804
test_01246,10.54581331461668
test_01247,76.49003382772207
test_01248,164.79171526432037
test_01249,284.15954971313477
test_01250,270.6046959757805
test_01251,104.03948502242565
test_01252,126.22644580900669
test_01253,11.327682685106993
test_01254,101.93907903134823
test_01255,198.42992965877056
test_01256,104.41389746963978
test_01257,54.57867518812418
test_01258,56.030002541840076
test_01259,11.625874076038599
test_01260,16.08159687370062
test_01261,85.03112278878689
test_01262,67.52510498464108
test_01263,196.86922906339169
test_01264,24.102486968040466
test_01265,81.04364211112261
test_01266,8.454692609608173
test_01267,8.977825626730919
test_01268,28.239965870976448
test_01269,102.23400942981243
test_01270,223.90591704845428
test_01271,300.21581494808197
test_01272,16.480411052703857
test_01273,144.53584142029285
test_01274,167.75048281252384
test_01275,7.803742058575153
test_01276,127.94746243953705
test_01277,203.98593285679817
test_01278,558.3599601984024
test_01279,70.60562863200903
test_01280,37.184979632496834
test_01281,114.3277528360486
test_01282,219.2274996638298
test_01283,10.336062416434288
test_01284,16.7582490965724
test_01285,205.57850055396557
test_01286,235.04883973300457
test_01287,12.350690934807062
test_01288,13.34500765055418
test_01289,8.095103193074465
test_01290,107.81432522088289
test_01291,294.9197551906109
test_01292,227.77433064579964
test_01293,247.8775840997696
test_01294,438.8104906976223
test_01295,479.69605657458305
test_01296,15.485526077449322
test_01297,105.41490330547094
test_01298,149.61816132068634
test_01299,187.76455295085907
test_01300,9.728425867855549
test_01301,165.26856298744678
test_01302,14.153934344649315
test_01303,406.9573242664337
test_01304,373.8828975856304
test_01305,381.86140963435173
test_01306,94.10861158370972
test_01307,343.2774061858654
test_01308,314.2021596431732
test_01309,279.02607902884483
test_01310,160.2109939455986
test_01311,147.14788895845413
test_01312,19.77774241566658
test_01313,15.501125358045101
test_01314,5.804051708430052
test_01315,56.28845662251115
test_01316,91.88150972127914
test_01317,9.763735953718424
test_01318,35.27299066632986
test_01319,95.28335626423359
test_01320,136.00827926397324
test_01321,184.58224028348923
test_01322,69.46015860140324
test_01323,7.834613777697086
test_01324,76.63493628799915
test_01325,14.779695771634579
test_01326,34.460372142493725
test_01327,106.77433604001999
test_01328,150.6483080983162
test_01329,310.59406089782715
test_01330,10.807457819581032
test_01331,499.3652934730053
test_01332,15.57284490764141
test_01333,12.392931558191776
test_01334,75.8280820697546
test_01335,7.037449683994055
test_01336,90.26321063935757
test_01337,318.73144790530205
test_01338,9.475208688527346
test_01339,10.246968239545822
test_01340,59.91648159176111
test_01341,11.769376315176487
test_01342,14.577231965959072
test_01343,16.387862749397755
test_01344,139.6615119278431
test_01345,158.85673868656158
test_01346,193.6725204885006
test_01347,268.5799984931946
test_01348,268.7404779493809
test_01349,7.578046467155218
test_01350,93.02698718011379
test_01351,160.0018744468689
test_01352,7.224407061934471
test_01353,44.55844758450985
test_01354,98.43473778665066
test_01355,14.292946219444275
test_01356,23.539494074881077
test_01357,12.24005489423871
test_01358,23.114903941750526
test_01359,110.58421519398689
test_01360,7.0345563888549805
test_01361,168.78899377584457
test_01362,147.43571797013283
test_01363,370.04829728603363
test_01364,44.783240646123886
test_01365,60.038274832069874
test_01366,80.23212296515703
test_01367,7.525781448930502
test_01368,6.382439605891705
test_01369,9.440789990127087
test_01370,15.309941317886114
test_01371,103.33678200095892
test_01372,10.818124756217003
test_01373,106.84755609184504
test_01374,268.5600908398628
test_01375,306.7137621343136
test_01376,63.293774124234915
test_01377,49.83688758313656
test_01378,51.63843364268541
test_01379,125.17398463189602
test_01380,62.639633148908615
test_01381,10.566868629306555
test_01382,32.809429708868265
test_01383,37.91936033591628
test_01384,14.470339752733707
test_01385,46.50142340734601
test_01386,11.31955248862505
test_01387,10.885851632803679
test_01388,120.30663767457008
test_01389,65.69019132107496
test_01390,9.789972458034754
test_01391,11.410641144961119
test_01392,60.98498774319887
test_01393,103.12235874682665
test_01394,115.70534759014845
test_01395,36.85058676823974
test_01396,19.27225887030363
test_01397,59.399410009384155
test_01398,63.31959464773536
test_01399,82.37398590147495
test_01400,90.4275750592351
test_01401,38.711606942117214
test_01402,92.5751354470849
test_01403,13.492483992129564
test_01404,19.630344070494175
test_01405,36.61344427615404
test_01406,73.52760416269302
test_01407,82.19185315817595
test_01408,53.27121405676007
test_01409,21.536739580333233
test_01410,57.43748106062412
test_01411,62.88065689057112
test_01412,65.50369820743799
test_01413,87.80666564404964
test_01414,128.28506058454514
test_01415,57.0126792229712
test_01416,197.2620189487934
test_01417,193.08346194028854
test_01418,28.1931531727314
test_01419,28.190835565328598
test_01420,61.88562335073948
test_01421,19.019713945686817
test_01422,23.46607717499137
test_01423,65.5757668837905
test_01424,28.569288969039917
test_01425,44.17371732741594
test_01426,181.0025470852852
test_01427,23.53078819066286
test_01428,29.210460256785154
test_01429,64.50856067240238
test_01430,40.49016634747386
test_01431,39.87171058356762
test_01432,49.605862237513065
test_01433,79.46383611112833
test_01434,92.47530005127192
test_01435,93.7399931550026
test_01436,70.33437199890614
test_01437,88.93423364311457
test_01438,61.30720202624798
test_01439,13.295583929866552
test_01440,17.307024359703064
test_01441,58.71750231459737
test_01442,39.01045944541693
test_01443,13.182916268706322
test_01444,96.15774793922901
test_01445,43.12419030070305
test_01446,44.87402845919132
test_01447,48.124413415789604
test_01448,82.68401788920164
test_01449,76.93152318149805
test_01450,95.28170719742775
test_01451,124.38443075865507
test_01452,96.6697311848402
test_01453,190.91657330095768
test_01454,50.29520187526941
test_01455,11.225637391209602
test_01456,64.60848520696163
test_01457,38.93989869952202
test_01458,68.64432365447283
test_01459,18.67072832584381
test_01460,31.935457728803158
test_01461,35.023989006876945
test_01462,36.907015308737755
test_01463,115.83618098497391
test_01464,102.15027843415737
test_01465,166.4915465861559
test_01466,68.10989230126143
test_01467,86.13026295602322
test_01468,9.058080211281776
test_01469,16.67794994264841
test_01470,28.337342523038387
test_01471,80.52466890215874
test_01472,100.01648998260498
test_01473,125.97776356339455
test_01474,85.28302888572216
test_01475,30.9627200178802
test_01476,32.94360952079296
test_01477,115.30613971501589
test_01478,50.27548364177346
test_01479,90.33949854969978
test_01480,104.10073819756508
test_01481,69.49085204303265
test_01482,67.8950976356864
test_01483,132.4340978115797
test_01484,112.8212783113122
test_01485,91.39525043219328
test_01486,18.831668332219124
test_01487,51.52240842208266
test_01488,47.50634763389826
test_01489,34.94301017001271
test_01490,107.08307551592588
test_01491,136.1171919554472
test_01492,85.30194858461618
test_01493,13.625772416591644
test_01494,48.83351957052946
test_01495,125.57935793697834
test_01496,34.963671788573265
test_01497,45.40738643333316
test_01498,18.609475150704384
test_01499,121.08319214731455
test_01500,136.43764574825764
test_01501,57.92678592354059
test_01502,74.05631577968597
test_01503,145.84286800026894
test_01504,71.36831460148096
test_01505,93.52995255589485
test_01506,75.51306574046612
test_01507,114.36351975798607
test_01508,25.36430163308978
test_01509,46.02692671865225
test_01510,52.71678962558508
test_01511,73.43800486624241
test_01512,89.90077249705791
test_01513,78.2507394850254
test_01514,30.43489607423544
test_01515,16.651223175227642
test_01516,9.065330162644386
test_01517,25.467015467584133
test_01518,89.78409730643034
test_01519,65.44448036700487
test_01520,27.348206996917725
test_01521,69.71229497343302
test_01522,70.64858607947826
test_01523,35.705848418176174
test_01524,107.17696832865477
test_01525,134.82442757487297
test_01526,9.055461760610342
test_01527,32.46032152324915
test_01528,10.201663471758366
test_01529,22.59012185782194
test_01530,26.766379829496145
test_01531,24.1819838732481
test_01532,10.757532693445683
test_01533,22.271157424896955
test_01534,21.416929677128792
test_01535,135.57042974233627
test_01536,30.17654227465391
test_01537,19.41172758117318
test_01538,57.81422968581319
test_01539,19.90046789869666
test_01540,11.020194865763187
test_01541,11.013661738485098
test_01542,35.074467536062
test_01543,40.59344844147563
test_01544,79.54530149698257
test_01545,55.50003555417061
test_01546,152.26243251562119
test_01547,36.45738461613655
test_01548,25.29620334506035
test_01549,13.844348050653934
test_01550,24.24224166572094
test_01551,49.14976527169347
test_01552,100.99689733982086
test_01553,74.28801709413528
test_01554,34.818828754127026
test_01555,176.9626008272171
test_01556,31.865922078490257
test_01557,12.019440211355686
test_01558,13.096184268593788
test_01559,41.11651831865311
test_01560,97.97017635405064
test_01561,199.1939081400633
test_01562,176.69366922974586
test_01563,99.71769690513611
test_01564,38.04195211082697
test_01565,60.95682732760906
test_01566,47.63257924094796
test_01567,50.953354094177485
test_01568,19.929007153958082
test_01569,51.29146107286215
test_01570,172.0060111284256
test_01571,54.95149799436331
test_01572,123.14403539150953
test_01573,255.87044748663902
test_01574,272.3671472668648
test_01575,125.48684677481651
test_01576,121.5867889225483
test_01577,85.47313211858273
test_01578,236.84021654725075
test_01579,51.67278177291155
test_01580,39.001671850681305
test_01581,10.79422814399004
test_01582,20.444997929036617
test_01583,82.1713141053915
test_01584,112.074347615242
test_01585,12.597972959280014
test_01586,50.642211586236954
test_01587,8.160089053213596
test_01588,27.820111233741045
test_01589,11.214699324220419
test_01590,9.886988840997219
test_01591,72.42273683100939
test_01592,148.6385264992714
test_01593,271.5925018489361
test_01594,241.3812414109707
test_01595,95.6409660577774
test_01596,130.6444146335125
test_01597,12.262402720749378
test_01598,99.71020925045013
test_01599,212.7305775731802
test_01600,135.8535195440054
test_01601,74.79702904820442
test_01602,64.92279585450888
test_01603,23.77871275693178
test_01604,15.032574966549873
test_01605,78.64653780311346
test_01606,63.30434077978134
test_01607,198.3835477977991
test_01608,41.02150012925267
test_01609,73.85218805074692
test_01610,9.234578642994165
test_01611,9.105308890342712
test_01612,20.83084984868765
test_01613,101.42778661102057
test_01614,221.8075909614563
test_01615,307.10460582375526
test_01616,19.337898414582014
test_01617,102.5913963764906
test_01618,153.97304962575436
test_01619,8.29717330262065
test_01620,136.45736026763916
test_01621,176.3391644358635
test_01622,462.7197903394699
test_01623,86.05835770070553
test_01624,32.449127182364464
test_01625,120.76986945420504
test_01626,193.5290962457657
test_01627,11.028351061046124
test_01628,22.321327682584524
test_01629,143.20217721164227
test_01630,224.4709081351757
test_01631,14.214192137122154
test_01632,17.394595749676228
test_01633,13.06290951743722
test_01634,93.38987844437361
test_01635,264.8930416703224
test_01636,239.99841718375683
test_01637,210.9671160429716
test_01638,361.61107724905014
test_01639,489.60094606876373
test_01640,17.007117047905922
test_01641,93.1049984395504
test_01642,175.65515826642513
test_01643,185.32114106416702
test_01644,14.780795149505138
test_01645,164.41369269788265
test_01646,12.541499849408865
test_01647,345.79346615076065
test_01648,254.80553659796715
test_01649,413.71359553933144
test_01650,143.3094705492258
test_01651,270.3054869174957
test_01652,258.0762451887131
test_01653,172.64902833104134
test_01654,141.43244625627995
test_01655,29.66668350249529
test_01656,12.876947522163391
test_01657,7.525710880756378
test_01658,75.80371747910976
test_01659,95.55271869897842
test_01660,12.870730094611645
test_01661,32.34647648781538
test_01662,89.70361244678497
test_01663,112.21205212175846
test_01664,176.20925956964493
test_01665,57.117406107485294
test_01666,8.517141729593277
test_01667,64.77071772515774
test_01668,11.089017406105995
test_01669,22.753498323261738
test_01670,74.09825555980206
test_01671,178.24498054385185
test_01672,275.0510554909706
test_01673,7.1711689457297325
test_01674,522.7670370936394
test_01675,16.545816607773304
test_01676,11.511750482022762
test_01677,68.47947639971972
test_01678,7.020279332995415
test_01679,58.28493797779083
test_01680,81.79112249612808
test_01681,10.932909462600946
test_01682,8.445674739778042
test_01683,55.832218520343304
test_01684,10.602806400507689
test_01685,11.429813403636217
test_01686,13.74137794226408
test_01687,122.21457825601101
test_01688,140.9684196561575
test_01689,148.86637999117374
test_01690,243.47867611050606
test_01691,295.3165711760521
test_01692,7.392920147627592
test_01693,84.2101697921753
test_01694,145.36187532544136
test_01695,6.989704743027687
test_01696,41.432504031807184
test_01697,88.00358799099922
test_01698,21.587756656110287
test_01699,36.79219717532396
test_01700,11.595124922692776
test_01701,24.141990289092064
test_01702,73.1236719340086
test_01703,9.63465190678835
test_01704,161.15289336442947
test_01705,187.18474997580051
test_01706,350.57477936148643
test_01707,60.71877859160304
test_01708,57.81424082815647
test_01709,48.515576519072056
test_01710,10.101185534149408
test_01711,7.652499604970217
test_01712,9.993130803108215
test_01713,16.617974422872066
test_01714,92.9671527966857
test_01715,10.60458917543292
test_01716,117.61542750149965
test_01717,258.5211366713047
test_01718,346.2729434669018
test_01719,73.61142429709435
test_01720,53.73017831891775
test_01721,56.7149335257709
test_01722,123.88392412662506
test_01723,60.74752955138683
test_01724,8.041255962103605
test_01725,33.650583773851395
test_01726,55.08155885338783
test_01727,13.888787429779768
test_01728,65.97545016556978
test_01729,9.804758347570896
test_01730,11.89350201934576
test_01731,89.27149751782417
test_01732,65.97373424470425
test_01733,7.988218408077955
test_01734,16.32876004651189
test_01735,71.74357386678457
test_01736,121.16774767637253
test_01737,78.85159406065941
test_01738,26.421097181737423
test_01739,20.56676145642996
test_01740,56.35175256058574
test_01741,58.95081926882267
test_01742,43.838425647467375
test_01743,126.47480121254921
test_01744,116.90679675340652
test_01745,79.96195085346699
test_01746,93.54964479058981
test_01747,18.534316331148148
test_01748,34.95261858403683
test_01749,41.582899667322636
test_01750,75.49840241670609
test_01751,81.34880118072033
test_01752,26.235636591911316
test_01753,14.276604115962982
test_01754,55.42785545438528
test_01755,56.53884736075997
test_01756,71.15678092837334
test_01757,76.0000678524375
test_01758,68.0833735242486
test_01759,45.52516100183129
test_01760,219.47346317768097
test_01761,204.7286368906498
test_01762,20.25646948069334
test_01763,13.949598625302315
test_01764,24.190920032560825
test_01765,50.49458296597004
test_01766,13.707988053560257
test_01767,22.965499974787235
test_01768,61.98311514034867
test_01769,29.415691077709198
test_01770,57.24214092642069
test_01771,192.96484798192978
test_01772,30.70208203792572
test_01773,39.122246861457825
test_01774,64.32034420967102
test_01775,54.30508237704635
test_01776,45.71790125593543
test_01777,53.719671089202166
test_01778,83.96000932902098
test_01779,94.8777303993702
test_01780,84.91535384207964
test_01781,44.32676484063268
test_01782,80.18068248033524
test_01783,29.36109359562397
test_01784,7.3213714472949505
test_01785,16.167823754251003
test_01786,58.97063035517931
test_01787,22.07787862420082
test_01788,93.59800998866558
test_01789,38.70248136296868
test_01790,45.3669582977891
test_01791,63.03097081556916
test_01792,58.268525306135416
test_01793,72.0096604526043
test_01794,109.42336130142212
test_01795,88.92621858417988
test_01796,240.12756437063217
test_01797,48.749966852366924
test_01798,12.845514971762896
test_01799,42.77962447702885
test_01800,27.353945303708315
test_01801,59.379569210112095
test_01802,8.419438235461712
test_01803,32.93026099354029
test_01804,31.131626799702644
test_01805,38.309955179691315
test_01806,80.50166367739439
test_01807,108.79870668053627
test_01808,113.32979257404804
test_01809,81.53446233272552
test_01810,19.999727606773376
test_01811,10.599211137741804
test_01812,13.782430049031973
test_01813,39.18663103505969
test_01814,91.32035160064697
test_01815,94.44213163107634
test_01816,111.44813306629658
test_01817,53.868391659110785
test_01818,29.556277737021446
test_01819,38.94867143779993
test_01820,104.74695696681738
test_01821,54.705207638442516
test_01822,100.28142519295216
test_01823,88.41262341290712
test_01824,63.052928660064936
test_01825,106.03483357280493
test_01826,114.5256482809782
test_01827,86.90201136469841
test_01828,69.73943029344082
test_01829,18.46801196038723
test_01830,46.5991974696517
test_01831,27.44688730314374
test_01832,29.851096712052822
test_01833,76.36906512081623
test_01834,111.95457485318184
test_01835,50.94818404689431
test_01836,12.006373956799507
test_01837,26.00244963169098
test_01838,55.33412606269121
test_01839,142.59598916769028
test_01840,152.94279885292053
test_01841,36.16021832078695
test_01842,35.59350388497114
test_01843,19.84529472887516
test_01844,80.55502064526081
test_01845,119.80766125768423
test_01846,54.82838252931833
test_01847,81.00732550024986
test_01848,67.99699807912111
test_01849,24.943518467247486
test_01850,38.922353222966194
test_01851,78.00311947613955
test_01852,93.69863277673721
test_01853,22.025182768702507
test_01854,45.186600901186466
test_01855,45.39312794804573
test_01856,63.68429097160697
test_01857,111.21233136951923
test_01858,68.10345945507288
test_01859,40.20393069088459
test_01860,17.320105470716953
test_01861,9.124414294958115
test_01862,25.72932108491659
test_01863,75.88910496979952
test_01864,69.55709698796272
test_01865,21.504244793206453
test_01866,65.84871715307236
test_01867,77.32161661982536
test_01868,46.94874020665884
test_01869,93.38749398291111
test_01870,87.13266529887915
test_01871,7.449311546981335
test_01872,9.379076264798641
test_01873,11.523427657783031
test_01874,11.780403520911932
test_01875,26.106103137135506
test_01876,13.698446493595839
test_01877,5.357589155435562
test_01878,23.490274630486965
test_01879,15.33055093884468
test_01880,136.2847579419613
test_01881,15.970912549644709
test_01882,55.78330363333225
test_01883,9.58040726557374
test_01884,9.908575274050236
test_01885,11.777877923101187
test_01886,28.329918008297682
test_01887,38.14280145987868
test_01888,95.94449834525585
test_01889,51.5363177806139
test_01890,167.41720789670944
test_01891,67.16559356451035
test_01892,23.285054951906204
test_01893,15.381761148571968
test_01894,20.20926308631897
test_01895,89.26984845101833
test_01896,90.6301057189703
test_01897,95.94013054668903
test_01898,208.2765669822693
test_01899,31.85080563277006
test_01900,11.888926230370998
test_01901,12.773282874375582
test_01902,203.54930156469345
test_01903,191.8285963833332
test_01904,85.94882846623659
test_01905,32.23262031003833
test_01906,60.299614779651165
test_01907,59.28204399347305
test_01908,45.11043555662036
test_01909,34.279769614338875
test_01910,83.731828995049
test_01911,157.19712379574776
test_01912,76.84606140851974
test_01913,121.69504050165415
test_01914,202.2265419960022
test_01915,267.0856765508652
test_01916,143.28430370986462
test_01917,100.79534720629454
test_01918,80.25943656265736
test_01919,197.57745125889778
test_01920,59.79350354894996
test_01921,54.41034409403801
test_01922,21.42317681759596
test_01923,17.368366673588753
test_01924,36.342525627464056
test_01925,92.40213942527771
test_01926,14.060921777039766
test_01927,35.66412405669689
test_01928,7.3878095261752605
test_01929,28.49077259004116
test_01930,9.035646960139275
test_01931,10.28520504757762
test_01932,76.3184417411685
test_01933,145.61847606301308
test_01934,313.08863842487335
test_01935,263.84738475084305
test_01936,83.84657284617424
test_01937,118.59152648597956
test_01938,10.891121961176395
test_01939,105.47319261729717
test_01940,217.6107605099678
test_01941,46.36502626910806
test_01942,73.67599046230316
test_01943,49.30495211482048
test_01944,13.422335512936115
test_01945,20.399407174438238
test_01946,76.62442534416914
test_01947,69.77137167751789
test_01948,169.70049688220024
test_01949,18.378093250095844
test_01950,64.0731884650886
test_01951,6.2788752391934395
test_01952,7.953669715672731
test_01953,10.493956848978996
test_01954,113.50304115563631
test_01955,190.5998187661171
test_01956,431.58095210790634
test_01957,18.486437682062387
test_01958,122.85855370014906
test_01959,153.73610398173332
test_01960,12.265916272997856
test_01961,67.43557254225016
test_01962,98.35345067828894
test_01963,347.5545209348202
test_01964,129.52310863137245
test_01965,38.83141313120723
test_01966,74.02702627331018
test_01967,192.99503630399704
test_01968,9.99323108419776
test_01969,24.605281494557858
test_01970,105.19496087729931
test_01971,236.73788526654243
test_01972,16.380233958363533
test_01973,5.412142068147659
test_01974,100.76056081056595
test_01975,173.54625438153744
test_01976,275.2050278186798
test_01977,220.0151890516281
test_01978,528.5308672785759
test_01979,446.62623539566994
test_01980,11.185186970978975
test_01981,104.46780412644148
test_01982,164.94913429021835
test_01983,168.94494201242924
test_01984,14.433499451726675
test_01985,189.24410757422447
test_01986,11.229663491249084
test_01987,69.08440164476633
test_01988,189.44077736139297
test_01989,412.03855964541435
test_01990,11.843276049941778
test_01991,190.66453349590302
test_01992,357.9105119109154
test_01993,285.3251576721668
test_01994,168.74785624444485
test_01995,243.44144582748413
test_01996,21.105750028043985
test_01997,18.919930547475815
test_01998,6.966201826930046
test_01999,71.98017781227827
test_02000,115.60613616555929
test_02001,7.754299767315388
test_02002,31.197396337985992
test_02003,100.4105055257678
test_02004,134.85813687741756
test_02005,177.4541712999344
test_02006,72.3804182112217
test_02007,6.342765435576439
test_02008,72.65922935307026
test_02009,17.67447655647993
test_02010,25.954396419227123
test_02011,44.78844040632248
test_02012,86.39074122905731
test_02013,227.63237719237804
test_02014,6.080790374428034
test_02015,477.81103950738907
test_02016,9.874877113848925
test_02017,13.140322804450989
test_02018,80.91499261558056
test_02019,8.878926187753677
test_02020,62.12740848585963
test_02021,97.39043280482292
test_02022,266.8005217015743
test_02023,7.893148221075535
test_02024,14.35739353299141
test_02025,82.41726276278496
test_02026,10.492753475904465
test_02027,9.712213758379221
test_02028,11.515498023480177
test_02029,166.52525588870049
test_02030,168.12387016415596
test_02031,114.39635252952576
test_02032,221.1291856765747
test_02033,299.66704711318016
test_02034,9.627933073788881
test_02035,74.37887918949127
test_02036,143.17824345827103
test_02037,10.43372505530715
test_02038,52.72363102436066
test_02039,103.70152289420366
test_02040,23.20097854360938
test_02041,31.151772156357765
test_02042,12.655645728111267
test_02043,28.09013106673956
test_02044,73.50264531373978
test_02045,5.661474283784628
test_02046,131.0157369375229
test_02047,142.1128125935793
test_02048,326.01185500621796
test_02049,40.65490589290857
test_02050,28.520905200392008
test_02051,97.90706612169743
test_02052,10.789823204278946
test_02053,11.859246741980314
test_02054,9.754565805196762
test_02055,19.421387992799282
test_02056,83.4041178226471
test_02057,7.955493345856667
test_02058,75.39148791879416
test_02059,202.0211960375309
test_02060,270.59637635946274
test_02061,32.16677648946643
test_02062,53.9637441188097
test_02063,36.42304391413927
test_02064,127.07715629041195
test_02065,56.11085509881377
test_02066,10.002713218331337
test_02067,19.69988714903593
test_02068,15.718259915709496
test_02069,8.035120245069265
test_02070,26.219784751534462
test_02071,11.27912063896656
test_02072,5.966399364173412
test_02073,54.88551303744316
test_02074,73.7439958974719
test_02075,7.63662176579237
test_02076,13.217468675225973
test_02077,90.18642503768206
test_02078,90.87346935272217
test_02079,16.890167012810707
test_02080,9.490514554083347
test_02081,49.23942770808935
test_02082,50.2088635712862
test_02083,34.16970554739237
test_02084,75.74883772432804
test_02085,56.10584104433656
test_02086,41.41947120428085
test_02087,74.48190872371197
test_02088,15.048170533031225
test_02089,17.17052322626114
test_02090,25.135601323097944
test_02091,49.88776723667979
test_02092,68.66253767162561
test_02093,36.60655830800533
test_02094,17.187221884727478
test_02095,32.81648652628064
test_02096,60.83695428445935
test_02097,64.52407824248075
test_02098,59.87336443737149
test_02099,66.78395345062017
test_02100,35.04000798240304
test_02101,129.6695041656494
test_02102,173.84506231546402
test_02103,41.38475909084082
test_02104,10.731935016810894
test_02105,60.35029387101531
test_02106,52.03914202004671
test_02107,26.735155269503593
test_02108,30.70017298310995
test_02109,49.8270711787045
test_02110,25.10919025540352
test_02111,82.53061753511429
test_02112,116.09585700929165
test_02113,15.178324244916439
test_02114,31.100732795894146
test_02115,65.32350423187017
test_02116,14.024345178157091
test_02117,21.22976802289486
test_02118,66.78646419197321
test_02119,94.33191899955273
test_02120,74.56927955150604
test_02121,49.329286992549896
test_02122,34.15105326473713
test_02123,54.33340249955654
test_02124,11.68179378286004
test_02125,8.817479878664017
test_02126,19.199491940438747
test_02127,68.65300725400448
test_02128,57.33491579070687
test_02129,18.41938677430153
test_02130,73.91294353455305
test_02131,30.58796587213874
test_02132,34.27783827483654
test_02133,51.70871211588383
test_02134,51.32249992713332
test_02135,91.50030787289143
test_02136,61.795990627259016
test_02137,60.585872720927
test_02138,66.00595790147781
test_02139,78.36228176951408
test_02140,37.9961199387908
test_02141,7.3895403034985065
test_02142,59.268669467419386
test_02143,18.849919490516186
test_02144,35.537272192537785
test_02145,11.629903890192509
test_02146,12.703557804226875
test_02147,17.615956969559193
test_02148,19.339878037571907
test_02149,57.81785837560892
test_02150,77.85095220804214
test_02151,112.40419068932533
test_02152,38.477554593235254
test_02153,30.670207507908344
test_02154,5.401527129113674
test_02155,16.928816087543964
test_02156,82.66084924340248
test_02157,70.6679663285613
test_02158,33.40456826239824
test_02159,115.39337683469057
test_02160,32.01658884435892
test_02161,13.410220071673393
test_02162,45.95685252174735
test_02163,63.024463687092066
test_02164,36.65285103023052
test_02165,88.38172940909863
test_02166,104.83758135885
test_02167,63.919661831110716
test_02168,44.799649603664875
test_02169,123.33774131536484
test_02170,102.83083790540695
test_02171,87.82259176671505
test_02172,9.61294662207365
test_02173,41.21869360655546
test_02174,33.8224767036736
test_02175,18.279698930680752
test_02176,44.19058683514595
test_02177,86.64396212249994
test_02178,71.21515937894583
test_02179,9.847195819020271
test_02180,13.212540045380592
test_02181,81.54249224811792
test_02182,106.46168188750744
test_02183,110.45824728906155
test_02184,32.01884702593088
test_02185,25.085494205355644
test_02186,22.554310366511345
test_02187,178.10653321444988
test_02188,45.115769024938345
test_02189,33.92033990472555
test_02190,46.80287207663059
test_02191,35.53072792291641
test_02192,60.608833376318216
test_02193,67.67952300608158
test_02194,104.12446396052837
test_02195,18.85571350902319
test_02196,19.883951231837273
test_02197,30.0323900654912
test_02198,128.22009329497814
test_02199,117.2666647285223
test_02200,11.989898145198822
test_02201,15.79136111587286
test_02202,11.846228770911694
test_02203,10.538470510393381
test_02204,25.004786498844624
test_02205,55.55856999754906
test_02206,52.25138137489557
test_02207,15.66573490947485
test_02208,42.87142252922058
test_02209,64.10832027345896
test_02210,42.408759009093046
test_02211,67.1379679813981
test_02212,94.05021084845066
test_02213,6.218595162034035
test_02214,13.939076539129019
test_02215,10.596837818622589
test_02216,12.082858715206385
test_02217,16.21247112378478
test_02218,18.463971003890038
test_02219,7.898760247975588
test_02220,11.138942532241344
test_02221,11.280015740543604
test_02222,107.47856927663088
test_02223,31.752537593245506
test_02224,11.929837200790644
test_02225,38.96640262007713
test_02226,12.363616053014994
test_02227,7.936261661350727
test_02228,10.04674033075571
test_02229,17.830443363636732
test_02230,29.689465880393982
test_02231,102.72623358666897
test_02232,93.20787940919399
test_02233,46.7763310149312
test_02234,26.602687664330006
test_02235,16.922739796340466
test_02236,12.13466689735651
test_02237,17.642902869731188
test_02238,78.83723529428244
test_02239,126.25736209750175
test_02240,17.401585713028908
test_02241,126.72085386514664
test_02242,22.42406751587987
test_02243,10.401089131832123
test_02244,9.34060175344348
test_02245,19.393743839114904
test_02246,198.92262922227383
test_02247,139.66778135299683
test_02248,46.25526675954461
test_02249,31.31116709113121
test_02250,79.55261087417603
test_02251,79.43386320769787
test_02252,37.928664192557335
test_02253,15.265141669660807
test_02254,63.50016003474593
test_02255,120.14839411526918
test_02256,75.94531437754631
test_02257,103.30442463606596
test_02258,148.72745725512505
test_02259,257.1295917034149
test_02260,92.82849004864693
test_02261,64.54805656522512
test_02262,55.61543680354953
test_02263,176.66151985526085
test_02264,114.27106059342623
test_02265,31.906249932944775
test_02266,6.615763988345861
test_02267,17.90428738668561
test_02268,22.99797247722745
test_02269,6.975130558013916
test_02270,33.03824144229293
test_02271,6.155269511044025
test_02272,29.059422079473734
test_02273,6.318746257573366
test_02274,11.705746106803417
test_02275,71.48347443342209
test_02276,138.0486800223589
test_02277,301.012388497591
test_02278,227.01258063316345
test_02279,159.8160647302866
test_02280,70.22099494189024
test_02281,17.166913107037544
test_02282,46.328549951314926
test_02283,162.15861612558365
test_02284,64.68228466063738
test_02285,60.79011930152774
test_02286,53.53139891475439
test_02287,50.52465986460447
test_02288,16.723031863570213
test_02289,65.6970401480794
test_02290,129.71010686457157
test_02291,179.38806611299515
test_02292,24.088343620300293
test_02293,45.94858490303159
test_02294,9.44962215423584
test_02295,10.918294422328472
test_02296,12.120482694357634
test_02297,82.9422008395195
test_02298,102.33715038746595
test_02299,212.65871688723564
test_02300,32.89600943028927
test_02301,49.43606035411358
test_02302,88.43925361335278
test_02303,5.777410365641117
test_02304,35.32162328064442
test_02305,67.10370156168938
test_02306,284.6166234910488
test_02307,104.37125200778246
test_02308,14.926722705364227
test_02309,44.485821790993214
test_02310,136.3769571185112
test_02311,13.861782103776932
test_02312,18.026559747755527
test_02313,46.482871405780315
test_02314,192.5282909721136
test_02315,17.12687123939395
test_02316,14.529557593166828
test_02317,8.31071124970913
test_02318,26.26006803661585
test_02319,68.02191978693008
test_02320,100.97625429183245
test_02321,75.3987972959876
test_02322,376.92306366562843
test_02323,394.81936061382294
test_02324,12.596829012036324
test_02325,36.498648427426815
test_02326,141.0206846743822
test_02327,158.8826780617237
test_02328,17.892833057790995
test_02329,56.77962225675583
test_02330,23.616186823695898
test_02331,44.99160989373922
test_02332,126.1715437695384
test_02333,313.2323895096779
test_02334,282.1803129911423
test_02335,146.43391731381416
test_02336,83.08520167320967
test_02337,245.88037106394768
test_02338,132.58939236402512
test_02339,146.4019759297371
test_02340,29.87838802486658
test_02341,14.333021514117718
test_02342,7.183165535330772
test_02343,49.32351154461503
test_02344,21.213136218488216
test_02345,14.698427233844995
test_02346,12.122492030262947
test_02347,88.93148519843817
test_02348,138.27837571501732
test_02349,150.6130091547966
test_02350,41.32228768616915
test_02351,7.424152135848999
test_02352,40.37319031357765
test_02353,13.29864064604044
test_02354,15.31154952943325
test_02355,23.799385517835617
test_02356,83.84632028639317
test_02357,194.28912290930748
test_02358,4.8054191917181015
test_02359,232.28085881471634
test_02360,11.767961237579584
test_02361,14.851894441992044
test_02362,68.8458663597703
test_02363,9.48608361557126
test_02364,31.901718713343143
test_02365,51.26908353343606
test_02366,235.80519685149193
test_02367,8.877284549176693
test_02368,7.327574018388987
test_02369,84.0487469509244
test_02370,7.5504617393016815
test_02371,8.456750229001045
test_02372,9.492694739252329
test_02373,129.29146674275398
test_02374,81.51022402197123
test_02375,118.57569693028927
test_02376,226.63730651140213
test_02377,245.7369765341282
test_02378,6.298214633017778
test_02379,31.548376437276602
test_02380,112.78408516943455
test_02381,7.188736706972122
test_02382,22.083368085324764
test_02383,93.58841271698475
test_02384,16.874419167637825
test_02385,23.643849547952414
test_02386,32.93778578937054
test_02387,18.679772194474936
test_02388,52.084558211266994
test_02389,10.968895517289639
test_02390,195.36634980142117
test_02391,120.29829577356577
test_02392,398.58470010757446
test_02393,51.65376550704241
test_02394,50.509198006242514
test_02395,124.63090682029724
test_02396,10.837523575872183
test_02397,6.709084827452898
test_02398,10.622064083814621
test_02399,18.827040545642376
test_02400,95.1409719735384
test_02401,9.089787606149912
test_02402,125.80932104587555
test_02403,260.33781403303146
test_02404,269.6081842184067
test_02405,51.78456176072359
test_02406,48.10146390274167
test_02407,52.09169302508235
test_02408,126.81129997968674
test_02409,55.96864537149668
test_02410,10.842734478414059
test_02411,33.070635948330164
test_02412,34.80933919176459
test_02413,11.597004264593124
test_02414,51.523853212594986
test_02415,9.368892163038254
test_02416,10.851314082741737
test_02417,113.74399804323912
test_02418,83.41169461607933
test_02419,8.328472144901752
test_02420,19.426821742206812
test_02421,64.3248011469841
test_02422,81.12515206634998
test_02423,101.05856649577618
test_02424,26.51644592732191
test_02425,16.09330376237631
test_02426,55.2165706269443
test_02427,62.1248308904469
test_02428,37.14628970250487
test_02429,82.49689337611198
test_02430,59.682395815849304
test_02431,37.28150946646929
test_02432,89.13634832203388
test_02433,11.714481703937054
test_02434,17.131762728095055
test_02435,29.379430178552866
test_02436,63.921050909906626
test_02437,82.63118089735508
test_02438,59.93188402429223
test_02439,33.154548935592175
test_02440,71.64672461897135
test_02441,63.079562574625015
test_02442,77.26234678179026
test_02443,91.32893120497465
test_02444,97.44556511938572
test_02445,64.13339054584503
test_02446,134.42957264184952
test_02447,185.64795342087746
test_02448,35.67762114852667
test_02449,8.081487249583006
test_02450,30.937560606747866
test_02451,46.665613263845444
test_02452,16.746687058359385
test_02453,30.319208838045597
test_02454,172.52570487558842
test_02455,24.08410581573844
test_02456,38.59220930561423
test_02457,142.3779409378767
test_02458,17.39990321919322
test_02459,32.96140755712986
test_02460,56.71719542145729
test_02461,36.97750177234411
test_02462,37.93584728986025
test_02463,46.271590292453766
test_02464,74.2956458851695
test_02465,124.27700371295214
test_02466,92.14819056540728
test_02467,75.14217427372932
test_02468,81.9733369499445
test_02469,46.764832116663456
test_02470,9.419118132442236
test_02471,19.311918184161186
test_02472,85.24049484729767
test_02473,36.32790315896273
test_02474,9.34508840367198
test_02475,96.46165163815022
test_02476,39.7528737783432
test_02477,32.41134721040726
test_02478,44.501049660146236
test_02479,96.30717419087887
test_02480,73.04949364066124
test_02481,64.31782604008913
test_02482,120.37130040675402
test_02483,87.9149989336729
test_02484,165.11986470222473
test_02485,48.36894328147173
test_02486,9.27712382376194
test_02487,61.35009261965752
test_02488,72.23004114627838
test_02489,63.73627000302076
test_02490,16.749468930065632
test_02491,30.299111764878035
test_02492,36.512643210589886
test_02493,45.82216387614608
test_02494,122.35210448503494
test_02495,86.10340248048306
test_02496,172.16574776172638
test_02497,62.41229963302612
test_02498,141.6216729581356
test_02499,10.523810900747776
test_02500,19.07798097282648
test_02501,31.083562444895506
test_02502,75.92825173586607
test_02503,91.72398670017719
test_02504,107.5813462510705
test_02505,49.8290656581521
test_02506,37.77592866495252
test_02507,42.744139827787876
test_02508,130.57585208117962
test_02509,59.765695974230766
test_02510,89.15269042551517
test_02511,74.94048300385475
test_02512,64.21590331196785
test_02513,74.66999147832394
test_02514,118.55985251814127
test_02515,90.64389251172543
test_02516,67.30753958970308
test_02517,22.6948710270226
test_02518,63.571370750665665
test_02519,37.32331553846598
test_02520,30.50493684411049
test_02521,88.66820648312569
test_02522,98.62903054058552
test_02523,96.92689646780491
test_02524,12.59770554304123
test_02525,34.38767949491739
test_02526,65.6487120911479
test_02527,138.48691581189632
test_02528,128.14316655695438
test_02529,24.61391681060195
test_02530,41.51239091902971
test_02531,19.074445135891438
test_02532,126.81311246752739
test_02533,118.32468222081661
test_02534,29.80891551449895
test_02535,58.05792387574911
test_02536,166.80417102575302
test_02537,89.48608419299126
test_02538,104.9672336652875
test_02539,72.40978942811489
test_02540,136.12840858101845
test_02541,22.529771212488413
test_02542,43.7108643874526
test_02543,64.50376946479082
test_02544,72.95192385464907
test_02545,88.49976396560669
test_02546,58.21079311147332
test_02547,29.94438412413001
test_02548,18.039930559694767
test_02549,12.469160042703152
test_02550,29.1472497433424
test_02551,89.60940764844418
test_02552,60.26346901804209
test_02553,29.38484164327383
test_02554,71.64075975120068
test_02555,63.60359812155366
test_02556,40.101952251046896
test_02557,83.8875395283103
test_02558,102.0630561709404
test_02559,9.314160972833633
test_02560,35.29485194385052
test_02561,14.51455257087946
test_02562,26.10641512274742
test_02563,43.74572506546974
test_02564,29.554569244384766
test_02565,9.138747062534094
test_02566,9.753659561276436
test_02567,14.984083488583565
test_02568,134.81114590168
test_02569,38.73226484656334
test_02570,12.693421985954046
test_02571,43.846819546073675
test_02572,8.898328721523285
test_02573,7.929219700396061
test_02574,10.17696089670062
test_02575,30.523106291890144
test_02576,48.501644875854254
test_02577,66.60086246579885
test_02578,54.4793263413012
test_02579,160.639335334301
test_02580,28.213016256690025
test_02581,24.003966368734837
test_02582,12.684433829039335
test_02583,39.71409099549055
test_02584,63.49829926341772
test_02585,94.91502010822296
test_02586,119.63582403957844
test_02587,30.854884419590235
test_02588,188.27721959352493
test_02589,44.335819851607084
test_02590,10.469269130378962
test_02591,8.519496478140354
test_02592,51.98344516009092
test_02593,86.88090776652098
test_02594,222.87661708891392
test_02595,192.74326391518116
test_02596,101.44302190840244
test_02597,41.80696104839444
test_02598,59.22131822258234
test_02599,56.111887622624636
test_02600,44.60451003164053
test_02601,14.488275211304426
test_02602,53.00868187844753
test_02603,161.0699943304062
test_02604,52.22577627003193
test_02605,135.95201785862446
test_02606,267.8710780441761
test_02607,116.52758567035198
test_02608,100.70514622330666
test_02609,45.60345081984997
test_02610,155.75016424059868
test_02611,39.664971832185984
test_02612,45.5326263718307
test_02613,10.661927673965693
test_02614,26.26214422658086
test_02615,59.23315139114857
test_02616,111.79940658062696
test_02617,7.403159961104393
test_02618,67.51692650467157
test_02619,8.2236969769001
test_02620,28.87180730327964
test_02621,10.082299262285233
test_02622,11.98626945540309
test_02623,74.167635217309
test_02624,155.7941987812519
test_02625,309.430919110775
test_02626,267.0653232038021
test_02627,103.15432241559029
test_02628,110.22700652480125
test_02629,8.039644036442041
test_02630,92.99870048463345
test_02631,235.269562125206
test_02632,33.22731215134263
test_02633,64.37085616588593
test_02634,61.23649271577597
test_02635,15.737989291548729
test_02636,18.500725880265236
test_02637,90.76085740327835
test_02638,63.336616434156895
test_02639,189.86543434858322
test_02640,24.036412872374058
test_02641,79.8328779488802
test_02642,8.761006768792868
test_02643,8.558546677231789
test_02644,11.91358795017004
test_02645,85.20177891850471
test_02646,215.188103094697
test_02647,262.56461876630783
test_02648,16.95005339384079
test_02649,150.3366047590971
test_02650,120.16131180524826
test_02651,8.26187064498663
test_02652,129.8120073080063
test_02653,225.21858908236027
test_02654,520.0067666769028
test_02655,68.7287974730134
test_02656,40.30635853856802
test_02657,128.3013581186533
test_02658,215.9015547633171
test_02659,11.035816431045532
test_02660,19.171873785555363
test_02661,175.55753648281097
test_02662,228.40994933247566
test_02663,13.51683372631669
test_02664,12.285957634449005
test_02665,7.589712500572205
test_02666,90.3275093883276
test_02667,269.0201359093189
test_02668,219.83435624837875
test_02669,262.7839892208576
test_02670,361.3282400071621
test_02671,403.13897693157196
test_02672,12.33422626554966
test_02673,92.70771447569132
test_02674,136.535000115633
test_02675,201.6669289469719
test_02676,15.169815208762884
test_02677,147.04628564417362
test_02678,11.616232234984636
test_02679,382.8438374698162
test_02680,354.2296462357044
test_02681,101.14593732357025
test_02682,331.1404527723789
test_02683,491.19525197148323
test_02684,257.9291068315506
test_02685,242.14599242806435
test_02686,165.49436628818512
test_02687,18.23778886348009
test_02688,12.683579582720995
test_02689,8.09246988594532
test_02690,15.381051752716303
test_02691,57.76374372839928
test_02692,7.752520706504583
test_02693,32.433877028524876
test_02694,70.60585147887468
test_02695,128.58725579082966
test_02696,175.57729557156563
test_02697,65.86125600337982
test_02698,7.710514072328806
test_02699,71.3282913044095
test_02700,10.91286438703537
test_02701,24.14213142544031
test_02702,132.37031903862953
test_02703,207.3646181821823
test_02704,326.61749336123466
test_02705,8.96196635812521
test_02706,237.67260901629925
test_02707,16.18397643789649
test_02708,8.438447073101997
test_02709,95.29882183670998
test_02710,6.684274543076754
test_02711,37.902137987315655
test_02712,76.75285942107439
test_02713,274.9058781862259
test_02714,9.063328254967928
test_02715,8.722814530134201
test_02716,45.52710348367691
test_02717,6.649792704731226
test_02718,10.812241598963737
test_02719,10.985854163765907
test_02720,91.16759750247002
test_02721,142.21741691231728
test_02722,178.99861893057823
test_02723,248.55352321267128
test_02724,298.25740697979927
test_02725,7.717392612248659
test_02726,87.36961837112904
test_02727,178.4022064357996
test_02728,9.859318688511848
test_02729,43.551547449082136
test_02730,16.99159576371312
test_02731,36.39241361245513
test_02732,21.135529797524214
test_02733,23.380827106535435
test_02734,94.73369704186916
test_02735,6.6162431091070175
test_02736,206.5857535302639
test_02737,412.51815581321716
test_02738,32.60992605239153
test_02739,38.910735473036766
test_02740,118.54535261541605
test_02741,7.170596972107887
test_02742,7.188684709370136
test_02743,13.564924079924822
test_02744,10.11577457562089
test_02745,214.8137203603983
test_02746,77.16332849115133
test_02747,336.96855199337006
test_02748,256.10809138417244
test_02749,46.162692457437515
test_02750,50.401793245226145
test_02751,41.03304731100798
test_02752,127.74964870512486
test_02753,61.797962822020054
test_02754,9.96537522599101
test_02755,44.69298395141959
test_02756,63.163490418344736
test_02757,16.479289390146732
test_02758,55.10342013090849
test_02759,7.836396552622318
test_02760,8.15205542370677
test_02761,107.52216555178165
test_02762,127.56388355791569
test_02763,17.784789469093084
test_02764,20.20544497668743
test_02765,70.0862171575427
test_02766,87.33618391305208
test_02767,50.81487333774567
test_02768,11.839264806360006
test_02769,85.48313794285059
test_02770,61.24207131564617
test_02771,44.17020006105304
test_02772,101.95455203205347
test_02773,14.917693693190813
test_02774,32.98973139375448
test_02775,96.31111115217209
test_02776,21.780541479587555
test_02777,32.973641850054264
test_02778,58.83948868885636
test_02779,71.59808457642794
test_02780,35.280080910772085
test_02781,16.601892307400703
test_02782,49.22137711197138
test_02783,56.56064921244979
test_02784,64.44924626499414
test_02785,87.95937517285347
test_02786,70.11252794414759
test_02787,50.37586872652173
test_02788,161.11462312936783
test_02789,194.92830714583397
test_02790,8.903183069080114
test_02791,42.884054232388735
test_02792,12.504941821098328
test_02793,20.45107050612569
test_02794,47.97576341405511
test_02795,16.035337578505278
test_02796,33.07754048705101
test_02797,127.90084287524223
test_02798,22.1092146076262
test_02799,35.73140152543783
test_02800,67.41250789165497
test_02801,26.315504908561707
test_02802,42.78321973979473
test_02803,43.97701411321759
test_02804,89.68432876467705
test_02805,102.34362037479877
test_02806,58.03605145588517
test_02807,40.463814705610275
test_02808,64.05118976533413
test_02809,19.977992609143257
test_02810,13.24590764939785
test_02811,13.822449631989002
test_02812,92.40363992750645
test_02813,47.44578528404236
test_02814,13.993035193532705
test_02815,81.8633545935154
test_02816,34.59813978895545
test_02817,27.86695735901594
test_02818,39.53998073935509
test_02819,70.36455289274454
test_02820,103.27405060827732
test_02821,47.40628196299076
test_02822,136.55963212251663
test_02823,76.80383192747831
test_02824,167.24098059535027
test_02825,41.78964584693313
test_02826,6.544185575097799
test_02827,70.21907845884562
test_02828,35.94220723211765
test_02829,55.24555557593703
test_02830,14.469674926251173
test_02831,16.062673460692167
test_02832,22.686488270759583
test_02833,22.80181895196438
test_02834,72.85930126905441
test_02835,76.75369138270617
test_02836,146.02127920091152
test_02837,47.69147766754031
test_02838,165.59247833490372
test_02839,11.66741644591093
test_02840,22.132227260619402
test_02841,71.684994854033
test_02842,97.40956792235374
test_02843,65.79930457472801
test_02844,93.07219538092613
test_02845,40.31367905810475
test_02846,11.306783363223076
test_02847,93.91662158071995
test_02848,119.73479776084423
test_02849,110.0199966430664
test_02850,38.272743467241526
test_02851,52.82513405755162
test_02852,130.72348070144653
test_02853,90.2903236746788
test_02854,90.81560344994068
test_02855,16.27124698460102
test_02856,35.80373018980026
test_02857,35.53227670863271
test_02858,23.533544063568115
test_02859,70.90820267796516
test_02860,79.22842811048031
test_02861,10.315794494003057
test_02862,23.552348624914885
test_02863,76.27881956845522
test_02864,78.59938340634108
test_02865,111.33703647553921
test_02866,34.8925910666585
test_02867,40.661739863455296
test_02868,17.421359658241272
test_02869,100.27072111517191
test_02870,179.42226567864418
test_02871,38.88348130136728
test_02872,50.744684003293514
test_02873,74.25570429861546
test_02874,102.19719512760639
test_02875,171.3494448363781
test_02876,68.09565238654613
test_02877,107.93940916657448
test_02878,19.599357213824987
test_02879,16.179419219493866
test_02880,38.18867448717356
test_02881,85.69664009660482
test_02882,97.3613810017705
test_02883,47.77904162928462
test_02884,21.616058208048344
test_02885,9.28301440924406
test_02886,15.36593159288168
test_02887,40.495666950941086
test_02888,69.48914355039597
test_02889,37.78941832855344
test_02890,20.570189584046602
test_02891,24.689354188740253
test_02892,52.52906342595816
test_02893,81.9889807999134
test_02894,76.38625404238701
test_02895,151.2596067637205
test_02896,8.244050323963165
test_02897,21.896949253976345
test_02898,9.025314293801785
test_02899,11.13811057060957
test_02900,18.693726122379303
test_02901,27.054004564881325
test_02902,9.971473801881075
test_02903,13.00866487622261
test_02904,12.547409005463123
test_02905,24.339224621653557
test_02906,11.924507446587086
test_02907,36.29083629697561
test_02908,10.460425823926926
test_02909,8.105684705078602
test_02910,8.264314532279968
test_02911,20.907505456358194
test_02912,32.9404488094151
test_02913,88.13790522515774
test_02914,156.24304208159447
test_02915,27.520746182650328
test_02916,15.674841918051243
test_02917,10.778108887374401
test_02918,23.48643423616886
test_02919,35.36217398196459
test_02920,69.06173811852932
test_02921,115.70855658501387
test_02922,19.37972677126527
test_02923,175.3844884634018
test_02924,24.19390246644616
test_02925,12.08080480992794
test_02926,9.99268139526248
test_02927,35.22828758507967
test_02928,73.27869907021523
test_02929,215.16789831221104
test_02930,165.0451664328575
test_02931,35.43819447606802
test_02932,53.098652586340904
test_02933,84.00354617834091
test_02934,89.49932872503996
test_02935,83.42969321459532
test_02936,18.562376465648413
test_02937,39.59123180434108
test_02938,145.28373035788536
test_02939,84.13359960913658
test_02940,119.9964051246643
test_02941,200.64480465650558
test_02942,168.75830033421516
test_02943,135.99847400188446
test_02944,79.59291644394398
test_02945,48.74070385098457
test_02946,158.2331834435463
test_02947,69.60356055945158
test_02948,31.745361924171448
test_02949,8.78812351822853
test_02950,17.697303503751755
test_02951,34.650542229413986
test_02952,56.079407691955566
test_02953,6.539776921272278
test_02954,6.685310781002045
test_02955,24.48032382875681
test_02956,18.653814248740673
test_02957,7.860293164849281
test_02958,75.75872469693422
test_02959,144.3084039092064
test_02960,291.17248114943504
test_02961,152.858221039176
test_02962,104.01139146089554
test_02963,93.00358083099127
test_02964,8.850955191999674
test_02965,81.85722630470991
test_02966,155.06098802387714
test_02967,86.77374070882797
test_02968,49.33146346360445
test_02969,55.51527827978134
test_02970,56.17602666467428
test_02971,14.4515166208148
test_02972,81.8872437775135
test_02973,119.85712583363056
test_02974,172.28094473481178
test_02975,41.49055935442448
test_02976,62.053152196109295
test_02977,9.893681675195694
test_02978,8.421109586954117
test_02979,11.368229672312737
test_02980,88.84834846109152
test_02981,154.942700907588
test_02982,215.27832636237144
test_02983,14.973847389221191
test_02984,70.55860794335604
test_02985,124.91084705293179
test_02986,9.368208765983582
test_02987,60.47569723054767
test_02988,134.99217183887959
test_02989,475.31717509031296
test_02990,254.03273338079453
test_02991,59.278575010597706
test_02992,46.57154217362404
test_02993,137.14759129285812
test_02994,15.080271624028683
test_02995,16.57300392538309
test_02996,63.65063738077879
test_02997,189.0741199851036
test_02998,12.947582550346851
test_02999,9.260692581534386
test_03000,8.617482244968414
test_03001,45.111115239560604
test_03002,214.00836664438248
test_03003,111.73747000843287
test_03004,81.01137388497591
test_03005,364.13937893509865
test_03006,430.07768657803535
test_03007,15.284525632858276
test_03008,53.6646910533309
test_03009,145.37154687941074
test_03010,196.33285151422024
test_03011,11.996089573949575
test_03012,124.07687237113714
test_03013,10.808334350585938
test_03014,161.71942952275276
test_03015,202.33616779744625
test_03016,365.7900502383709
test_03017,340.2136480510235
test_03018,194.05449487268925
test_03019,409.60893455147743
test_03020,278.84435483813286
test_03021,252.8597863316536
test_03022,179.41647166013718
test_03023,23.90657114610076
test_03024,13.485371463000774
test_03025,9.889105886220932
test_03026,38.38764702528715
test_03027,27.239966560155153
test_03028,9.325919859111309
test_03029,30.640546590089798
test_03030,62.64244473353028
test_03031,122.9222210496664
test_03032,202.34733985364437
test_03033,92.76108630001545
test_03034,7.0247622691094875
test_03035,97.01705288141966
test_03036,17.182750090956688
test_03037,17.15515422075987
test_03038,87.19435673952103
test_03039,141.51916339993477
test_03040,252.76286280155182
test_03041,11.39032493904233
test_03042,461.81714168190956
test_03043,11.996642976999283
test_03044,11.394807875156403
test_03045,99.87591817975044
test_03046,9.376825511455536
test_03047,22.91962694749236
test_03048,82.2066279053688
test_03049,279.0647058188915
test_03050,9.533583424985409
test_03051,12.744338780641556
test_03052,106.81178174167871
test_03053,8.187696065753698
test_03054,7.771574113518
test_03055,10.085088562220335
test_03056,63.59267119690776
test_03057,161.91707983613014
test_03058,189.78072282671928
test_03059,270.7019463479519
test_03060,280.43649169802666
test_03061,10.11800304427743
test_03062,69.731370665133
test_03063,150.17406025528908
test_03064,7.846966922283173
test_03065,74.28947302699089
test_03066,86.2777801528573
test_03067,19.99143398925662
test_03068,21.576629169285297
test_03069,17.444298028945923
test_03070,19.501676004379988
test_03071,100.7141789495945
test_03072,8.910232458263636
test_03073,177.2031268775463
test_03074,137.7420575916767
test_03075,45.751532562077045
test_03076,48.3632532581687
test_03077,119.16369324177504
test_03078,9.498009636998177
test_03079,5.763059027493
test_03080,11.968553129583597
test_03081,14.81573010981083
test_03082,94.40199691057205
test_03083,9.40862575918436
test_03084,95.41039383411407
test_03085,283.8493468761444
test_03086,264.05186903476715
test_03087,56.65793672576547
test_03088,43.54453891515732
test_03089,49.142519034445286
test_03090,122.12699943780899
test_03091,58.80715360864997
test_03092,6.447878587990999
test_03093,37.18461564928293
test_03094,37.65581791847944
test_03095,16.05459526181221
test_03096,54.92551404982805
test_03097,9.64777758717537
test_03098,9.895308457314968
test_03099,117.03111559152603
test_03100,66.39009390026331
test_03101,9.415214598178864
test_03102,9.860626056790352
test_03103,100.02397763729095
test_03104,130.76184007525444
test_03105,108.25475976616144
test_03106,33.794082298874855
test_03107,23.15563663467765
test_03108,75.59614305198193
test_03109,81.31417820602655
test_03110,45.93853822350502
test_03111,73.05058559030294
test_03112,71.27187390625477
test_03113,35.76446828618646
test_03114,99.39999155700207
test_03115,14.857614178210497
test_03116,31.46712275594473
test_03117,67.61063361167908
test_03118,88.87484495341778
test_03119,10.114805191755295
test_03120,47.03772296011448
test_03121,46.6413155272603
test_03122,56.32849106192589
test_03123,63.971570294350386
test_03124,97.51382311433554
test_03125,58.40488901734352
test_03126,156.30381985008717
test_03127,22.851855501532555
test_03128,9.806555978953838
test_03129,13.887688051909208
test_03130,51.52212243527174
test_03131,22.439455091953278
test_03132,23.008617129176855
test_03133,59.03223265707493
test_03134,20.302947908639908
test_03135,38.48614905402064
test_03136,104.72046047449112
test_03137,24.705733433365822
test_03138,38.620975121855736
test_03139,52.22618853673339
test_03140,40.663511496037245
test_03141,43.78537695109844
test_03142,42.53272129222751
test_03143,70.03923361003399
test_03144,102.56150518357754
test_03145,83.7415154054761
test_03146,76.28985791653395
test_03147,82.47360587865114
test_03148,50.8431451767683
test_03149,10.125772971659899
test_03150,23.167807787656784
test_03151,81.80112832039595
test_03152,40.967359483242035
test_03153,17.110543992370367
test_03154,93.1621512323618
test_03155,37.28040266036987
test_03156,32.62886060774326
test_03157,46.64667499437928
test_03158,85.9196875244379
test_03159,65.3915468081832
test_03160,80.01323534548283
test_03161,111.26071885228157
test_03162,86.83783146739006
test_03163,190.42476512491703
test_03164,48.41123961657286
test_03165,6.566251128911972
test_03166,75.55256906151772
test_03167,87.27280626446009
test_03168,51.34010111540556
test_03169,18.277968153357506
test_03170,30.507748428732157
test_03171,45.54788766801357
test_03172,47.261052660644054
test_03173,104.52385011315346
test_03174,102.22256252914667
test_03175,171.40236353874207
test_03176,67.45570304244757
test_03177,140.30357831716537
test_03178,8.831556372344494
test_03179,27.17771428823471
test_03180,67.98621971905231
test_03181,97.68697512894869
test_03182,108.17014481127262
test_03183,70.97095635533333
test_03184,28.8767062202096
test_03185,37.65327003598213
test_03186,101.29750290513039
test_03187,56.90306456387043
test_03188,87.12849806249142
test_03189,76.61127737909555
test_03190,74.80721314996481
test_03191,70.82158952951431
test_03192,115.91056726872921
test_03193,95.85371053218842
test_03194,56.05458997935057
test_03195,31.657393123954535
test_03196,45.952540434896946
test_03197,32.20227228105068
test_03198,35.26337853819132
test_03199,97.88285752385855
test_03200,101.3229965865612
test_03201,104.62123419344425
test_03202,11.90795735269785
test_03203,32.43621692061424
test_03204,59.41247997805476
test_03205,157.21342132985592
test_03206,123.53070441633463
test_03207,26.91504840180278
test_03208,39.43075606226921
test_03209,15.957864865660667
test_03210,93.10293339192867
test_03211,123.7038861438632
test_03212,43.837110850960016
test_03213,67.34681263566017
test_03214,148.28295204043388
test_03215,87.83181019872427
test_03216,89.61062587797642
test_03217,81.39168434590101
test_03218,128.4208931773901
test_03219,20.112800106406212
test_03220,57.583312049508095
test_03221,67.13664575666189
test_03222,74.11236919462681
test_03223,55.06169205531478
test_03224,32.954881858080626
test_03225,20.908162854611874
test_03226,11.144885115325451
test_03227,30.570724952965975
test_03228,94.92706869542599
test_03229,60.08861593902111
test_03230,29.81791852787137
test_03231,67.69550112634897
test_03232,71.04648658633232
test_03233,33.13204140216112
test_03234,86.63140098750591
test_03235,119.49502196162939
test_03236,8.803317960351706
test_03237,32.36456793919206
test_03238,8.971095651388168
test_03239,26.003675289452076
test_03240,46.23513254523277
test_03241,33.067475236952305
test_03242,7.435587894171476
test_03243,19.623792372643948
test_03244,18.1488395370543
test_03245,120.84194555878639
test_03246,37.72836200147867
test_03247,18.719227232038975
test_03248,43.42506328225136
test_03249,9.943629086017609
test_03250,9.832818482071161
test_03251,13.189107697457075
test_03252,28.560575656592846
test_03253,34.254431925714016
test_03254,58.7047071903944
test_03255,79.67965587228537
test_03256,135.00402729213238
test_03257,31.556781478226185
test_03258,31.963120453059673
test_03259,14.883115287870169
test_03260,16.822172719985247
test_03261,54.388999078422785
test_03262,93.39302058517933
test_03263,93.0958765745163
test_03264,40.61092706397176
test_03265,192.59083665907383
test_03266,44.32407210767269
test_03267,13.57753349840641
test_03268,8.400934517383575
test_03269,54.88198462873697
test_03270,92.02206666767597
test_03271,219.6639378219843
test_03272,200.74131220579147
test_03273,100.12651690840721
test_03274,41.42086771130562
test_03275,50.65601323544979
test_03276,50.18584720417857
test_03277,43.878352377563715
test_03278,18.1482601352036
test_03279,50.19072012230754
test_03280,126.16234019398689
test_03281,53.449079282581806
test_03282,124.51422420144081
test_03283,211.72418627142906
test_03284,140.20421832799911
test_03285,118.98153078556061
test_03286,102.82061666250229
test_03287,49.933551125228405
test_03288,160.3918861746788
test_03289,41.432901442050934
test_03290,48.116015803068876
test_03291,11.300365373492241
test_03292,20.14004684984684
test_03293,58.16622745245695
test_03294,125.4927596449852
test_03295,10.469101995229721
test_03296,59.266091872006655
test_03297,8.84181847050786
test_03298,24.444965459406376
test_03299,16.40788182616234
test_03300,10.290222816169262
test_03301,68.32087628543377
test_03302,136.77243602275848
test_03303,263.6814678311348
test_03304,226.530042886734
test_03305,99.63210885226727
test_03306,107.16153989732265
test_03307,11.044878870248795
test_03308,86.72847308218479
test_03309,193.64325326681137
test_03310,109.7621182501316
test_03311,59.046064019203186
test_03312,56.03495717048645
test_03313,29.08344868570566
test_03314,17.0957952439785
test_03315,77.28984608501196
test_03316,61.66124626994133
test_03317,197.58358697593212
test_03318,25.856068953871727
test_03319,63.34304928034544
test_03320,8.187933769077063
test_03321,8.35475693270564
test_03322,32.74608177319169
test_03323,90.89694255590439
test_03324,210.2015776336193
test_03325,273.8755234181881
test_03326,17.362765789031982
test_03327,103.38976012915373
test_03328,149.8976707160473
test_03329,9.045028813183308
test_03330,114.45789540559053
test_03331,238.57865980267525
test_03332,413.0358439385891
test_03333,82.56533707678318
test_03334,36.05754905566573
test_03335,120.21393337845802
test_03336,217.44522985816002
test_03337,11.394696451723576
test_03338,31.19316967576742
test_03339,162.87931774556637
test_03340,219.32002568244934
test_03341,14.206763908267021
test_03342,15.610736303031445
test_03343,7.590139623731375
test_03344,220.18266589939594
test_03345,270.7579551935196
test_03346,218.7131690979004
test_03347,218.90293063223362
test_03348,331.7399999797344
test_03349,370.04993149638176
test_03350,14.887085676193237
test_03351,83.35030773282051
test_03352,119.77002985030413
test_03353,182.3776459544897
test_03354,14.952910926192999
test_03355,157.07322093844414
test_03356,13.439119596034288
test_03357,299.01250129938126
test_03358,294.495335906744
test_03359,339.254396289587
test_03360,88.17451153695583
test_03361,332.705194324255
test_03362,487.8130902349949
test_03363,236.61153109371662
test_03364,148.81690798699856
test_03365,203.27444224059582
test_03366,22.370149716734886
test_03367,12.220500081777573
test_03368,5.628697223961353
test_03369,66.39082186669111
test_03370,94.18620686233044
test_03371,11.780013538897038
test_03372,28.413853280246258
test_03373,66.49423024058342
test_03374,39.385662999004126
test_03375,151.87249507009983
test_03376,69.7201466113329
test_03377,7.007031086832285
test_03378,61.70193439349532
test_03379,7.592379234731197
test_03380,25.946500211954117
test_03381,100.46576412022114
test_03382,178.6952649205923
test_03383,301.69011038541794
test_03384,7.172550596296787
test_03385,271.39101856946945
test_03386,15.448600351810455
test_03387,10.122240848839283
test_03388,94.28703021258116
test_03389,6.7098350785672665
test_03390,51.98590390384197
test_03391,108.55204491317272
test_03392,305.9113648533821
test_03393,9.895523875951767
test_03394,17.045067869126797
test_03395,44.90004954487085
test_03396,12.243787579238415
test_03397,13.118164397776127
test_03398,13.103133376687765
test_03399,66.85649010539055
test_03400,116.49551057815552
test_03401,183.95816506445408
test_03402,199.19527493417263
test_03403,257.0612519979477
test_03404,7.729125499725342
test_03405,87.69464052468538
test_03406,136.5808471441269
test_03407,6.9384796768426895
test_03408,43.14191034063697
test_03409,81.89673705399036
test_03410,20.345348238945007
test_03411,35.81597933918238
test_03412,20.873562164604664
test_03413,21.045993641018867
test_03414,102.52184586971998
test_03415,7.8735896944999695
test_03416,182.0363931208849
test_03417,214.30555522441864
test_03418,364.27427557110786
test_03419,57.4292320124805
test_03420,53.489771120250225
test_03421,106.52809025347233
test_03422,7.236143663525581
test_03423,6.451414424926043
test_03424,8.496179267764091
test_03425,15.42545399069786
test_03426,99.95235465466976
test_03427,10.111585054546595
test_03428,93.94088960438967
test_03429,241.00290685892105
test_03430,334.3635018467903
test_03431,76.85978877544403
test_03432,52.44804373383522
test_03433,54.71080852299929
test_03434,112.24999551475048
test_03435,53.56738868355751
test_03436,11.827517062425613
test_03437,26.109063286334276
test_03438,45.376562997698784
test_03439,15.555975399911404
test_03440,54.45961553603411
test_03441,8.53207989782095
test_03442,32.30064431577921
test_03443,91.80447898805141
test_03444,60.59164074063301
test_03445,7.885538000613451
test_03446,21.40904089808464
test_03447,53.85860496759415
test_03448,98.00790432840586
test_03449,84.08357048779726
test_03450,23.28280048444867
test_03451,9.311241678893566
test_03452,38.43537339568138
test_03453,49.684311762452126
test_03454,33.2182274274528
test_03455,77.08675087988377
test_03456,57.40129815787077
test_03457,26.834299840033054
test_03458,81.1157627850771
test_03459,13.553376898169518
test_03460,18.64420212060213
test_03461,40.52578841894865
test_03462,78.43500413000584
test_03463,60.80866016075015
test_03464,28.46842847764492
test_03465,12.227638609707355
test_03466,40.015446811914444
test_03467,56.97146740928292
test_03468,63.6473243907094
test_03469,77.25955376774073
test_03470,64.19173556938767
test_03471,49.4722655415535
test_03472,168.67580242455006
test_03473,185.10312254726887
test_03474,27.37751878798008
test_03475,8.157299753278494
test_03476,28.608547158539295
test_03477,50.66003190726042
test_03478,19.065308414399624
test_03479,34.13264611363411
test_03480,52.05767173692584
test_03481,21.381927862763405
test_03482,38.822138987481594
test_03483,168.97802734375
test_03484,19.979006562381983
test_03485,29.810642577707767
test_03486,53.28080761432648
test_03487,59.896926779299974
test_03488,35.33349359035492
test_03489,46.20039814710617
test_03490,79.05565493553877
test_03491,81.53237500041723
test_03492,75.87160406261683
test_03493,52.785248182713985
test_03494,93.15451501309872
test_03495,56.31383516639471
test_03496,7.41960234567523
test_03497,17.178070306777954
test_03498,56.412132918834686
test_03499,40.18589495122433
test_03500,8.113707192242146
test_03501,89.9582075625658
test_03502,29.70661023259163
test_03503,42.48709339648485
test_03504,37.9944634437561
test_03505,54.68156358599663
test_03506,60.511382441967726
test_03507,71.1720682233572
test_03508,107.6957335472107
test_03509,80.09140259772539
test_03510,163.08769442141056
test_03511,55.210174921900034
test_03512,11.84586850181222
test_03513,40.20073655247688
test_03514,50.101425383239985
test_03515,64.1045133061707
test_03516,16.443158484995365
test_03517,33.27390571683645
test_03518,26.647179041057825
test_03519,29.592096656560898
test_03520,87.2600222826004
test_03521,140.00083342194557
test_03522,60.226535864174366
test_03523,39.77434507384896
test_03524,6.840824466198683
test_03525,13.352903857827187
test_03526,26.23050368577242
test_03527,77.25064732134342
test_03528,90.45259333401918
test_03529,112.85347225517035
test_03530,32.02077465131879
test_03531,20.65584820508957
test_03532,29.681294828653336
test_03533,116.27406021952629
test_03534,46.24910504370928
test_03535,83.6057199537754
test_03536,78.85299056768417
test_03537,58.67923207953572
test_03538,54.094217244535685
test_03539,111.1060631275177
test_03540,95.87741401046515
test_03541,65.47127398848534
test_03542,26.329655684530735
test_03543,47.86158039420843
test_03544,37.370982483029366
test_03545,45.3554928265512
test_03546,77.5423538684845
test_03547,143.53234712779522
test_03548,46.550973407924175
test_03549,9.659395337104797
test_03550,30.25854992121458
test_03551,57.75810941681266
test_03552,164.81992767751217
test_03553,174.86332392692566
test_03554,37.08604305237532
test_03555,33.094915114343166
test_03556,13.887246072292328
test_03557,90.42773848026991
test_03558,117.78598706424236
test_03559,49.18561019003391
test_03560,64.94118814915419
test_03561,89.65277364850044
test_03562,42.60432941839099
test_03563,54.52679643779993
test_03564,62.307762168347836
test_03565,101.02735307812691
test_03566,17.82801804691553
test_03567,51.3486621491611
test_03568,57.26140232384205
test_03569,78.62867291271687
test_03570,109.5307809188962
test_03571,61.432100266218185
test_03572,26.10026454925537
test_03573,14.827340431511402
test_03574,11.722920171916485
test_03575,22.27151769399643
test_03576,71.90726974606514
test_03577,67.70079745352268
test_03578,14.369167275726795
test_03579,60.55731118097901
test_03580,57.10305476933718
test_03581,37.31268945708871
test_03582,104.3365770354867
test_03583,87.53777118772268
test_03584,5.1894846223294735
test_03585,21.873457480221987
test_03586,9.635268449783325
test_03587,22.95552386343479
test_03588,30.520896393805742
test_03589,20.767360776662827
test_03590,6.437646202743053
test_03591,22.71265049278736
test_03592,16.837738573551178
test_03593,136.18120843172073
test_03594,15.97013258561492
test_03595,47.636222787201405
test_03596,7.665751565247774
test_03597,9.25476485490799
test_03598,9.698319256305695
test_03599,32.619456470012665
test_03600,38.30654190853238
test_03601,77.29810627549887
test_03602,46.66179886832833
test_03603,131.97127458453178
test_03604,65.67226700484753
test_03605,27.14337358623743
test_03606,12.18066991865635
test_03607,22.41521306708455
test_03608,33.44358503445983
test_03609,100.99977949261665
test_03610,67.81681153178215
test_03611,30.475550770759583
test_03612,179.71089693903923
test_03613,35.32323520630598
test_03614,9.470153778791428
test_03615,8.378211565315723
test_03616,27.237296111881733
test_03617,103.75897281616926
test_03618,201.81935620307922
test_03619,152.70609091222286
test_03620,105.14614998549223
test_03621,30.4807133898139
test_03622,51.72439310699701
test_03623,60.20813985541463
test_03624,45.41386756300926
test_03625,23.53109274804592
test_03626,41.277510322630405
test_03627,129.99243898689747
test_03628,55.50969225168228
test_03629,103.90630430728197
test_03630,173.83411310613155
test_03631,246.99433797597885
test_03632,136.85468137264252
test_03633,96.37584816664457
test_03634,81.70102550834417
test_03635,175.85733979940414
test_03636,80.15190552175045
test_03637,43.54226216301322
test_03638,13.818876653909683
test_03639,18.556771866977215
test_03640,43.876001343131065
test_03641,88.53325042128563
test_03642,10.467887479811907
test_03643,46.69582015648484
test_03644,6.242432348430157
test_03645,27.67767123132944
test_03646,11.044968008995056
test_03647,8.327547330409288
test_03648,73.59698382019997
test_03649,140.28156104683876
test_03650,272.09473925828934
test_03651,263.7649908363819
test_03652,94.73256795108318
test_03653,113.34467131644487
test_03654,15.316214457154274
test_03655,85.8680167645216
test_03656,214.7021632194519
test_03657,49.06317812204361
test_03658,63.70594797283411
test_03659,47.65480078756809
test_03660,12.238506108522415
test_03661,20.743159607052803
test_03662,81.88611468672752
test_03663,57.9412709698081
test_03664,163.98125092685223
test_03665,26.609707340598106
test_03666,71.1489070057869
test_03667,7.2766275107860565
test_03668,8.114138029515743
test_03669,15.12545382604003
test_03670,76.4044012054801
test_03671,205.06064900755882
test_03672,327.3142018020153
test_03673,20.70568047836423
test_03674,98.01869754493237
test_03675,162.15065306425095
test_03676,7.956897281110287
test_03677,114.93379974365234
test_03678,126.3903496786952
test_03679,362.96791753172874
test_03680,73.41348428279161
test_03681,40.477445505559444
test_03682,100.37600140273571
test_03683,185.29790556430817
test_03684,9.153792940080166
test_03685,43.78134713694453
test_03686,89.87833924591541
test_03687,224.58069735765457
test_03688,13.262342605739832
test_03689,16.503067150712013
test_03690,5.76348615065217
test_03691,74.38809762150049
test_03692,221.38810402154922
test_03693,228.10658046603203
test_03694,163.8201326429844
test_03695,262.6253519654274
test_03696,327.2131481766701
test_03697,12.769498191773891
test_03698,91.99176692217588
test_03699,158.016249448061
test_03700,179.34628975391388
test_03701,9.762328304350376
test_03702,161.5044565796852
test_03703,18.935878954827785
test_03704,155.8089661002159
test_03705,414.4210600554943
test_03706,69.65422850847244
test_03707,197.132619202137
test_03708,414.12996262311935
test_03709,259.833793848753
test_03710,209.00497910380363
test_03711,176.64560858905315
test_03712,20.33928680419922
test_03713,12.828563753515482
test_03714,5.441257011145353
test_03715,35.936665773391724
test_03716,102.54830522090197
test_03717,11.348437156528234
test_03718,27.884918816387653
test_03719,90.09497611224651
test_03720,115.0083420202136
test_03721,164.3191016316414
test_03722,60.975825022906065
test_03723,7.3682138584554195
test_03724,88.50109361857176
test_03725,14.60434128716588
test_03726,27.54775893688202
test_03727,67.40550307184458
test_03728,154.0635403096676
test_03729,205.22594195604324
test_03730,6.220244228839874
test_03731,583.4210215806961
test_03732,14.246014669537544
test_03733,12.284382849931717
test_03734,93.04107110202312
test_03735,5.699815087020397
test_03736,50.38446690142155
test_03737,79.36712799966335
test_03738,249.13693630695343
test_03739,6.75064205378294
test_03740,6.336852565407753
test_03741,82.79310142993927
test_03742,9.155597999691963
test_03743,7.833960093557835
test_03744,8.003435134887695
test_03745,173.0266646295786
test_03746,146.42336922883987
test_03747,134.0772963166237
test_03748,166.8233952820301
test_03749,275.58321380615234
test_03750,6.278124988079071
test_03751,85.1594974398613
test_03752,140.3014389872551
test_03753,6.224467176944017
test_03754,52.00064893811941
test_03755,85.26744446158409
test_03756,15.124365590512753
test_03757,42.07382759824395
test_03758,11.351779859513044
test_03759,27.236059311777353
test_03760,58.31819415837526
test_03761,4.183501873165369
test_03762,214.94953809678555
test_03763,147.2196159362793
test_03764,388.84011179208755
test_03765,48.03261536359787
test_03766,66.18437653034925
test_03767,128.7674943357706
test_03768,12.454229302704334
test_03769,10.398273833096027
test_03770,8.93806603178382
test_03771,16.85414010286331
test_03772,98.31360565871
test_03773,11.911745749413967
test_03774,92.38696355372667
test_03775,277.68213415145874
test_03776,58.05715133994818
test_03777,49.17978645861149
test_03778,53.51458140462637
test_03779,116.95941832661629
test_03780,59.09854074195027
test_03781,8.15512328222394
test_03782,50.34049550071359
test_03783,47.191591292619705
test_03784,13.423226900398731
test_03785,60.87355688214302
test_03786,8.8030208311975
test_03787,10.947008240967989
test_03788,112.64678921550512
test_03789,62.568247869610786
test_03790,8.483395285904408
test_03791,62.96250111609697
test_03792,104.25479966402054
test_03793,103.7329071611166
test_03794,26.228475779294968
test_03795,18.77245420590043
test_03796,44.173119354993105
test_03797,70.47147481888533
test_03798,34.558863028883934
test_03799,80.98328775167465
test_03800,69.85152226686478
test_03801,88.35986813157797
test_03802,12.384002827107906
test_03803,17.989318322390318
test_03804,32.25242768228054
test_03805,70.7173863351345
test_03806,92.35089207440615
test_03807,42.24098503217101
test_03808,30.259166464209557
test_03809,57.94607703387737
test_03810,64.9081399589777
test_03811,55.41132764518261
test_03812,70.4118929952383
test_03813,107.57285578548908
test_03814,52.66657479852438
test_03815,170.49247978627682
test_03816,194.5677112042904
test_03817,25.831685792654753
test_03818,8.703560560941696
test_03819,33.8361112177372
test_03820,48.26123767718673
test_03821,10.443686310201883
test_03822,44.35437556728721
test_03823,79.4775486215949
test_03824,27.63341384381056
test_03825,38.41861159726977
test_03826,141.09061402082443
test_03827,11.396954633295536
test_03828,36.216123171150684
test_03829,58.20120698213577
test_03830,90.27084685862064
test_03831,43.1056717261672
test_03832,46.47872645407915
test_03833,74.04769903421402
test_03834,101.79768269509077
test_03835,84.62779224663973
test_03836,70.26998411118984
test_03837,87.9180965051055
test_03838,66.21117015182972
test_03839,9.855753138661385
test_03840,13.272701270878315
test_03841,76.48086739331484
test_03842,42.011553041636944
test_03843,17.34317012131214
test_03844,86.64682941883802
test_03845,29.419423762708902
test_03846,34.07610243558884
test_03847,35.542642802000046
test_03848,73.21177815645933
test_03849,71.97738479822874
test_03850,84.44776912033558
test_03851,105.79849704355001
test_03852,93.06593338400126
test_03853,199.48796200752258
test_03854,57.332044780254364
test_03855,25.792929008603096
test_03856,58.8361794129014
test_03857,69.12005714327097
test_03858,70.7003682628274
test_03859,17.307143211364746
test_03860,32.676081858575344
test_03861,24.257848374545574
test_03862,30.683819737285376
test_03863,99.57555031776428
test_03864,115.2179443538189
test_03865,70.6521070599556
test_03866,119.48840340971947
test_03867,6.5464548990130424
test_03868,17.000550493597984
test_03869,70.63124859333038
test_03870,96.62230937182903
test_03871,119.22684061527252
test_03872,83.33267311751842
test_03873,31.177154414355755
test_03874,37.897101648151875
test_03875,108.6181561499834
test_03876,50.492317356169224
test_03877,86.37858864665031
test_03878,84.36414954811335
test_03879,66.05904745310545
test_03880,61.50318841636181
test_03881,118.82803386449814
test_03882,104.63267366588116
test_03883,65.88848046213388
test_03884,28.262893099337816
test_03885,41.24965446442366
test_03886,30.03878577053547
test_03887,35.886540085077286
test_03888,100.00056385993958
test_03889,104.91722682863474
test_03890,94.05391010642052
test_03891,13.639280650764704
test_03892,30.17290987074375
test_03893,57.64299415424466
test_03894,148.58863851428032
test_03895,142.19840064644814
test_03896,30.064275737851858
test_03897,53.49394578486681
test_03898,16.30409461259842
test_03899,113.79155356436968
test_03900,119.63015630096197
test_03901,33.64782790094614
test_03902,70.88631911575794
test_03903,177.98830552399158
test_03904,96.18024061620235
test_03905,87.32611866295338
test_03906,85.72691012918949
test_03907,123.71848261356354
test_03908,23.485164009034634
test_03909,58.07831436395645
test_03910,37.93050639331341
test_03911,69.7577111646533
test_03912,84.44695201516151
test_03913,56.87855140864849
test_03914,32.223940424621105
test_03915,25.460575193166733
test_03916,10.821668021380901
test_03917,27.09425813704729
test_03918,101.99512501806021
test_03919,58.64981257915497
test_03920,36.096721820533276
test_03921,77.25453971326351
test_03922,68.19888248294592
test_03923,45.04366320744157
test_03924,84.05231992900372
test_03925,126.23671162128448
test_03926,9.550449218600988
test_03927,33.46439893171191
test_03928,10.162475850433111
test_03929,28.866975240409374
test_03930,46.15240807458758
test_03931,25.355198338627815
test_03932,7.154176872223616
test_03933,15.159337691962719
test_03934,22.476451385766268
test_03935,127.79525803029537
test_03936,41.486930664628744
test_03937,15.559266105294228
test_03938,50.84603104367852
test_03939,10.773339964449406
test_03940,10.923531323671341
test_03941,16.991372916847467
test_03942,27.24542259424925
test_03943,43.04308518394828
test_03944,81.25907560437918
test_03945,72.99439103901386
test_03946,158.9471996575594
test_03947,28.044261753559113
test_03948,32.62447423860431
test_03949,15.385564401745796
test_03950,34.431112349033356
test_03951,58.02156640961766
test_03952,98.38331958651543
test_03953,81.15232452750206
test_03954,169.14045299589634
test_03955,36.776063062250614
test_03956,12.077488105744123
test_03957,7.5505137369036674
test_03958,49.60159843415022
test_03959,89.70347873866558
test_03960,198.23942530155182
test_03961,186.16611695289612
test_03962,100.72076036036015
test_03963,35.98683974519372
test_03964,51.087693613022566
test_03965,42.45586512237787
test_03966,40.92534913495183
test_03967,18.199124932289124
test_03968,53.25098327547312
test_03969,151.67067009210587
test_03970,47.83502819016576
test_03971,118.12211441993713
test_03972,242.58229687809944
test_03973,105.95860508829355
test_03974,134.89484718441963
test_03975,98.7489667236805
test_03976,61.66889363154769
test_03977,217.36105316877365
test_03978,41.65964812785387
test_03979,43.695918790996075
test_03980,12.665651552379131
test_03981,22.117374517023563
test_03982,72.96310333907604
test_03983,111.60060489177704
test_03984,13.222059320658445
test_03985,56.97852794080973
test_03986,6.897267863154411
test_03987,26.378919698297977
test_03988,13.541462019085884
test_03989,8.559289500117302
test_03990,75.95459966361523
test_03991,162.40740236639977
test_03992,273.2930908501148
test_03993,237.8418389260769
test_03994,99.009014159441
test_03995,141.62479281425476
test_03996,14.639941073954105
test_03997,102.50742767751217
test_03998,190.247453302145
test_03999,145.09772750735283
test_04000,54.97905672341585
test_04001,54.8897619843483
test_04002,13.783039163798094
test_04003,18.408385567367077
test_04004,64.73913289606571
test_04005,54.678666576743126
test_04006,184.23932352662086
test_04007,24.107694156467915
test_04008,67.1563454195857
test_04009,9.6388488560915
test_04010,11.166828103363514
test_04011,35.876378268003464
test_04012,90.78430089354515
test_04013,227.47112520039082
test_04014,332.6463033258915
test_04015,13.287327453494072
test_04016,128.21880078315735
test_04017,151.69756028056145
test_04018,11.657507188618183
test_04019,148.44494685530663
test_04020,276.2471191883087
test_04021,468.6829644739628
test_04022,102.5604355186224
test_04023,39.934705678373575
test_04024,131.25040954351425
test_04025,227.8991546034813
test_04026,12.279955625534058
test_04027,19.053460389375687
test_04028,189.94071201980114
test_04029,227.64411379396915
test_04030,13.132798008620739
test_04031,15.940066829323769
test_04032,8.374010901898146
test_04033,280.58568024635315
test_04034,272.51630610227585
test_04035,260.08139157295227
test_04036,248.58507832884789
test_04037,436.53911659121513
test_04038,439.87694665789604
test_04039,13.850175496190786
test_04040,100.02696378529072
test_04041,128.1560768187046
test_04042,178.36132146418095
test_04043,10.601863015443087
test_04044,184.7687482535839
test_04045,10.246901385486126
test_04046,383.96757993102074
test_04047,348.35156989097595
test_04048,356.8594769537449
test_04049,83.70769467949867
test_04050,318.77358081936836
test_04051,451.0370582640171
test_04052,279.5452825129032
test_04053,206.1882095783949
test_04054,178.56228476762772
test_04055,18.498274564743042
test_04056,15.756062172353268
test_04057,9.419831242412329
test_04058,80.56985481828451
test_04059,98.94544337689877
test_04060,11.412717334926128
test_04061,30.9678937792778
test_04062,84.44264364242554
test_04063,124.07390850782394
test_04064,169.6536990404129
test_04065,62.86622755602002
test_04066,8.32859842479229
test_04067,79.28205249458551
test_04068,10.17639635130763
test_04069,26.96968673914671
test_04070,103.70279312133789
test_04071,197.24414663016796
test_04072,356.6085513830185
test_04073,7.46662674844265
test_04074,457.2882099747658
test_04075,15.877461716532707
test_04076,10.307307742536068
test_04077,126.657713919878
test_04078,9.96829080581665
test_04079,54.822807643562555
test_04080,101.55466075986624
test_04081,403.93834349513054
test_04082,9.845988731831312
test_04083,11.965838111937046
test_04084,38.005085811018944
test_04085,9.504420198500156
test_04086,10.421357054263353
test_04087,11.765361357480288
test_04088,129.52572336792946
test_04089,151.19963124394417
test_04090,200.23494470119476
test_04091,228.64958399534225
test_04092,275.28323221206665
test_04093,7.554888963699341
test_04094,104.26259930431843
test_04095,145.64677761495113
test_04096,9.484133705496788
test_04097,59.062732964754105
test_04098,90.62239521741867
test_04099,15.88379056751728
test_04100,30.176490277051926
test_04101,8.831036396324635
test_04102,27.581813652068377
test_04103,6.929625228047371
