id,PM2.5
test_00001,181.90662196278572
test_00002,162.851595595479
test_00003,414.8904944062233
test_00004,59.01440862193704
test_00005,47.971410471946
test_00006,115.89328920841217
test_00007,9.946310676634312
test_00008,8.380915440618992
test_00009,52.962400298565626
test_00010,119.36636503785849
test_00011,10.90146205574274
test_00012,115.64096713066101
test_00013,261.34023866057396
test_00014,327.2331746816635
test_00015,69.5346340239048
test_00016,48.050038274377584
test_00017,46.83648481220007
test_00018,128.17394913733006
test_00019,55.687085784971714
test_00020,13.067336741834879
test_00021,28.023696701973677
test_00022,32.96592020615935
test_00023,11.74830985814333
test_00024,50.54918787628412
test_00025,9.69831182807684
test_00026,10.521649286150932
test_00027,104.89338964223862
test_00028,68.21147333085537
test_00029,11.100107751786709
test_00030,10.271756239235401
test_00031,56.74773287028074
test_00032,100.55375149101019
test_00033,99.34604775905609
test_00034,15.25838940963149
test_00035,13.798196464776993
test_00036,78.26930262893438
test_00037,96.76677356660366
test_00038,11.620990015566349
test_00039,34.144327003508806
test_00040,81.81074787676334
test_00041,13.119798608124256
test_00042,15.899363849312067
test_00043,28.870540790259838
test_00044,68.49662818014622
test_00045,70.19861368834972
test_00046,55.64023965969682
test_00047,24.234679728746414
test_00048,58.54271237552166
test_00049,56.37509576976299
test_00050,73.859259724617
test_00051,94.39641088247299
test_00052,105.45872242748737
test_00053,57.553777411580086
test_00054,172.88912354409695
test_00055,181.7343761920929
test_00056,29.486849796026945
test_00057,11.11414710432291
test_00058,24.461433842778206
test_00059,55.72862072661519
test_00060,31.69567821547389
test_00061,28.055456094443798
test_00062,55.82727503404021
test_00063,25.262141201645136
test_00064,52.32428201287985
test_00065,138.78983898460865
test_00066,22.070487536489964
test_00067,35.327807281166315
test_00068,63.494919419288635
test_00069,56.69956823438406
test_00070,39.19180108234286
test_00071,48.601231426000595
test_00072,75.94752798974514
test_00073,122.33386818319559
test_00074,87.28287151455879
test_00075,60.63176431879401
test_00076,76.54168230295181
test_00077,56.38480446487665
test_00078,11.708925388753414
test_00079,19.045980162918568
test_00080,56.12130290269852
test_00081,36.78610231354833
test_00082,14.197682898491621
test_00083,87.78197421133518
test_00084,32.737955290824175
test_00085,34.955092184245586
test_00086,40.4819395840168
test_00087,71.08401399850845
test_00088,73.93976686894894
test_00089,80.40219969302416
test_00090,126.51823406666517
test_00091,77.76662695407867
test_00092,200.4775506556034
test_00093,48.79789749905467
test_00094,10.072895124554634
test_00095,63.346198849380016
test_00096,47.84426147863269
test_00097,61.48495211452246
test_00098,16.02696967869997
test_00099,96.53663218021393
test_00100,16.667684130370617
test_00101,14.517761565744877
test_00102,116.92779635637999
test_00103,85.3156388103962
test_00104,149.22372236847878
test_00105,53.256160750985146
test_00106,103.43213817477226
test_00107,10.409163616597652
test_00108,17.97621864080429
test_00109,29.708185017108917
test_00110,64.03052814677358
test_00111,95.41485819965601
test_00112,125.96393220126629
test_00113,55.93956385552883
test_00114,23.136438377201557
test_00115,37.403384417295456
test_00116,112.30908707529306
test_00117,51.0948655679822
test_00118,87.07843922823668
test_00119,85.74193743616343
test_00120,80.69227945804596
test_00121,64.36565640568733
test_00122,104.29185166954994
test_00123,75.37495268136263
test_00124,51.90420824289322
test_00125,23.7496535256505
test_00126,65.9916214197874
test_00127,35.27867326140404
test_00128,35.48632197082043
test_00129,86.46407270431519
test_00130,110.89851098507643
test_00131,71.73489026725292
test_00132,8.804859317839146
test_00133,23.139131110161543
test_00134,64.54359219968319
test_00135,143.789200425148
test_00136,117.90497243404388
test_00137,38.53826179355383
test_00138,19.950203604996204
test_00139,117.50658909231424
test_00140,101.3037426173687
test_00141,42.70215919241309
test_00142,80.27828197926283
test_00143,90.95220857858658
test_00144,54.261694092303514
test_00145,87.14908168464899
test_00146,80.07974027842283
test_00147,112.77766717970371
test_00148,13.910741560161114
test_00149,43.11743804067373
test_00150,50.60289025679231
test_00151,65.88866616785526
test_00152,88.99914893507957
test_00153,58.31099620461464
test_00154,34.384685918688774
test_00155,13.383017897605896
test_00156,11.113641984760761
test_00157,23.322693787515163
test_00158,78.33667666465044
test_00159,67.25643337517977
test_00160,23.332350485026836
test_00161,58.33280177041888
test_00162,58.18893554806709
test_00163,33.14609561115503
test_00164,80.33533077687025
test_00165,111.34115171432495
test_00166,9.252380393445492
test_00167,20.645886950194836
test_00168,11.0996620580554
test_00169,18.88457217812538
test_00170,24.55619204416871
test_00171,22.363776296377182
test_00172,8.616442292928696
test_00173,11.636292167007923
test_00174,10.868257872760296
test_00175,138.03062942624092
test_00176,35.09588683396578
test_00177,11.339452713727951
test_00178,9.735348977148533
test_00179,9.673345550894737
test_00180,12.32528267800808
test_00181,25.376550782471895
test_00182,38.374135076999664
test_00183,65.54672993719578
test_00184,82.06650179624557
test_00185,156.90540239214897
test_00186,34.143717888742685
test_00187,26.753814980387688
test_00188,12.915362607687712
test_00189,17.277601145207882
test_00190,43.6038458943367
test_00191,89.68620067834854
test_00192,97.68699741363525
test_00193,25.00715610384941
test_00194,182.89401185512543
test_00195,31.84316198527813
test_00196,9.99141488224268
test_00197,34.25040953978896
test_00198,88.114766292274
test_00199,202.16527396440506
test_00200,168.56305676698685
test_00201,93.87402811646461
test_00202,39.891038835048676
test_00203,58.73600974678993
test_00204,51.68226762115955
test_00205,55.308038122951984
test_00206,20.996618203818798
test_00207,41.647462118417025
test_00208,136.86424893140793
test_00209,49.30249337106943
test_00210,122.3568139821291
test_00211,224.01644909381866
test_00212,273.22528597712517
test_00213,115.1496492177248
test_00214,102.72555761784315
test_00215,58.78921815007925
test_00216,181.6459802687168
test_00217,38.072359565645456
test_00218,36.72740073502064
test_00219,12.726778447628021
test_00220,23.106331765651703
test_00221,47.39085724577308
test_00222,116.97481704503298
test_00223,6.874203212559223
test_00224,67.49555549025536
test_00225,5.9248161390423775
test_00226,26.16134687513113
test_00227,10.213221795856953
test_00228,7.620651073753834
test_00229,68.62448285520077
test_00230,116.14127320051193
test_00231,299.602243244648
test_00232,231.64021864533424
test_00233,99.22091924399137
test_00234,106.19893057644367
test_00235,12.897753991186619
test_00236,92.18762703239918
test_00237,215.38336151838303
test_00238,20.473039492964745
test_00239,66.48478153347969
test_00240,58.20533707737923
test_00241,9.091923221945763
test_00242,24.957253262400627
test_00243,92.05414918810129
test_00244,66.10487219691277
test_00245,199.6918817460537
test_00246,25.367596052587032
test_00247,74.35992977768183
test_00248,8.783659152686596
test_00249,8.830657556653023
test_00250,12.888223573565483
test_00251,73.80103726685047
test_00252,194.2139195203781
test_00253,241.60393971204758
test_00254,16.10029001161456
test_00255,64.00878200680017
test_00256,154.86032184958458
test_00257,9.205530554056168
test_00258,129.12596580386162
test_00259,137.76933404803276
test_00260,530.0588242411613
test_00261,63.67814039811492
test_00262,30.37903207913041
test_00263,112.18325287848711
test_00264,193.03294998407364
test_00265,8.005099058151245
test_00266,18.586592491716146
test_00267,107.92428529262543
test_00268,223.28955233097076
test_00269,12.14507756009698
test_00270,15.606658205389977
test_00271,9.071904145181179
test_00272,56.80656072869897
test_00273,261.7262391448021
test_00274,193.10675686597824
test_00275,192.500940233469
test_00276,407.1802008450031
test_00277,395.7990251481533
test_00278,13.032516919076443
test_00279,82.16710229963064
test_00280,169.44303447008133
test_00281,179.75866045057774
test_00282,11.925948522984982
test_00283,147.5965836942196
test_00284,12.932770662009716
test_00285,318.0056505203247
test_00286,280.42157581448555
test_00287,444.07526275515556
test_00288,77.76599555462599
test_00289,281.65180936455727
test_00290,329.4179356396198
test_00291,247.41025936603546
test_00292,182.03310984373093
test_00293,105.46909223496914
test_00294,17.60719908773899
test_00295,14.098972879350185
test_00296,6.963572233915329
test_00297,38.205681417137384
test_00298,82.7549351900816
test_00299,11.443618766963482
test_00300,30.775762639939785
test_00301,81.43996040523052
test_00302,125.80513152480125
test_00303,168.1298721730709
test_00304,67.82035479694605
test_00305,8.413384228944778
test_00306,77.12846038490534
test_00307,11.396876636892557
test_00308,23.41346674412489
test_00309,70.19190599769354
test_00310,201.29331874847412
test_00311,260.63865730166435
test_00312,9.733677625656128
test_00313,633.9730902314186
test_00314,8.518352530896664
test_00315,9.796824999153614
test_00316,89.49230904877186
test_00317,9.662834607064724
test_00318,58.87553045526147
test_00319,83.40832962840796
test_00320,274.8364093899727
test_00321,9.385939948260784
test_00322,10.222477369010448
test_00323,81.32829926908016
test_00324,8.032694928348064
test_00325,7.06161742657423
test_00326,9.15183188766241
test_00327,103.39566557109356
test_00328,146.37792332470417
test_00329,170.13752929866314
test_00330,259.195352435112
test_00331,318.76285445690155
test_00332,6.3788146302104
test_00333,77.61191180348396
test_00334,162.33008936047554
test_00335,6.495853804051876
test_00336,52.064546562731266
test_00337,87.99156911671162
test_00338,16.683729104697704
test_00339,27.56939736753702
test_00340,13.166797012090683
test_00341,23.004019055515528
test_00342,8.698539078235626
test_00343,121.54429202526808
test_00344,198.15432751178741
test_00345,253.7806192934513
test_00346,41.50283821672201
test_00347,27.945982571691275
test_00348,84.11470219492912
test_00349,7.857953272759914
test_00350,9.983882658183575
test_00351,14.499086998403072
test_00352,13.98661720380187
test_00353,88.65797038376331
test_00354,14.195279866456985
test_00355,74.81556990742683
test_00356,211.66603809595108
test_00357,261.1848401129246
test_00358,71.63136304169893
test_00359,39.03727535158396
test_00360,24.436942972242832
test_00361,108.37830606848001
test_00362,53.31523745507002
test_00363,9.826433919370174
test_00364,10.642781414091587
test_00365,12.907247267663479
test_00366,9.705799482762814
test_00367,22.195222355425358
test_00368,6.753279075026512
test_00369,7.994550973176956
test_00370,55.21178313344717
test_00371,57.24985885620117
test_00372,9.060108117759228
test_00373,16.637272961437702
test_00374,40.81498051062226
test_00375,45.95111421495676
test_00376,85.30041094124317
test_00377,17.38096494972706
test_00378,12.403591066598892
test_00379,11.692390151321888
test_00380,47.07071915268898
test_00381,29.347592789679766
test_00382,101.3842720463872
test_00383,15.41449735313654
test_00384,33.29594898596406
test_00385,84.66405685991049
test_00386,9.536814704537392
test_00387,17.189792051911354
test_00388,26.397096574306488
test_00389,81.38481323421001
test_00390,69.38664884865284
test_00391,36.37455243617296
test_00392,14.410527653992176
test_00393,45.736378975212574
test_00394,89.94617383182049
test_00395,75.04410679638386
test_00396,74.72149881720543
test_00397,75.3335328772664
test_00398,51.454822681844234
test_00399,152.16363707184792
test_00400,34.86599800735712
test_00401,11.067141272127628
test_00402,15.370481383055449
test_00403,13.03366458043456
test_00404,18.777457118034363
test_00405,71.85007238388062
test_00406,19.202578369528055
test_00407,40.39454275742173
test_00408,184.0171006321907
test_00409,15.548094049096107
test_00410,30.56977042555809
test_00411,59.955030385404825
test_00412,13.331050008535385
test_00413,18.89277294278145
test_00414,42.26806092634797
test_00415,77.14561216533184
test_00416,102.88551709800959
test_00417,76.94669905304909
test_00418,47.14255755394697
test_00419,74.24967257678509
test_00420,16.45187922567129
test_00421,13.930972341448069
test_00422,18.86546677350998
test_00423,19.564425967633724
test_00424,85.06741711497307
test_00425,12.709816087037325
test_00426,68.63740054517984
test_00427,41.91610401496291
test_00428,54.652277793735266
test_00429,88.52571819722652
test_00430,98.63282636553049
test_00431,68.96517114341259
test_00432,70.79295370727777
test_00433,111.73697231709957
test_00434,66.3124317675829
test_00435,129.00276120007038
test_00436,45.13017236068845
test_00437,7.169170752167702
test_00438,37.64662177115679
test_00439,25.271166499704123
test_00440,34.062185648828745
test_00441,9.182272769510746
test_00442,17.771325804293156
test_00443,19.954188849776983
test_00444,21.27398084104061
test_00445,49.745910350233316
test_00446,145.29065346717834
test_00447,94.7032933011651
test_00448,58.92532930150628
test_00449,35.48109249770641
test_00450,13.126120030879974
test_00451,28.71942461654544
test_00452,76.84068337082863
test_00453,62.92015649750829
test_00454,118.84908546507359
test_00455,7.41082589328289
test_00456,17.506186317652464
test_00457,31.69653246179223
test_00458,94.33089390397072
test_00459,40.90161222964525
test_00460,82.74331744015217
test_00461,73.22249709069729
test_00462,66.29886039346457
test_00463,45.47312254458666
test_00464,82.0038818269968
test_00465,52.3008050955832
test_00466,40.964109633117914
test_00467,6.688586629927158
test_00468,40.367994267493486
test_00469,19.946051225066185
test_00470,25.879898712038994
test_00471,63.018755093216896
test_00472,104.21615801751614
test_00473,26.586189568042755
test_00474,3.7093468829989433
test_00475,12.617535199970007
test_00476,91.04653965681791
test_00477,153.25181317329407
test_00478,64.3946190699935
test_00479,32.66143710538745
test_00480,21.958807829767466
test_00481,13.485468029975891
test_00482,62.44638034701347
test_00483,135.0206813812256
test_00484,29.676696754992008
test_00485,39.956373821944
test_00486,60.02521971985698
test_00487,20.701814085245132
test_00488,38.73426304012537
test_00489,65.59022964537144
test_00490,93.82695543020964
test_00491,17.177713751792908
test_00492,33.45560762286186
test_00493,45.35929607972503
test_00494,94.26360900700092
test_00495,57.70910167694092
test_00496,22.89508779346943
test_00497,7.62798273563385
test_00498,17.11779022961855
test_00499,20.705851327627897
test_00500,58.74409165978432
test_00501,53.53216030821204
test_00502,13.842680413275957
test_00503,38.22622789815068
test_00504,39.399524074047804
test_00505,35.674909844994545
test_00506,60.387483298778534
test_00507,51.73765992373228
test_00508,6.182204268872738
test_00509,11.201569929718971
test_00510,8.254338420927525
test_00511,17.01617205888033
test_00512,17.717849984765053
test_00513,14.819979056715965
test_00514,8.436270602047443
test_00515,15.009933724999428
test_00516,15.058105789124966
test_00517,127.28941050171852
test_00518,36.581339471042156
test_00519,11.038668870925903
test_00520,51.19851164519787
test_00521,9.101706199347973
test_00522,10.89693083614111
test_00523,13.85607722401619
test_00524,18.150692880153656
test_00525,23.932172536849976
test_00526,113.77418636530638
test_00527,24.339529179036617
test_00528,46.91166220232844
test_00529,27.220567740499973
test_00530,27.630843676626682
test_00531,10.17311678826809
test_00532,12.255966160446405
test_00533,22.284925647079945
test_00534,80.49359662085772
test_00535,99.9489376693964
test_00536,15.172779072076082
test_00537,115.02120028436184
test_00538,22.30405705049634
test_00539,11.623471044003963
test_00540,9.70366758108139
test_00541,30.741834204643965
test_00542,111.24430246651173
test_00543,167.77973517775536
test_00544,157.28248900175095
test_00545,136.0681507885456
test_00546,51.03491233289242
test_00547,55.660151027143
test_00548,58.58029178529978
test_00549,35.5089260712266
test_00550,17.29891273379326
test_00551,57.70598182082176
test_00552,105.17727426439524
test_00553,67.40785782039165
test_00554,115.008475728333
test_00555,151.8543553352356
test_00556,236.3194679915905
test_00557,160.42926502227783
test_00558,19.225903008133173
test_00559,92.35484389215708
test_00560,145.92136952280998
test_00561,98.68261778354645
test_00562,32.994518887251616
test_00563,13.118361245840788
test_00564,34.1180125027895
test_00565,50.25587683171034
test_00566,99.82453712075949
test_00567,22.018148235976696
test_00568,47.075242944061756
test_00569,6.00536785274744
test_00570,30.667154505848885
test_00571,8.866261057555676
test_00572,2.7093735709786415
test_00573,67.44291163235903
test_00574,30.351113080978394
test_00575,270.35183906555176
test_00576,239.3390430212021
test_00577,160.20062413811684
test_00578,74.15179823338985
test_00579,19.267029397189617
test_00580,50.50281344354153
test_00581,226.10800063610077
test_00582,25.235860127955675
test_00583,39.74185771495104
test_00584,54.4258505217731
test_00585,45.09460228681564
test_00586,18.77236135303974
test_00587,93.58028623461723
test_00588,115.17647998034954
test_00589,186.64024594426155
test_00590,15.7316530123353
test_00591,59.08789609000087
test_00592,8.04779651761055
test_00593,9.970014154911041
test_00594,14.588006611913443
test_00595,61.91482371836901
test_00596,121.14645837247372
test_00597,207.01216357946396
test_00598,17.92382362857461
test_00599,72.79052329808474
test_00600,114.96257670223713
test_00601,18.68664702028036
test_00602,27.9993803948164
test_00603,87.39832847565413
test_00604,170.72496849298477
test_00605,152.81895542144775
test_00606,34.50052171945572
test_00607,100.44223149120808
test_00608,176.14912062883377
test_00609,13.52214490994811
test_00610,83.41665667295456
test_00611,69.07918702811003
test_00612,206.69289830327034
test_00613,48.107837323099375
test_00614,9.93868188560009
test_00615,10.248520739376545
test_00616,81.18503101915121
test_00617,158.12743517756462
test_00618,232.70955675840378
test_00619,197.24356722831726
test_00620,307.87954837083817
test_00621,409.0135174393654
test_00622,8.71996209025383
test_00623,60.97319171577692
test_00624,222.19855350255966
test_00625,220.66619902849197
test_00626,11.62228624150157
test_00627,86.97027678787708
test_00628,8.807459197938442
test_00629,52.302079036831856
test_00630,116.17120896279812
test_00631,369.5298960506916
test_00632,8.854138188064098
test_00633,149.48008540272713
test_00634,169.45159178972244
test_00635,197.39332032203674
test_00636,169.2800591289997
test_00637,252.6391085088253
test_00638,21.761428646743298
test_00639,8.564823530614376
test_00640,8.189935676753521
test_00641,15.888269789516926
test_00642,23.511946488171816
test_00643,9.281023643910885
test_00644,23.581092156469822
test_00645,98.31059722602367
test_00646,118.88202223181725
test_00647,171.95211189985275
test_00648,54.02634923160076
test_00649,9.090207301080227
test_00650,49.804247945547104
test_00651,12.200948983430862
test_00652,35.414836410433054
test_00653,42.8943163305521
test_00654,99.46285665780306
test_00655,207.65862748026848
test_00656,9.874984823167324
test_00657,260.696359783411
test_00658,10.859165720641613
test_00659,15.058833755552769
test_00660,61.523036643862724
test_00661,11.391294322907925
test_00662,93.65577932447195
test_00663,99.94361905753613
test_00664,246.02694487571716
test_00665,12.073391437530518
test_00666,13.995126239955425
test_00667,87.67212556302547
test_00668,8.797995634377003
test_00669,8.553101785480976
test_00670,11.762705765664577
test_00671,54.515267826616764
test_00672,74.55034499615431
test_00673,78.88239892572165
test_00674,226.61921134591103
test_00675,230.02888724207878
test_00676,7.890266068279743
test_00677,59.18842231109738
test_00678,124.53086343407631
test_00679,4.706393472850323
test_00680,39.507686514407396
test_00681,106.22427569329739
test_00682,15.196044284850359
test_00683,21.27225749194622
test_00684,13.909352481365204
test_00685,65.68764343857765
test_00686,71.37205100059509
test_00687,9.556284092366695
test_00688,161.01823443174362
test_00689,196.16017490625381
test_00690,364.24500834941864
test_00691,50.81610642373562
test_00692,32.77498872578144
test_00693,43.03651491552591
test_00694,5.65866269916296
test_00695,6.691899619996548
test_00696,8.707846648991108
test_00697,12.264371201395988
test_00698,93.48224847018719
test_00699,13.711338184773922
test_00700,97.83334837853909
test_00701,215.8413266837597
test_00702,294.5927051305771
test_00703,62.665104545652866
test_00704,49.91189040988684
test_00705,41.70822874456644
test_00706,149.63426572084427
test_00707,89.41042025387287
test_00708,6.583774320781231
test_00709,7.871457792818546
test_00710,10.001643553376198
test_00711,8.287171192467213
test_00712,21.85702995210886
test_00713,6.69285786151886
test_00714,6.351939298212528
test_00715,58.11214251816273
test_00716,100.90385134518147
test_00717,10.893253862857819
test_00718,9.656372047960758
test_00719,39.886871598660946
test_00720,48.56047273427248
test_00721,73.2950114607811
test_00722,19.058593295514584
test_00723,15.974868081510067
test_00724,13.921022228896618
test_00725,61.76135279610753
test_00726,30.038611207157373
test_00727,101.22109614312649
test_00728,14.980696216225624
test_00729,40.76333574950695
test_00730,89.24696950614452
test_00731,8.800224103033543
test_00732,9.96523780375719
test_00733,21.774714034050703
test_00734,112.45981326699257
test_00735,61.23387797921896
test_00736,44.40303046628833
test_00737,9.594584040343761
test_00738,47.71806329861283
test_00739,120.27925722301006
test_00740,90.4649910479784
test_00741,67.9458918645978
test_00742,50.06328885629773
test_00743,48.76827743649483
test_00744,141.05030845105648
test_00745,206.97264540195465
test_00746,26.57809279859066
test_00747,25.815700244158506
test_00748,117.98123063147068
test_00749,12.363924324512482
test_00750,12.425337206572294
test_00751,59.61390754580498
test_00752,17.99314757436514
test_00753,39.98392140865326
test_00754,169.6849570274353
test_00755,19.880667954683304
test_00756,27.671906925737858
test_00757,47.66602112725377
test_00758,10.60696992278099
test_00759,17.370405722409487
test_00760,44.291573606431484
test_00761,71.05935227870941
test_00762,85.01602862775326
test_00763,59.803152818232775
test_00764,36.732793629169464
test_00765,62.59394211322069
test_00766,23.668143570423126
test_00767,14.83505093306303
test_00768,16.10533006489277
test_00769,17.653740655630827
test_00770,83.11227013915777
test_00771,12.931719567626715
test_00772,75.51989971101284
test_00773,35.03409882634878
test_00774,24.593745455145836
test_00775,44.518483713269234
test_00776,101.47457702457905
test_00777,67.57194739580154
test_00778,83.61632746458054
test_00779,83.90926709771156
test_00780,48.89950452744961
test_00781,105.44359855353832
test_00782,48.94134774059057
test_00783,7.075285367667675
test_00784,14.80208445340395
test_00785,29.87721436470747
test_00786,32.54561244696379
test_00787,9.675343744456768
test_00788,15.572484638541937
test_00789,13.98144344240427
test_00790,16.507104393094778
test_00791,39.56277425959706
test_00792,157.6071620285511
test_00793,57.23107286542654
test_00794,49.10212432593107
test_00795,14.107281353324652
test_00796,5.823420815169811
test_00797,16.925001692026854
test_00798,37.99993804842234
test_00799,82.70141480118036
test_00800,72.865065574646
test_00801,117.91194011271
test_00802,4.94934855401516
test_00803,9.591791026294231
test_00804,24.310822788625956
test_00805,75.70995837450027
test_00806,56.40269163995981
test_00807,84.40033987909555
test_00808,57.68406854569912
test_00809,96.4769686460495
test_00810,70.08002944290638
test_00811,102.46113495528698
test_00812,61.915332552045584
test_00813,35.86053756996989
test_00814,7.887428484857082
test_00815,45.2692102342844
test_00816,16.444350715726614
test_00817,18.079619586467743
test_00818,67.19476421922445
test_00819,100.50078079104424
test_00820,33.277597546577454
test_00821,5.191360250115395
test_00822,13.802003432065248
test_00823,97.06050802022219
test_00824,159.0713550746441
test_00825,72.11236314475536
test_00826,7.716126099228859
test_00827,28.909828692674637
test_00828,13.630522768944502
test_00829,65.36996037513018
test_00830,139.6988610625267
test_00831,35.38005744293332
test_00832,33.643226113170385
test_00833,53.504025891423225
test_00834,26.949199683964252
test_00835,41.7171017639339
test_00836,62.62651489675045
test_00837,94.74662958830595
test_00838,18.242305226624012
test_00839,33.99536130204797
test_00840,48.2241559587419
test_00841,114.94158452749252
test_00842,115.55784524977207
test_00843,10.756938435137272
test_00844,18.72793683037162
test_00845,9.587103813886642
test_00846,10.967818424105644
test_00847,23.497918277978897
test_00848,48.7463121637702
test_00849,39.685146901756525
test_00850,12.129779122769833
test_00851,32.120413199067116
test_00852,45.17238698527217
test_00853,32.26241122186184
test_00854,57.90418925136328
test_00855,50.632168620824814
test_00856,4.379922814667225
test_00857,11.612157851457596
test_00858,6.255684308707714
test_00859,8.888605169951916
test_00860,17.03724594414234
test_00861,13.540381211787462
test_00862,3.654831111431122
test_00863,9.794670812785625
test_00864,11.149550043046474
test_00865,119.59522134065628
test_00866,27.755868196487427
test_00867,10.341180466115475
test_00868,47.30167764425278
test_00869,7.629134111106396
test_00870,10.813675247132778
test_00871,13.304315812885761
test_00872,17.136494509875774
test_00873,20.29603222757578
test_00874,118.3130793273449
test_00875,20.06170132011175
test_00876,34.84303363785148
test_00877,21.892154332250357
test_00878,24.170239843428135
test_00879,8.618826754391193
test_00880,9.002309069037437
test_00881,78.42796216905117
test_00882,20.941203616559505
test_00883,110.61452979594469
test_00884,17.78085993602872
test_00885,8.749363020062447
test_00886,5.579225219786167
test_00887,24.934693731367588
test_00888,98.65013413876295
test_00889,162.40229174494743
test_00890,137.2345312833786
test_00891,98.79463547468185
test_00892,44.96454142779112
test_00893,73.18253321945667
test_00894,65.76319595426321
test_00895,31.644204303622246
test_00896,141.272308498621
test_00897,152.96089401841164
test_00898,11.862407453358173
test_00899,82.9147683903575
test_00900,151.1621781140566
test_00901,90.41622472554445
test_00902,32.664152123034
test_00903,8.981116332113743
test_00904,19.105554558336735
test_00905,43.992531683295965
test_00906,24.453652773052454
test_00907,38.26188339665532
test_00908,3.525535359978676
test_00909,32.25614922493696
test_00910,5.003403775393963
test_00911,9.270534984767437
test_00912,60.35151210054755
test_00913,22.33658155053854
test_00914,183.55672872066498
test_00915,257.7049823105335
test_00916,179.56661102175713
test_00917,50.710736997425556
test_00918,7.692496903240681
test_00919,55.768692307174206
test_00920,223.2276603281498
test_00921,15.78913264721632
test_00922,26.680141806602478
test_00923,45.351151026785374
test_00924,23.117503821849823
test_00925,25.149859808385372
test_00926,80.8623710423708
test_00927,114.89740142226219
test_00928,179.5969627648592
test_00929,13.04558688774705
test_00930,55.40491708368063
test_00931,5.148722216486931
test_00932,8.388848789036274
test_00933,6.667252756655216
test_00934,70.48623470962048
test_00935,109.49862411618233
test_00936,220.92740526795387
test_00937,7.054753743112087
test_00938,69.5120522081852
test_00939,101.79248293489218
test_00940,9.718405187129974
test_00941,16.65202170982957
test_00942,75.3733853250742
test_00943,171.9138416647911
test_00944,136.17229455709457
test_00945,23.749296970665455
test_00946,54.87644317001104
test_00947,143.0028184056282
test_00948,13.41454330086708
test_00949,31.1716500967741
test_00950,65.27909085154533
test_00951,199.68415638804436
test_00952,95.2924261316657
test_00953,9.597986169159412
test_00954,7.067827425897121
test_00955,88.23990223556757
test_00956,129.76620484888554
test_00957,227.56767731904984
test_00958,195.95081770420074
test_00959,361.08245477080345
test_00960,394.3650798499584
test_00961,6.351211331784725
test_00962,43.234072376042604
test_00963,196.4621769785881
test_00964,198.84975829720497
test_00965,10.257806025445461
test_00966,77.11961336433887
test_00967,9.095080219209194
test_00968,58.68988787382841
test_00969,129.28950569033623
test_00970,187.17969878017902
test_00971,15.712295047938824
test_00972,141.86062422394753
test_00973,75.52160077542067
test_00974,215.4497401714325
test_00975,171.13539299368858
test_00976,209.88873034715652
test_00977,21.312678199261427
test_00978,9.499762699007988
test_00979,7.441913031041622
test_00980,13.938248291611671
test_00981,20.134208261966705
test_00982,11.271528989076614
test_00983,28.823627810925245
test_00984,108.9758699387312
test_00985,128.48233948647976
test_00986,127.15959477424622
test_00987,47.58424746990204
test_00988,5.876005247235298
test_00989,59.27137705683708
test_00990,9.122728087008
test_00991,39.332443453371525
test_00992,46.59638588503003
test_00993,137.56639483571053
test_00994,202.5690724849701
test_00995,10.554586052894592
test_00996,278.5477902293205
test_00997,9.49629371613264
test_00998,9.821353010833263
test_00999,62.55690125003457
test_01000,8.219351463019848
test_01001,75.85623505711555
test_01002,103.91685982048512
test_01003,228.50633803009987
test_01004,12.25359284132719
test_01005,15.587199959903955
test_01006,86.30831760168076
test_01007,8.570751257240772
test_01008,6.977908715605736
test_01009,8.544804453849792
test_01010,53.259243465960026
test_01011,89.4201660901308
test_01012,43.61424170061946
test_01013,216.89476838707924
test_01014,253.95212224125862
test_01015,6.085369877517223
test_01016,54.01757649332285
test_01017,119.40455356240273
test_01018,5.139971762895584
test_01019,32.96598334610462
test_01020,90.32239876687527
test_01021,10.258236862719059
test_01022,17.660890325903893
test_01023,12.266517959535122
test_01024,30.850980885326862
test_01025,90.39766158163548
test_01026,10.113482967019081
test_01027,197.560262337327
test_01028,120.07137081027031
test_01029,369.7115311026573
test_01030,45.35961177945137
test_01031,46.45978447049856
test_01032,102.16029911488295
test_01033,7.449311546981335
test_01034,5.898416213691235
test_01035,9.532929740846157
test_01036,20.16529168561101
test_01037,111.2480165809393
test_01038,10.48888336867094
test_01039,117.90916195511818
test_01040,287.7094111442566
test_01041,303.06061860919
test_01042,60.494364369660616
test_01043,48.05667168274522
test_01044,58.984023451805115
test_01045,136.00198012590408
test_01046,56.98684384301305
test_01047,13.984767574816942
test_01048,42.407373644411564
test_01049,13.587130770087242
test_01050,51.36299863085151
test_01051,9.696878179907799
test_01052,11.769658587872982
test_01053,122.21240921318531
test_01054,67.37582729756832
test_01055,8.840247400105
test_01056,10.29121819883585
test_01057,77.71750407665968
test_01058,109.48168775439262
test_01059,114.87731549143791
test_01060,26.12010534852743
test_01061,23.76816838607192
test_01062,58.58764944598079
test_01063,61.284679636359215
test_01064,46.00674422085285
test_01065,97.32126856595278
test_01066,50.1945010907948
test_01067,37.85970422998071
test_01068,103.87826274335384
test_01069,11.902742736041546
test_01070,19.517616983503103
test_01071,35.12613086774945
test_01072,73.63489007204771
test_01073,92.07780809700489
test_01074,59.27193417400122
test_01075,26.640051655471325
test_01076,75.91669341176748
test_01077,76.928551889956
test_01078,99.83073969185352
test_01079,102.32262820005417
test_01080,68.72399883717299
test_01081,209.6603271663189
test_01082,37.16086760163307
test_01083,18.53408605605364
test_01084,61.300293773412704
test_01085,53.73738370090723
test_01086,37.15498073026538
test_01087,75.055739402771
test_01088,24.757021639496088
test_01089,62.02787393331528
test_01090,172.10231068730354
test_01091,27.636140003800392
test_01092,39.44797469675541
test_01093,66.60803070664406
test_01094,46.604880064725876
test_01095,46.58106887713075
test_01096,51.878755416721106
test_01097,83.44079098850489
test_01098,134.23623070120811
test_01099,84.30297808349133
test_01100,73.16621340066195
test_01101,86.26644467562437
test_01102,62.093858890235424
test_01103,11.76085613667965
test_01104,25.26175121963024
test_01105,80.50265163183212
test_01106,50.1536904014647
test_01107,18.28343904390931
test_01108,97.2779545634985
test_01109,38.35776326060295
test_01110,41.480991795659065
test_01111,46.10902350395918
test_01112,79.06870633363724
test_01113,139.31645584106445
test_01114,92.1179725304246
test_01115,179.57074111700058
test_01116,53.936263386160135
test_01117,14.46739074587822
test_01118,57.387203093618155
test_01119,67.08261281996965
test_01120,61.75271748006344
test_01121,15.64342050999403
test_01122,31.890190102159977
test_01123,31.58984823897481
test_01124,37.043739289045334
test_01125,103.93920393288136
test_01126,88.49596071243286
test_01127,166.01639249920845
test_01128,57.64923386648297
test_01129,120.91350168734789
test_01130,9.323342263698578
test_01131,19.370378345251083
test_01132,30.057627473026514
test_01133,77.54805874824524
test_01134,101.88477125018835
test_01135,126.62657478451729
test_01136,75.89094717055559
test_01137,38.589167445898056
test_01138,46.14084232226014
test_01139,138.7808062583208
test_01140,44.77660723775625
test_01141,96.59856875240803
test_01142,89.87793069332838
test_01143,102.73846045136452
test_01144,97.1087989360094
test_01145,162.37124174833298
test_01146,135.62394270300865
test_01147,24.301838345825672
test_01148,27.848605919629335
test_01149,32.37115306407213
test_01150,35.77548434957862
test_01151,96.2065068334341
test_01152,104.15430315583944
test_01153,100.57440196722746
test_01154,6.147989846765995
test_01155,28.60293884575367
test_01156,69.62795486301184
test_01157,27.80323801189661
test_01158,60.847238667309284
test_01159,115.48726964741945
test_01160,45.27880750596523
test_01161,68.28354200720787
test_01162,179.50213399529457
test_01163,91.30652023851871
test_01164,111.60042661428452
test_01165,77.71794234216213
test_01166,139.5143587142229
test_01167,24.535277865827084
test_01168,52.710951037704945
test_01169,49.01483892276883
test_01170,76.89624652266502
test_01171,80.41164840012789
test_01172,62.371711790561676
test_01173,34.4822631329298
test_01174,17.364147439599037
test_01175,12.680883135646582
test_01176,31.616749569773674
test_01177,90.68883329629898
test_01178,67.97207637131214
test_01179,35.16787379980087
test_01180,81.00423535704613
test_01181,72.68096435070038
test_01182,40.77897588536143
test_01183,86.05625551193953
test_01184,132.16256633400917
test_01185,10.961452431976795
test_01186,32.655962500721216
test_01187,15.878386531025171
test_01188,22.38427820801735
test_01189,29.331908084452152
test_01190,21.578735072165728
test_01191,8.554060027003288
test_01192,11.765758767724037
test_01193,12.793602794408798
test_01194,129.45475406944752
test_01195,33.66582649946213
test_01196,12.07578332722187
test_01197,48.93797903880477
test_01198,13.508228123188019
test_01199,10.635605745017529
test_01200,16.681088369339705
test_01201,31.68505584821105
test_01202,26.293807052075863
test_01203,63.610822074115276
test_01204,79.90675911307335
test_01205,164.6397931277752
test_01206,34.40400302782655
test_01207,30.06778557598591
test_01208,16.338836438953876
test_01209,33.70976447314024
test_01210,49.75336829200387
test_01211,87.66630183160305
test_01212,109.97321365773678
test_01213,30.76705675572157
test_01214,196.59056648612022
test_01215,50.411683931946754
test_01216,10.744800709187984
test_01217,9.25902123004198
test_01218,43.704008132219315
test_01219,96.72346699237823
test_01220,226.02982595562935
test_01221,199.22226911783218
test_01222,100.34091044962406
test_01223,63.07967399805784
test_01224,51.26825900003314
test_01225,52.56323327869177
test_01226,23.54290734604001
test_01227,54.89633225277066
test_01228,174.8693259358406
test_01229,47.48219846189022
test_01230,128.94786658883095
test_01231,306.5146261751652
test_01232,134.0786333978176
test_01233,118.91709090024233
test_01234,57.1915769726038
test_01235,209.72730007767677
test_01236,27.163838356733322
test_01237,46.583973314613104
test_01238,9.698608957231045
test_01239,19.48190948739648
test_01240,49.8895462974906
test_01241,129.09958073496819
test_01242,6.898181535303593
test_01243,6.193361468613148
test_01244,29.477690789848566
test_01245,8.370471350848675
test_01246,8.900653757154942
test_01247,80.10012333840132
test_01248,166.56750765442848
test_01249,281.46004220843315
test_01250,261.3447550237179
test_01251,102.01224708557129
test_01252,128.36305698752403
test_01253,12.857129007577896
test_01254,100.23396623879671
test_01255,199.5989991724491
test_01256,104.75948838889599
test_01257,53.76392847672105
test_01258,59.56902618706226
test_01259,9.866219513118267
test_01260,16.34405105561018
test_01261,91.26067321002483
test_01262,70.56410483270884
test_01263,199.7154738008976
test_01264,22.840731728821993
test_01265,77.00907389074564
test_01266,9.228810623288155
test_01267,8.736653320491314
test_01268,31.54514144361019
test_01269,103.61095792800188
test_01270,216.92314422130585
test_01271,290.13648092746735
test_01272,16.126808788627386
test_01273,141.54736095666885
test_01274,165.41356201469898
test_01275,8.962731465697289
test_01276,126.09888083487749
test_01277,205.46064427495003
test_01278,576.4402098059654
test_01279,62.2002274133265
test_01280,43.8613603040576
test_01281,114.44528227299452
test_01282,228.86363583803177
test_01283,8.29485198110342
test_01284,17.58957190066576
test_01285,205.18678033351898
test_01286,229.91057041287422
test_01287,11.502342630177736
test_01288,13.733645156025887
test_01289,9.801385931670666
test_01290,105.99349547922611
test_01291,289.07962223887444
test_01292,210.420234978199
test_01293,233.8335963487625
test_01294,438.72548204660416
test_01295,482.867850869894
test_01296,14.615710191428661
test_01297,97.13367607444525
test_01298,150.05467376112938
test_01299,177.90913546085358
test_01300,10.013929843902588
test_01301,167.225559592247
test_01302,14.459015417844057
test_01303,415.4920918047428
test_01304,375.4449352622032
test_01305,387.4291940033436
test_01306,85.82841687649488
test_01307,344.44791677594185
test_01308,304.46485099196434
test_01309,263.12741109728813
test_01310,169.15470033884048
test_01311,132.0854761749506
test_01312,19.730814579874277
test_01313,15.738743256777525
test_01314,7.634140737354755
test_01315,53.26710253208876
test_01316,90.8345900028944
test_01317,9.828246407210827
test_01318,35.52911599725485
test_01319,91.88798713684082
test_01320,144.23046693205833
test_01321,188.30801703035831
test_01322,71.0625167042017
test_01323,6.936318062245846
test_01324,78.71623687446117
test_01325,14.238196458667517
test_01326,34.65332781523466
test_01327,104.55062144994736
test_01328,150.59021934866905
test_01329,318.6116751432419
test_01330,11.611552450805902
test_01331,528.6944071650505
test_01332,10.279578164219856
test_01333,11.327277846634388
test_01334,75.50987160205841
test_01335,8.790834821760654
test_01336,87.05958638340235
test_01337,323.38764002919197
test_01338,8.983523078262806
test_01339,11.383520681411028
test_01340,63.860978823155165
test_01341,11.620626032352448
test_01342,11.482238128781319
test_01343,13.467057164758444
test_01344,135.438355833292
test_01345,167.96658484637737
test_01346,196.62198789417744
test_01347,274.7991196811199
test_01348,263.1159121990204
test_01349,6.997036404907703
test_01350,94.97793720662594
test_01351,168.67070665955544
test_01352,6.511750213801861
test_01353,47.29606933146715
test_01354,93.90597692877054
test_01355,13.104890152812004
test_01356,21.348842531442642
test_01357,12.267699047923088
test_01358,22.98061642050743
test_01359,110.75088979303837
test_01360,8.641356572508812
test_01361,172.90915004909039
test_01362,145.42448043823242
test_01363,371.5907838642597
test_01364,59.19898896664381
test_01365,60.02988836169243
test_01366,76.42216210067272
test_01367,7.402617700397968
test_01368,6.4920802637934685
test_01369,8.449581988155842
test_01370,13.666081700474024
test_01371,105.61530949175358
test_01372,10.701055869460106
test_01373,101.51899783313274
test_01374,269.1221403479576
test_01375,321.1349256336689
test_01376,71.11679477244616
test_01377,48.56038359552622
test_01378,52.9574790969491
test_01379,130.02608886361122
test_01380,63.51044813171029
test_01381,12.169936127960682
test_01382,30.796658247709274
test_01383,37.080568447709084
test_01384,15.442475777119398
test_01385,46.77615273743868
test_01386,9.66090326756239
test_01387,10.604169480502605
test_01388,123.62259903550148
test_01389,68.44413288682699
test_01390,9.480568155646324
test_01391,12.895161539316177
test_01392,60.615247651934624
test_01393,109.95647785812616
test_01394,122.79764965176582
test_01395,25.235358722507954
test_01396,20.50608768314123
test_01397,54.87135111913085
test_01398,59.11377603933215
test_01399,87.25369343161583
test_01400,67.16420448571444
test_01401,43.5667938888073
test_01402,93.70784378051758
test_01403,16.767593808472157
test_01404,22.11476720869541
test_01405,37.08777754381299
test_01406,72.94954682141542
test_01407,86.65462905913591
test_01408,49.44224435463548
test_01409,23.00688263773918
test_01410,58.042855713516474
test_01411,62.09798527136445
test_01412,70.96015571057796
test_01413,94.64755930006504
test_01414,127.46403330564499
test_01415,59.47415656223893
test_01416,198.98881474137306
test_01417,196.22792035341263
test_01418,28.492258235812187
test_01419,26.031564574688673
test_01420,59.383049335330725
test_01421,17.099390506744385
test_01422,22.609717525541782
test_01423,64.15611349791288
test_01424,24.474893793463707
test_01425,47.701836332678795
test_01426,181.7103532999754
test_01427,19.876805275678635
test_01428,29.429604150354862
test_01429,64.25999356433749
test_01430,37.7967834174633
test_01431,39.47495402395725
test_01432,49.21377060562372
test_01433,84.00015147775412
test_01434,93.41957650333643
test_01435,88.85066606849432
test_01436,68.51912828534842
test_01437,89.05281788855791
test_01438,60.40941885858774
test_01439,13.868961486965418
test_01440,17.082160729914904
test_01441,54.87497238069773
test_01442,37.01499204337597
test_01443,12.082290455698967
test_01444,95.67787692695856
test_01445,40.887153182178736
test_01446,44.80032928660512
test_01447,49.94676594436169
test_01448,79.20819361507893
test_01449,74.53359434008598
test_01450,104.175503320992
test_01451,131.6869516968727
test_01452,99.8769507035613
test_01453,199.76562920212746
test_01454,42.66109222918749
test_01455,9.943577088415623
test_01456,70.00324384123087
test_01457,40.219080563634634
test_01458,66.3999288752675
test_01459,16.95713249593973
test_01460,29.592624060809612
test_01461,32.07150574028492
test_01462,36.94073575362563
test_01463,110.06978063285351
test_01464,100.8429844379425
test_01465,169.27154637873173
test_01466,64.97413977235556
test_01467,82.85843270272017
test_01468,7.9524180591106415
test_01469,14.84509389847517
test_01470,30.604512251913548
test_01471,76.63467629998922
test_01472,102.75539681315422
test_01473,132.88612039387226
test_01474,82.32420191168785
test_01475,30.236837208271027
test_01476,33.98085397109389
test_01477,112.58396868407726
test_01478,49.46352623030543
test_01479,92.1794782653451
test_01480,109.05957122147083
test_01481,69.093033246696
test_01482,67.83256680518389
test_01483,131.40132144093513
test_01484,108.10566035658121
test_01485,89.72155161947012
test_01486,18.000286102294922
test_01487,51.535638097673655
test_01488,47.42718871310353
test_01489,35.818103812634945
test_01490,106.85782190412283
test_01491,136.93486167490482
test_01492,79.70701403915882
test_01493,10.590813525021076
test_01494,53.952809765934944
test_01495,118.52050518989563
test_01496,30.982356540858746
test_01497,46.74621697515249
test_01498,19.064677014946938
test_01499,119.09897108376026
test_01500,139.75540474057198
test_01501,56.88692673668265
test_01502,70.99962189048529
test_01503,147.28135937452316
test_01504,72.05463095009327
test_01505,97.26929324865341
test_01506,77.26204965263605
test_01507,112.25256568193436
test_01508,24.27111890539527
test_01509,45.37394454702735
test_01510,53.93691707029939
test_01511,77.35597217828035
test_01512,86.49932707846165
test_01513,79.69960809499025
test_01514,27.839970603585243
test_01515,16.105746045708656
test_01516,11.204741783440113
test_01517,25.213300596922636
test_01518,86.19820896536112
test_01519,63.63346331566572
test_01520,27.287830352783203
test_01521,71.37976893037558
test_01522,68.25524788349867
test_01523,34.129968237131834
test_01524,110.63448201864958
test_01525,134.65565821528435
test_01526,8.802972547709942
test_01527,29.62968349456787
test_01528,11.618724405765533
test_01529,22.225603811442852
test_01530,26.013227991759777
test_01531,21.251525305211544
test_01532,12.553760141134262
test_01533,20.38275308534503
test_01534,18.609991412609816
test_01535,138.81693716347218
test_01536,28.195515349507332
test_01537,19.058790143579245
test_01538,55.47012950479984
test_01539,22.602051593363285
test_01540,9.649248376488686
test_01541,12.799225963652134
test_01542,32.87981217727065
test_01543,40.705039009451866
test_01544,78.19203419238329
test_01545,55.62610745429993
test_01546,155.7253242433071
test_01547,33.921431854367256
test_01548,25.799124151468277
test_01549,12.095208145678043
test_01550,25.304348398000002
test_01551,49.71513891220093
test_01552,101.67616429924965
test_01553,72.75165137648582
test_01554,32.26674559339881
test_01555,184.8457344174385
test_01556,30.19820298999548
test_01557,10.057719253003597
test_01558,11.981511674821377
test_01559,37.34989374130964
test_01560,99.29883393645287
test_01561,198.8636936545372
test_01562,174.5273599922657
test_01563,86.81961745023727
test_01564,42.02291451767087
test_01565,63.15086242929101
test_01566,50.567375894635916
test_01567,53.94533325359225
test_01568,17.793172225356102
test_01569,45.186214633286
test_01570,169.16625866293907
test_01571,53.10969464853406
test_01572,122.81391747295856
test_01573,249.73981136083603
test_01574,267.63263189792633
test_01575,122.76320495456457
test_01576,132.24498996138573
test_01577,85.43942281603813
test_01578,236.90463414788246
test_01579,45.27905263751745
test_01580,41.15428714826703
test_01581,8.820012904703617
test_01582,19.84930968657136
test_01583,79.7363555431366
test_01584,111.26655001193285
test_01585,10.253601647913456
test_01586,51.32802652940154
test_01587,6.4021986946463585
test_01588,28.74817557632923
test_01589,11.35714304074645
test_01590,8.823140189051628
test_01591,74.4555459395051
test_01592,149.43697196245193
test_01593,264.54852041602135
test_01594,227.24353912472725
test_01595,101.06795577704906
test_01596,131.56833773851395
test_01597,13.4083481580019
test_01598,99.57272759079933
test_01599,216.19755482673645
test_01600,146.57906490564346
test_01601,78.95600524544716
test_01602,65.90581794828176
test_01603,23.929260671138763
test_01604,13.736300747841597
test_01605,83.39937861263752
test_01606,62.13197313249111
test_01607,200.52916198968887
test_01608,38.06344197690487
test_01609,70.94375418126583
test_01610,8.942496970295906
test_01611,8.596170656383038
test_01612,20.792869314551353
test_01613,104.12505821883678
test_01614,210.1321088373661
test_01615,312.8144773542881
test_01616,17.777780935168266
test_01617,105.2512519955635
test_01618,145.93653796613216
test_01619,8.184349648654461
test_01620,136.68819990754128
test_01621,182.78798131644726
test_01622,478.38405308127403
test_01623,88.28854227811098
test_01624,37.23718893900514
test_01625,126.36685419082642
test_01626,199.40785598754883
test_01627,8.610373429954052
test_01628,22.92579609155655
test_01629,153.23184609413147
test_01630,221.24961212277412
test_01631,11.844182293862104
test_01632,16.18336360901594
test_01633,12.873333688825369
test_01634,89.32108837366104
test_01635,263.5839500427246
test_01636,227.29422935843468
test_01637,197.27369612455368
test_01638,369.56124317646027
test_01639,485.152001529932
test_01640,14.224145963788033
test_01641,91.42320285737514
test_01642,178.7941049337387
test_01643,178.42819038033485
test_01644,13.032435208559036
test_01645,173.37663820385933
test_01646,12.780592251569033
test_01647,335.53921219706535
test_01648,254.8506110906601
test_01649,416.8390971124172
test_01650,129.24906641244888
test_01651,270.7154062986374
test_01652,257.3239141702652
test_01653,176.7322068810463
test_01654,142.5149917602539
test_01655,25.62352453544736
test_01656,11.653057679533958
test_01657,8.954627268016338
test_01658,69.96180175244808
test_01659,104.03749425709248
test_01660,12.246643733233213
test_01661,32.3349998742342
test_01662,86.68004103004932
test_01663,122.67809230834246
test_01664,182.4287075996399
test_01665,49.45997553691268
test_01666,6.731447510421276
test_01667,68.24019086360931
test_01668,10.130293048918247
test_01669,20.87717228382826
test_01670,70.08765080571175
test_01671,176.63257947564125
test_01672,284.05415800213814
test_01673,8.365531578660011
test_01674,531.7330281734467
test_01675,9.716354995965958
test_01676,11.105337224900723
test_01677,67.92294606566429
test_01678,9.869547359645367
test_01679,58.19088174402714
test_01680,83.02047951519489
test_01681,9.8658332452178
test_01682,10.812308453023434
test_01683,58.83489432930946
test_01684,10.288893163204193
test_01685,8.466726340353489
test_01686,10.43834912776947
test_01687,116.95207180827856
test_01688,151.72895197570324
test_01689,152.63720151782036
test_01690,244.18325847387314
test_01691,301.19711369276047
test_01692,6.912867143750191
test_01693,87.52473464608192
test_01694,149.5541597008705
test_01695,6.3843338042497635
test_01696,45.10310760885477
test_01697,84.72727108746767
test_01698,19.55583893507719
test_01699,33.84929260984063
test_01700,10.518343724310398
test_01701,22.060277435928583
test_01702,69.00935424864292
test_01703,10.053143464028835
test_01704,166.39740121364594
test_01705,186.28565201163292
test_01706,350.5424517095089
test_01707,68.51487933844328
test_01708,58.77093727886677
test_01709,50.09582821279764
test_01710,6.23510068655014
test_01711,7.01080834120512
test_01712,7.995494358241558
test_01713,15.368256628513336
test_01714,92.90950974076986
test_01715,9.639584250748158
test_01716,115.00476904213428
test_01717,258.4121496975422
test_01718,358.55620327591896
test_01719,96.72031742334366
test_01720,54.294370871037245
test_01721,60.98312325775623
test_01722,126.61091607809067
test_01723,64.56569118052721
test_01724,8.677494905889034
test_01725,40.642920445650816
test_01726,57.22546826675534
test_01727,11.500389005988836
test_01728,67.88088000565767
test_01729,9.055272340774536
test_01730,12.497249890118837
test_01731,90.74141030013561
test_01732,71.84305270761251
test_01733,9.97752409428358
test_01734,13.99556079134345
test_01735,70.03429383784533
test_01736,127.91240119934082
test_01737,84.5525665730238
test_01738,15.741547413170338
test_01739,20.768099885433912
test_01740,51.075622741132975
test_01741,56.16885842382908
test_01742,44.166419092565775
test_01743,128.39086827635765
test_01744,72.8982771858573
test_01745,75.38166780024767
test_01746,99.68496812880039
test_01747,19.91258705407381
test_01748,40.274528577923775
test_01749,44.18077414482832
test_01750,74.45377059280872
test_01751,87.05034566670656
test_01752,24.11307590827346
test_01753,15.760782811790705
test_01754,61.24151419848204
test_01755,57.174365766346455
test_01756,74.3944858983159
test_01757,75.96535573899746
test_01758,70.14718063175678
test_01759,42.83198606222868
test_01760,222.09595480561256
test_01761,206.02949804067612
test_01762,22.487166605889797
test_01763,11.879128396511078
test_01764,22.64203032106161
test_01765,48.47451326996088
test_01766,15.162476118654013
test_01767,22.28018643707037
test_01768,59.147927321493626
test_01769,29.297039978206158
test_01770,53.461566135287285
test_01771,196.5743432343006
test_01772,26.973222576081753
test_01773,37.884113389998674
test_01774,64.89650735259056
test_01775,51.23954518139362
test_01776,43.00035801157355
test_01777,53.533163119107485
test_01778,86.44168402254581
test_01779,102.95374538004398
test_01780,84.44978959858418
test_01781,41.91427295655012
test_01782,82.71957682073116
test_01783,27.87819255515933
test_01784,12.058007575571537
test_01785,15.886423874646425
test_01786,62.652729116380215
test_01787,21.518221005797386
test_01788,97.55191507190466
test_01789,40.43774162232876
test_01790,44.77198316529393
test_01791,65.0396790355444
test_01792,57.20500349625945
test_01793,72.69661562889814
test_01794,115.76161642372608
test_01795,92.17829717695713
test_01796,245.42175221443176
test_01797,38.939612712711096
test_01798,14.780847147107124
test_01799,42.4741794206202
test_01800,26.919093072414398
test_01801,59.09775706380606
test_01802,10.985155910253525
test_01803,26.97552904114127
test_01804,30.1406342163682
test_01805,36.663302548229694
test_01806,78.07458646595478
test_01807,106.25834897905588
test_01808,101.38718391209841
test_01809,78.84678056836128
test_01810,20.28293626010418
test_01811,12.861437380313873
test_01812,15.989100567996502
test_01813,42.88263915479183
test_01814,90.8337283283472
test_01815,99.6456950828433
test_01816,111.66401968151331
test_01817,54.956096068024635
test_01818,32.010735400021076
test_01819,42.503832910209894
test_01820,99.61273603141308
test_01821,53.67662078887224
test_01822,102.68565317243338
test_01823,91.51630827784538
test_01824,63.339639723300934
test_01825,103.82029284536839
test_01826,111.59928266704082
test_01827,81.62322966754436
test_01828,71.25527181476355
test_01829,15.979429014027119
test_01830,44.608714409172535
test_01831,24.576497107744217
test_01832,28.200963955372572
test_01833,76.2266214042902
test_01834,106.52396015822887
test_01835,52.84830270335078
test_01836,4.6795849949121475
test_01837,21.346599206328392
test_01838,53.48432622849941
test_01839,144.61530861258507
test_01840,141.04372704029083
test_01841,31.005554899573326
test_01842,35.141451589763165
test_01843,14.734346434473991
test_01844,75.03332843631506
test_01845,112.1786845177412
test_01846,53.58098605647683
test_01847,78.20706149935722
test_01848,66.84379526227713
test_01849,22.060489140450954
test_01850,36.96557203680277
test_01851,78.08272037655115
test_01852,91.4340703561902
test_01853,20.526195898652077
test_01854,38.89610557630658
test_01855,44.39611849933863
test_01856,67.33032196760178
test_01857,102.6927842721343
test_01858,77.86149286478758
test_01859,38.36087568849325
test_01860,17.00260439887643
test_01861,12.1846514493227
test_01862,24.77853750437498
test_01863,73.41577960550785
test_01864,69.40866611897945
test_01865,25.228027060627937
test_01866,66.61238364875317
test_01867,76.05366995185614
test_01868,45.14874664694071
test_01869,92.85194096714258
test_01870,84.83469070494175
test_01871,8.178525917232037
test_01872,9.395737782120705
test_01873,13.582139000296593
test_01874,12.77644358575344
test_01875,26.158108167350292
test_01876,13.552392657846212
test_01877,8.609236910939217
test_01878,20.698374815285206
test_01879,13.061201024800539
test_01880,141.509358137846
test_01881,16.440514035522938
test_01882,54.99041448533535
test_01883,10.616307206451893
test_01884,9.687013491988182
test_01885,13.786652997136116
test_01886,29.735052920877934
test_01887,37.8157402575016
test_01888,95.33180317282677
test_01889,50.06875603273511
test_01890,173.01042652130127
test_01891,63.47516775876284
test_01892,24.356108985841274
test_01893,16.467014241963625
test_01894,18.235827811062336
test_01895,85.94743195921183
test_01896,89.73941650986671
test_01897,91.71277007460594
test_01898,209.50659254193306
test_01899,27.54557503759861
test_01900,12.945079237222672
test_01901,9.356732152402401
test_01902,200.79319095611572
test_01903,198.5458843111992
test_01904,79.23949617147446
test_01905,34.32398986071348
test_01906,59.8725027628243
test_01907,56.23190180212259
test_01908,45.128712713718414
test_01909,34.60914471000433
test_01910,82.10609425604343
test_01911,156.0591488480568
test_01912,74.09903552383184
test_01913,122.77471870929003
test_01914,201.70591229200363
test_01915,264.25736355781555
test_01916,148.95434507727623
test_01917,96.28647914528847
test_01918,83.77656921744347
test_01919,202.4135253727436
test_01920,50.674628376960754
test_01921,52.83879828453064
test_01922,18.14859811961651
test_01923,17.807449281215668
test_01924,33.81804205104709
test_01925,92.44691678881645
test_01926,10.69929537922144
test_01927,37.959465343505144
test_01928,6.72413070499897
test_01929,29.24711485207081
test_01930,11.697196215391159
test_01931,8.35173735767603
test_01932,79.29835745692253
test_01933,148.228696256876
test_01934,315.57611456513405
test_01935,248.28040209412575
test_01936,78.97665572166443
test_01937,118.88280962407589
test_01938,10.679231733083725
test_01939,100.09638801217079
test_01940,216.80408456921577
test_01941,47.958065658807755
test_01942,75.9625850096345
test_01943,52.008043739944696
test_01944,11.804021574556828
test_01945,20.8741192817688
test_01946,81.6058401837945
test_01947,71.18927942961454
test_01948,169.05639515817165
test_01949,18.933631915599108
test_01950,65.6422718167305
test_01951,7.247947119176388
test_01952,7.727884985506535
test_01953,12.613962221890688
test_01954,105.95041175186634
test_01955,185.7931604385376
test_01956,438.58901062607765
test_01957,14.609964456409216
test_01958,114.42822705954313
test_01959,143.36558338999748
test_01960,12.146306931972504
test_01961,66.04618918895721
test_01962,99.18083652108908
test_01963,343.36966478824615
test_01964,128.98304668068886
test_01965,40.74194245040417
test_01966,71.0560095757246
test_01967,192.86418062448502
test_01968,6.967724613845348
test_01969,25.330722324550152
test_01970,108.46776422858238
test_01971,236.12464040517807
test_01972,13.203941870480776
test_01973,7.301096096634865
test_01974,97.54080986976624
test_01975,176.553216278553
test_01976,268.97470486164093
test_01977,205.67300248146057
test_01978,512.0401397943497
test_01979,437.57484939694405
test_01980,8.552507527172565
test_01981,99.86293363571167
test_01982,166.74367552995682
test_01983,167.35372625291348
test_01984,16.082759391516447
test_01985,191.65398843586445
test_01986,11.469669565558434
test_01987,67.38793531060219
test_01988,197.41939340531826
test_01989,408.05919802188873
test_01990,11.26207285374403
test_01991,191.89345967769623
test_01992,369.2391848862171
test_01993,266.9429951310158
test_01994,166.4938790500164
test_01995,244.11628556251526
test_01996,19.31908642500639
test_01997,17.52444861829281
test_01998,8.101740315556526
test_01999,62.59040256217122
test_02000,113.56789702177048
test_02001,8.894250623881817
test_02002,31.09877174347639
test_02003,97.9908268302679
test_02004,131.10790640115738
test_02005,177.89478412270546
test_02006,68.73924899101257
test_02007,6.840404771268368
test_02008,67.6247843876481
test_02009,15.634268932044506
test_02010,24.08305472135544
test_02011,44.874726712703705
test_02012,75.00910498201847
test_02013,228.9639763534069
test_02014,5.811000816524029
test_02015,511.4583014845848
test_02016,8.100061535835266
test_02017,11.492440801113844
test_02018,78.66625975072384
test_02019,9.093512862920761
test_02020,69.109902754426
test_02021,106.82752215862274
test_02022,278.14102041721344
test_02023,8.21669215708971
test_02024,15.50286727771163
test_02025,82.47135512530804
test_02026,10.737951882183552
test_02027,7.997069142758846
test_02028,10.0994733273983
test_02029,164.4790462553501
test_02030,182.72758981585503
test_02031,109.81120398640633
test_02032,217.72034174203873
test_02033,299.9283127784729
test_02034,6.878645293414593
test_02035,75.4814957678318
test_02036,138.80476972460747
test_02037,7.374583564698696
test_02038,54.340373892337084
test_02039,99.83180935680866
test_02040,20.45471405237913
test_02041,28.392095997929573
test_02042,10.178197696805
test_02043,26.741580687463284
test_02044,76.57481963187456
test_02045,8.493646241724491
test_02046,132.12188935279846
test_02047,145.83959957957268
test_02048,318.57084959745407
test_02049,45.14552650973201
test_02050,31.904459729790688
test_02051,102.41851177811623
test_02052,7.71201828867197
test_02053,9.013845108449459
test_02054,8.373747199773788
test_02055,17.089024413377047
test_02056,88.53652627021074
test_02057,10.249530978500843
test_02058,67.97914804518223
test_02059,203.0287015736103
test_02060,271.24744576215744
test_02061,24.916702561080456
test_02062,57.748712707310915
test_02063,33.690722208470106
test_02064,129.9550155699253
test_02065,58.00018425285816
test_02066,8.389346480369568
test_02067,15.430029779672623
test_02068,14.544369481503963
test_02069,9.742487505078316
test_02070,26.9978174418211
test_02071,10.385853834450245
test_02072,8.42685903608799
test_02073,54.28058036416769
test_02074,72.15578857064247
test_02075,8.502916671335697
test_02076,14.930674523115158
test_02077,85.84003462642431
test_02078,85.08492545038462
test_02079,8.708641469478607
test_02080,10.71747225522995
test_02081,51.230415888130665
test_02082,52.66109276562929
test_02083,33.4231016933918
test_02084,80.37897904962301
test_02085,38.89664412289858
test_02086,42.37383519113064
test_02087,81.26793748140335
test_02088,17.571688439697027
test_02089,17.938312388956547
test_02090,22.755121391266584
test_02091,50.49586804956198
test_02092,68.30960023403168
test_02093,36.78680428117514
test_02094,17.434329345822334
test_02095,32.583436988294125
test_02096,56.20855116471648
test_02097,63.668227426707745
test_02098,56.335087329149246
test_02099,62.06042443215847
test_02100,38.18166966736317
test_02101,126.51294516772032
test_02102,168.02562440931797
test_02103,37.86769700422883
test_02104,13.924914620816708
test_02105,57.39662580192089
test_02106,50.55894114077091
test_02107,28.213855646550655
test_02108,29.46024188026786
test_02109,49.192429304122925
test_02110,22.524318892508745
test_02111,83.1519665941596
test_02112,111.00398440659046
test_02113,14.672654993832111
test_02114,28.438968122005463
test_02115,67.48979118466377
test_02116,12.920807499438524
test_02117,20.904927860945463
test_02118,67.79497253894806
test_02119,101.80084712058306
test_02120,74.28666515648365
test_02121,46.900412149727345
test_02122,33.20672481507063
test_02123,54.57778751477599
test_02124,11.355389978736639
test_02125,11.571971133351326
test_02126,15.979573864489794
test_02127,66.60261552780867
test_02128,57.33630486950278
test_02129,17.523338098078966
test_02130,71.91858293861151
test_02131,30.224736623466015
test_02132,33.69489315897226
test_02133,50.636684983968735
test_02134,50.1438814252615
test_02135,89.96575464308262
test_02136,54.97403524070978
test_02137,59.04457465931773
test_02138,68.98799066245556
test_02139,75.87261430174112
test_02140,38.47772915661335
test_02141,10.171445436775684
test_02142,57.70531699433923
test_02143,18.7219385355711
test_02144,36.27934482693672
test_02145,12.048685148358345
test_02146,14.055614307522774
test_02147,16.28002343699336
test_02148,16.847194708883762
test_02149,57.55652957037091
test_02150,79.69538143277168
test_02151,110.77301105856895
test_02152,38.51357778906822
test_02153,32.17792626097798
test_02154,6.181476302444935
test_02155,14.673457242548466
test_02156,80.35501558333635
test_02157,66.26002561300993
test_02158,39.04959135502577
test_02159,114.45836338400841
test_02160,31.651862807571888
test_02161,12.864650089293718
test_02162,47.77456983551383
test_02163,63.257754642516375
test_02164,36.10809815302491
test_02165,88.18660469353199
test_02166,108.32084871828556
test_02167,62.48075819015503
test_02168,44.62079270929098
test_02169,119.46967684477568
test_02170,100.66097797453403
test_02171,87.9253464564681
test_02172,9.5665647611022
test_02173,38.13474554568529
test_02174,33.078966706991196
test_02175,17.838053584098816
test_02176,43.51266438513994
test_02177,82.4094408378005
test_02178,69.06081701815128
test_02179,8.782403782010078
test_02180,9.757596522569656
test_02181,75.31997635960579
test_02182,108.19119641184807
test_02183,104.09472876042128
test_02184,33.77854244410992
test_02185,26.691306434571743
test_02186,24.44428949058056
test_02187,172.90969973802567
test_02188,45.17108704522252
test_02189,33.63143751397729
test_02190,49.63278213888407
test_02191,32.01504377275705
test_02192,59.79017198830843
test_02193,69.86415768414736
test_02194,100.74612776190042
test_02195,19.72797328233719
test_02196,20.85328309983015
test_02197,33.011614955961704
test_02198,123.06586071103811
test_02199,118.37131664156914
test_02200,5.7989819422364235
test_02201,13.948027554899454
test_02202,10.937875233590603
test_02203,12.811077702790499
test_02204,23.48306182026863
test_02205,54.51620749756694
test_02206,50.95167902857065
test_02207,17.69854773208499
test_02208,45.860720098018646
test_02209,61.67084725573659
test_02210,44.888264659792185
test_02211,63.21769420430064
test_02212,93.21823436021805
test_02213,8.324371762573719
test_02214,13.745593462139368
test_02215,13.39372568950057
test_02216,12.47041541337967
test_02217,18.157422855496407
test_02218,19.272054594010115
test_02219,7.436133868992329
test_02220,12.945565786212683
test_02221,13.800476931035519
test_02222,109.11938332021236
test_02223,32.52373631298542
test_02224,14.023624639958143
test_02225,38.25368634611368
test_02226,13.694264400750399
test_02227,8.40256129950285
test_02228,11.152907602488995
test_02229,19.681550566107035
test_02230,29.968031890690327
test_02231,106.63496761023998
test_02232,90.18215380609035
test_02233,46.733730122447014
test_02234,29.213464975357056
test_02235,19.23460889235139
test_02236,11.33914815634489
test_02237,17.77846433222294
test_02238,81.59152598679066
test_02239,129.9063903838396
test_02240,18.31962937489152
test_02241,130.028971016407
test_02242,22.962840668857098
test_02243,8.225383184850216
test_02244,7.168925620615482
test_02245,19.433607429265976
test_02246,194.1613573729992
test_02247,145.47044631838799
test_02248,47.79745992273092
test_02249,33.57541009783745
test_02250,79.61341092735529
test_02251,81.34655785560608
test_02252,42.54496672749519
test_02253,11.355148561298847
test_02254,63.0923874117434
test_02255,122.85893996804953
test_02256,66.95483242720366
test_02257,105.43657887727022
test_02258,148.89070001244545
test_02259,251.79380577802658
test_02260,96.19181379675865
test_02261,70.48008413612843
test_02262,52.77313274145126
test_02263,179.6833530664444
test_02264,112.55257698893547
test_02265,35.297633815556765
test_02266,8.874625243246555
test_02267,17.045922115445137
test_02268,23.73610443621874
test_02269,7.881337337195873
test_02270,38.21013464033604
test_02271,4.64314953237772
test_02272,31.771984696388245
test_02273,8.179090462625027
test_02274,10.610074922442436
test_02275,69.24863978475332
test_02276,136.331228941679
test_02277,293.84928798675537
test_02278,210.0241321027279
test_02279,153.79870909452438
test_02280,72.10028484463692
test_02281,15.006561309099197
test_02282,44.26174183934927
test_02283,166.14825841784477
test_02284,71.16798269748688
test_02285,56.95899912714958
test_02286,52.572303146123886
test_02287,55.42174945026636
test_02288,14.652331359684467
test_02289,61.89302186667919
test_02290,131.17758318781853
test_02291,177.30444791913033
test_02292,17.583577319979668
test_02293,49.594459906220436
test_02294,7.504102163016796
test_02295,9.977390386164188
test_02296,10.096450038254261
test_02297,86.28043945878744
test_02298,100.4126077145338
test_02299,226.74483755230904
test_02300,30.119931742548943
test_02301,52.345638170838356
test_02302,85.65168445557356
test_02303,9.068048894405365
test_02304,31.673813223838806
test_02305,62.448133409023285
test_02306,273.86521303653717
test_02307,106.53345343470573
test_02308,14.187008533626795
test_02309,44.967018742114305
test_02310,134.6826523989439
test_02311,12.445983968675137
test_02312,16.3136176019907
test_02313,43.96461268514395
test_02314,196.77710416913033
test_02315,11.82973438873887
test_02316,11.627025451511145
test_02317,8.236079834401608
test_02318,23.32757041975856
test_02319,67.15691739320755
test_02320,104.79774376749992
test_02321,70.53919055312872
test_02322,371.81874135136604
test_02323,395.6616920530796
test_02324,11.131544016301632
test_02325,37.860591903328896
test_02326,141.73312610387802
test_02327,156.04616430401802
test_02328,18.57710664346814
test_02329,56.55797505006194
test_02330,21.84559790790081
test_02331,42.02564810588956
test_02332,130.4400640577078
test_02333,295.7501420378685
test_02334,269.59323862195015
test_02335,152.37338054180145
test_02336,89.70174053311348
test_02337,242.07836583256721
test_02338,137.36094488203526
test_02339,145.60611549019814
test_02340,30.413829617202282
test_02341,12.904231406748295
test_02342,6.7908139154314995
test_02343,50.62996243685484
test_02344,17.490419901907444
test_02345,15.809953972697258
test_02346,11.119896553456783
test_02347,87.9629630073905
test_02348,143.26649081707
test_02349,158.67193920910358
test_02350,39.401733972132206
test_02351,7.197903141379356
test_02352,41.49768302589655
test_02353,10.781496159732342
test_02354,12.648076362907887
test_02355,23.320755019783974
test_02356,87.97523444145918
test_02357,186.5476902127266
test_02358,8.08576962351799
test_02359,226.24325382709503
test_02360,9.865216702222824
test_02361,13.542620822787285
test_02362,66.43532438576221
test_02363,10.126385800540447
test_02364,32.502528719604015
test_02365,48.631939724087715
test_02366,229.14798843860626
test_02367,9.043156899511814
test_02368,8.564972095191479
test_02369,85.8055825009942
test_02370,7.566365577280521
test_02371,7.965514026582241
test_02372,9.507540054619312
test_02373,132.46770311892033
test_02374,86.07334043830633
test_02375,126.26552572101355
test_02376,215.117906332016
test_02377,235.2862310707569
test_02378,6.251791916787624
test_02379,30.512955617159605
test_02380,110.09319441020489
test_02381,5.724773935973644
test_02382,20.944238048046827
test_02383,92.5671055316925
test_02384,16.111852049827576
test_02385,22.07299456372857
test_02386,37.24931552261114
test_02387,19.43260833248496
test_02388,51.56389879435301
test_02389,10.955101296305656
test_02390,199.86941641569138
test_02391,121.7015550583601
test_02392,391.26204124093056
test_02393,58.178246326744556
test_02394,52.14330064505339
test_02395,120.5546290948987
test_02396,8.140493385493755
test_02397,6.456008784472942
test_02398,9.36674540489912
test_02399,19.476958572864532
test_02400,93.63411118090153
test_02401,9.399630174040794
test_02402,120.99205520749092
test_02403,257.94336903095245
test_02404,270.04588517546654
test_02405,52.29998056218028
test_02406,46.77154352143407
test_02407,50.088162280619144
test_02408,130.66955175995827
test_02409,50.61783956736326
test_02410,10.852428317070007
test_02411,28.587242998182774
test_02412,29.31647965312004
test_02413,11.818963456898928
test_02414,48.57841933518648
test_02415,9.161934278905392
test_02416,9.59756276011467
test_02417,113.74922751635313
test_02418,86.23204454779625
test_02419,7.725507952272892
test_02420,19.20464713126421
test_02421,66.13682100921869
test_02422,91.41240221261978
test_02423,99.45964023470879
test_02424,21.251217033714056
test_02425,12.411925539374352
test_02426,53.265698596835136
test_02427,56.721173238009214
test_02428,37.93457706272602
test_02429,87.9032771885395
test_02430,51.679898016154766
test_02431,40.02589090168476
test_02432,86.82318300008774
test_02433,7.344982072710991
test_02434,13.58476859331131
test_02435,29.11449496820569
test_02436,63.44863783940673
test_02437,80.1435041949153
test_02438,59.80751318857074
test_02439,29.570454511791468
test_02440,71.36220116913319
test_02441,62.075280889868736
test_02442,80.20405911654234
test_02443,92.19717973470688
test_02444,98.43412867188454
test_02445,64.78619815409184
test_02446,140.92743068933487
test_02447,185.53593572974205
test_02448,43.606676049530506
test_02449,8.528700053691864
test_02450,29.417666986584663
test_02451,42.98050235584378
test_02452,14.522857330739498
test_02453,28.446121506392956
test_02454,182.42050683498383
test_02455,20.229961846023798
test_02456,40.745485715568066
test_02457,141.42951953411102
test_02458,14.778752386569977
test_02459,32.6887544170022
test_02460,58.14230855554342
test_02461,31.17571333795786
test_02462,39.359043940901756
test_02463,45.72713083028793
test_02464,75.80204612761736
test_02465,121.55746970325708
test_02466,86.95775279402733
test_02467,75.27733832597733
test_02468,82.24434845149517
test_02469,46.9198889657855
test_02470,9.60456757992506
test_02471,18.2372243180871
test_02472,82.92262002825737
test_02473,34.858131512999535
test_02474,8.524131692945957
test_02475,96.10669372230768
test_02476,39.94162507355213
test_02477,31.697104435414076
test_02478,45.20222618058324
test_02479,90.34271497279406
test_02480,71.61851220577955
test_02481,63.63904934376478
test_02482,128.70098197460175
test_02483,88.57099325209856
test_02484,174.24499815702438
test_02485,43.66701555252075
test_02486,7.961079373955727
test_02487,59.93748119473457
test_02488,69.85217595100403
test_02489,64.28673147410154
test_02490,13.419419933110476
test_02491,26.183731842786074
test_02492,34.64653841406107
test_02493,46.4129569157958
test_02494,115.64194022864103
test_02495,82.09230746328831
test_02496,174.23397466540337
test_02497,60.47975304350257
test_02498,137.34224060177803
test_02499,8.54517586529255
test_02500,15.66185737401247
test_02501,30.80682749301195
test_02502,74.93508268147707
test_02503,92.53144260495901
test_02504,111.94035722315311
test_02505,47.50085074454546
test_02506,35.31427676230669
test_02507,42.63978064060211
test_02508,135.0232961177826
test_02509,57.571315459907055
test_02510,93.75670666992664
test_02511,79.07101651281118
test_02512,62.557703498750925
test_02513,73.56052607297897
test_02514,115.73990371078253
test_02515,85.23299976438284
test_02516,67.5548698976636
test_02517,21.539176039397717
test_02518,58.833471823483706
test_02519,37.584369499236345
test_02520,30.55602077394724
test_02521,87.2126896083355
test_02522,96.69191187620163
test_02523,90.83282951265574
test_02524,8.051265500485897
test_02525,34.62887779995799
test_02526,64.72781227529049
test_02527,136.32391956448555
test_02528,121.62605454027653
test_02529,21.29561184346676
test_02530,40.19804010540247
test_02531,18.78506362438202
test_02532,126.0794263035059
test_02533,119.01306361705065
test_02534,31.080995991826057
test_02535,55.70192738622427
test_02536,171.53256553411484
test_02537,92.7538586333394
test_02538,107.12198457866907
test_02539,72.77033337205648
test_02540,138.97538128495216
test_02541,20.74695171788335
test_02542,47.42260921001434
test_02543,66.34730730205774
test_02544,74.18476471304893
test_02545,82.80777961015701
test_02546,58.11831537634134
test_02547,27.218677256256342
test_02548,14.70189993083477
test_02549,12.506293758749962
test_02550,28.670561727136374
test_02551,86.85254678875208
test_02552,57.78215830773115
test_02553,30.136626686900854
test_02554,71.27995581924915
test_02555,61.80561761185527
test_02556,40.85194709151983
test_02557,85.32131397724152
test_02558,101.98996239900589
test_02559,6.0480727404356
test_02560,33.55707722902298
test_02561,14.274316221475601
test_02562,24.421369690448046
test_02563,41.29835021868348
test_02564,25.303471866995096
test_02565,9.644605733454227
test_02566,9.396265186369419
test_02567,12.395052317529917
test_02568,127.9453676789999
test_02569,38.3884752728045
test_02570,12.079868853092194
test_02571,40.56312641128898
test_02572,8.017719618976116
test_02573,6.370732717216015
test_02574,10.526410780847073
test_02575,33.0761105529964
test_02576,44.95895539969206
test_02577,61.01949929445982
test_02578,55.07676021754742
test_02579,162.4278745651245
test_02580,35.598443657159805
test_02581,22.66159627586603
test_02582,11.620934303849936
test_02583,38.313052751123905
test_02584,60.30934947356582
test_02585,91.62324506044388
test_02586,119.93738041818142
test_02587,24.475963458418846
test_02588,199.040247797966
test_02589,42.200501184910536
test_02590,9.58613071590662
test_02591,8.219366319477558
test_02592,47.929541260004044
test_02593,88.6259695738554
test_02594,216.58013832569122
test_02595,197.7779242992401
test_02596,85.9617238715291
test_02597,43.61980915814638
test_02598,60.51082903891802
test_02599,58.7160649523139
test_02600,46.63094571977854
test_02601,11.617105051875114
test_02602,48.27127321437001
test_02603,156.4125542640686
test_02604,50.90966496616602
test_02605,133.63861483335495
test_02606,261.4709457755089
test_02607,109.56256631016731
test_02608,106.41356924921274
test_02609,42.086934708058834
test_02610,152.48406115174294
test_02611,32.79030944779515
test_02612,46.780371971428394
test_02613,9.737785436213017
test_02614,26.7844415679574
test_02615,53.85233925655484
test_02616,110.4431382715702
test_02617,6.939995035529137
test_02618,64.87978640943766
test_02619,6.9392596408724785
test_02620,29.051121033728123
test_02621,10.274675533175468
test_02622,9.853324107825756
test_02623,74.44048149138689
test_02624,157.28584656119347
test_02625,304.2496403455734
test_02626,258.3537341058254
test_02627,97.22053435444832
test_02628,107.93259748071432
test_02629,10.065474323928356
test_02630,90.07855972647667
test_02631,234.02681943774223
test_02632,31.900117930024862
test_02633,63.82692410796881
test_02634,61.679386004805565
test_02635,14.23945925757289
test_02636,16.378974873572588
test_02637,97.11083427071571
test_02638,60.73123201727867
test_02639,192.80219948291779
test_02640,21.632756866514683
test_02641,74.60197118669748
test_02642,9.238794162869453
test_02643,8.244815431535244
test_02644,12.109158359467983
test_02645,87.75821873545647
test_02646,208.91266107559204
test_02647,259.10166761279106
test_02648,14.356271870434284
test_02649,147.42647725343704
test_02650,119.65368150174618
test_02651,8.062251850962639
test_02652,127.7502875328064
test_02653,221.9744289815426
test_02654,520.3308751583099
test_02655,60.29743830859661
test_02656,45.29467048868537
test_02657,129.4337618947029
test_02658,220.47511526942253
test_02659,9.2084721326828
test_02660,19.835166338831186
test_02661,182.52690878510475
test_02662,220.48108756542206
test_02663,11.416260600090027
test_02664,11.719053778797388
test_02665,8.938923992216587
test_02666,87.9515235349536
test_02667,264.189707249403
test_02668,199.01552665233612
test_02669,256.4160954654217
test_02670,363.01884546875954
test_02671,409.98521891236305
test_02672,12.279851630330086
test_02673,89.97431196272373
test_02674,146.04506438970566
test_02675,190.81538596749306
test_02676,14.753529835492373
test_02677,147.14919632673264
test_02678,11.613034382462502
test_02679,388.3348436653614
test_02680,356.13281789422035
test_02681,86.37778639793396
test_02682,333.11511370539665
test_02683,484.6112858951092
test_02684,255.7932830452919
test_02685,238.2461722791195
test_02686,161.43301187455654
test_02687,17.59816636145115
test_02688,11.03514789044857
test_02689,8.682130120694637
test_02690,16.476648654788733
test_02691,61.730455078184605
test_02692,9.774540312588215
test_02693,30.50242981687188
test_02694,66.60872896015644
test_02695,135.6108393073082
test_02696,179.021141320467
test_02697,59.79462892562151
test_02698,6.772934168577194
test_02699,69.20264419168234
test_02700,9.864629872143269
test_02701,23.53936779499054
test_02702,131.9186084419489
test_02703,198.24379310011864
test_02704,328.4562474191189
test_02705,9.728916130959988
test_02706,243.11947667598724
test_02707,10.348668120801449
test_02708,8.630459360778332
test_02709,94.79747581481934
test_02710,9.293443642556667
test_02711,41.65490148961544
test_02712,81.4313882291317
test_02713,284.0609028339386
test_02714,7.9726302698254585
test_02715,9.866784058511257
test_02716,48.77954977378249
test_02717,7.040105275809765
test_02718,7.652325041592121
test_02719,8.550041355192661
test_02720,86.86899288743734
test_02721,127.67541098594666
test_02722,183.67929449677467
test_02723,247.742449760437
test_02724,296.6298226118088
test_02725,6.611771315336227
test_02726,86.58842868357897
test_02727,185.0570229589939
test_02728,7.064068742096424
test_02729,45.686895828694105
test_02730,14.855233430862427
test_02731,36.51808067411184
test_02732,17.95720237493515
test_02733,21.243034839630127
test_02734,95.46339424699545
test_02735,7.926040418446064
test_02736,202.57136037945747
test_02737,417.1978211402893
test_02738,34.50786080956459
test_02739,37.83905003964901
test_02740,120.01338605582714
test_02741,6.17395893484354
test_02742,6.809117071330547
test_02743,12.878150895237923
test_02744,9.362422175705433
test_02745,220.2480194568634
test_02746,73.98103810846806
test_02747,318.56576868891716
test_02748,253.15798515081406
test_02749,46.9746572971344
test_02750,46.2264860868454
test_02751,38.40693813562393
test_02752,129.9385249018669
test_02753,60.325193885713816
test_02754,10.93384913355112
test_02755,37.43535180017352
test_02756,62.91189259290695
test_02757,19.366846222430468
test_02758,58.66446104645729
test_02759,8.087381549179554
test_02760,9.14903887361288
test_02761,108.73990482091904
test_02762,122.03399801254272
test_02763,13.656454715877771
test_02764,25.532829575240612
test_02765,78.74014091491699
test_02766,99.5728167295456
test_02767,56.11908557638526
test_02768,9.899193421006203
test_02769,83.44036757946014
test_02770,59.99242037534714
test_02771,45.23041259497404
test_02772,103.03416338562965
test_02773,12.452676802873611
test_02774,31.546842508018017
test_02775,104.11780083924532
test_02776,19.5829891115427
test_02777,29.704248055815697
test_02778,56.92233710363507
test_02779,75.61275999993086
test_02780,33.5441186837852
test_02781,15.962589219212532
test_02782,49.223167315125465
test_02783,53.076598174870014
test_02784,66.21319063007832
test_02785,84.84455539286137
test_02786,71.46176914870739
test_02787,52.33567691594362
test_02788,162.9420268535614
test_02789,194.4784536063671
test_02790,7.001092217862606
test_02791,42.58705135807395
test_02792,11.248360343277454
test_02793,17.46862919256091
test_02794,46.04543415084481
test_02795,16.88137198984623
test_02796,34.1216374784708
test_02797,126.31319266557693
test_02798,19.096187561750412
test_02799,33.57633862644434
test_02800,68.94252247363329
test_02801,26.76025154069066
test_02802,40.35139960423112
test_02803,43.20115789398551
test_02804,87.29487553238869
test_02805,102.78638738393784
test_02806,57.653167113661766
test_02807,39.617925144732
test_02808,58.085148334503174
test_02809,20.395811911672354
test_02810,14.663191430270672
test_02811,13.732802052050829
test_02812,95.4385839626193
test_02813,45.3195736259222
test_02814,11.642903290688992
test_02815,81.03171237558126
test_02816,34.39873269945383
test_02817,27.515149012207985
test_02818,38.10144850984216
test_02819,70.63803056627512
test_02820,100.71601372212172
test_02821,43.5966776534915
test_02822,148.9558901488781
test_02823,77.80454806238413
test_02824,169.3758535683155
test_02825,40.73813919723034
test_02826,6.253240421414375
test_02827,67.41718024760485
test_02828,32.8785790912807
test_02829,55.05224706232548
test_02830,13.42298548296094
test_02831,13.048706743866205
test_02832,21.104312665760517
test_02833,21.501399781554937
test_02834,75.02609334141016
test_02835,76.23961337655783
test_02836,144.08014929294586
test_02837,47.00203403457999
test_02838,169.52970704436302
test_02839,9.863991044461727
test_02840,19.657278828322887
test_02841,70.67844013124704
test_02842,97.14326591789722
test_02843,64.1383303180337
test_02844,94.93290728330612
test_02845,40.679337337613106
test_02846,7.993280746042728
test_02847,89.4919376373291
test_02848,119.1224071457982
test_02849,114.34353782236576
test_02850,36.326562363654375
test_02851,52.310383796691895
test_02852,127.48890301585197
test_02853,85.76079770922661
test_02854,87.02008306235075
test_02855,15.185585338622332
test_02856,33.98363584280014
test_02857,34.50014287978411
test_02858,22.447611287236214
test_02859,71.04211135953665
test_02860,76.72716517746449
test_02861,7.920134976506233
test_02862,18.799310967326164
test_02863,72.6790404394269
test_02864,77.90066934376955
test_02865,103.66872726380825
test_02866,34.62178384140134
test_02867,47.643197894096375
test_02868,21.251265317201614
test_02869,93.74397468566895
test_02870,177.78459377586842
test_02871,39.22776485234499
test_02872,49.550247088074684
test_02873,72.09275262057781
test_02874,98.82951843738556
test_02875,170.78183901309967
test_02876,69.00471160560846
test_02877,102.27981188893318
test_02878,21.550459519028664
test_02879,16.954213201999664
test_02880,38.31411127373576
test_02881,84.83506954461336
test_02882,99.40951454639435
test_02883,50.29233457893133
test_02884,20.15521900728345
test_02885,10.028979435563087
test_02886,17.861274227499962
test_02887,37.42507113143802
test_02888,65.28680878132582
test_02889,36.50690861791372
test_02890,19.46673732995987
test_02891,24.859345491975546
test_02892,50.68397680297494
test_02893,80.74825116246939
test_02894,76.35869531333447
test_02895,150.12173581123352
test_02896,10.106411293148994
test_02897,23.918422885239124
test_02898,9.733373068273067
test_02899,11.666291069239378
test_02900,17.40275937318802
test_02901,28.424743063747883
test_02902,12.161523658782244
test_02903,11.436413384974003
test_02904,11.249675139784813
test_02905,25.359499283134937
test_02906,12.500960290431976
test_02907,34.236971873790026
test_02908,11.349198549985886
test_02909,10.052192650735378
test_02910,9.27127780765295
test_02911,22.15666613355279
test_02912,32.59550043195486
test_02913,85.39571511745453
test_02914,157.88604745268822
test_02915,22.17207970842719
test_02916,16.48007306829095
test_02917,11.774122953414917
test_02918,27.033142384141684
test_02919,37.62630185112357
test_02920,67.0840464681387
test_02921,118.02143220603466
test_02922,17.962327852845192
test_02923,176.86092323064804
test_02924,24.936145950108767
test_02925,9.78817854076624
test_02926,8.470470167696476
test_02927,30.16505451872945
test_02928,74.40368204563856
test_02929,215.18175938725471
test_02930,161.2281858921051
test_02931,40.064833391457796
test_02932,54.16280208155513
test_02933,80.61475103348494
test_02934,87.42504038661718
test_02935,78.49371685087681
test_02936,15.517363466322422
test_02937,35.62676749378443
test_02938,149.15553122758865
test_02939,81.80745717138052
test_02940,120.30166076123714
test_02941,207.5978942811489
test_02942,169.18806794285774
test_02943,139.17635944485664
test_02944,78.66727741807699
test_02945,48.19373736158013
test_02946,159.9875379651785
test_02947,73.72450422495604
test_02948,31.93305841088295
test_02949,8.258349664509296
test_02950,17.92730375379324
test_02951,35.80779343098402
test_02952,57.46065713465214
test_02953,5.650209374725819
test_02954,4.730044953525066
test_02955,22.991922184824944
test_02956,18.60812321305275
test_02957,6.861367233097553
test_02958,79.21418819576502
test_02959,135.59197160601616
test_02960,283.18906646966934
test_02961,154.3172291815281
test_02962,106.35455197095871
test_02963,88.81122960150242
test_02964,9.578479640185833
test_02965,78.23910687863827
test_02966,161.4190616607666
test_02967,94.52340388298035
test_02968,46.86905759572983
test_02969,58.290186021476984
test_02970,48.25450398772955
test_02971,13.396964397281408
test_02972,82.36010996997356
test_02973,121.76154543459415
test_02974,174.04491138458252
test_02975,36.20165669545531
test_02976,61.1215705871582
test_02977,8.75149492174387
test_02978,8.624026514589787
test_02979,9.843578271567822
test_02980,86.50318232923746
test_02981,137.8456665277481
test_02982,222.93992045521736
test_02983,13.656339578330517
test_02984,66.40960042923689
test_02985,114.83587340265512
test_02986,8.193412087857723
test_02987,60.26057572290301
test_02988,132.0770822763443
test_02989,470.17330488562584
test_02990,241.75104835629463
test_02991,58.185711696743965
test_02992,37.74814337491989
test_02993,134.28506387770176
test_02994,12.991505667567253
test_02995,15.354284130036831
test_02996,58.045065611600876
test_02997,196.5527419447899
test_02998,9.56377174705267
test_02999,8.880070134997368
test_03000,8.30347615480423
test_03001,42.12982530146837
test_03002,220.2043117582798
test_03003,100.30434127897024
test_03004,79.96242626011372
test_03005,361.222462028265
test_03006,432.63810792565346
test_03007,12.47795506566763
test_03008,53.83366468921304
test_03009,133.69492080807686
test_03010,195.48821732401848
test_03011,11.314337871968746
test_03012,126.0084495767951
test_03013,10.614531859755516
test_03014,157.041487544775
test_03015,216.72475108504295
test_03016,358.6909513473511
test_03017,335.6760698854923
test_03018,199.15490993857384
test_03019,418.30712312459946
test_03020,280.77771481871605
test_03021,248.97428780794144
test_03022,179.99355590343475
test_03023,23.24931774288416
test_03024,12.050590489059687
test_03025,10.042699374258518
test_03026,39.52529141679406
test_03027,26.128584671765566
test_03028,8.384369567036629
test_03029,29.18596938624978
test_03030,63.222957104444504
test_03031,129.18405455350876
test_03032,198.77898213267326
test_03033,85.54887776821852
test_03034,7.377124018967152
test_03035,94.02779245376587
test_03036,15.309937603771687
test_03037,15.573587730526924
test_03038,89.01092267781496
test_03039,142.45699214935303
test_03040,250.185505092144
test_03041,10.134475141763687
test_03042,484.04584911465645
test_03043,7.915477477014065
test_03044,10.607155628502369
test_03045,101.22225494682789
test_03046,9.803064711391926
test_03047,24.938326135277748
test_03048,84.84625645726919
test_03049,274.7663760483265
test_03050,7.925973564386368
test_03051,13.961810633540154
test_03052,105.42675133049488
test_03053,6.951872773468494
test_03054,6.980976574122906
test_03055,8.743212446570396
test_03056,66.244998306036
test_03057,164.36750397086143
test_03058,191.52433612942696
test_03059,273.3630647659302
test_03060,272.1649805903435
test_03061,7.939998060464859
test_03062,75.00303611904383
test_03063,153.73340010643005
test_03064,6.370502442121506
test_03065,74.86761950701475
test_03066,83.37334267050028
test_03067,16.977820113301277
test_03068,21.377686344087124
test_03069,15.07653522491455
test_03070,17.42999868839979
test_03071,102.63130825012922
test_03072,9.845227338373661
test_03073,183.51022800803185
test_03074,134.59600953757763
test_03075,60.26932989060879
test_03076,44.20026210322976
test_03077,117.76169675588608
test_03078,7.918300203979015
test_03079,6.257266521453857
test_03080,10.821474887430668
test_03081,14.463427785784006
test_03082,96.82960152626038
test_03083,9.350848995149136
test_03084,95.12304022908211
test_03085,282.66302901506424
test_03086,260.9442249238491
test_03087,59.506417360156775
test_03088,39.8787005469203
test_03089,48.78968187794089
test_03090,122.99882094562054
test_03091,58.813508458435535
test_03092,10.649177119135857
test_03093,35.31036951392889
test_03094,33.74604765698314
test_03095,15.888678342103958
test_03096,54.253924164921045
test_03097,12.28660760447383
test_03098,11.396189525723457
test_03099,120.88397447764874
test_03100,68.23910634219646
test_03101,9.310283437371254
test_03102,10.265954792499542
test_03103,110.17522434145212
test_03104,137.25592458248138
test_03105,114.12075038254261
test_03106,29.045468151569366
test_03107,21.23030285537243
test_03108,74.98927903920412
test_03109,77.3885969594121
test_03110,48.66571959480643
test_03111,77.15349351614714
test_03112,57.83606867864728
test_03113,39.044332168996334
test_03114,107.03941981494427
test_03115,18.996775574982166
test_03116,33.77832702547312
test_03117,68.0223803371191
test_03118,90.57398544996977
test_03119,13.991980385035276
test_03120,44.446897871792316
test_03121,47.76924750953913
test_03122,57.235017254948616
test_03123,64.0317166633904
test_03124,96.81802834570408
test_03125,56.27458440512419
test_03126,155.18648052215576
test_03127,28.349606528878212
test_03128,10.784081183373928
test_03129,13.251772236078978
test_03130,45.58489881828427
test_03131,20.036846466362476
test_03132,24.96698424220085
test_03133,58.481058076024055
test_03134,19.978059463202953
test_03135,44.0249261893332
test_03136,104.59273950755596
test_03137,28.204956628382206
test_03138,37.387892846018076
test_03139,55.963720455765724
test_03140,44.84225049614906
test_03141,44.90151662006974
test_03142,42.40106336399913
test_03143,72.20506001263857
test_03144,102.23898634314537
test_03145,78.853101991117
test_03146,80.29304186999798
test_03147,81.31693407893181
test_03148,53.614071387797594
test_03149,13.618901304900646
test_03150,26.099789142608643
test_03151,81.50767613947392
test_03152,40.237944550812244
test_03153,16.532921202480793
test_03154,94.84376853704453
test_03155,35.5003167539835
test_03156,32.18308516591787
test_03157,46.2251118645072
test_03158,87.21923387795687
test_03159,62.1067765802145
test_03160,87.04207061976194
test_03161,116.56367943435907
test_03162,88.65764354169369
test_03163,194.48992279171944
test_03164,40.76732470840216
test_03165,8.058768011629581
test_03166,75.73512521386147
test_03167,82.25265321135521
test_03168,51.6992634087801
test_03169,17.372656475752592
test_03170,29.664120763540268
test_03171,42.35734452307224
test_03172,48.5000069513917
test_03173,102.7226680368185
test_03174,101.56601852178574
test_03175,173.25499352812767
test_03176,65.9156306385994
test_03177,127.58105762302876
test_03178,9.119147680699825
test_03179,29.662066858261824
test_03180,67.87118616700172
test_03181,102.83187042921782
test_03182,113.2909577935934
test_03183,66.38419588655233
test_03184,28.94065584242344
test_03185,37.21938718855381
test_03186,99.65529235452414
test_03187,55.05614688247442
test_03188,92.7989925518632
test_03189,77.01450392603874
test_03190,76.80486445128918
test_03191,70.84738034009933
test_03192,115.7923247218132
test_03193,86.43822246789932
test_03194,59.70613272115588
test_03195,32.38060919940472
test_03196,43.515100844204426
test_03197,33.50173320993781
test_03198,35.43231874704361
test_03199,97.08428578078747
test_03200,100.99285638332367
test_03201,100.5337324142456
test_03202,5.938484080135822
test_03203,34.138269282877445
test_03204,58.10760387033224
test_03205,159.20339927077293
test_03206,118.464748904109
test_03207,22.730151399970055
test_03208,47.01305752620101
test_03209,16.404891964048147
test_03210,97.36170041561127
test_03211,121.67229526489973
test_03212,43.376118682324886
test_03213,64.5534568876028
test_03214,152.34934279322624
test_03215,93.8227733373642
test_03216,93.66149163246155
test_03217,82.57429552078247
test_03218,130.04029163718224
test_03219,19.790054704993963
test_03220,60.88034999743104
test_03221,70.80714162439108
test_03222,73.38295426219702
test_03223,59.835387617349625
test_03224,30.82342215627432
test_03225,20.071922563016415
test_03226,12.543371763080359
test_03227,28.86403366178274
test_03228,94.28186759352684
test_03229,59.339594196528196
test_03230,30.113900020718575
test_03231,66.31094612181187
test_03232,66.35449039936066
test_03233,33.89630587026477
test_03234,87.91190136224031
test_03235,119.66954819858074
test_03236,8.83298259228468
test_03237,31.901885848492384
test_03238,10.184920243918896
test_03239,26.90416233241558
test_03240,47.578238032758236
test_03241,33.46244902163744
test_03242,10.678258635103703
test_03243,17.213829800486565
test_03244,14.769325964152813
test_03245,120.69588429480791
test_03246,35.967251505702734
test_03247,18.60595417022705
test_03248,40.38978126272559
test_03249,8.443743400275707
test_03250,8.626559540629387
test_03251,13.177475091069937
test_03252,30.13521532341838
test_03253,32.68618796393275
test_03254,57.46355414390564
test_03255,76.13569245487452
test_03256,142.89769411087036
test_03257,30.823232736438513
test_03258,31.81364220380783
test_03259,14.585061319172382
test_03260,19.03933561220765
test_03261,54.772745095193386
test_03262,90.13755472004414
test_03263,91.76530250906944
test_03264,38.823646917939186
test_03265,199.3376146554947
test_03266,46.44632451981306
test_03267,13.689982026815414
test_03268,8.378530979156494
test_03269,48.19106691330671
test_03270,91.46150280535221
test_03271,211.70930010080338
test_03272,202.64528611302376
test_03273,89.75454038381577
test_03274,47.477210406214
test_03275,56.311569556593895
test_03276,50.65115888789296
test_03277,47.264959909021854
test_03278,15.626628998667002
test_03279,44.293497517704964
test_03280,129.16087847948074
test_03281,55.19984596967697
test_03282,124.3006031960249
test_03283,209.0137444138527
test_03284,131.9817038178444
test_03285,121.86240592598915
test_03286,105.97519975155592
test_03287,48.24803400039673
test_03288,161.62372422218323
test_03289,36.73459868878126
test_03290,46.43133806809783
test_03291,9.023798935115337
test_03292,20.972766160964966
test_03293,53.86496353149414
test_03294,124.01558205485344
test_03295,9.06915570050478
test_03296,64.53239043056965
test_03297,7.10430745780468
test_03298,24.657371949404478
test_03299,14.0318105481565
test_03300,9.071740724146366
test_03301,69.92424462735653
test_03302,137.15255334973335
test_03303,255.57049560546875
test_03304,214.85566014051437
test_03305,102.08919610828161
test_03306,104.3161791190505
test_03307,12.649328019469976
test_03308,85.57986091077328
test_03309,196.45592240989208
test_03310,109.65281929075718
test_03311,60.30746641755104
test_03312,56.92361104488373
test_03313,33.5281257070601
test_03314,16.5549644716084
test_03315,84.10046228021383
test_03316,64.86571734398603
test_03317,198.5557489991188
test_03318,24.10071162134409
test_03319,63.08693880587816
test_03320,9.20429003983736
test_03321,8.416741788387299
test_03322,36.18724221736193
test_03323,94.28431890904903
test_03324,202.85624781250954
test_03325,270.2964839041233
test_03326,17.505710911005735
test_03327,110.82585547864437
test_03328,146.43751257658005
test_03329,9.004500396549702
test_03330,111.59604395925999
test_03331,238.88806039094925
test_03332,416.9030393064022
test_03333,72.97770723700523
test_03334,41.142758537083864
test_03335,124.69187772274017
test_03336,222.7685066461563
test_03337,9.043892294168472
test_03338,33.04861496388912
test_03339,170.25413763523102
test_03340,218.21298187971115
test_03341,11.581583261489868
test_03342,14.57903702557087
test_03343,8.436552874743938
test_03344,212.10522469878197
test_03345,266.349717348814
test_03346,204.76167765259743
test_03347,207.07221338152885
test_03348,343.6328320801258
test_03349,388.9565567076206
test_03350,13.531445052474737
test_03351,82.15448173880577
test_03352,130.7361532598734
test_03353,179.06683978438377
test_03354,14.856102533638477
test_03355,157.75834134221077
test_03356,14.31893016397953
test_03357,300.5629212260246
test_03358,289.1918776333332
test_03359,341.80732998251915
test_03360,73.54040300101042
test_03361,335.52429631352425
test_03362,483.83993861079216
test_03363,231.22545605897903
test_03364,146.7235588133335
test_03365,199.65854385495186
test_03366,20.497779209166765
test_03367,12.758950106799603
test_03368,7.156163923442364
test_03369,67.10151766240597
test_03370,92.10382175445557
test_03371,12.261188205331564
test_03372,26.016867823898792
test_03373,67.63322285562754
test_03374,37.13573418930173
test_03375,158.5961267054081
test_03376,69.8002600595355
test_03377,6.4568556025624275
test_03378,62.407456427812576
test_03379,7.548203557729721
test_03380,23.86494706571102
test_03381,95.43279737234116
test_03382,180.30090630054474
test_03383,304.9820042848587
test_03384,7.8511490151286125
test_03385,244.15821048617363
test_03386,9.882279343903065
test_03387,10.464221648871899
test_03388,91.91208431124687
test_03389,8.834029972553253
test_03390,56.08862612396479
test_03391,112.11935525387526
test_03392,312.1660524010658
test_03393,7.93975292891264
test_03394,20.37040365487337
test_03395,46.66074777394533
test_03396,11.610363934189081
test_03397,9.04930004477501
test_03398,9.46558541804552
test_03399,63.69996082037687
test_03400,124.28777464479208
test_03401,191.56022933125496
test_03402,199.64945170283318
test_03403,260.6446593105793
test_03404,6.572706259787083
test_03405,87.93156388401985
test_03406,135.66751669347286
test_03407,6.717527009546757
test_03408,45.91780975088477
test_03409,81.34058555960655
test_03410,19.516060769557953
test_03411,32.10037183761597
test_03412,18.597783118486404
test_03413,19.754414062947035
test_03414,103.5570141300559
test_03415,8.670200385153294
test_03416,190.0574540644884
test_03417,206.57318496704102
test_03418,364.99956783652306
test_03419,61.4421803727746
test_03420,55.9512410312891
test_03421,105.55763672292233
test_03422,6.761613547801971
test_03423,8.072153680026531
test_03424,7.762678809463978
test_03425,14.393483582884073
test_03426,101.7820982709527
test_03427,9.84631185978651
test_03428,95.73794158548117
test_03429,241.26429137587547
test_03430,341.20228588581085
test_03431,83.71547203511
test_03432,50.13940220326185
test_03433,53.861308842897415
test_03434,113.71134354919195
test_03435,56.08310694992542
test_03436,14.145919285714626
test_03437,26.874467987567186
test_03438,50.00907392799854
test_03439,16.37398310378194
test_03440,54.78928033262491
test_03441,8.60743185132742
test_03442,38.447243705391884
test_03443,91.28634516894817
test_03444,63.010424334555864
test_03445,9.95791357010603
test_03446,23.549756173044443
test_03447,57.992028057575226
test_03448,105.16811525821686
test_03449,89.72116535156965
test_03450,16.10323901847005
test_03451,12.063887018710375
test_03452,41.190362341701984
test_03453,48.766576372087
test_03454,35.018830101937056
test_03455,80.77528248727322
test_03456,47.19741502404213
test_03457,29.607038538902998
test_03458,81.8474433273077
test_03459,14.074645429849625
test_03460,18.870997089892626
test_03461,46.062403939664364
test_03462,78.28145521134138
test_03463,63.40446587651968
test_03464,32.09206707775593
test_03465,11.756896890699863
test_03466,35.952565897256136
test_03467,53.43186064809561
test_03468,67.18283448368311
test_03469,81.57795461267233
test_03470,67.29900455474854
test_03471,51.13785644248128
test_03472,168.98043408989906
test_03473,185.76187273859978
test_03474,28.68364655226469
test_03475,11.150263153016567
test_03476,27.765361472964287
test_03477,50.69816472008824
test_03478,19.413506641983986
test_03479,31.2442573197186
test_03480,51.37142967060208
test_03481,20.456998232752085
test_03482,42.699741303920746
test_03483,167.38232493400574
test_03484,22.02672041207552
test_03485,30.165607921779156
test_03486,57.32657388970256
test_03487,60.00247076898813
test_03488,34.04873684048653
test_03489,46.06892221048474
test_03490,83.06920869648457
test_03491,82.87701070308685
test_03492,75.89522583037615
test_03493,53.759920947253704
test_03494,97.27385418117046
test_03495,58.100119929760695
test_03496,12.56632499024272
test_03497,19.837383665144444
test_03498,55.19964912161231
test_03499,40.416883155703545
test_03500,11.733375404030085
test_03501,91.6399808600545
test_03502,30.95242077857256
test_03503,42.280109513551
test_03504,37.116465363651514
test_03505,56.23031587526202
test_03506,61.68896842002869
test_03507,72.87078531086445
test_03508,112.3917632624507
test_03509,82.25247493386269
test_03510,172.31928925216198
test_03511,47.57938940823078
test_03512,14.174205981194973
test_03513,40.34290171042085
test_03514,52.73988027498126
test_03515,62.98389441519976
test_03516,16.91652236878872
test_03517,34.24127281829715
test_03518,24.28187869489193
test_03519,29.684756383299828
test_03520,86.45709016919136
test_03521,144.36432361602783
test_03522,58.36839784309268
test_03523,36.111143726855516
test_03524,9.80551602691412
test_03525,14.543002687394619
test_03526,28.82108735665679
test_03527,77.00013030320406
test_03528,92.96444149315357
test_03529,115.85064374655485
test_03530,38.124208603054285
test_03531,19.718450292944908
test_03532,30.349980276077986
test_03533,117.12945048511028
test_03534,44.6678171120584
test_03535,84.58829635381699
test_03536,77.89128006249666
test_03537,60.70942273736
test_03538,53.93856613710523
test_03539,110.83219918608665
test_03540,86.89308263361454
test_03541,66.88152323663235
test_03542,24.02421572059393
test_03543,47.79390551522374
test_03544,40.67692316323519
test_03545,45.13249368220568
test_03546,79.99337968975306
test_03547,143.58358705043793
test_03548,48.6730178296566
test_03549,5.815130911767483
test_03550,33.12431604415178
test_03551,58.564514227211475
test_03552,164.75995215773582
test_03553,169.8551377505064
test_03554,33.586830999702215
test_03555,35.08518647029996
test_03556,14.278479743748903
test_03557,91.8704565167427
test_03558,119.61056806147099
test_03559,48.655308932065964
test_03560,61.69818685203791
test_03561,89.98346354067326
test_03562,42.29826410487294
test_03563,56.88801868632436
test_03564,66.97342528402805
test_03565,105.18092152476311
test_03566,15.642952531576157
test_03567,46.918087620288134
test_03568,58.171167224645615
test_03569,83.23164920508862
test_03570,110.27487403154373
test_03571,65.11627893149853
test_03572,25.447048388421535
test_03573,17.51699810475111
test_03574,13.01338180154562
test_03575,22.76251619309187
test_03576,71.6098286062479
test_03577,66.63821160048246
test_03578,17.03889872506261
test_03579,62.309106677770615
test_03580,57.898543797433376
test_03581,34.52530229091644
test_03582,106.10830618441105
test_03583,88.3683734536171
test_03584,7.622582413256168
test_03585,21.02946211770177
test_03586,11.138630546629429
test_03587,22.514784760773182
test_03588,29.72541107982397
test_03589,20.41134062409401
test_03590,9.740489311516285
test_03591,20.1656408123672
test_03592,14.231150783598423
test_03593,144.29224008321762
test_03594,15.825623821467161
test_03595,42.87713112309575
test_03596,7.805569402873516
test_03597,11.357930433005095
test_03598,13.027157451957464
test_03599,33.10114739835262
test_03600,37.410834930837154
test_03601,74.19488938897848
test_03602,49.48003175482154
test_03603,145.44691368937492
test_03604,72.5449014827609
test_03605,26.194736763834953
test_03606,11.815223343670368
test_03607,23.61310039460659
test_03608,36.06690490990877
test_03609,96.50759523361921
test_03610,62.88827082514763
test_03611,31.937552489340305
test_03612,187.27244764566422
test_03613,33.23378213867545
test_03614,8.200706608593464
test_03615,9.082823641598225
test_03616,26.772151563316584
test_03617,105.41101834177971
test_03618,198.92047503590584
test_03619,153.86323069036007
test_03620,90.11784020066261
test_03621,32.119328677654266
test_03622,53.9128013253212
test_03623,60.61293004453182
test_03624,48.132287338376045
test_03625,21.82122588902712
test_03626,41.364234894514084
test_03627,134.14337784051895
test_03628,53.43413368612528
test_03629,104.69776723533869
test_03630,171.01954233646393
test_03631,242.0067279934883
test_03632,137.09060192108154
test_03633,103.49636264145374
test_03634,83.98497560620308
test_03635,178.4664606153965
test_03636,83.37014853209257
test_03637,44.297051925212145
test_03638,12.015636958181858
test_03639,17.235171101987362
test_03640,41.53388449922204
test_03641,90.73695336282253
test_03642,9.622796453535557
test_03643,51.1754767075181
test_03644,5.780723355710506
test_03645,27.308369405567646
test_03646,11.195887334644794
test_03647,8.595791816711426
test_03648,76.37344777584076
test_03649,139.3551717698574
test_03650,269.87833404541016
test_03651,253.64263251423836
test_03652,102.94647314399481
test_03653,115.36851455271244
test_03654,14.177972093224525
test_03655,82.43642016500235
test_03656,213.44833761453629
test_03657,54.040689427405596
test_03658,67.4464920386672
test_03659,44.25276853889227
test_03660,8.347956389188766
test_03661,20.30173710733652
test_03662,86.37101928144693
test_03663,58.88920582458377
test_03664,171.41912162303925
test_03665,24.535671561956406
test_03666,72.94909369945526
test_03667,7.73127968609333
test_03668,8.422543235123158
test_03669,15.19508232921362
test_03670,76.34485652297735
test_03671,193.321462392807
test_03672,322.48359486460686
test_03673,16.272171799093485
test_03674,97.54329089820385
test_03675,157.23396781086922
test_03676,8.219373747706413
test_03677,116.03166225552559
test_03678,124.41424766927958
test_03679,357.8989535868168
test_03680,68.40133886039257
test_03681,45.415542628616095
test_03682,102.72795693576336
test_03683,184.64382030069828
test_03684,7.188543573021889
test_03685,43.42846541106701
test_03686,98.63723130524158
test_03687,222.48822471499443
test_03688,10.00536509603262
test_03689,15.326287135481834
test_03690,7.382204927504063
test_03691,73.73492603003979
test_03692,223.32770371437073
test_03693,214.6422619819641
test_03694,158.93830063939095
test_03695,277.49559646844864
test_03696,329.91387391090393
test_03697,11.400100488215685
test_03698,88.67662266641855
test_03699,163.88954201340675
test_03700,174.45857459306717
test_03701,10.205541007220745
test_03702,163.54888343811035
test_03703,18.32396374642849
test_03704,170.2831968665123
test_03705,425.30475240945816
test_03706,65.35454680025578
test_03707,197.3114909529686
test_03708,427.1096634566784
test_03709,243.51032036542892
test_03710,212.56868675351143
test_03711,170.60148161649704
test_03712,16.968419689685106
test_03713,12.290325433015823
test_03714,8.007424093782902
test_03715,34.91697422787547
test_03716,101.07858557254076
test_03717,11.45494681596756
test_03718,28.632703758776188
test_03719,89.03480443358421
test_03720,122.15092576295137
test_03721,174.28781446814537
test_03722,54.01520688831806
test_03723,6.640726551413536
test_03724,91.14516425132751
test_03725,15.153647668659687
test_03726,26.16431073844433
test_03727,68.89307275414467
test_03728,156.48119109869003
test_03729,217.52483075857162
test_03730,7.127587527036667
test_03731,610.0883037447929
test_03732,8.735063679516315
test_03733,12.547267869114876
test_03734,99.77330462634563
test_03735,8.730933584272861
test_03736,68.6473246589303
test_03737,91.89883235096931
test_03738,254.04372715950012
test_03739,7.150889880955219
test_03740,9.679473839700222
test_03741,83.51015578955412
test_03742,9.644650302827358
test_03743,7.270454652607441
test_03744,7.604383252561092
test_03745,156.75166776776314
test_03746,153.49477568268776
test_03747,138.8308576643467
test_03748,182.8466494679451
test_03749,279.1202392578125
test_03750,6.858455367386341
test_03751,86.48235357552767
test_03752,138.68155026435852
test_03753,5.962328694760799
test_03754,57.960788641124964
test_03755,85.87990935891867
test_03756,14.00177450478077
test_03757,39.959203977137804
test_03758,14.048082083463669
test_03759,28.384062368422747
test_03760,61.09918561950326
test_03761,7.042853720486164
test_03762,215.32655042409897
test_03763,145.22611701488495
test_03764,389.88288655877113
test_03765,56.80234892293811
test_03766,66.75668442249298
test_03767,126.25861003994942
test_03768,9.678329892456532
test_03769,9.550230085849762
test_03770,9.129628911614418
test_03771,14.340078331530094
test_03772,101.15158277750015
test_03773,11.582883201539516
test_03774,91.35793843865395
test_03775,281.2619759142399
test_03776,62.72844133898616
test_03777,50.19957085698843
test_03778,53.72058104723692
test_03779,122.45238557457924
test_03780,62.289109885692596
test_03781,11.683201432228088
test_03782,49.03177899867296
test_03783,47.340219009667635
test_03784,14.487090408802032
test_03785,57.47258687019348
test_03786,9.540959656238556
test_03787,11.431250765919685
test_03788,112.9847364872694
test_03789,65.19258169829845
test_03790,9.459464557468891
test_03791,63.42817306891084
test_03792,111.38428001105785
test_03793,109.12158207595348
test_03794,19.292014244943857
test_03795,17.500351443886757
test_03796,43.21766713261604
test_03797,62.59199591726065
test_03798,32.0494067594409
test_03799,88.78827637434006
test_03800,55.581389516592026
test_03801,87.72109244763851
test_03802,13.686483331024647
test_03803,15.790618292987347
test_03804,32.95804999768734
test_03805,69.80179770290852
test_03806,102.6885798946023
test_03807,39.54059728235006
test_03808,24.580166652798653
test_03809,54.845318891108036
test_03810,59.905959505587816
test_03811,56.44424515217543
test_03812,76.65727297216654
test_03813,109.58497727662325
test_03814,54.060441087931395
test_03815,175.49848206341267
test_03816,197.82760429382324
test_03817,27.798732791095972
test_03818,11.181773699820042
test_03819,28.19983486458659
test_03820,45.536362770944834
test_03821,12.423483863472939
test_03822,36.13060197234154
test_03823,83.09312016516924
test_03824,26.592265859246254
test_03825,39.43823628872633
test_03826,138.80521541833878
test_03827,13.949776902794838
test_03828,36.6235169544816
test_03829,61.04973218590021
test_03830,89.79815151542425
test_03831,40.679690178483725
test_03832,45.05632462352514
test_03833,76.73223122954369
test_03834,100.39577534794807
test_03835,78.51995335519314
test_03836,67.33879757672548
test_03837,90.22837224602699
test_03838,64.25010287761688
test_03839,13.15605579316616
test_03840,15.131132706999779
test_03841,74.54296876490116
test_03842,42.27697480097413
test_03843,15.657723564654589
test_03844,87.9177473783493
test_03845,26.186625137925148
test_03846,33.00975789874792
test_03847,33.19969028234482
test_03848,71.71839217096567
test_03849,70.3964794203639
test_03850,87.92977368086576
test_03851,107.98499620705843
test_03852,94.81032665073872
test_03853,205.3399206995964
test_03854,49.474590577185154
test_03855,21.73251798003912
test_03856,61.56285937875509
test_03857,68.32945588976145
test_03858,71.6876913011074
test_03859,16.59344269707799
test_03860,31.29449814558029
test_03861,21.551934022456408
test_03862,31.238415017724037
test_03863,96.65720719099045
test_03864,114.48421362042427
test_03865,70.36078678071499
test_03866,108.58230751752853
test_03867,8.176297448575497
test_03868,15.323854390531778
test_03869,70.58761517703533
test_03870,100.16565624624491
test_03871,128.65320360660553
test_03872,79.4467214718461
test_03873,30.780201006680727
test_03874,38.87286264821887
test_03875,104.36183301359415
test_03876,47.94815268740058
test_03877,90.57594650238752
test_03878,87.98699332773685
test_03879,69.14248296618462
test_03880,60.78353417664766
test_03881,119.07215517759323
test_03882,99.20268294215202
test_03883,66.67284943163395
test_03884,27.854136236011982
test_03885,39.903815388679504
test_03886,31.155010864138603
test_03887,35.345939587801695
test_03888,100.17848479747772
test_03889,103.22822586447
test_03890,84.71540820598602
test_03891,6.196860164403915
test_03892,31.7921077683568
test_03893,57.06259320676327
test_03894,149.87954583764076
test_03895,141.01030001044273
test_03896,28.512299597263336
test_03897,51.525272004306316
test_03898,16.301450163125992
test_03899,115.10839283466339
test_03900,122.05778320133686
test_03901,32.734140895307064
test_03902,69.46121340990067
test_03903,181.40735584497452
test_03904,98.53039851784706
test_03905,88.85593268275261
test_03906,85.93840666115284
test_03907,125.18997760862112
test_03908,21.193087428808212
test_03909,58.362161844968796
test_03910,40.32576850056648
test_03911,72.26039288938046
test_03912,79.91309539228678
test_03913,58.69467908143997
test_03914,31.295850083231926
test_03915,24.248106252402067
test_03916,12.853162333369255
test_03917,24.971905443817377
test_03918,100.92540806531906
test_03919,57.890929862856865
test_03920,38.883644722402096
test_03921,77.24809201061726
test_03922,68.27271164953709
test_03923,44.4664452560246
test_03924,82.27042153477669
test_03925,128.5272802710533
test_03926,7.817766554653645
test_03927,33.94383539259434
test_03928,9.408165208995342
test_03929,28.889787331223488
test_03930,44.76327356696129
test_03931,23.6443732380867
test_03932,8.578513756394386
test_03933,13.972640991210938
test_03934,19.777081303298473
test_03935,130.4851088374853
test_03936,42.342369213700294
test_03937,16.68423793837428
test_03938,49.7616581954062
test_03939,12.31971150636673
test_03940,9.693721182644367
test_03941,16.948333758860826
test_03942,30.31651981920004
test_03943,42.162940345704556
test_03944,82.18103765696287
test_03945,73.0212886556983
test_03946,161.29197952151299
test_03947,26.456763822585344
test_03948,33.51131562516093
test_03949,15.047097153961658
test_03950,37.46713347733021
test_03951,58.27554498240352
test_03952,96.54648201167583
test_03953,80.23429943621159
test_03954,177.17653381824493
test_03955,33.45646929740906
test_03956,10.758290372788906
test_03957,8.081334970891476
test_03958,48.92564446479082
test_03959,88.31477135419846
test_03960,198.76534390449524
test_03961,188.29754322767258
test_03962,90.6285977885127
test_03963,42.71136648207903
test_03964,57.5806453153491
test_03965,42.974024940282106
test_03966,45.43089306354523
test_03967,18.424445398151875
test_03968,53.71171174198389
test_03969,149.6590760052204
test_03970,44.8248610123992
test_03971,118.74887865781784
test_03972,241.80646294355392
test_03973,101.7434566244483
test_03974,137.02704599499702
test_03975,108.84665589779615
test_03976,60.62124966084957
test_03977,220.5727519094944
test_03978,34.05392545834184
test_03979,44.22416242957115
test_03980,11.341339483857155
test_03981,22.188507236540318
test_03982,70.98751387745142
test_03983,111.64857639372349
test_03984,11.182226821780205
test_03985,56.61339706555009
test_03986,5.21482602506876
test_03987,25.57765893638134
test_03988,12.291740510612726
test_03989,7.969918966293335
test_03990,79.46230589598417
test_03991,163.92833222448826
test_03992,265.75557789206505
test_03993,225.2957683801651
test_03994,100.71214361488819
test_03995,141.3572874367237
test_03996,14.311453651636839
test_03997,101.75759254395962
test_03998,188.5260652601719
test_03999,135.70291963219643
test_04000,55.77060879021883
test_04001,55.207485903054476
test_04002,11.822421297430992
test_04003,18.2147910669446
test_04004,66.57058500498533
test_04005,54.57135095447302
test_04006,186.48437198996544
test_04007,21.455233339220285
test_04008,66.09891475737095
test_04009,9.490878537297249
test_04010,10.833397194743156
test_04011,41.80461001396179
test_04012,93.64184396713972
test_04013,217.49883195757866
test_04014,325.45874908566475
test_04015,12.661157473921776
test_04016,129.83883807063103
test_04017,145.3551304936409
test_04018,10.735352002084255
test_04019,150.00324070453644
test_04020,272.4358138144016
test_04021,477.3906908929348
test_04022,92.64712241292
test_04023,46.09029322490096
test_04024,132.08342598378658
test_04025,231.5358371734619
test_04026,9.399474181234837
test_04027,19.784877229481936
test_04028,189.72789326310158
test_04029,222.63771039247513
test_04030,11.45996829867363
test_04031,15.69894652068615
test_04032,8.92675655335188
test_04033,276.21315732598305
test_04034,272.08621165156364
test_04035,258.4930876791477
test_04036,244.52620494365692
test_04037,418.0862075984478
test_04038,453.41492345929146
test_04039,12.844248458743095
test_04040,95.16086477041245
test_04041,137.56814789772034
test_04042,172.3721485286951
test_04043,10.046354062855244
test_04044,188.86072182655334
test_04045,10.758572645485401
test_04046,374.9440349340439
test_04047,346.263702750206
test_04048,361.3767314851284
test_04049,86.44906025379896
test_04050,319.340354681015
test_04051,446.848309725523
test_04052,264.95475539565086
test_04053,207.68198183178902
test_04054,183.13605326414108
test_04055,16.427076369524002
test_04056,15.192835289984941
test_04057,9.793660573661327
test_04058,71.47561536729336
test_04059,101.75973930209875
test_04060,11.385192032903433
test_04061,30.153693042695522
test_04062,85.30726719647646
test_04063,134.14138707518578
test_04064,173.55680246651173
test_04065,56.4915332570672
test_04066,7.6827139258384705
test_04067,80.22290453314781
test_04068,10.044259302318096
test_04069,24.17943599075079
test_04070,101.19123466312885
test_04071,192.87098488211632
test_04072,357.0688935816288
test_04073,8.284081049263477
test_04074,456.4303683936596
test_04075,11.172807827591896
test_04076,9.90800330042839
test_04077,124.00100786983967
test_04078,11.216441243886948
test_04079,62.20060996711254
test_04080,103.315344132483
test_04081,403.62303003668785
test_04082,8.377661876380444
test_04083,15.756552435457706
test_04084,39.225543811917305
test_04085,9.865981809794903
test_04086,8.775636665523052
test_04087,10.275195509195328
test_04088,134.18637242913246
test_04089,160.80596536397934
test_04090,206.0951932966709
test_04091,230.78237706422806
test_04092,274.8542074263096
test_04093,6.816723577678204
test_04094,105.8101222217083
test_04095,147.30135616660118
test_04096,7.183878645300865
test_04097,63.043483667075634
test_04098,88.72402219474316
test_04099,14.833554144948721
test_04100,25.873581003397703
test_04101,7.968225330114365
test_04102,26.969983868300915
test_04103,8.080302447080612
