id,PM2.5
test_00001,177.2572192400694
test_00002,154.6994264125824
test_00003,384.6059916317463
test_00004,45.017783258110285
test_00005,51.68670227378607
test_00006,114.98587162792683
test_00007,14.13625144585967
test_00008,12.737649660557508
test_00009,53.918179363012314
test_00010,111.90629879385233
test_00011,16.337673921138048
test_00012,110.36638981103897
test_00013,244.97501853108406
test_00014,304.26663613319397
test_00015,72.67586858570576
test_00016,48.94205713644624
test_00017,46.9978853687644
test_00018,122.42920207232237
test_00019,56.71599576249719
test_00020,16.59037483856082
test_00021,29.08565115556121
test_00022,37.518403112888336
test_00023,14.263081025332212
test_00024,56.389744237065315
test_00025,15.266278188675642
test_00026,15.324333511292934
test_00027,105.45726649463177
test_00028,68.63831421732903
test_00029,12.866848845034838
test_00030,13.40694422274828
test_00031,57.4714169241488
test_00032,97.45066088438034
test_00033,103.27093075215816
test_00034,25.9739698022604
test_00035,17.147770561277866
test_00036,79.93402071297169
test_00037,93.42477626353502
test_00038,23.947448689490557
test_00039,35.812640350311995
test_00040,82.22569616883993
test_00041,14.810437496751547
test_00042,16.335315458476543
test_00043,30.94318749010563
test_00044,70.35807547718287
test_00045,72.0459176376462
test_00046,58.74922828003764
test_00047,26.506934080272913
test_00048,58.96813075616956
test_00049,61.425080589950085
test_00050,75.84383734315634
test_00051,96.87025622278452
test_00052,108.23979188501835
test_00053,60.78045146167278
test_00054,146.37802731990814
test_00055,172.7530235350132
test_00056,31.088190231472254
test_00057,16.06283688172698
test_00058,27.056403882801533
test_00059,57.10936876386404
test_00060,37.190287102013826
test_00061,32.11283640563488
test_00062,61.3765111155808
test_00063,27.791709400713444
test_00064,55.38075305521488
test_00065,139.64519953727722
test_00066,23.710540186613798
test_00067,37.21100814640522
test_00068,62.70328192785382
test_00069,62.24267602711916
test_00070,42.60275834798813
test_00071,50.86216515675187
test_00072,75.55962587893009
test_00073,117.89853958785534
test_00074,87.19092489778996
test_00075,67.07938154041767
test_00076,81.0835614129901
test_00077,55.97617759555578
test_00078,14.56569592654705
test_00079,22.913940638303757
test_00080,57.601685773581266
test_00081,41.3736687451601
test_00082,16.18539522960782
test_00083,89.17418771982193
test_00084,33.03619867935777
test_00085,38.83337418362498
test_00086,44.87904251366854
test_00087,74.10586206614971
test_00088,73.19792450964451
test_00089,78.1375629901886
test_00090,121.11826824396849
test_00091,79.68532361090183
test_00092,187.09969675540924
test_00093,54.32498260214925
test_00094,13.361208617687225
test_00095,64.13930341601372
test_00096,44.45647657290101
test_00097,63.81229792535305
test_00098,20.041544821113348
test_00099,92.13392836600542
test_00100,21.017287250608206
test_00101,19.59402745962143
test_00102,123.02421063184738
test_00103,86.71785071492195
test_00104,141.61059004068375
test_00105,57.88424817100167
test_00106,104.86675201356411
test_00107,14.814025331288576
test_00108,20.525553356856108
test_00109,34.77091667801142
test_00110,65.99444414675236
test_00111,92.02591449022293
test_00112,119.886638186872
test_00113,62.393584210425615
test_00114,28.95095508173108
test_00115,41.18795559555292
test_00116,113.38038624078035
test_00117,56.3737364038825
test_00118,87.13432179391384
test_00119,84.52136801183224
test_00120,80.96044594794512
test_00121,64.02726715430617
test_00122,104.02288293093443
test_00123,77.71513447165489
test_00124,55.33308611065149
test_00125,28.23572063818574
test_00126,71.38215339183807
test_00127,39.938185803592205
test_00128,39.57877837866545
test_00129,86.62957364320755
test_00130,109.16788965463638
test_00131,72.4172547981143
test_00132,14.925017926841974
test_00133,28.043570928275585
test_00134,68.19203365594149
test_00135,132.74802961945534
test_00136,115.2752605676651
test_00137,44.87325592339039
test_00138,23.120768528431654
test_00139,115.94995916634798
test_00140,98.00056523829699
test_00141,43.634257063269615
test_00142,81.43762051314116
test_00143,90.03362637013197
test_00144,56.802932038903236
test_00145,91.96668922156096
test_00146,81.75644752383232
test_00147,113.19692384451628
test_00148,18.049810104072094
test_00149,44.64488988369703
test_00150,53.31491432711482
test_00151,65.72741417586803
test_00152,90.49242349714041
test_00153,51.8049745336175
test_00154,37.82249994575977
test_00155,17.571825861930847
test_00156,15.176463473588228
test_00157,27.252371702343225
test_00158,80.00485630333424
test_00159,68.82676838338375
test_00160,25.550716750323772
test_00161,58.91543861478567
test_00162,66.15500531345606
test_00163,37.025361850857735
test_00164,82.93346524238586
test_00165,110.41241511702538
test_00166,14.398991614580154
test_00167,24.983679186552763
test_00168,13.72352048009634
test_00169,23.343879096210003
test_00170,29.06482983008027
test_00171,26.465904258191586
test_00172,12.116727724671364
test_00173,19.518742360174656
test_00174,18.178318463265896
test_00175,131.06449583172798
test_00176,38.70411928743124
test_00177,17.291176233440638
test_00178,16.23646430298686
test_00179,14.02677420899272
test_00180,15.659276064485312
test_00181,29.034036107361317
test_00182,42.873873844742775
test_00183,67.558130890131
test_00184,82.40201260894537
test_00185,151.26823836565018
test_00186,36.039947867393494
test_00187,30.873978681862354
test_00188,18.095048017799854
test_00189,21.949541114270687
test_00190,44.17547781765461
test_00191,91.02668400108814
test_00192,97.72710984945297
test_00193,29.178559727966785
test_00194,165.592002928257
test_00195,33.74653420597315
test_00196,14.11415246501565
test_00197,37.54109635204077
test_00198,83.9929015263915
test_00199,192.08547939360142
test_00200,154.76229894161224
test_00201,98.8839822113514
test_00202,41.79320025444031
test_00203,58.52438693493605
test_00204,54.89456062018871
test_00205,55.422703977674246
test_00206,24.95213521271944
test_00207,46.904274828732014
test_00208,133.59636306762695
test_00209,50.402146086096764
test_00210,120.265774987638
test_00211,210.28700226545334
test_00212,256.41458010673523
test_00213,113.35510797798634
test_00214,99.39829049259424
test_00215,62.689755123108625
test_00216,174.2577747106552
test_00217,40.41206966340542
test_00218,39.78708820044994
test_00219,17.25146120786667
test_00220,28.92751159146428
test_00221,50.04837668687105
test_00222,116.9899632036686
test_00223,12.679754044860601
test_00224,70.4654208123684
test_00225,12.61212744936347
test_00226,28.92879667505622
test_00227,16.798428386449814
test_00228,12.945744063705206
test_00229,71.62992196530104
test_00230,110.53121478110552
test_00231,283.504023373127
test_00232,222.8085893690586
test_00233,91.48573368787766
test_00234,109.30367767810822
test_00235,17.014103297144175
test_00236,92.94529151916504
test_00237,201.97239257395267
test_00238,26.53772408887744
test_00239,70.26939728111029
test_00240,56.590492121875286
test_00241,19.28376891091466
test_00242,31.1184305511415
test_00243,91.51999267935753
test_00244,68.94609545171261
test_00245,185.54924711585045
test_00246,29.16504406556487
test_00247,74.37865634262562
test_00248,12.542153533548117
test_00249,13.520982392132282
test_00250,17.479946099221706
test_00251,73.10120896995068
test_00252,182.67823666334152
test_00253,235.56642386317253
test_00254,20.24503743648529
test_00255,66.30928219854832
test_00256,143.141889706254
test_00257,13.321668155491352
test_00258,128.8140693306923
test_00259,133.50104403495789
test_00260,492.93734991550446
test_00261,69.1977489888668
test_00262,33.24906571954489
test_00263,109.12378825992346
test_00264,179.62236730754375
test_00265,13.037605255842209
test_00266,22.00295750796795
test_00267,106.59435005486012
test_00268,213.2454875409603
test_00269,14.96188422665
test_00270,21.604013334959745
test_00271,13.92640769481659
test_00272,56.50547604262829
test_00273,252.7406969666481
test_00274,195.97417205572128
test_00275,189.57748648524284
test_00276,388.19293478131294
test_00277,366.55640575289726
test_00278,18.478470906615257
test_00279,82.31448578834534
test_00280,155.07045158743858
test_00281,166.61987666785717
test_00282,15.909700229763985
test_00283,142.3693984746933
test_00284,15.867563601583242
test_00285,310.9545082747936
test_00286,270.0525111556053
test_00287,411.2697676718235
test_00288,67.46456491947174
test_00289,272.17350819706917
test_00290,311.2162790596485
test_00291,241.93503072857857
test_00292,177.58915707468987
test_00293,104.1899215131998
test_00294,22.34582969546318
test_00295,18.5057733617723
test_00296,11.807460844516754
test_00297,39.65751389041543
test_00298,77.63678151369095
test_00299,15.560053497552872
test_00300,32.23007985576987
test_00301,84.72857102751732
test_00302,123.85921783745289
test_00303,158.52270609140396
test_00304,66.93381796777248
test_00305,13.422424651682377
test_00306,81.30290958285332
test_00307,15.44564763084054
test_00308,27.21649707108736
test_00309,75.1351917386055
test_00310,189.67763386666775
test_00311,252.72613763809204
test_00312,14.979693405330181
test_00313,611.3642357587814
test_00314,14.200030218809843
test_00315,14.053192704916
test_00316,98.7680721282959
test_00317,14.515930507332087
test_00318,54.76569199189544
test_00319,84.81796976178885
test_00320,256.5399983227253
test_00321,13.657576378434896
test_00322,15.321358505636454
test_00323,83.5724934861064
test_00324,13.489508986473083
test_00325,12.595911625772715
test_00326,13.89974406734109
test_00327,104.46592478454113
test_00328,131.26743504405022
test_00329,159.82480032742023
test_00330,249.6037559211254
test_00331,284.5859300494194
test_00332,12.822595171630383
test_00333,78.06301328539848
test_00334,152.92410942912102
test_00335,11.719369478523731
test_00336,50.84902833402157
test_00337,92.46309547126293
test_00338,20.640167213976383
test_00339,30.743650406599045
test_00340,16.69547313451767
test_00341,28.57532811909914
test_00342,13.63779129087925
test_00343,118.98505176603794
test_00344,173.53530517220497
test_00345,244.3779672086239
test_00346,43.72536429017782
test_00347,28.68926229327917
test_00348,84.67331986129284
test_00349,14.079629771411419
test_00350,15.304013591259718
test_00351,19.001741345971823
test_00352,19.37993847578764
test_00353,88.66207076609135
test_00354,19.513375464826822
test_00355,76.49469132721424
test_00356,206.76816111803055
test_00357,253.4043646454811
test_00358,71.98514729738235
test_00359,43.06385822594166
test_00360,28.79137072712183
test_00361,107.49310632050037
test_00362,57.016701608896255
test_00363,14.977854918688536
test_00364,15.428105868399143
test_00365,17.238632656633854
test_00366,13.85020149499178
test_00367,25.508127000182867
test_00368,12.862878456711769
test_00369,13.03142125532031
test_00370,56.87221512943506
test_00371,61.8111590705812
test_00372,12.852400939911604
test_00373,21.688557721674442
test_00374,41.27454274520278
test_00375,49.589423567056656
test_00376,82.41513828933239
test_00377,21.159151565283537
test_00378,17.380218412727118
test_00379,16.259398959577084
test_00380,49.11219700425863
test_00381,29.611060924828053
test_00382,99.88023398071527
test_00383,17.65828673169017
test_00384,35.931428872048855
test_00385,83.06163190305233
test_00386,13.749515566974878
test_00387,21.40948287770152
test_00388,33.409983441233635
test_00389,86.29644729197025
test_00390,68.57065790891647
test_00391,44.942353308200836
test_00392,16.60761947184801
test_00393,47.68408286571503
test_00394,88.36604098975658
test_00395,77.44769594818354
test_00396,77.54100193083286
test_00397,77.37653351575136
test_00398,55.66803980618715
test_00399,151.48985214531422
test_00400,39.82445219159126
test_00401,15.414671916514635
test_00402,18.583468921482563
test_00403,16.261579144746065
test_00404,20.220550280064344
test_00405,71.77666662633419
test_00406,24.499321524053812
test_00407,42.742891885340214
test_00408,176.3089464008808
test_00409,20.557453885674477
test_00410,34.380121272057295
test_00411,59.22499519586563
test_00412,17.89613861963153
test_00413,23.54337903857231
test_00414,48.161287143826485
test_00415,76.41593724489212
test_00416,101.44819195568562
test_00417,78.44759497791529
test_00418,51.38552102074027
test_00419,76.45385835319757
test_00420,23.718298971652985
test_00421,18.809350218623877
test_00422,23.727487690746784
test_00423,23.799935206770897
test_00424,86.4700969979167
test_00425,14.96989557147026
test_00426,68.61573982983828
test_00427,43.47623635083437
test_00428,55.67131194099784
test_00429,84.4940395578742
test_00430,101.20396664738655
test_00431,68.8169928342104
test_00432,71.09451751410961
test_00433,108.35986177623272
test_00434,68.56016182154417
test_00435,121.30487278103828
test_00436,46.856867872178555
test_00437,12.419643469154835
test_00438,41.01745917275548
test_00439,29.466429594904184
test_00440,37.79373041540384
test_00441,14.23396236822009
test_00442,22.307607743889093
test_00443,24.198229409754276
test_00444,27.187263276427984
test_00445,53.03889248520136
test_00446,134.72734062373638
test_00447,97.93605849891901
test_00448,63.836220536381006
test_00449,41.986367631703615
test_00450,17.183244068175554
test_00451,29.35311196371913
test_00452,71.76013138890266
test_00453,63.739196725189686
test_00454,113.3816044703126
test_00455,15.208230294287205
test_00456,21.709419902414083
test_00457,35.66000881791115
test_00458,90.64504388719797
test_00459,42.60414371266961
test_00460,84.82082220166922
test_00461,70.25508308410645
test_00462,66.53809393197298
test_00463,50.65763258934021
test_00464,84.37427422404289
test_00465,53.58577726408839
test_00466,41.85279693454504
test_00467,12.975794963538647
test_00468,43.04461911320686
test_00469,23.84228353947401
test_00470,30.446469254791737
test_00471,64.25475666299462
test_00472,104.25866977125406
test_00473,35.53750989586115
test_00474,12.274510733783245
test_00475,17.064559541642666
test_00476,89.23945213854313
test_00477,141.80289202928543
test_00478,65.93419378250837
test_00479,34.96905725449324
test_00480,27.089994333684444
test_00481,18.703980792313814
test_00482,65.27033296972513
test_00483,129.69068947434425
test_00484,33.52292223274708
test_00485,42.223547264933586
test_00486,60.51784871518612
test_00487,24.673246074467897
test_00488,39.428200751543045
test_00489,68.58730456978083
test_00490,90.4727386906743
test_00491,20.487476255744696
test_00492,36.46495769545436
test_00493,47.91495964676142
test_00494,88.44150436669588
test_00495,50.54916187748313
test_00496,25.748853612691164
test_00497,12.767466571182013
test_00498,20.17090742662549
test_00499,24.19600836932659
test_00500,60.429118521511555
test_00501,56.68285471946001
test_00502,18.7334448620677
test_00503,39.80535050109029
test_00504,43.11430332809687
test_00505,38.193684827536345
test_00506,61.81275985389948
test_00507,52.69858303666115
test_00508,12.361885275691748
test_00509,16.074306067079306
test_00510,12.386275865137577
test_00511,22.16356324404478
test_00512,21.18939931318164
test_00513,17.811973072588444
test_00514,14.552603673189878
test_00515,20.448652617633343
test_00516,19.55017862468958
test_00517,130.0552966594696
test_00518,38.03769573569298
test_00519,15.428150437772274
test_00520,50.65053863078356
test_00521,13.632101267576218
test_00522,14.901908706873655
test_00523,18.71589195728302
test_00524,21.24524473771453
test_00525,27.73355008289218
test_00526,110.46083231270313
test_00527,29.574826024472713
test_00528,47.900051191449165
test_00529,33.402688920497894
test_00530,28.758823942393064
test_00531,13.546840056777
test_00532,16.670540284365416
test_00533,28.24922515824437
test_00534,82.37114088982344
test_00535,95.65517625957727
test_00536,19.352320320904255
test_00537,105.88144807517529
test_00538,24.2162057235837
test_00539,15.03895952925086
test_00540,15.999745219945908
test_00541,33.3100477643311
test_00542,106.26449212431908
test_00543,158.97220307588577
test_00544,151.51387503743172
test_00545,127.35482348501682
test_00546,46.13591369241476
test_00547,55.063942808657885
test_00548,65.58233343809843
test_00549,41.38635616004467
test_00550,23.121596775949
test_00551,58.846783209592104
test_00552,100.83049758523703
test_00553,71.76122333854437
test_00554,110.10660979151726
test_00555,141.49072813987732
test_00556,232.8725172430277
test_00557,153.28004044294357
test_00558,21.981471356004477
test_00559,92.12706468254328
test_00560,140.1256276667118
test_00561,68.42188534140587
test_00562,38.220471020787954
test_00563,15.536220025271177
test_00564,36.02402917295694
test_00565,54.260275300592184
test_00566,100.77295852452517
test_00567,24.692388620227575
test_00568,45.566918790340424
test_00569,12.84392161667347
test_00570,32.23130551353097
test_00571,13.939009685069323
test_00572,12.482267152518034
test_00573,69.78370996564627
test_00574,35.40081934258342
test_00575,257.07337486743927
test_00576,228.82539531588554
test_00577,149.29289403557777
test_00578,72.47938450425863
test_00579,23.831560891121626
test_00580,53.50461272150278
test_00581,212.10430359840393
test_00582,30.11149698868394
test_00583,48.5973650328815
test_00584,54.305130660533905
test_00585,54.84404123574495
test_00586,22.298322457820177
test_00587,89.7400479093194
test_00588,111.6130620315671
test_00589,175.37866473197937
test_00590,21.465566005557775
test_00591,57.53075733035803
test_00592,14.337842434644699
test_00593,15.191825050860643
test_00594,17.8470380268991
test_00595,65.88969126343727
test_00596,120.46470295637846
test_00597,193.97040732204914
test_00598,22.853348575532436
test_00599,69.96412678807974
test_00600,116.78432754427195
test_00601,22.90729608759284
test_00602,31.79158779233694
test_00603,87.81005291640759
test_00604,151.84983897209167
test_00605,135.99942481517792
test_00606,37.57495050504804
test_00607,93.52288088202477
test_00608,168.59112061560154
test_00609,17.706800494343042
test_00610,80.95603358000517
test_00611,75.44071479141712
test_00612,195.50475256145
test_00613,53.69817379489541
test_00614,16.479928217828274
test_00615,15.592191729694605
test_00616,79.99293399602175
test_00617,149.815336227417
test_00618,219.03029504418373
test_00619,195.84980864822865
test_00620,290.218488574028
test_00621,384.8320177793503
test_00622,15.459616415202618
test_00623,59.74365270510316
test_00624,212.46280477941036
test_00625,206.23624050617218
test_00626,17.32317704334855
test_00627,84.62234735488892
test_00628,14.625058617442846
test_00629,54.94905039295554
test_00630,115.5569464340806
test_00631,339.6119615137577
test_00632,20.483825281262398
test_00633,140.8082224726677
test_00634,158.81062424182892
test_00635,184.87883460521698
test_00636,167.2405943274498
test_00637,240.46302318572998
test_00638,27.0168151371181
test_00639,14.559660490602255
test_00640,14.229668851941824
test_00641,23.68402883782983
test_00642,26.130523439496756
test_00643,15.145023494958878
test_00644,26.41424835473299
test_00645,99.36700279265642
test_00646,112.1939495280385
test_00647,160.30711522698402
test_00648,55.84968971461058
test_00649,15.15739892423153
test_00650,47.38892590627074
test_00651,18.477943502366543
test_00652,37.69355332106352
test_00653,45.49649175256491
test_00654,99.45057036727667
test_00655,197.85657438635826
test_00656,14.976904105395079
test_00657,228.95711266994476
test_00658,14.563504599034786
test_00659,19.09839003160596
test_00660,65.4596413820982
test_00661,15.511105183511972
test_00662,93.68706702440977
test_00663,100.85163089632988
test_00664,237.87868294119835
test_00665,16.36486866697669
test_00666,17.519523702561855
test_00667,87.48421365767717
test_00668,14.076472774147987
test_00669,13.855609245598316
test_00670,15.763642679899931
test_00671,58.052623834460974
test_00672,70.3483667820692
test_00673,79.3582958355546
test_00674,216.37149423360825
test_00675,239.45432913303375
test_00676,13.956324886530638
test_00677,64.03654501214623
test_00678,118.36675570905209
test_00679,12.248549073934555
test_00680,40.245224215090275
test_00681,108.4177276790142
test_00682,19.670315369963646
test_00683,26.891864899545908
test_00684,20.48807794228196
test_00685,69.37438484281301
test_00686,71.85262769460678
test_00687,14.829056352376938
test_00688,152.3041494488716
test_00689,185.91287377476692
test_00690,333.1420633196831
test_00691,40.83429761976004
test_00692,34.260021667927504
test_00693,44.23535677045584
test_00694,11.259450688958168
test_00695,12.454726994037628
test_00696,14.71484361961484
test_00697,18.14904009923339
test_00698,95.92316447198391
test_00699,16.57934020459652
test_00700,101.44366073608398
test_00701,210.78614953160286
test_00702,281.57972583174706
test_00703,67.42479418218136
test_00704,50.36213764548302
test_00705,42.9906233176589
test_00706,144.11048617959023
test_00707,84.25922581553459
test_00708,11.73812947049737
test_00709,12.681325115263462
test_00710,14.637259483337402
test_00711,11.71285492181778
test_00712,27.037109058350325
test_00713,12.396367114037275
test_00714,11.061243258416653
test_00715,60.44154594838619
test_00716,101.63874088227749
test_00717,12.697756357491016
test_00718,13.688548378646374
test_00719,42.18906171247363
test_00720,52.36120031028986
test_00721,78.90101406723261
test_00722,26.027973026037216
test_00723,19.195922676473856
test_00724,20.888622898608446
test_00725,60.77581996098161
test_00726,36.041106671094894
test_00727,100.07500956952572
test_00728,17.631441112607718
test_00729,43.84730238094926
test_00730,87.9316381663084
test_00731,12.46571334451437
test_00732,14.03710687533021
test_00733,26.53483822196722
test_00734,115.27927923947573
test_00735,66.13896776735783
test_00736,52.92333895713091
test_00737,12.28738385438919
test_00738,48.756069142371416
test_00739,116.64481797814369
test_00740,89.13520437479019
test_00741,72.3358636945486
test_00742,50.43623422831297
test_00743,50.2075970582664
test_00744,139.83595645427704
test_00745,202.17699570953846
test_00746,29.390635661780834
test_00747,30.19705904275179
test_00748,118.91129688173532
test_00749,13.995044529438019
test_00750,17.557329673320055
test_00751,58.16912446171045
test_00752,21.573639307171106
test_00753,44.47793301194906
test_00754,160.8865170776844
test_00755,25.16278864070773
test_00756,33.5701620541513
test_00757,48.81257939338684
test_00758,14.2322390191257
test_00759,22.55598171800375
test_00760,48.72891525179148
test_00761,70.18293269723654
test_00762,87.21585403382778
test_00763,58.184292905032635
test_00764,40.64122309535742
test_00765,64.10179457440972
test_00766,29.720051612704992
test_00767,19.309385158121586
test_00768,19.649601753801107
test_00769,24.032873321324587
test_00770,84.61081874370575
test_00771,13.961416937410831
test_00772,78.40220107138157
test_00773,37.021818585693836
test_00774,26.844948206096888
test_00775,46.89738143235445
test_00776,104.14732804894447
test_00777,68.00950721651316
test_00778,84.34828285127878
test_00779,85.81390954554081
test_00780,49.86551597714424
test_00781,101.04224667698145
test_00782,51.60344668477774
test_00783,10.82205057516694
test_00784,17.61697092279792
test_00785,31.267035983502865
test_00786,32.959446504712105
test_00787,13.75514616444707
test_00788,22.289408583194017
test_00789,19.40097150579095
test_00790,23.557173259556293
test_00791,42.86298406124115
test_00792,143.99404126405716
test_00793,55.994031343609095
test_00794,50.42875400185585
test_00795,18.432382460683584
test_00796,10.796831738203764
test_00797,20.50776646286249
test_00798,40.022161930799484
test_00799,79.91362279653549
test_00800,76.55488969385624
test_00801,112.94491375237703
test_00802,10.98554589226842
test_00803,14.321195773780346
test_00804,28.65681578963995
test_00805,79.79607850313187
test_00806,53.20599792152643
test_00807,84.03988507390022
test_00808,56.85170207545161
test_00809,92.8263581469655
test_00810,69.16924687474966
test_00811,98.37393030524254
test_00812,58.897989705204964
test_00813,37.62174463272095
test_00814,11.070417121052742
test_00815,46.45644176751375
test_00816,19.519648604094982
test_00817,24.34628886729479
test_00818,68.82496332377195
test_00819,101.64105848968029
test_00820,37.18870860338211
test_00821,10.514172773808241
test_00822,17.4899964928627
test_00823,97.83642366528511
test_00824,149.9057823419571
test_00825,71.69865536689758
test_00826,14.444121818989515
test_00827,29.187622167170048
test_00828,17.70036393404007
test_00829,66.63519573956728
test_00830,137.74526658654213
test_00831,38.21017178148031
test_00832,34.619562800973654
test_00833,55.30578736960888
test_00834,29.36579195037484
test_00835,42.902569092810154
test_00836,63.9493413195014
test_00837,93.1191046461463
test_00838,20.655105382204056
test_00839,35.851192858070135
test_00840,45.81950828433037
test_00841,107.42981781065464
test_00842,109.96462662518024
test_00843,19.01760432869196
test_00844,22.679431453347206
test_00845,12.416259910911322
test_00846,13.597448579967022
test_00847,27.34079733863473
test_00848,52.554813381284475
test_00849,43.94398449361324
test_00850,16.41738995909691
test_00851,33.9941393584013
test_00852,47.81424771994352
test_00853,37.51301393285394
test_00854,60.12646647915244
test_00855,50.17177442461252
test_00856,9.582873437553644
test_00857,15.606721345335245
test_00858,9.995693542063236
test_00859,11.846031922847033
test_00860,20.369281992316246
test_00861,17.086268540471792
test_00862,10.088319841772318
test_00863,14.815481264144182
test_00864,14.31916043907404
test_00865,122.75471448898315
test_00866,30.28278823196888
test_00867,14.771766137331724
test_00868,50.64225244149566
test_00869,11.130719482898712
test_00870,13.48275301232934
test_00871,17.38061210885644
test_00872,21.039605364203453
test_00873,24.07928118109703
test_00874,118.01760666817427
test_00875,24.827170118689537
test_00876,38.0817971304059
test_00877,25.1299632973969
test_00878,25.60503938794136
test_00879,10.892132200300694
test_00880,12.40713433176279
test_00881,73.4255402982235
test_00882,22.110599972307682
test_00883,105.92191706597805
test_00884,18.3181177303195
test_00885,11.223665196448565
test_00886,11.679762162268162
test_00887,27.981418937444687
test_00888,99.9490193799138
test_00889,156.89143732190132
test_00890,133.32038950920105
test_00891,99.20933863520622
test_00892,42.158958815038204
test_00893,71.62339255213737
test_00894,70.5255671814084
test_00895,38.49752910062671
test_00896,136.2781319618225
test_00897,147.7854389846325
test_00898,17.973923318088055
test_00899,79.72346013784409
test_00900,143.13193587958813
test_00901,61.707119297236204
test_00902,36.95783182233572
test_00903,11.350899614393711
test_00904,22.830826185643673
test_00905,45.63235405832529
test_00906,27.774914175271988
test_00907,37.3088750615716
test_00908,9.567931555211544
test_00909,34.26050078868866
test_00910,10.925172962248325
test_00911,14.022476978600025
test_00912,60.49901444092393
test_00913,28.03268114477396
test_00914,171.0200771689415
test_00915,245.0598786175251
test_00916,171.5519086420536
test_00917,51.58760970085859
test_00918,12.00301268324256
test_00919,56.501635648310184
test_00920,210.14900062978268
test_00921,19.666504688560963
test_00922,27.414901349693537
test_00923,48.99570009112358
test_00924,31.97814404591918
test_00925,29.82822148129344
test_00926,77.86479099839926
test_00927,110.11414201557636
test_00928,171.63283176720142
test_00929,19.33031790703535
test_00930,55.53928631544113
test_00931,10.738200727850199
test_00932,12.821566361933947
test_00933,11.596985694020987
test_00934,73.08441374450922
test_00935,111.5679801106453
test_00936,209.79819509387016
test_00937,11.668129555881023
test_00938,69.2711918875575
test_00939,97.82811890542507
test_00940,13.909902170300484
test_00941,23.303432390093803
test_00942,76.92369382828474
test_00943,161.68222895264626
test_00944,131.9436712861061
test_00945,29.815058659762144
test_00946,58.355171881616116
test_00947,139.66479520499706
test_00948,18.4516512863338
test_00949,35.553970851004124
test_00950,67.6527813822031
test_00951,187.90779891610146
test_00952,92.80727502703667
test_00953,16.049291506409645
test_00954,11.888747952878475
test_00955,92.62702905386686
test_00956,132.2335356324911
test_00957,212.14484687149525
test_00958,197.66161309182644
test_00959,343.7782768011093
test_00960,370.9660103917122
test_00961,12.005122300237417
test_00962,44.20937654003501
test_00963,190.09327298402786
test_00964,191.0676783323288
test_00965,14.637099776417017
test_00966,75.35745177417994
test_00967,12.973213654011488
test_00968,60.10271471738815
test_00969,125.90342184901237
test_00970,178.71677707135677
test_00971,15.539896998554468
test_00972,133.99825996160507
test_00973,76.33047547191381
test_00974,204.35285764932632
test_00975,155.34126995503902
test_00976,200.23736630380154
test_00977,27.715774331241846
test_00978,14.814222179353237
test_00979,12.326467480510473
test_00980,20.368672877550125
test_00981,22.499185480177402
test_00982,14.348468516021967
test_00983,30.7690549492836
test_00984,108.16308799386024
test_00985,123.5706757158041
test_00986,123.66409312188625
test_00987,48.200036499649286
test_00988,11.179630655795336
test_00989,58.02106871828437
test_00990,14.278810299932957
test_00991,41.62889154627919
test_00992,46.68523121625185
test_00993,132.31930196285248
test_00994,192.99259984493256
test_00995,14.887627936899662
test_00996,277.48983216285706
test_00997,13.158618532121181
test_00998,14.355748180299997
test_00999,67.4570549800992
test_01000,12.404497310519218
test_01001,77.04290204495192
test_01002,105.50547569990158
test_01003,220.67829218506813
test_01004,15.308667376637459
test_01005,18.428322933614254
test_01006,83.95515126734972
test_01007,12.592034090310335
test_01008,12.216410841792822
test_01009,12.094149623066187
test_01010,50.59928756579757
test_01011,85.29505518823862
test_01012,44.81489232927561
test_01013,207.13646756112576
test_01014,241.66991724073887
test_01015,11.409820325672626
test_01016,54.25228624045849
test_01017,114.20327800512314
test_01018,11.044139761477709
test_01019,35.413904167711735
test_01020,92.3802707195282
test_01021,14.902982085943222
test_01022,25.05190746858716
test_01023,19.87447652593255
test_01024,36.63952478766441
test_01025,87.63446444272995
test_01026,13.4512201808393
test_01027,192.73258212208748
test_01028,114.26059421896935
test_01029,336.2451613545418
test_01030,44.581133395433426
test_01031,50.637906927615404
test_01032,95.07971879839897
test_01033,12.15815495699644
test_01034,11.278466954827309
test_01035,14.635387569665909
test_01036,23.81760696321726
test_01037,107.9503658041358
test_01038,15.273019306361675
test_01039,111.99606893956661
test_01040,268.0583585500717
test_01041,285.30189245939255
test_01042,70.39790564030409
test_01043,49.163934618234634
test_01044,59.78444853797555
test_01045,132.61221188306808
test_01046,55.86231027543545
test_01047,17.74346623197198
test_01048,46.030410557985306
test_01049,16.040685903280973
test_01050,56.85657870769501
test_01051,14.973721109330654
test_01052,16.58181380480528
test_01053,119.44231867790222
test_01054,66.73862639814615
test_01055,11.348971989005804
test_01056,14.94846884533763
test_01057,76.80496844649315
test_01058,99.33647277206182
test_01059,117.2361347079277
test_01060,33.10427839681506
test_01061,28.24538104981184
test_01062,59.49776718765497
test_01063,66.72211344540119
test_01064,46.49277323484421
test_01065,97.92519100010395
test_01066,61.18802352249622
test_01067,43.561776120215654
test_01068,105.74207964539528
test_01069,14.025091715157032
test_01070,23.34299885109067
test_01071,38.3832346573472
test_01072,77.01767577975988
test_01073,91.86087410151958
test_01074,58.510867558419704
test_01075,29.749248266220093
test_01076,77.76575785130262
test_01077,78.89351155608892
test_01078,99.0678531602025
test_01079,101.66022332012653
test_01080,69.32410316169262
test_01081,201.6628879904747
test_01082,39.3074066080153
test_01083,22.58102970570326
test_01084,60.735087268054485
test_01085,53.64821524173021
test_01086,38.5073232203722
test_01087,82.252356082201
test_01088,27.558630149811506
test_01089,64.93156859278679
test_01090,167.01593497395515
test_01091,28.732175171375275
test_01092,42.04214248806238
test_01093,67.45744867622852
test_01094,49.036536779254675
test_01095,49.208117723464966
test_01096,52.84296552091837
test_01097,83.2165699005127
test_01098,122.78426398336887
test_01099,87.170720115304
test_01100,77.05878359824419
test_01101,88.19184902310371
test_01102,63.53943679481745
test_01103,14.618919186294079
test_01104,25.948684111237526
test_01105,84.3405649214983
test_01106,47.61632627621293
test_01107,21.166063532233238
test_01108,102.15026357769966
test_01109,39.581957660615444
test_01110,43.59929981827736
test_01111,48.20578223466873
test_01112,80.22138917446136
test_01113,136.00006364285946
test_01114,91.0146874114871
test_01115,169.46476946771145
test_01116,53.118890795856714
test_01117,16.98863932862878
test_01118,55.07841671258211
test_01119,64.79390865564346
test_01120,65.21557206660509
test_01121,21.02876015007496
test_01122,32.868970677256584
test_01123,34.238394379615784
test_01124,41.33197038248181
test_01125,104.9603625535965
test_01126,93.63746874034405
test_01127,161.2404870390892
test_01128,61.3703679703176
test_01129,130.1215861737728
test_01130,11.985028941184282
test_01131,24.858231257647276
test_01132,31.2425599694252
test_01133,80.04017010331154
test_01134,97.33313144743443
test_01135,122.23499102890491
test_01136,76.45082763582468
test_01137,43.64792500436306
test_01138,47.557802975177765
test_01139,132.73251947760582
test_01140,49.090855702757835
test_01141,93.08297374099493
test_01142,87.55507153272629
test_01143,96.2623671144247
test_01144,95.03543169796467
test_01145,154.2459033280611
test_01146,137.3488368690014
test_01147,28.743198662996292
test_01148,32.86189157515764
test_01149,34.94555062428117
test_01150,39.22321134805679
test_01151,99.17946229875088
test_01152,102.02450366318226
test_01153,104.19659206271172
test_01154,12.29945844039321
test_01155,32.02746005728841
test_01156,71.41230457276106
test_01157,30.995006814599037
test_01158,62.07563744485378
test_01159,112.11030024290085
test_01160,46.15077015012503
test_01161,71.14811961352825
test_01162,174.33933666348457
test_01163,91.0337111055851
test_01164,106.8786877989769
test_01165,77.72285982966423
test_01166,131.3944726139307
test_01167,25.819217510521412
test_01168,52.90789566934109
test_01169,50.23428297042847
test_01170,75.99866391718388
test_01171,82.62550573050976
test_01172,53.81913135945797
test_01173,36.8357340246439
test_01174,20.88014357537031
test_01175,16.409263476729393
test_01176,34.2150474563241
test_01177,90.26842525601387
test_01178,66.66702570021152
test_01179,37.654012858867645
test_01180,79.40174354612827
test_01181,72.13640832155943
test_01182,43.68472445011139
test_01183,87.95923403650522
test_01184,125.14930805563927
test_01185,16.81160606443882
test_01186,36.53421478718519
test_01187,18.44032323732972
test_01188,24.52037312462926
test_01189,34.41583248227835
test_01190,25.816862761974335
test_01191,11.441913988441229
test_01192,19.414717443287373
test_01193,20.144600354135036
test_01194,124.25671721994877
test_01195,36.12438825890422
test_01196,17.410391878336668
test_01197,49.232980005443096
test_01198,18.47691097855568
test_01199,14.519366063177586
test_01200,20.71321641653776
test_01201,34.289719726890326
test_01202,29.066426899284124
test_01203,67.18392643332481
test_01204,80.50366187095642
test_01205,160.21603028476238
test_01206,36.13649255782366
test_01207,31.817371174693108
test_01208,20.737358160316944
test_01209,33.42953082546592
test_01210,51.64675325900316
test_01211,89.26729314029217
test_01212,108.82615398615599
test_01213,37.14982182532549
test_01214,180.21093559265137
test_01215,45.94853661954403
test_01216,13.987241175025702
test_01217,15.148603901267052
test_01218,47.28930592909455
test_01219,92.66611639410257
test_01220,214.2275142520666
test_01221,183.0825403034687
test_01222,102.91666366159916
test_01223,64.95055514574051
test_01224,54.26009330898523
test_01225,54.85096434503794
test_01226,29.22916453704238
test_01227,56.93246549367905
test_01228,168.23297598958015
test_01229,51.933349184691906
test_01230,127.33766427636147
test_01231,290.3237911462784
test_01232,130.0108461380005
test_01233,111.18190534412861
test_01234,57.43508917093277
test_01235,200.85154712200165
test_01236,33.70393331348896
test_01237,46.505245231091976
test_01238,13.833632830530405
test_01239,23.13123118877411
test_01240,54.08128098398447
test_01241,123.97499421238899
test_01242,11.657187774777412
test_01243,10.82118147239089
test_01244,31.4680215716362
test_01245,15.665363498032093
test_01246,14.960855416953564
test_01247,80.8342923372984
test_01248,156.9148510992527
test_01249,264.2494896352291
test_01250,247.03500010073185
test_01251,104.77971545606852
test_01252,126.32593207806349
test_01253,16.593832679092884
test_01254,98.434002391994
test_01255,188.7428506910801
test_01256,102.98824207484722
test_01257,56.517647195607424
test_01258,57.226760778576136
test_01259,18.552894331514835
test_01260,20.511439722031355
test_01261,91.01594278216362
test_01262,71.78801696002483
test_01263,184.5010051727295
test_01264,28.746370516717434
test_01265,79.3567730486393
test_01266,13.44423021748662
test_01267,13.854487583041191
test_01268,30.90616148337722
test_01269,100.1221491098404
test_01270,206.73078227043152
test_01271,278.49398013949394
test_01272,19.862335085868835
test_01273,138.4275345504284
test_01274,154.2291303873062
test_01275,13.78350342810154
test_01276,127.49591526389122
test_01277,195.69108225405216
test_01278,542.4359768629074
test_01279,65.63713148236275
test_01280,44.87233482301235
test_01281,111.619220033288
test_01282,214.5036215186119
test_01283,12.759291805326939
test_01284,20.353972412645817
test_01285,199.3558732420206
test_01286,221.49489223957062
test_01287,14.926254726946354
test_01288,18.848641835153103
test_01289,13.673691920936108
test_01290,104.33793640136719
test_01291,273.8437305986881
test_01292,202.7756069600582
test_01293,223.87017241120338
test_01294,417.1889964044094
test_01295,454.9726824760437
test_01296,17.700935907661915
test_01297,101.41606486588717
test_01298,142.983549579978
test_01299,168.338100284338
test_01300,13.703382551670074
test_01301,151.85477131605148
test_01302,16.75067973136902
test_01303,364.80895948410034
test_01304,339.25603049993515
test_01305,362.58848360180855
test_01306,95.06361439824104
test_01307,324.3526263833046
test_01308,304.75238287448883
test_01309,258.7988038659096
test_01310,160.32669603824615
test_01311,131.7448027431965
test_01312,23.9358272254467
test_01313,19.31948383525014
test_01314,12.227497473359108
test_01315,57.947674103081226
test_01316,86.54563465714455
test_01317,13.61300329118967
test_01318,37.539848409593105
test_01319,94.40585958957672
test_01320,137.9699556529522
test_01321,177.27036720514297
test_01322,69.21616356819868
test_01323,11.953094985336065
test_01324,82.37221798300743
test_01325,19.376632913947105
test_01326,35.22786417603493
test_01327,100.22101140767336
test_01328,132.46183481812477
test_01329,296.61258912086487
test_01330,14.98134247213602
test_01331,535.617338180542
test_01332,14.663889683783054
test_01333,16.76424739137292
test_01334,82.55888937413692
test_01335,11.948118072003126
test_01336,91.18234253674746
test_01337,303.13787218928337
test_01338,13.066345073282719
test_01339,14.856109961867332
test_01340,64.16311831772327
test_01341,16.383546948432922
test_01342,16.740027651190758
test_01343,19.377431448549032
test_01344,117.61525665223598
test_01345,154.36025348305702
test_01346,193.70360019803047
test_01347,251.44019237160683
test_01348,242.1516973078251
test_01349,11.451518688350916
test_01350,97.92443332076073
test_01351,159.59317329525948
test_01352,11.312584809958935
test_01353,47.749072439968586
test_01354,96.61497028172016
test_01355,17.569734815508127
test_01356,24.39878787472844
test_01357,17.001560732722282
test_01358,28.41001660004258
test_01359,111.0147553384304
test_01360,12.977726303040981
test_01361,169.58616158366203
test_01362,136.57833640277386
test_01363,340.0462751984596
test_01364,48.429802760481834
test_01365,61.94931669905782
test_01366,72.49620201438665
test_01367,13.241309575736523
test_01368,12.94398357346654
test_01369,14.019461117684841
test_01370,18.588575828820467
test_01371,104.75828501582146
test_01372,15.707143571227789
test_01373,101.33812046051025
test_01374,251.27689018845558
test_01375,296.91268956661224
test_01376,72.58248089253902
test_01377,51.31462229043245
test_01378,51.48700176924467
test_01379,125.67529351264238
test_01380,62.45228207483888
test_01381,16.541768223047256
test_01382,34.64537961035967
test_01383,43.52221708744764
test_01384,18.674980986863375
test_01385,51.82415422052145
test_01386,14.84286542981863
test_01387,16.49776339530945
test_01388,119.54136668145657
test_01389,70.58014237880707
test_01390,12.503400463610888
test_01391,15.752292346209288
test_01392,59.29959689825773
test_01393,101.95362350344658
test_01394,122.61177308112383
test_01395,34.01754942163825
test_01396,23.397566620260477
test_01397,60.44378927350044
test_01398,61.80764180421829
test_01399,84.34416018426418
test_01400,68.69456076622009
test_01401,45.623982444405556
test_01402,94.02377378195524
test_01403,17.731473356485367
test_01404,24.098951131105423
test_01405,45.03160347789526
test_01406,74.52445761859417
test_01407,84.64106649160385
test_01408,52.34229175373912
test_01409,24.408503998070955
test_01410,56.06100054085255
test_01411,67.49253962934017
test_01412,74.8592181801796
test_01413,94.86810341477394
test_01414,127.46293392777443
test_01415,60.66374284401536
test_01416,184.2264875471592
test_01417,188.75223997235298
test_01418,31.34623947367072
test_01419,27.945718869566917
test_01420,58.79016896337271
test_01421,20.51367561891675
test_01422,25.067577317357063
test_01423,67.63536218553782
test_01424,29.189531221985817
test_01425,49.001356687396765
test_01426,173.78841464221478
test_01427,24.16492123156786
test_01428,32.22765453904867
test_01429,65.26364013552666
test_01430,42.477548122406006
test_01431,43.14175806194544
test_01432,53.46285493299365
test_01433,83.9180695489049
test_01434,89.96285020560026
test_01435,88.84921013563871
test_01436,71.53167621046305
test_01437,90.25615382194519
test_01438,65.2547931149602
test_01439,16.731908597052097
test_01440,22.584376122802496
test_01441,57.52541643381119
test_01442,39.11851417645812
test_01443,14.77149872109294
test_01444,99.41308009624481
test_01445,42.146516531705856
test_01446,46.498760387301445
test_01447,50.562491834163666
test_01448,80.22030465304852
test_01449,74.90271788835526
test_01450,96.8610377907753
test_01451,125.62437300384045
test_01452,97.0066310763359
test_01453,184.7079556286335
test_01454,48.695172522217035
test_01455,15.424079768359661
test_01456,66.13876720517874
test_01457,40.258609883487225
test_01458,70.58441361039877
test_01459,20.943030960857868
test_01460,32.60317750647664
test_01461,35.49555525928736
test_01462,40.39702007174492
test_01463,111.50169059634209
test_01464,98.63709759712219
test_01465,164.0780407488346
test_01466,71.90020550042391
test_01467,82.6305643543601
test_01468,14.676617953926325
test_01469,19.509200800210238
test_01470,33.23755196481943
test_01471,80.34087966382504
test_01472,100.48130397498608
test_01473,125.97690188884735
test_01474,80.83193758875132
test_01475,35.46782939508557
test_01476,37.720956057310104
test_01477,112.24751448631287
test_01478,52.86972200125456
test_01479,88.45174789428711
test_01480,106.85089136660099
test_01481,72.86541470140219
test_01482,71.02235969901085
test_01483,126.8998147547245
test_01484,104.6020545065403
test_01485,88.70992341637611
test_01486,23.423747412860394
test_01487,53.44812846928835
test_01488,49.77904025092721
test_01489,39.993147268891335
test_01490,110.36603325605392
test_01491,131.28134068846703
test_01492,83.58642141520977
test_01493,17.35683434829116
test_01494,54.89199045300484
test_01495,116.08404612541199
test_01496,36.382058661431074
test_01497,49.111706741154194
test_01498,24.06928649917245
test_01499,114.73454493284225
test_01500,132.30281129479408
test_01501,57.3906720764935
test_01502,71.82229080796242
test_01503,143.18584996461868
test_01504,71.58778905123472
test_01505,95.9021722972393
test_01506,76.88180604577065
test_01507,110.8795912861824
test_01508,26.68529699742794
test_01509,48.63599553704262
test_01510,54.81504514440894
test_01511,75.83183332532644
test_01512,86.32938405871391
test_01513,74.21173661202192
test_01514,31.89206201583147
test_01515,20.5514073073864
test_01516,15.283173695206642
test_01517,28.710878439247608
test_01518,84.8519836217165
test_01519,66.75453766435385
test_01520,32.182776894420385
test_01521,70.99314447492361
test_01522,71.83529763668776
test_01523,38.99576269462705
test_01524,108.83549126982689
test_01525,128.57381069660187
test_01526,14.371971432119608
test_01527,34.92053606361151
test_01528,15.294416319578886
test_01529,25.114980559796095
test_01530,28.223995178937912
test_01531,26.568777799606323
test_01532,14.677758187055588
test_01533,26.86707689985633
test_01534,25.435664627701044
test_01535,131.44740617275238
test_01536,31.739653330296278
test_01537,24.250505570322275
test_01538,54.031411569565535
test_01539,25.73095900937915
test_01540,14.611598666757345
test_01541,17.18685047328472
test_01542,37.02383906394243
test_01543,44.498108081519604
test_01544,79.79426601529121
test_01545,57.073159862309694
test_01546,146.76114565134048
test_01547,38.82623194158077
test_01548,29.35109519958496
test_01549,17.923805058002472
test_01550,28.25732935592532
test_01551,51.02805979177356
test_01552,100.47527225315571
test_01553,71.85314024239779
test_01554,36.202187813818455
test_01555,166.9819879680872
test_01556,33.518365014344454
test_01557,13.789984557777643
test_01558,18.68582620099187
test_01559,42.19763760268688
test_01560,94.65249164402485
test_01561,186.6229530274868
test_01562,162.63467645645142
test_01563,95.7062156200409
test_01564,41.692287765443325
test_01565,64.07534636557102
test_01566,52.81492395699024
test_01567,55.18675743043423
test_01568,22.762646187096834
test_01569,50.30325407534838
test_01570,165.3400671184063
test_01571,54.126968305557966
test_01572,119.61694891005754
test_01573,236.6763349622488
test_01574,254.1629353761673
test_01575,122.77175484597683
test_01576,122.59075862169266
test_01577,85.0616008117795
test_01578,229.6813055574894
test_01579,46.22448789328337
test_01580,44.53265677392483
test_01581,13.699118748307228
test_01582,26.634447056800127
test_01583,82.43660587072372
test_01584,108.25146163254976
test_01585,14.528762772679329
test_01586,55.36728939041495
test_01587,12.242539636790752
test_01588,32.605543397367
test_01589,17.13870069384575
test_01590,15.945708569139242
test_01591,77.13665372133255
test_01592,139.26234862208366
test_01593,249.81580214202404
test_01594,221.757970392704
test_01595,97.49069160968065
test_01596,129.26610676944256
test_01597,17.260222803801298
test_01598,97.05616993457079
test_01599,201.04225946962833
test_01600,127.85309422016144
test_01601,76.67973593622446
test_01602,63.247024565935135
test_01603,28.52212342992425
test_01604,19.207124445587397
test_01605,82.94868568331003
test_01606,67.13164655864239
test_01607,184.66696666181087
test_01608,38.9483037404716
test_01609,71.71407637000084
test_01610,14.028092719614506
test_01611,13.88457190990448
test_01612,23.961157485842705
test_01613,101.27853120863438
test_01614,196.91849307715893
test_01615,290.2011362314224
test_01616,22.876171808689833
test_01617,103.53478886932135
test_01618,136.25745177268982
test_01619,13.112255241721869
test_01620,136.73538401722908
test_01621,173.3912272453308
test_01622,430.009762853384
test_01623,95.62073899060488
test_01624,39.334471359848976
test_01625,120.67714287340641
test_01626,187.5984577536583
test_01627,14.919417042285204
test_01628,27.106551855802536
test_01629,148.34053567051888
test_01630,210.54202821850777
test_01631,15.269201196730137
test_01632,20.406352568417788
test_01633,16.735515002161264
test_01634,90.1689018458128
test_01635,254.77163416147232
test_01636,220.71425966918468
test_01637,193.73684895038605
test_01638,358.59090796113014
test_01639,461.48474329710007
test_01640,19.515915919095278
test_01641,89.12591908872128
test_01642,166.84643764793873
test_01643,165.6103952229023
test_01644,16.98521862924099
test_01645,156.36542958021164
test_01646,16.717486690729856
test_01647,316.4379971027374
test_01648,246.48982752859592
test_01649,394.5618387758732
test_01650,131.3012631982565
test_01651,260.85642325878143
test_01652,251.11691585183144
test_01653,170.68614856898785
test_01654,131.3079188913107
test_01655,32.45392953231931
test_01656,17.26827871799469
test_01657,14.390820562839508
test_01658,71.83872947841883
test_01659,97.41978173702955
test_01660,16.028273332864046
test_01661,35.50701701641083
test_01662,86.916184425354
test_01663,119.95822402834892
test_01664,175.4293401092291
test_01665,51.193876430392265
test_01666,12.425188641995192
test_01667,72.17759042233229
test_01668,14.978096336126328
test_01669,26.58190719410777
test_01670,73.1133244112134
test_01671,164.97661873698235
test_01672,268.3869536817074
test_01673,15.805058769881725
test_01674,511.1747808456421
test_01675,14.770373344421387
test_01676,16.374335944652557
test_01677,72.10031455755234
test_01678,13.537495344877243
test_01679,58.305737018585205
test_01680,85.90277344733477
test_01681,15.775108151137829
test_01682,15.810306813567877
test_01683,57.536792766302824
test_01684,16.037124067544937
test_01685,13.643960434943438
test_01686,15.814600329846144
test_01687,107.92465670406818
test_01688,147.58665958046913
test_01689,147.89712983369827
test_01690,235.86325588822365
test_01691,268.5496021807194
test_01692,12.069569613784552
test_01693,85.40735515207052
test_01694,142.41824650764465
test_01695,11.31440844014287
test_01696,43.81003124266863
test_01697,84.96827997267246
test_01698,22.86833131313324
test_01699,40.08761205524206
test_01700,15.432614803314209
test_01701,28.551602356135845
test_01702,71.73283264786005
test_01703,14.769526526331902
test_01704,157.4180393218994
test_01705,179.7544263601303
test_01706,322.64969006180763
test_01707,52.01615907996893
test_01708,58.534935019910336
test_01709,51.96701391786337
test_01710,11.164477068930864
test_01711,12.023819152265787
test_01712,12.827200673520565
test_01713,18.812678065150976
test_01714,95.64980565011501
test_01715,13.001712054014206
test_01716,110.35217218101025
test_01717,244.0011480152607
test_01718,332.7914806306362
test_01719,88.26532163470984
test_01720,55.90430948138237
test_01721,55.31487209349871
test_01722,120.2070176973939
test_01723,65.50278453528881
test_01724,12.492462396621704
test_01725,39.94945442676544
test_01726,56.38730034977198
test_01727,15.38881053775549
test_01728,66.02820544689894
test_01729,15.040114618837833
test_01730,15.430074349045753
test_01731,90.91497829556465
test_01732,74.14862637966871
test_01733,14.321730606257915
test_01734,15.718315627425909
test_01735,68.08719163388014
test_01736,122.2919804006815
test_01737,83.45454064011574
test_01738,20.950176917016506
test_01739,24.844281043857336
test_01740,51.054422575980425
test_01741,55.93470207974315
test_01742,45.52086005732417
test_01743,126.26848958432674
test_01744,101.22865808010101
test_01745,74.47171719372272
test_01746,96.98217734694481
test_01747,22.008105270564556
test_01748,39.17321936786175
test_01749,46.38297287002206
test_01750,75.10141558200121
test_01751,85.06332416087389
test_01752,28.269028816372156
test_01753,18.00715721398592
test_01754,56.62331746518612
test_01755,59.48929529264569
test_01756,77.06405764073133
test_01757,78.67530733346939
test_01758,72.15097507834435
test_01759,46.10833639279008
test_01760,212.5608425438404
test_01761,202.00241747498512
test_01762,22.551119942218065
test_01763,15.729810811579227
test_01764,25.104124203324318
test_01765,48.710909225046635
test_01766,18.37929290905595
test_01767,24.73069228231907
test_01768,59.17162708565593
test_01769,29.091430317610502
test_01770,56.55550516396761
test_01771,186.26200053095818
test_01772,28.781346332281828
test_01773,41.94963875412941
test_01774,65.9981285482645
test_01775,51.79866053909063
test_01776,45.149244338274
test_01777,54.130221869796515
test_01778,83.97146365791559
test_01779,99.69987658411264
test_01780,83.84998240321875
test_01781,44.74689432233572
test_01782,84.07709307223558
test_01783,31.890074964612722
test_01784,12.930304490029812
test_01785,18.342348612844944
test_01786,60.41171418130398
test_01787,26.110054954886436
test_01788,96.7035221979022
test_01789,39.991865899413824
test_01790,45.48406432569027
test_01791,63.65597827732563
test_01792,56.79516953974962
test_01793,72.00573091953993
test_01794,113.6560700982809
test_01795,88.71235244721174
test_01796,230.4371426999569
test_01797,41.44748305529356
test_01798,17.046475518494844
test_01799,43.56887750700116
test_01800,27.877802573144436
test_01801,60.28354009240866
test_01802,13.187373206019402
test_01803,30.998765498399734
test_01804,31.928486336022615
test_01805,39.49222465604544
test_01806,78.31058129668236
test_01807,103.9635833799839
test_01808,109.96366095542908
test_01809,82.01004725694656
test_01810,27.596465833485126
test_01811,15.48430784791708
test_01812,19.745225343853235
test_01813,39.17355363816023
test_01814,88.09555689245462
test_01815,97.9846019744873
test_01816,112.68541600555182
test_01817,54.542603708803654
test_01818,34.66554353758693
test_01819,41.45213312655687
test_01820,104.0249405503273
test_01821,53.27095778286457
test_01822,100.11647394299507
test_01823,87.58097376674414
test_01824,67.59839189052582
test_01825,101.09252092987299
test_01826,110.69797851890326
test_01827,83.01006513834
test_01828,71.63180130720139
test_01829,20.356906563043594
test_01830,47.78564903885126
test_01831,29.074683375656605
test_01832,31.753454979509115
test_01833,77.08736742287874
test_01834,107.3168121650815
test_01835,51.85933431237936
test_01836,13.555820785462856
test_01837,25.557966701686382
test_01838,56.079318553209305
test_01839,134.37371236085892
test_01840,135.1891684681177
test_01841,34.60228102654219
test_01842,40.402412965893745
test_01843,21.869739651679993
test_01844,79.1264608129859
test_01845,111.68148344755173
test_01846,54.95346276089549
test_01847,78.61008005589247
test_01848,68.04527413845062
test_01849,27.186494454741478
test_01850,39.25306539982557
test_01851,78.51840828359127
test_01852,92.78555488586426
test_01853,23.2331687733531
test_01854,42.157398886978626
test_01855,48.789069049060345
test_01856,65.59947779029608
test_01857,106.93255731463432
test_01858,74.98453240096569
test_01859,41.03720711916685
test_01860,18.666267674416304
test_01861,13.842405568808317
test_01862,27.87547382339835
test_01863,71.99388289451599
test_01864,63.27299365401268
test_01865,26.434445708990097
test_01866,64.47206578403711
test_01867,74.83618324249983
test_01868,47.36527071148157
test_01869,99.12335688620806
test_01870,83.75453709065914
test_01871,11.934212427586317
test_01872,13.909742463380098
test_01873,14.766287818551064
test_01874,17.091709718108177
test_01875,29.167250249534845
test_01876,16.91415276378393
test_01877,12.066204626113176
test_01878,24.87173206359148
test_01879,19.452088862657547
test_01880,131.0440979152918
test_01881,20.84144250303507
test_01882,54.9786593131721
test_01883,14.15592510998249
test_01884,13.369621086865664
test_01885,16.617866713553667
test_01886,33.956322245299816
test_01887,40.010135628283024
test_01888,93.70781406760216
test_01889,45.036283262073994
test_01890,165.1749524474144
test_01891,64.7523625716567
test_01892,25.920252565294504
test_01893,20.146598547697067
test_01894,24.585934672504663
test_01895,90.6057188436389
test_01896,88.91700758039951
test_01897,90.39307836443186
test_01898,207.05734206736088
test_01899,34.69243372604251
test_01900,14.734784699976444
test_01901,16.614590864628553
test_01902,189.57606026530266
test_01903,188.42195120453835
test_01904,85.52291610836983
test_01905,34.5631565451622
test_01906,60.89509131759405
test_01907,58.811707112938166
test_01908,48.224441945552826
test_01909,42.07037718594074
test_01910,81.89554110914469
test_01911,152.1598635315895
test_01912,81.41479356586933
test_01913,121.4044556170702
test_01914,185.38818825781345
test_01915,255.8641780614853
test_01916,144.2619477659464
test_01917,97.5589941740036
test_01918,85.73632169514894
test_01919,190.79509204626083
test_01920,50.588394068181515
test_01921,55.23443180322647
test_01922,22.36362773180008
test_01923,23.083300542086363
test_01924,37.337878581136465
test_01925,90.97419613599777
test_01926,13.98383904621005
test_01927,38.46262013912201
test_01928,12.22255027294159
test_01929,28.135695822536945
test_01930,15.351654537022114
test_01931,14.904192887246609
test_01932,78.23359513282776
test_01933,140.90718133747578
test_01934,295.2998130917549
test_01935,236.10705035924911
test_01936,69.48175246268511
test_01937,117.35819536447525
test_01938,14.780954856425524
test_01939,98.67814598977566
test_01940,206.60683484375477
test_01941,46.52990323677659
test_01942,73.90174176543951
test_01943,52.205467492341995
test_01944,16.611140452325344
test_01945,23.71108616143465
test_01946,80.18508742004633
test_01947,75.8970383182168
test_01948,161.78197520971298
test_01949,21.866456374526024
test_01950,60.56148213148117
test_01951,11.72976528480649
test_01952,13.715122867375612
test_01953,17.11050685122609
test_01954,86.09043279290199
test_01955,174.7733829319477
test_01956,410.7042120397091
test_01957,19.801817305386066
test_01958,112.06378467381
test_01959,139.24306493997574
test_01960,15.788794662803411
test_01961,70.8415417522192
test_01962,94.99982819706202
test_01963,310.81506556272507
test_01964,133.34713113307953
test_01965,41.43780778720975
test_01966,78.73508229106665
test_01967,192.54595530033112
test_01968,12.083393547683954
test_01969,25.900352340191603
test_01970,107.26245981454849
test_01971,225.25760214030743
test_01972,15.517408035695553
test_01973,11.047597602009773
test_01974,98.60573561489582
test_01975,163.51221770048141
test_01976,256.0514882802963
test_01977,201.257841527462
test_01978,518.7592996358871
test_01979,402.94530814886093
test_01980,12.138381011784077
test_01981,100.55681934952736
test_01982,155.48485761880875
test_01983,154.18476900458336
test_01984,18.58860182762146
test_01985,178.51227793097496
test_01986,14.413231529295444
test_01987,70.82017816603184
test_01988,188.74178102612495
test_01989,386.9529553949833
test_01990,12.313694640994072
test_01991,188.07208162546158
test_01992,368.06344482302666
test_01993,259.9078087210655
test_01994,159.44186027348042
test_01995,231.10491076111794
test_01996,23.11503764986992
test_01997,23.437133081257343
test_01998,12.617186073213816
test_01999,71.32151675969362
test_02000,109.78606685996056
test_02001,12.900480151176453
test_02002,32.95372676849365
test_02003,95.292411275208
test_02004,131.14270022511482
test_02005,169.6137351691723
test_02006,73.0048648416996
test_02007,11.502090070396662
test_02008,71.32738506048918
test_02009,20.985668994486332
test_02010,24.989246644079685
test_02011,41.57856900990009
test_02012,91.7807235121727
test_02013,218.05847471952438
test_02014,12.401017185300589
test_02015,415.1768971979618
test_02016,14.023412935435772
test_02017,15.14847019314766
test_02018,76.43288846313953
test_02019,12.642969455569983
test_02020,66.65190182626247
test_02021,106.89893715083599
test_02022,260.68120619654655
test_02023,12.409678500145674
test_02024,17.67424628138542
test_02025,81.33694572746754
test_02026,15.119314394891262
test_02027,13.48872159421444
test_02028,15.395414233207703
test_02029,141.73605282604694
test_02030,173.48812106251717
test_02031,111.93199303746223
test_02032,210.93331760168076
test_02033,276.19910311698914
test_02034,12.535534981638193
test_02035,76.23315824568272
test_02036,136.55520489811897
test_02037,11.541537679731846
test_02038,54.06363894045353
test_02039,99.45590383559465
test_02040,22.957165502011776
test_02041,31.891460329294205
test_02042,15.31206950545311
test_02043,31.888102769851685
test_02044,77.70625030994415
test_02045,11.943612851202488
test_02046,128.0285638421774
test_02047,136.09018291532993
test_02048,293.24403589963913
test_02049,45.37224719673395
test_02050,36.39131423458457
test_02051,92.69885259866714
test_02052,13.806727785617113
test_02053,13.551382418721914
test_02054,13.264953628182411
test_02055,21.819112557917833
test_02056,78.54667269438505
test_02057,14.516119927167892
test_02058,71.70572704076767
test_02059,191.05472350120544
test_02060,257.4150733947754
test_02061,30.229928955435753
test_02062,54.972690731287
test_02063,37.44472251087427
test_02064,124.46382366865873
test_02065,61.183213744312525
test_02066,12.889972921460867
test_02067,23.172205299139023
test_02068,22.99299556389451
test_02069,13.459075532853603
test_02070,28.252794422209263
test_02071,13.759744238108397
test_02072,12.328844513744116
test_02073,54.67055123671889
test_02074,76.30417954176664
test_02075,10.960271343588829
test_02076,17.36304434761405
test_02077,85.74995249509811
test_02078,87.73742712289095
test_02079,18.301627062261105
test_02080,14.15617024153471
test_02081,49.557129342108965
test_02082,50.66501996293664
test_02083,37.86614450439811
test_02084,78.52758957445621
test_02085,55.046482756733894
test_02086,46.27146401256323
test_02087,82.6202168315649
test_02088,19.751576479524374
test_02089,22.60045823827386
test_02090,27.44293177127838
test_02091,51.790719762444496
test_02092,68.46007386595011
test_02093,45.54243906214833
test_02094,20.76274413242936
test_02095,34.81120739132166
test_02096,64.8129249215126
test_02097,65.70406725257635
test_02098,57.62372161448002
test_02099,64.78058241307735
test_02100,41.184746600687504
test_02101,128.32270684838295
test_02102,167.19584667682648
test_02103,34.97550867125392
test_02104,13.183436244726181
test_02105,57.58990831673145
test_02106,54.55718903616071
test_02107,31.643004644662142
test_02108,32.02705893293023
test_02109,51.171669740229845
test_02110,27.011009976267815
test_02111,83.83751040697098
test_02112,113.67412812262774
test_02113,16.79782298579812
test_02114,35.41735829412937
test_02115,68.58645775169134
test_02116,15.612979628145695
test_02117,24.588482555001974
test_02118,70.7152841463685
test_02119,98.87181477248669
test_02120,78.85032383352518
test_02121,50.58878033608198
test_02122,38.25544312223792
test_02123,57.950741961598396
test_02124,17.202717170119286
test_02125,13.414844144135714
test_02126,19.660606674849987
test_02127,72.02800074964762
test_02128,57.48243670165539
test_02129,20.294877137988806
test_02130,73.19634972512722
test_02131,31.494436353445053
test_02132,37.57331258058548
test_02133,51.73188818991184
test_02134,53.82531535997987
test_02135,90.98438766598701
test_02136,53.72438430041075
test_02137,50.44108114764094
test_02138,67.72730880230665
test_02139,79.6681272611022
test_02140,42.59125944972038
test_02141,14.206039655953646
test_02142,50.78671292215586
test_02143,21.521288864314556
test_02144,40.26537699997425
test_02145,16.44181026145816
test_02146,19.79554045200348
test_02147,22.588190518319607
test_02148,23.93335362523794
test_02149,59.60667987912893
test_02150,78.25538955628872
test_02151,109.19108058512211
test_02152,42.04457151889801
test_02153,32.78585251048207
test_02154,12.705537427216768
test_02155,20.849141862243414
test_02156,77.12799240648746
test_02157,64.96969026327133
test_02158,42.94331292808056
test_02159,108.81078498065472
test_02160,36.35738579928875
test_02161,18.964128509163857
test_02162,48.261408526450396
test_02163,62.33431065827608
test_02164,37.934190794825554
test_02165,87.17102467268705
test_02166,101.48316405713558
test_02167,65.01269970834255
test_02168,46.27019749954343
test_02169,116.21390642225742
test_02170,101.55798117816448
test_02171,85.89690514653921
test_02172,12.504748687148094
test_02173,43.34829996526241
test_02174,36.29756627231836
test_02175,22.89832278713584
test_02176,46.26156961172819
test_02177,86.27431116998196
test_02178,69.35374922305346
test_02179,9.805646020919085
test_02180,14.860299482941628
test_02181,78.57934204488993
test_02182,98.13689552247524
test_02183,104.02759985625744
test_02184,35.502671502530575
test_02185,28.668284974992275
test_02186,27.00271635875106
test_02187,165.19552864134312
test_02188,42.37325578927994
test_02189,35.833992794156075
test_02190,49.13695529103279
test_02191,34.178441144526005
test_02192,59.11997118219733
test_02193,68.19095656275749
test_02194,100.17029888927937
test_02195,19.463342629373074
test_02196,21.846062172204256
test_02197,33.4363462254405
test_02198,121.38836607336998
test_02199,115.20281305164099
test_02200,15.318803194910288
test_02201,19.045055348426104
test_02202,14.8466203995049
test_02203,14.429209649562836
test_02204,27.308855954557657
test_02205,54.41340823844075
test_02206,53.24276765435934
test_02207,20.97494263201952
test_02208,45.15041057020426
test_02209,61.1014549434185
test_02210,45.89991143345833
test_02211,65.01642867922783
test_02212,92.04900142550468
test_02213,12.112411923706532
test_02214,17.636143181473017
test_02215,14.141714908182621
test_02216,14.706379152834415
test_02217,20.259700760245323
test_02218,21.80953014269471
test_02219,12.029713451862335
test_02220,15.66433097422123
test_02221,15.405535195022821
test_02222,109.95346199721098
test_02223,34.859045185148716
test_02224,16.650454353541136
test_02225,39.829514529556036
test_02226,17.969180393964052
test_02227,11.780399806797504
test_02228,14.651443686336279
test_02229,23.46505579352379
test_02230,32.23734837770462
test_02231,102.25170347094536
test_02232,84.45863661915064
test_02233,49.251676857471466
test_02234,30.188271448016167
test_02235,20.454483777284622
test_02236,14.669394001364708
test_02237,23.195875350385904
test_02238,79.16843773424625
test_02239,124.78388376533985
test_02240,20.089304618537426
test_02241,124.64081607758999
test_02242,22.525459125638008
test_02243,11.604057367891073
test_02244,12.182772107422352
test_02245,23.14800041541457
test_02246,187.61573581397533
test_02247,136.88356232643127
test_02248,49.05067641288042
test_02249,36.30704469233751
test_02250,77.81778516620398
test_02251,81.91027871519327
test_02252,44.343051232397556
test_02253,17.041376039385796
test_02254,63.326220627874136
test_02255,116.41793015599251
test_02256,71.92119024693966
test_02257,102.41425540298223
test_02258,140.4529451429844
test_02259,239.21066837012768
test_02260,93.31198603659868
test_02261,66.23353654891253
test_02262,55.506252981722355
test_02263,166.1226755976677
test_02264,105.23997594416142
test_02265,37.55484600365162
test_02266,12.23880323767662
test_02267,22.95203259587288
test_02268,25.237078357487917
test_02269,11.132227413356304
test_02270,37.20262910425663
test_02271,9.87528195232153
test_02272,31.75080681592226
test_02273,14.01575443148613
test_02274,14.000066012144089
test_02275,71.80692923069
test_02276,134.47794526815414
test_02277,278.17623022198677
test_02278,205.5992550253868
test_02279,136.07390023767948
test_02280,72.79367286711931
test_02281,19.333289198577404
test_02282,47.25690770894289
test_02283,154.40180699527264
test_02284,73.1014689579606
test_02285,58.226173259317875
test_02286,53.39301472529769
test_02287,56.36740755289793
test_02288,20.134256545454264
test_02289,65.53726637363434
test_02290,124.30653835088015
test_02291,169.81456476449966
test_02292,28.583536311984062
test_02293,49.70633274689317
test_02294,12.487362917512655
test_02295,13.271468184888363
test_02296,13.953294169157743
test_02297,83.21547052264214
test_02298,98.30700196325779
test_02299,210.9008116722107
test_02300,36.26623400300741
test_02301,53.691053837537766
test_02302,85.00081561505795
test_02303,13.26060440018773
test_02304,37.059349711984396
test_02305,68.59859547764063
test_02306,262.6010765135288
test_02307,99.65770652890205
test_02308,17.99146508052945
test_02309,48.01959367841482
test_02310,132.1485566943884
test_02311,16.681898046284914
test_02312,21.516241382807493
test_02313,44.8335520401597
test_02314,187.0282966196537
test_02315,13.28498013317585
test_02316,16.952040445059538
test_02317,13.74349870160222
test_02318,28.60243372619152
test_02319,69.78513618558645
test_02320,101.32752037793398
test_02321,74.79101218283176
test_02322,361.85867497324944
test_02323,368.48195123672485
test_02324,14.2841920517385
test_02325,40.01754157245159
test_02326,134.31777779757977
test_02327,145.19179859757423
test_02328,23.337787948548794
test_02329,58.128629472106695
test_02330,24.701254211366177
test_02331,44.94815846905112
test_02332,123.35117898136377
test_02333,283.15908613801
test_02334,256.7107584476471
test_02335,143.09510672092438
test_02336,87.14709834754467
test_02337,244.11292800307274
test_02338,133.42313677072525
test_02339,140.5173478871584
test_02340,40.04494430869818
test_02341,17.845986932516098
test_02342,10.870516054332256
test_02343,50.369922429323196
test_02344,23.999546572566032
test_02345,18.916279572993517
test_02346,15.288254603743553
test_02347,85.54818694293499
test_02348,137.63904291391373
test_02349,149.92298611998558
test_02350,42.70382311567664
test_02351,12.514654230326414
test_02352,43.01584215462208
test_02353,15.41005527228117
test_02354,19.098705731332302
test_02355,27.144695810973644
test_02356,85.53269165754318
test_02357,173.51772998273373
test_02358,10.554823756217957
test_02359,216.7106225937605
test_02360,12.380567271262407
test_02361,18.601645797491074
test_02362,68.04618038237095
test_02363,11.805923201143742
test_02364,38.41306271031499
test_02365,54.57676613330841
test_02366,219.45117849111557
test_02367,12.776569865643978
test_02368,11.98355072364211
test_02369,83.49703753739595
test_02370,11.424323942512274
test_02371,13.325995098799467
test_02372,13.800194658339024
test_02373,108.5185064598918
test_02374,83.52212266623974
test_02375,115.69842448085546
test_02376,204.3968327641487
test_02377,220.31944930553436
test_02378,11.084917023777962
test_02379,35.880144380033016
test_02380,108.85900904238224
test_02381,11.289033610373735
test_02382,26.786298625171185
test_02383,95.23269574344158
test_02384,17.98865721002221
test_02385,25.153607349842787
test_02386,37.99190070480108
test_02387,24.60346157848835
test_02388,55.509915098547935
test_02389,16.53367145359516
test_02390,196.41607739031315
test_02391,122.94495142996311
test_02392,365.0481187403202
test_02393,51.32000032812357
test_02394,52.26474475860596
test_02395,116.22188434004784
test_02396,12.457664858549833
test_02397,10.925388380885124
test_02398,13.346872135996819
test_02399,25.753938235342503
test_02400,97.1624753177166
test_02401,14.970968950539827
test_02402,115.82087883353233
test_02403,241.41725346446037
test_02404,260.91953349113464
test_02405,58.736128598451614
test_02406,46.768679939210415
test_02407,51.48688291758299
test_02408,125.44221797585487
test_02409,55.03742031753063
test_02410,16.47364765033126
test_02411,35.22820587456226
test_02412,37.37471145391464
test_02413,15.823161363601685
test_02414,51.80634504184127
test_02415,14.738153401762247
test_02416,15.046038631349802
test_02417,109.83424635231495
test_02418,86.37991087138653
test_02419,12.093421656638384
test_02420,22.312658939510584
test_02421,69.22079878300428
test_02422,84.77223415672779
test_02423,103.7898445352912
test_02424,25.849216412752867
test_02425,18.685462217777967
test_02426,56.49925861507654
test_02427,58.155322812497616
test_02428,41.35270256921649
test_02429,84.49360129237175
test_02430,61.24947354570031
test_02431,43.7845227047801
test_02432,86.62669149041176
test_02433,14.393958989530802
test_02434,18.770444869995117
test_02435,35.284003015607595
test_02436,66.11594768613577
test_02437,79.81418852508068
test_02438,54.692067101597786
test_02439,34.45938418805599
test_02440,70.48688096553087
test_02441,67.42074579745531
test_02442,83.44089498370886
test_02443,93.52995255589485
test_02444,98.5671311095357
test_02445,66.89208617806435
test_02446,114.42085825651884
test_02447,180.2457145601511
test_02448,38.28257101401687
test_02449,15.779078539460897
test_02450,33.95118562504649
test_02451,46.16361355781555
test_02452,20.32844901829958
test_02453,34.86389210447669
test_02454,172.6405898630619
test_02455,25.91923489794135
test_02456,44.65531911700964
test_02457,141.7985242307186
test_02458,20.59985050186515
test_02459,35.73465137556195
test_02460,58.19404988363385
test_02461,39.86656282097101
test_02462,44.64125747978687
test_02463,47.205326087772846
test_02464,73.98138723522425
test_02465,118.32605644315481
test_02466,88.11031678318977
test_02467,77.97062097489834
test_02468,84.43933065235615
test_02469,50.79385145008564
test_02470,16.196894127875566
test_02471,23.53599166497588
test_02472,86.49194341897964
test_02473,37.73870952427387
test_02474,14.177726961672306
test_02475,99.56494280695915
test_02476,40.64666798710823
test_02477,34.55153136700392
test_02478,47.10188428685069
test_02479,91.8130585923791
test_02480,71.75846746563911
test_02481,65.00056198239326
test_02482,123.96720942854881
test_02483,87.34724454581738
test_02484,163.67088466882706
test_02485,44.668864492326975
test_02486,13.207240004092455
test_02487,59.9006223231554
test_02488,69.36889538168907
test_02489,68.25278913974762
test_02490,19.61925372481346
test_02491,31.861052874475718
test_02492,38.62533177807927
test_02493,48.69815495610237
test_02494,116.12048158794641
test_02495,82.78876334428787
test_02496,168.53500777482986
test_02497,64.51234164088964
test_02498,132.41028290987015
test_02499,16.074198357760906
test_02500,22.59041527286172
test_02501,35.57695750519633
test_02502,75.27695205807686
test_02503,90.9120070040226
test_02504,111.30422598868608
test_02505,51.51771006733179
test_02506,42.472541496157646
test_02507,45.679567880928516
test_02508,130.0957953631878
test_02509,59.76089362427592
test_02510,90.70607421547174
test_02511,76.96214976906776
test_02512,67.32947514951229
test_02513,71.74687200039625
test_02514,113.35151271522045
test_02515,85.13991662859917
test_02516,67.4173213839531
test_02517,26.244387045502663
test_02518,60.373455088585615
test_02519,39.900182984769344
test_02520,36.01973565667868
test_02521,90.94183877110481
test_02522,93.60812723636627
test_02523,94.25484369695187
test_02524,15.226121183484793
test_02525,39.62386029958725
test_02526,68.02871661633253
test_02527,130.61366176605225
test_02528,119.15940715372562
test_02529,25.6874741576612
test_02530,47.85547439008951
test_02531,22.712813913822174
test_02532,123.68431276082993
test_02533,116.90847553312778
test_02534,32.56380046531558
test_02535,58.81153254956007
test_02536,165.54850322008133
test_02537,91.21353366971016
test_02538,104.60631830990314
test_02539,72.05339043587446
test_02540,131.3393402993679
test_02541,24.924881041049957
test_02542,46.71459129080176
test_02543,69.48400321602821
test_02544,73.36243006587029
test_02545,85.1371458992362
test_02546,51.457188572734594
test_02547,32.29207956790924
test_02548,20.121751122176647
test_02549,18.615165174007416
test_02550,31.981642741709948
test_02551,89.32332427054644
test_02552,58.94506610557437
test_02553,34.094602439552546
test_02554,70.40580927580595
test_02555,63.21591142937541
test_02556,44.16092963144183
test_02557,87.35807490348816
test_02558,101.44119456410408
test_02559,14.970649536699057
test_02560,38.600844621658325
test_02561,17.676801592111588
test_02562,28.988144509494305
test_02563,43.699766613543034
test_02564,30.073483027517796
test_02565,13.8391965739429
test_02566,18.156070917844772
test_02567,18.754515033215284
test_02568,122.789077475667
test_02569,41.09268856048584
test_02570,18.022195663303137
test_02571,41.61564701423049
test_02572,15.886323593556881
test_02573,13.991675827652216
test_02574,16.510669942945242
test_02575,35.70419192314148
test_02576,48.701750218868256
test_02577,66.10288885980844
test_02578,56.13191041350365
test_02579,157.91255137324333
test_02580,35.721826538443565
test_02581,26.59937096014619
test_02582,17.049859076738358
test_02583,41.04407823085785
test_02584,60.37808658927679
test_02585,91.41483124345541
test_02586,117.01954241096973
test_02587,29.60920386761427
test_02588,184.98141844570637
test_02589,38.634880766272545
test_02590,13.512785341590643
test_02591,12.348559033125639
test_02592,50.84873491898179
test_02593,84.3030820786953
test_02594,206.65306814014912
test_02595,179.25379344820976
test_02596,95.06238131225109
test_02597,44.541407227516174
test_02598,60.22957772389054
test_02599,58.19230796396732
test_02600,47.66425320878625
test_02601,18.02490696683526
test_02602,53.45935995131731
test_02603,149.4480845928192
test_02604,56.467521507292986
test_02605,133.5896479487419
test_02606,245.71317648887634
test_02607,109.36351206153631
test_02608,101.50353968888521
test_02609,44.39784184843302
test_02610,146.350037753582
test_02611,36.737829968333244
test_02612,46.628063566982746
test_02613,14.026844777166843
test_02614,29.88122932240367
test_02615,58.066603761166334
test_02616,107.9530473947525
test_02617,10.94459406659007
test_02618,71.03483912348747
test_02619,13.134833343327045
test_02620,32.338272009044886
test_02621,17.093514777719975
test_02622,15.485533505678177
test_02623,77.14519618451595
test_02624,148.8370979130268
test_02625,283.98822504282
test_02626,245.27355904877186
test_02627,103.95261931419373
test_02628,108.38550402224064
test_02629,14.368602730333805
test_02630,89.16636579483747
test_02631,221.21770045161247
test_02632,35.86317830532789
test_02633,69.37707386165857
test_02634,59.817882996052504
test_02635,23.069238904863596
test_02636,20.99984948337078
test_02637,96.20412237197161
test_02638,68.20434223115444
test_02639,176.78245142102242
test_02640,27.201733466237783
test_02641,74.58242751657963
test_02642,12.827219244092703
test_02643,12.445408280938864
test_02644,17.04576240852475
test_02645,86.0548367202282
test_02646,200.4889604151249
test_02647,243.16661621630192
test_02648,18.53919667750597
test_02649,143.91527232527733
test_02650,108.04995606839657
test_02651,13.240982733666897
test_02652,127.93522071838379
test_02653,212.42454940080643
test_02654,481.8176478743553
test_02655,72.22241978347301
test_02656,45.68182606250048
test_02657,123.58194433897734
test_02658,207.59926107525826
test_02659,12.275268413126469
test_02660,23.79475401714444
test_02661,175.17704774439335
test_02662,212.1260980218649
test_02663,14.125005107373
test_02664,16.77917070314288
test_02665,11.198583781719208
test_02666,90.89762595295906
test_02667,252.74292543530464
test_02668,194.20411425828934
test_02669,240.69775521755219
test_02670,345.06861957907677
test_02671,373.56532594561577
test_02672,17.023035742342472
test_02673,91.78354623913765
test_02674,139.401598200202
test_02675,182.9464848637581
test_02676,17.869419280439615
test_02677,136.27918677031994
test_02678,14.251552414149046
test_02679,361.71165546774864
test_02680,340.04906821250916
test_02681,122.74890561401844
test_02682,316.28075635433197
test_02683,468.850010484457
test_02684,237.28956496715546
test_02685,231.07457387447357
test_02686,165.662660241127
test_02687,20.823822744190693
test_02688,16.564546886831522
test_02689,11.945611044764519
test_02690,26.35457367822528
test_02691,58.2035951577127
test_02692,14.56020275130868
test_02693,33.998050320893526
test_02694,71.389284491539
test_02695,132.50546823441982
test_02696,170.90452364087105
test_02697,62.64010112732649
test_02698,11.218825705349445
test_02699,75.81783854216337
test_02700,13.7871358320117
test_02701,25.385895494371653
test_02702,129.20925110578537
test_02703,186.08321791887283
test_02704,310.4296296238899
test_02705,15.822303403168917
test_02706,159.77492719888687
test_02707,14.578413054347038
test_02708,12.411264427006245
test_02709,101.66891434788704
test_02710,11.09584766253829
test_02711,44.7244313582778
test_02712,78.68357495218515
test_02713,265.14964240789413
test_02714,13.925208035856485
test_02715,14.410954777151346
test_02716,50.013649716973305
test_02717,11.5404940135777
test_02718,12.604509800672531
test_02719,14.319164153188467
test_02720,92.23059190809727
test_02721,130.09530510008335
test_02722,186.59527544677258
test_02723,237.14483335614204
test_02724,270.2983261048794
test_02725,14.434784535318613
test_02726,89.1507813706994
test_02727,175.03478230535984
test_02728,12.56107323244214
test_02729,48.22626557573676
test_02730,18.73126096278429
test_02731,39.51377394795418
test_02732,22.382439721375704
test_02733,26.652768783271313
test_02734,95.7241770774126
test_02735,11.717794694006443
test_02736,196.36544658243656
test_02737,379.6847305893898
test_02738,38.1494460105896
test_02739,40.37906604260206
test_02740,118.74253495037556
test_02741,11.688185773789883
test_02742,11.8261948376894
test_02743,16.659631930291653
test_02744,13.958969336003065
test_02745,202.74008516967297
test_02746,72.23374783247709
test_02747,306.5790437757969
test_02748,245.36035047471523
test_02749,49.02867399901152
test_02750,48.34516552090645
test_02751,42.2791401296854
test_02752,126.8110919892788
test_02753,65.42800455540419
test_02754,14.658857058733702
test_02755,41.713045950978994
test_02756,64.75407849252224
test_02757,21.196426417678595
test_02758,57.51621285825968
test_02759,12.685819193720818
test_02760,12.515345055609941
test_02761,108.56546029448509
test_02762,116.29112286120653
test_02763,15.311408393085003
test_02764,28.9477646574378
test_02765,71.89188588410616
test_02766,82.29884193837643
test_02767,57.746194537729025
test_02768,13.108823399990797
test_02769,85.29078395664692
test_02770,57.32428228110075
test_02771,48.27343111485243
test_02772,102.73369152843952
test_02773,19.060762338340282
test_02774,35.127226531505585
test_02775,102.92559239268303
test_02776,25.071012873202562
test_02777,33.10620602220297
test_02778,58.573428101837635
test_02779,74.06950831413269
test_02780,39.748164281249046
test_02781,17.75909151136875
test_02782,48.1970874927938
test_02783,55.31063428893685
test_02784,66.15353452414274
test_02785,84.07494631409645
test_02786,71.62303599715233
test_02787,53.44765677675605
test_02788,153.2206146121025
test_02789,194.88296523690224
test_02790,11.41460781916976
test_02791,44.81443549320102
test_02792,16.65736260637641
test_02793,20.258601382374763
test_02794,50.28572345525026
test_02795,19.780813988298178
test_02796,39.274629548192024
test_02797,125.27130928635597
test_02798,22.265025421977043
test_02799,38.57065258547664
test_02800,71.74816451221704
test_02801,32.018156200647354
test_02802,43.982626140117645
test_02803,46.695786729454994
test_02804,85.3278731033206
test_02805,101.20148561894894
test_02806,56.91400263085961
test_02807,40.59072599560022
test_02808,58.692963160574436
test_02809,24.70166276395321
test_02810,18.10062290355563
test_02811,16.757082864642143
test_02812,99.49295584112406
test_02813,48.186914533376694
test_02814,15.085590235888958
test_02815,83.7988316193223
test_02816,37.24171273037791
test_02817,30.025437243282795
test_02818,41.191168304532766
test_02819,70.08148537576199
test_02820,99.1281183809042
test_02821,46.83945981785655
test_02822,141.38934767246246
test_02823,77.37631066888571
test_02824,164.12494258582592
test_02825,43.218105398118496
test_02826,11.34131719917059
test_02827,60.71923542767763
test_02828,33.88348474726081
test_02829,55.981225077062845
test_02830,17.94947701692581
test_02831,17.485977821052074
test_02832,27.060964815318584
test_02833,26.852922409772873
test_02834,75.23810984939337
test_02835,77.62497062981129
test_02836,138.05904982984066
test_02837,51.77404338866472
test_02838,155.04994967579842
test_02839,15.836249902844429
test_02840,26.249204251915216
test_02841,70.14204772561789
test_02842,99.74462423473597
test_02843,69.76171498000622
test_02844,93.84339410066605
test_02845,45.14688216149807
test_02846,14.624765202403069
test_02847,91.75121858716011
test_02848,113.48917265236378
test_02849,110.54180000722408
test_02850,39.7757378667593
test_02851,52.254857785999775
test_02852,120.34737408161163
test_02853,84.94136007130146
test_02854,86.53232327103615
test_02855,17.82113579288125
test_02856,37.289999932050705
test_02857,37.621105805039406
test_02858,27.156094428151846
test_02859,70.24868737906218
test_02860,74.89201381057501
test_02861,12.262347009032965
test_02862,23.816102746874094
test_02863,74.81338600814342
test_02864,75.41996774822474
test_02865,109.88062078505754
test_02866,34.35851626843214
test_02867,52.58897951990366
test_02868,25.0111562050879
test_02869,90.93809494376183
test_02870,172.41536596417427
test_02871,42.026342645287514
test_02872,50.50146522000432
test_02873,71.32794960588217
test_02874,106.03684662282467
test_02875,161.9986566454172
test_02876,68.99382182210684
test_02877,100.01822818815708
test_02878,21.957225617021322
test_02879,19.24785342440009
test_02880,38.20555142313242
test_02881,85.16188932955265
test_02882,99.5715242177248
test_02883,48.03079544752836
test_02884,23.797847874462605
test_02885,12.46638559922576
test_02886,18.9534095749259
test_02887,44.74120429903269
test_02888,65.21465839445591
test_02889,37.91212524101138
test_02890,24.912357047200203
test_02891,28.41321073845029
test_02892,53.93080363795161
test_02893,81.6830417662859
test_02894,73.08506742864847
test_02895,145.91715028882027
test_02896,12.469561167061329
test_02897,24.866127464920282
test_02898,11.862942285835743
test_02899,14.260314010083675
test_02900,20.701799228787422
test_02901,29.8339152187109
test_02902,14.083147037774324
test_02903,15.391298994421959
test_02904,15.39221266657114
test_02905,27.779081411659718
test_02906,16.23299903422594
test_02907,35.106665194034576
test_02908,14.589923094958067
test_02909,11.938383378088474
test_02910,11.353945188224316
test_02911,24.464991964399815
test_02912,35.672514241188765
test_02913,89.60927394032478
test_02914,151.6568090170622
test_02915,23.371668100357056
test_02916,18.68799152970314
test_02917,14.33059248328209
test_02918,31.15450945869088
test_02919,38.36463437229395
test_02920,68.77969569712877
test_02921,115.03379856050014
test_02922,18.29881176352501
test_02923,165.8982390910387
test_02924,25.024660725146532
test_02925,12.786103997379541
test_02926,12.792919397354126
test_02927,36.622703563421965
test_02928,71.98283711820841
test_02929,205.54358787834644
test_02930,151.76408749818802
test_02931,41.34074683487415
test_02932,55.13820281252265
test_02933,81.60813550651073
test_02934,88.80583670735359
test_02935,80.23623077571392
test_02936,22.5153530202806
test_02937,41.931302171200514
test_02938,144.92408522963524
test_02939,82.137292817235
test_02940,119.74684634804726
test_02941,189.15695959329605
test_02942,154.3584707081318
test_02943,135.94285142421722
test_02944,76.68720130622387
test_02945,48.64185640960932
test_02946,152.53186923265457
test_02947,65.91226565092802
test_02948,35.391329780220985
test_02949,10.846604585647583
test_02950,23.298102635890245
test_02951,41.8189464956522
test_02952,58.30074896290898
test_02953,9.27207262814045
test_02954,10.0026946477592
test_02955,26.77603281289339
test_02956,22.055192813277245
test_02957,12.027358703315258
test_02958,73.14652116596699
test_02959,127.78395226597786
test_02960,262.40850710868835
test_02961,147.57165455818176
test_02962,98.75953709334135
test_02963,90.3601415976882
test_02964,12.8582209572196
test_02965,79.38322497159243
test_02966,148.39737647771835
test_02967,90.23008073866367
test_02968,47.12488579750061
test_02969,56.06006086990237
test_02970,51.54111270233989
test_02971,17.803044341504574
test_02972,82.8694859072566
test_02973,116.75202217698097
test_02974,157.98647710680962
test_02975,40.3401198387146
test_02976,60.06940653920174
test_02977,12.344228375703096
test_02978,12.746032416820526
test_02979,13.361045196652412
test_02980,84.75424298644066
test_02981,135.08621321618557
test_02982,202.22851790487766
test_02983,16.911801729351282
test_02984,69.38023828715086
test_02985,111.63986308127642
test_02986,11.647482793778181
test_02987,64.94726444035769
test_02988,131.82796919345856
test_02989,431.01964542269707
test_02990,230.30486080050468
test_02991,59.49063980206847
test_02992,43.856435388326645
test_02993,132.3630393743515
test_02994,16.818220902234316
test_02995,19.554538995027542
test_02996,63.78763249143958
test_02997,186.73314337432384
test_02998,12.899135641753674
test_02999,12.702332146465778
test_03000,12.896008357405663
test_03001,46.962437860667706
test_03002,209.40412755310535
test_03003,97.48038865625858
test_03004,82.69227807968855
test_03005,348.0378906428814
test_03006,397.0179083645344
test_03007,15.297658741474152
test_03008,56.666820887476206
test_03009,129.79241164028645
test_03010,177.6005074083805
test_03011,14.65750140696764
test_03012,119.8387929648161
test_03013,12.969662960618734
test_03014,152.35382944345474
test_03015,204.01517036557198
test_03016,354.2391840815544
test_03017,319.27153956890106
test_03018,195.51117055118084
test_03019,390.70153680443764
test_03020,263.9529250264168
test_03021,238.26070189476013
test_03022,168.18467764556408
test_03023,28.416609153151512
test_03024,16.526625778526068
test_03025,13.456457082182169
test_03026,38.1492974460125
test_03027,29.036316573619843
test_03028,12.207025274634361
test_03029,32.90657237172127
test_03030,65.40363996475935
test_03031,115.27784559130669
test_03032,189.27125032246113
test_03033,89.1462947204709
test_03034,12.3479610607028
test_03035,93.63584195822477
test_03036,19.18521859869361
test_03037,19.811908554285765
test_03038,85.10886663198471
test_03039,132.6164311170578
test_03040,234.95924043655396
test_03041,13.676146950572729
test_03042,475.73799911141396
test_03043,14.171468678861856
test_03044,14.963952988386154
test_03045,96.49464040249586
test_03046,12.222089722752571
test_03047,30.01846956461668
test_03048,81.0813923701644
test_03049,261.4990244805813
test_03050,12.883320942521095
test_03051,17.4381511695683
test_03052,102.72373027354479
test_03053,11.225615106523037
test_03054,11.983409587293863
test_03055,13.282194547355175
test_03056,63.455130111426115
test_03057,162.27223831415176
test_03058,198.85880587995052
test_03059,260.254617869854
test_03060,249.28092509508133
test_03061,11.81926430016756
test_03062,72.50989224016666
test_03063,144.1250752210617
test_03064,10.312377508729696
test_03065,76.23202915489674
test_03066,86.00361908227205
test_03067,20.155007302761078
test_03068,24.82558047771454
test_03069,20.06085078790784
test_03070,22.07803461700678
test_03071,102.64869773387909
test_03072,14.342028241604567
test_03073,174.58868744969368
test_03074,130.6649759709835
test_03075,48.57515462860465
test_03076,47.8517677038908
test_03077,114.72552706301212
test_03078,12.964660048484802
test_03079,11.322624061256647
test_03080,15.093924708664417
test_03081,18.751937437802553
test_03082,101.45232205092907
test_03083,14.187777355313301
test_03084,91.38610628247261
test_03085,264.9704735279083
test_03086,254.64689934253693
test_03087,60.619214326143265
test_03088,43.20375405997038
test_03089,49.890586249530315
test_03090,118.90488632023335
test_03091,57.46674828231335
test_03092,12.612272299826145
test_03093,39.14119627326727
test_03094,39.376203149557114
test_03095,19.017214346677065
test_03096,56.688615310937166
test_03097,15.234652504324913
test_03098,15.448462929576635
test_03099,118.40111869573593
test_03100,68.89344416558743
test_03101,12.003417521715164
test_03102,14.876964714378119
test_03103,102.50687056034803
test_03104,130.67213678359985
test_03105,113.63028671592474
test_03106,35.83751006051898
test_03107,27.614122733473778
test_03108,74.5444692671299
test_03109,78.70748642086983
test_03110,48.44003143161535
test_03111,76.64504610747099
test_03112,63.740206964313984
test_03113,41.895004130899906
test_03114,105.59293566644192
test_03115,20.276518270373344
test_03116,36.21878990530968
test_03117,70.62566999346018
test_03118,92.00357037782669
test_03119,16.4222257360816
test_03120,46.19438499584794
test_03121,51.14951876178384
test_03122,62.712128948420286
test_03123,67.44444184750319
test_03124,97.58306906372309
test_03125,62.68555074557662
test_03126,156.56242620944977
test_03127,29.12346826866269
test_03128,14.040133878588676
test_03129,16.23266476392746
test_03130,48.36564143374562
test_03131,24.72510254010558
test_03132,26.147378090769053
test_03133,58.85760613903403
test_03134,22.298727296292782
test_03135,43.93826104328036
test_03136,106.16606809198856
test_03137,28.388322457671165
test_03138,42.092840149998665
test_03139,53.96156021952629
test_03140,45.648647878319025
test_03141,47.727523148059845
test_03142,44.97624088823795
test_03143,72.52535781264305
test_03144,99.05441549420357
test_03145,80.59396684914827
test_03146,82.00922272354364
test_03147,84.66343288868666
test_03148,52.66893697530031
test_03149,15.793611869215965
test_03150,25.96816835552454
test_03151,83.47887551784515
test_03152,40.23899193108082
test_03153,21.28175076842308
test_03154,98.71521285176277
test_03155,38.44813137874007
test_03156,35.29702841490507
test_03157,48.2533117569983
test_03158,88.24588195979595
test_03159,65.47973474115133
test_03160,84.23107282817364
test_03161,114.35132260620594
test_03162,86.85353474318981
test_03163,183.31311252713203
test_03164,40.681290961802006
test_03165,12.518624618649483
test_03166,67.04156442731619
test_03167,83.27295758575201
test_03168,54.26708698645234
test_03169,21.728354457765818
test_03170,31.763847071677446
test_03171,47.50067989528179
test_03172,51.2938121072948
test_03173,101.04465342313051
test_03174,101.18999414891005
test_03175,167.6227915585041
test_03176,70.7526852786541
test_03177,128.80549715459347
test_03178,12.555691480636597
test_03179,30.52657898887992
test_03180,69.80391474813223
test_03181,98.6436864361167
test_03182,111.63747861981392
test_03183,71.36896828562021
test_03184,32.524475421756506
test_03185,41.08345527201891
test_03186,101.42985908687115
test_03187,60.31233190745115
test_03188,90.46205689758062
test_03189,76.80745690315962
test_03190,75.74455163627863
test_03191,69.66475430876017
test_03192,112.59687151759863
test_03193,90.63604087382555
test_03194,58.8683807849884
test_03195,36.217738810926676
test_03196,46.637100007385015
test_03197,35.59675744920969
test_03198,38.218316834419966
test_03199,99.66353768855333
test_03200,99.75234216451645
test_03201,101.49879305064678
test_03202,12.197405718266964
test_03203,37.05834690108895
test_03204,60.99893795698881
test_03205,149.43147507309914
test_03206,120.68678471446037
test_03207,28.531427286565304
test_03208,51.88859410583973
test_03209,21.177822418510914
test_03210,92.3698563426733
test_03211,120.71889694780111
test_03212,44.81138249114156
test_03213,68.48525556176901
test_03214,144.4781537950039
test_03215,91.1845858618617
test_03216,93.03991229832172
test_03217,84.55885085463524
test_03218,124.73714534938335
test_03219,22.58711713925004
test_03220,58.187591038644314
test_03221,69.725012101233
test_03222,71.15751632303
test_03223,54.51071060821414
test_03224,34.04444332420826
test_03225,23.083021983504295
test_03226,14.62039740383625
test_03227,34.24093854799867
test_03228,91.98011203110218
test_03229,60.089158199727535
test_03230,36.375358399003744
test_03231,69.52618812769651
test_03232,70.71076778322458
test_03233,36.83060483261943
test_03234,90.0433722063899
test_03235,116.32839771360159
test_03236,13.668403021991253
test_03237,36.616185292601585
test_03238,13.40964438393712
test_03239,28.05438271537423
test_03240,47.52638156712055
test_03241,36.44845588505268
test_03242,15.230930961668491
test_03243,24.198043704032898
test_03244,22.03227672725916
test_03245,116.60272220522165
test_03246,38.592632714658976
test_03247,22.92338563129306
test_03248,42.264421094208956
test_03249,13.986858621239662
test_03250,13.113373190164566
test_03251,16.715351074934006
test_03252,33.62002404034138
test_03253,36.91871848329902
test_03254,57.719118643552065
test_03255,78.12621265649796
test_03256,137.12187476456165
test_03257,35.14241725951433
test_03258,33.870823331177235
test_03259,18.667329911142588
test_03260,22.14993615821004
test_03261,54.671724896878004
test_03262,89.61555822193623
test_03263,92.06526181846857
test_03264,42.30403212457895
test_03265,183.90948045253754
test_03266,42.69136969000101
test_03267,15.553304951637983
test_03268,13.99702786654234
test_03269,54.323155257850885
test_03270,87.26424151659012
test_03271,202.11216212809086
test_03272,188.0916327238083
test_03273,96.70277194678783
test_03274,48.214811246842146
test_03275,56.36420227214694
test_03276,54.044095270335674
test_03277,48.530395835638046
test_03278,22.41051471233368
test_03279,48.1388836055994
test_03280,124.5178343206644
test_03281,59.3266467936337
test_03282,123.29914423823357
test_03283,196.00520719587803
test_03284,132.5874907374382
test_03285,115.34639328718185
test_03286,100.74407014250755
test_03287,49.7059464789927
test_03288,157.16509327292442
test_03289,38.83758970350027
test_03290,46.34746965020895
test_03291,13.113298907876015
test_03292,25.470443595200777
test_03293,55.95284552872181
test_03294,117.81293667852879
test_03295,12.613635379821062
test_03296,68.05539881438017
test_03297,11.886185213923454
test_03298,28.634063124656677
test_03299,18.999917715787888
test_03300,14.566100765019655
test_03301,71.23218487948179
test_03302,129.64004381000996
test_03303,240.27757002413273
test_03304,206.88463574647903
test_03305,96.73898456245661
test_03306,105.67070922255516
test_03307,16.110678389668465
test_03308,84.76217633485794
test_03309,184.70326098799706
test_03310,95.84831020981073
test_03311,59.69131711870432
test_03312,56.43137574568391
test_03313,31.908890668302774
test_03314,20.560978580266237
test_03315,82.73275449872017
test_03316,67.64636339247227
test_03317,184.28995433449745
test_03318,28.214160203933716
test_03319,62.982416197657585
test_03320,12.780012849718332
test_03321,13.257555112242699
test_03322,35.25434209778905
test_03323,89.85184275358915
test_03324,191.2990825176239
test_03325,258.2606435418129
test_03326,20.586130563169718
test_03327,107.60657251626253
test_03328,136.39588424563408
test_03329,13.777211718261242
test_03330,114.60874787718058
test_03331,229.11194667220116
test_03332,387.1552409231663
test_03333,75.30492676794529
test_03334,43.2866308093071
test_03335,123.39635004103184
test_03336,212.56919187307358
test_03337,13.063971754163504
test_03338,34.239642322063446
test_03339,162.07699474692345
test_03340,211.08009940385818
test_03341,15.22444611787796
test_03342,19.2939195856452
test_03343,12.951983775943518
test_03344,201.3144149184227
test_03345,253.0558915734291
test_03346,199.59396283328533
test_03347,200.0824728757143
test_03348,331.59256449341774
test_03349,352.3424006998539
test_03350,17.641324371099472
test_03351,82.28223241865635
test_03352,125.26453474164009
test_03353,169.0629765689373
test_03354,18.143784627318382
test_03355,144.47405341267586
test_03356,16.44881136715412
test_03357,290.13356906175613
test_03358,275.5527283549309
test_03359,320.536834359169
test_03360,91.99905401468277
test_03361,317.8342664241791
test_03362,457.5015487074852
test_03363,222.65149718523026
test_03364,130.32684299349785
test_03365,208.93839246034622
test_03366,25.045002929866314
test_03367,16.720476552844048
test_03368,11.924930855631828
test_03369,72.79073871672153
test_03370,85.2836677134037
test_03371,16.16424334794283
test_03372,31.02804757654667
test_03373,71.12216538190842
test_03374,40.75494185090065
test_03375,151.84197990596294
test_03376,69.63816124945879
test_03377,11.011912390589714
test_03378,66.904461607337
test_03379,12.320469185709953
test_03380,26.41249529272318
test_03381,96.97862665355206
test_03382,166.9702662229538
test_03383,286.8112194240093
test_03384,12.639567326754332
test_03385,231.75266717374325
test_03386,15.24791932106018
test_03387,14.791424944996834
test_03388,100.38720317184925
test_03389,11.97439543157816
test_03390,54.9694705940783
test_03391,107.68655225634575
test_03392,290.86527931690216
test_03393,13.369193963706493
test_03394,21.940200116485357
test_03395,48.70124509930611
test_03396,15.792378783226013
test_03397,13.963589694350958
test_03398,14.35537676885724
test_03399,65.40115893632174
test_03400,112.83593420684338
test_03401,184.04598158597946
test_03402,189.29396584630013
test_03403,236.297034740448
test_03404,11.805470079183578
test_03405,87.35180547833443
test_03406,133.7230589389801
test_03407,11.34691808372736
test_03408,45.5694889575243
test_03409,84.63653527200222
test_03410,22.16028368100524
test_03411,38.3698415607214
test_03412,24.087307382375002
test_03413,24.517498400062323
test_03414,100.94258213043213
test_03415,13.381071701645851
test_03416,181.9870548248291
test_03417,192.1346691250801
test_03418,331.76534509658813
test_03419,53.91547920182347
test_03420,56.846784587949514
test_03421,105.21538850665092
test_03422,12.102071829140186
test_03423,13.682888068258762
test_03424,14.050362549722195
test_03425,20.322599288076162
test_03426,101.94052010774612
test_03427,15.114114634692669
test_03428,93.33976018428802
test_03429,225.58472648262978
test_03430,315.4030962586403
test_03431,85.10209208726883
test_03432,53.47007888555527
test_03433,54.72953508794308
test_03434,112.47450630366802
test_03435,56.79201254248619
test_03436,16.556498400866985
test_03437,29.8422014079988
test_03438,52.01575795561075
test_03439,17.275294680148363
test_03440,59.357730217278004
test_03441,14.642084117978811
test_03442,39.464833062142134
test_03443,91.9087193235755
test_03444,66.9375246539712
test_03445,13.295041669160128
test_03446,32.07112318649888
test_03447,55.269559897482395
test_03448,98.746069714427
test_03449,87.23757417500019
test_03450,24.582606825977564
test_03451,16.704502146691084
test_03452,40.580712743103504
test_03453,48.91196909546852
test_03454,36.14157346636057
test_03455,81.6606902256608
test_03456,52.878413029015064
test_03457,32.31757324934006
test_03458,81.80732346326113
test_03459,16.212786823511124
test_03460,19.313388973474503
test_03461,47.4743951074779
test_03462,82.70296730101109
test_03463,66.75817749649286
test_03464,32.81704364344478
test_03465,15.784597713500261
test_03466,37.78879064321518
test_03467,59.98932280391455
test_03468,71.601568415761
test_03469,83.88820806890726
test_03470,68.7256181910634
test_03471,54.16105644777417
test_03472,163.94873014092445
test_03473,178.0709519982338
test_03474,31.14044039323926
test_03475,15.275478050112724
test_03476,30.88187860324979
test_03477,52.44972251355648
test_03478,22.238250371068716
test_03479,36.26219304651022
test_03480,55.808392476290464
test_03481,23.400497056543827
test_03482,43.309728886932135
test_03483,164.87823927402496
test_03484,21.080995455384254
test_03485,35.58755387365818
test_03486,55.604038186371326
test_03487,65.87068985402584
test_03488,37.75655955821276
test_03489,50.177598156034946
test_03490,82.10840443521738
test_03491,85.26307666301727
test_03492,74.55743895471096
test_03493,54.269891142845154
test_03494,99.2357979863882
test_03495,59.00181405991316
test_03496,14.043342873454094
test_03497,24.13337354362011
test_03498,58.33872578293085
test_03499,42.10162774473429
test_03500,13.821543388068676
test_03501,91.12279042601585
test_03502,30.206466894596815
test_03503,45.63999770581722
test_03504,43.02849242836237
test_03505,58.80517027154565
test_03506,63.41317547485232
test_03507,76.65606217086315
test_03508,112.87901793420315
test_03509,81.46165083348751
test_03510,163.30895164608955
test_03511,52.610476814210415
test_03512,15.406827706843615
test_03513,41.95052271336317
test_03514,52.871222503483295
test_03515,66.49314571917057
test_03516,20.393798861652613
test_03517,34.89485667645931
test_03518,28.897943526506424
test_03519,32.77698691934347
test_03520,87.32471472769976
test_03521,139.1014680415392
test_03522,62.68708838894963
test_03523,43.0744805932045
test_03524,13.864263132214546
test_03525,17.15866405889392
test_03526,31.336742483079433
test_03527,76.65536391735077
test_03528,92.48304769396782
test_03529,115.30963841080666
test_03530,40.36643433943391
test_03531,25.36546043679118
test_03532,34.5153670348227
test_03533,114.99439923465252
test_03534,48.15071677416563
test_03535,84.04281179606915
test_03536,75.34862703830004
test_03537,66.32010512799025
test_03538,59.68608393147588
test_03539,106.31851763278246
test_03540,89.66479252278805
test_03541,67.83579065650702
test_03542,28.31299278885126
test_03543,50.32616273313761
test_03544,39.903280556201935
test_03545,48.67369379848242
test_03546,79.33325527608395
test_03547,140.91049432754517
test_03548,51.485118713229895
test_03549,13.78328800946474
test_03550,32.16674677655101
test_03551,59.84010825678706
test_03552,154.63319632411003
test_03553,165.77114209532738
test_03554,36.83150736242533
test_03555,38.2238322943449
test_03556,23.77467180043459
test_03557,89.69524083286524
test_03558,116.3579992055893
test_03559,53.447326220571995
test_03560,62.48752902075648
test_03561,94.3115582242608
test_03562,46.28977831080556
test_03563,58.7812216617167
test_03564,67.51568599045277
test_03565,100.58151078224182
test_03566,21.063275415450335
test_03567,47.944679990410805
test_03568,58.985516525805
test_03569,82.86910706758499
test_03570,111.17932774871588
test_03571,57.88707461208105
test_03572,26.954770855605602
test_03573,19.425570085644722
test_03574,15.509129274636507
test_03575,25.044104114174843
test_03576,70.64328975230455
test_03577,65.07989546656609
test_03578,18.278714690357447
test_03579,60.605293825268745
test_03580,58.99960044771433
test_03581,40.67128513753414
test_03582,110.6683844551444
test_03583,84.26279136538506
test_03584,11.7173712849617
test_03585,24.901901815086603
test_03586,13.505286544561386
test_03587,24.17726694792509
test_03588,32.91355862095952
test_03589,24.39921499788761
test_03590,13.187651764601469
test_03591,24.527036245912313
test_03592,22.059601467102766
test_03593,133.77508625388145
test_03594,22.474453192204237
test_03595,46.47272815927863
test_03596,13.69485865905881
test_03597,14.640145350247622
test_03598,16.332945853471756
test_03599,36.1415103264153
test_03600,40.421674363315105
test_03601,77.08085286617279
test_03602,50.69247841089964
test_03603,136.85433967411518
test_03604,73.14112827181816
test_03605,29.276961475610733
test_03606,15.38844284042716
test_03607,27.424550618976355
test_03608,38.85677681863308
test_03609,99.94116031378508
test_03610,63.273673336952925
test_03611,32.45983126014471
test_03612,170.93786153197289
test_03613,36.369649805128574
test_03614,12.721808962523937
test_03615,15.18578590080142
test_03616,31.38751071318984
test_03617,102.0630561709404
test_03618,189.6816005408764
test_03619,150.19789001345634
test_03620,99.29122743010521
test_03621,34.11582488939166
test_03622,54.51533839479089
test_03623,61.70079044625163
test_03624,50.226973593235016
test_03625,26.050380278378725
test_03626,43.60949877649546
test_03627,129.39052960276604
test_03628,54.535780880600214
test_03629,103.59486095607281
test_03630,162.5747603625059
test_03631,231.4508730918169
test_03632,138.68897849321365
test_03633,100.57082898914814
test_03634,87.19126659631729
test_03635,165.30669951438904
test_03636,60.81682378426194
test_03637,47.98549810796976
test_03638,17.67878121510148
test_03639,24.698862321674824
test_03640,43.883466713130474
test_03641,88.2846647426486
test_03642,14.011082075536251
test_03643,53.68801197782159
test_03644,12.05011136829853
test_03645,31.62441550195217
test_03646,16.19355885311961
test_03647,14.106958225369453
test_03648,75.60529462993145
test_03649,133.57324641942978
test_03650,252.3218934237957
test_03651,246.0077354758978
test_03652,90.80985400080681
test_03653,111.93636083602905
test_03654,17.191062279045582
test_03655,81.24701216071844
test_03656,197.97512891888618
test_03657,52.896619617938995
test_03658,68.49581850320101
test_03659,46.4736269749701
test_03660,16.403844583779573
test_03661,24.594116866588593
test_03662,84.65128773450851
test_03663,59.15713461115956
test_03664,160.9862039089203
test_03665,27.97916818410158
test_03666,69.79420605301857
test_03667,12.77392541617155
test_03668,13.959879294037819
test_03669,19.84100492671132
test_03670,76.9672752469778
test_03671,185.45811760425568
test_03672,300.9678191244602
test_03673,22.998808152973652
test_03674,92.37566521763802
test_03675,146.1173262000084
test_03676,13.301091961562634
test_03677,112.04106914997101
test_03678,119.37136423587799
test_03679,326.78855061531067
test_03680,67.96900851279497
test_03681,49.2207605689764
test_03682,100.08521595597267
test_03683,175.0483313947916
test_03684,13.320880763232708
test_03685,46.55017115920782
test_03686,98.44097749888897
test_03687,212.99634474515915
test_03688,13.590670321136713
test_03689,20.775557827204466
test_03690,12.623882621526718
test_03691,72.8889547586441
test_03692,210.78255426883698
test_03693,215.62231278419495
test_03694,167.1556302458048
test_03695,257.21403580904007
test_03696,319.5193452835083
test_03697,15.879270490258932
test_03698,85.13207241892815
test_03699,151.76224529743195
test_03700,164.16227686405182
test_03701,14.113257363438606
test_03702,152.70274820923805
test_03703,22.105478208512068
test_03704,151.12829053401947
test_03705,396.3914709687233
test_03706,64.0609133169055
test_03707,191.54416950047016
test_03708,399.4285469055176
test_03709,238.0032097697258
test_03710,201.66906827688217
test_03711,167.67982549965382
test_03712,22.94670284166932
test_03713,17.14030147716403
test_03714,12.644562810659409
test_03715,41.97688178345561
test_03716,98.52660269290209
test_03717,16.04331549629569
test_03718,30.98662405833602
test_03719,88.06931295990944
test_03720,119.62107157707214
test_03721,160.75169472396374
test_03722,57.39335738122463
test_03723,12.576119109988213
test_03724,93.39559818059206
test_03725,18.857184298336506
test_03726,29.580062925815582
test_03727,69.07774595171213
test_03728,147.19268117845058
test_03729,203.5257986485958
test_03730,12.925127014517784
test_03731,597.1116633415222
test_03732,14.8212232850492
test_03733,16.418496765196323
test_03734,101.00789111852646
test_03735,13.415962092578411
test_03736,61.38462645560503
test_03737,91.42348513007164
test_03738,237.918542817235
test_03739,12.616732951253653
test_03740,14.071206159889698
test_03741,82.60007890313864
test_03742,14.596411652863026
test_03743,13.003713961690664
test_03744,12.989407192915678
test_03745,137.4135515987873
test_03746,146.65082159638405
test_03747,134.1855701804161
test_03748,169.48966889083385
test_03749,257.6161109805107
test_03750,12.207645531743765
test_03751,82.24152572453022
test_03752,133.0303171724081
test_03753,11.769714299589396
test_03754,56.38992251455784
test_03755,84.83907335996628
test_03756,18.337237991392612
test_03757,41.80235926061869
test_03758,18.760691605508327
test_03759,33.62545407563448
test_03760,62.94457308575511
test_03761,12.317434754222631
test_03762,207.76079533994198
test_03763,145.0198350995779
test_03764,353.827303647995
test_03765,49.880283296108246
test_03766,66.19590514153242
test_03767,123.2177159935236
test_03768,14.828072112053633
test_03769,14.133023880422115
test_03770,13.903257619589567
test_03771,18.831211496144533
test_03772,102.17920395731926
test_03773,16.655186135321856
test_03774,89.08078517019749
test_03775,261.8288675546646
test_03776,66.83646360039711
test_03777,50.64513459429145
test_03778,53.284395448863506
test_03779,117.63052909076214
test_03780,59.20443385839462
test_03781,15.35161368176341
test_03782,51.76176452636719
test_03783,52.71062048152089
test_03784,16.377299807965755
test_03785,66.36141350865364
test_03786,14.814029045403004
test_03787,16.944140523672104
test_03788,108.80506524443626
test_03789,65.66366511583328
test_03790,12.310459647327662
test_03791,65.20252066850662
test_03792,106.01407167315483
test_03793,108.39122375845909
test_03794,26.128376681357622
test_03795,19.82079643011093
test_03796,43.18546576052904
test_03797,66.69560952484608
test_03798,35.678419683128595
test_03799,86.15106199681759
test_03800,66.3034733235836
test_03801,86.54830139130354
test_03802,14.440196000039577
test_03803,16.491356547921896
test_03804,35.911892630159855
test_03805,71.56176053732634
test_03806,96.51884900033474
test_03807,42.09713366627693
test_03808,27.647616617381573
test_03809,56.191039115190506
test_03810,66.419747389853
test_03811,63.682972460985184
test_03812,77.95174584537745
test_03813,108.32294347882271
test_03814,55.416445694863796
test_03815,161.49875169992447
test_03816,186.9071570634842
test_03817,26.70851021260023
test_03818,15.28896028548479
test_03819,31.01171290129423
test_03820,48.61723925918341
test_03821,15.538831047713757
test_03822,42.674451898783445
test_03823,82.84071637690067
test_03824,29.75998205691576
test_03825,45.46831648051739
test_03826,138.70720736682415
test_03827,15.496590424329042
test_03828,39.28165665268898
test_03829,60.532307762652636
test_03830,90.13132986426353
test_03831,48.10167560726404
test_03832,50.70970447361469
test_03833,75.34503177553415
test_03834,98.99092642217875
test_03835,79.02729395776987
test_03836,74.44582238793373
test_03837,90.90248401463032
test_03838,68.81628715246916
test_03839,15.654692847281694
test_03840,19.874012261629105
test_03841,79.34950824081898
test_03842,43.690637320280075
test_03843,17.10785497352481
test_03844,88.56843051314354
test_03845,28.021119106560946
test_03846,34.20799806714058
test_03847,37.72931281477213
test_03848,72.58067583292723
test_03849,70.13672911375761
test_03850,81.91499564051628
test_03851,106.4319541156292
test_03852,96.59479521214962
test_03853,191.78542351722717
test_03854,52.900831423699856
test_03855,28.92484485730529
test_03856,59.51790140196681
test_03857,69.57926282286644
test_03858,69.95955099910498
test_03859,21.243034839630127
test_03860,34.15778324007988
test_03861,26.329670540988445
test_03862,36.317466497421265
test_03863,93.11069589108229
test_03864,110.47132097184658
test_03865,74.77403125166893
test_03866,113.58255291730165
test_03867,13.40642424672842
test_03868,20.689542651176453
test_03869,71.75023698806763
test_03870,97.51474421471357
test_03871,120.74886985123158
test_03872,78.82612266391516
test_03873,36.547444462776184
test_03874,42.25092028826475
test_03875,106.40401654690504
test_03876,54.56154569238424
test_03877,88.13902688771486
test_03878,87.54729417711496
test_03879,70.62133933603764
test_03880,60.05903673171997
test_03881,113.51542401313782
test_03882,100.21841895580292
test_03883,67.0402719154954
test_03884,32.48385786637664
test_03885,43.489752013236284
test_03886,33.232266779989004
test_03887,38.58943114802241
test_03888,102.22905480116606
test_03889,100.43602892011404
test_03890,88.07449786365032
test_03891,13.940175916999578
test_03892,34.04210343211889
test_03893,58.923461101949215
test_03894,141.10645100474358
test_03895,134.37097877264023
test_03896,32.824111603200436
test_03897,55.919596776366234
test_03898,22.656173668801785
test_03899,110.51608347892761
test_03900,118.38412290811539
test_03901,36.08980613946915
test_03902,71.09437637776136
test_03903,176.8620077520609
test_03904,99.6879468485713
test_03905,89.88793651759624
test_03906,84.6661739051342
test_03907,120.8506365865469
test_03908,26.281962741166353
test_03909,59.27543658390641
test_03910,42.258452512323856
test_03911,72.79454196989536
test_03912,82.54754646867514
test_03913,52.384818363934755
test_03914,32.230670399963856
test_03915,27.23919402435422
test_03916,16.61308664828539
test_03917,29.98472312092781
test_03918,100.63637568056583
test_03919,58.0477100610733
test_03920,42.19821700453758
test_03921,75.9430636242032
test_03922,70.15999432653189
test_03923,49.04672830924392
test_03924,87.56345800310373
test_03925,123.5671993046999
test_03926,13.497286342084408
test_03927,36.6801720559597
test_03928,12.912075616419315
test_03929,30.88035210222006
test_03930,45.87608167529106
test_03931,27.096141193062067
test_03932,13.199061524122953
test_03933,20.997401881963015
test_03934,26.246593229472637
test_03935,123.41601999104023
test_03936,43.24608010798693
test_03937,21.361905071884394
test_03938,48.69795810803771
test_03939,16.644136644899845
test_03940,13.969922259449959
test_03941,20.27081710472703
test_03942,32.615686643868685
test_03943,45.65938538312912
test_03944,82.44639627635479
test_03945,71.74384128302336
test_03946,158.83176498115063
test_03947,30.488672737032175
test_03948,35.10448129475117
test_03949,20.08208066597581
test_03950,37.69689602404833
test_03951,58.153599463403225
test_03952,98.97251927107573
test_03953,79.91843628883362
test_03954,156.6109622567892
test_03955,35.8198085911572
test_03956,14.103114116936922
test_03957,14.638815697282553
test_03958,51.16707166656852
test_03959,86.43503575772047
test_03960,186.64679764211178
test_03961,171.37033301591873
test_03962,96.77742564678192
test_03963,43.93736594170332
test_03964,56.45738197490573
test_03965,46.851920671761036
test_03966,47.410761184990406
test_03967,22.687624789774418
test_03968,52.781129229813814
test_03969,144.35668739676476
test_03970,49.4024476185441
test_03971,116.72311893850565
test_03972,226.01318672299385
test_03973,101.81315569579601
test_03974,127.18366223573685
test_03975,103.9245108962059
test_03976,63.25712324306369
test_03977,217.48360408842564
test_03978,37.406727120280266
test_03979,45.66878209263086
test_03980,16.04272123798728
test_03981,27.860201384872198
test_03982,72.3786800056696
test_03983,108.80630575865507
test_03984,14.835972033441067
test_03985,59.66010370105505
test_03986,11.933885585516691
test_03987,29.29531291499734
test_03988,18.1644685305655
test_03989,12.85231551527977
test_03990,75.99453382194042
test_03991,152.28969411551952
test_03992,247.33835411071777
test_03993,217.88559012115002
test_03994,101.54139394313097
test_03995,139.88903857767582
test_03996,17.822105176746845
test_03997,99.00541889667511
test_03998,177.65479290485382
test_03999,113.880655169487
test_04000,55.244515623897314
test_04001,53.58542442321777
test_04002,20.251626275479794
test_04003,22.33224717900157
test_04004,70.02733358740807
test_04005,55.23287187516689
test_04006,175.28807005286217
test_04007,27.67518277466297
test_04008,66.32430950552225
test_04009,14.52210707962513
test_04010,14.084194418042898
test_04011,41.35755691677332
test_04012,87.6148539185524
test_04013,204.98577246069908
test_04014,302.3635833263397
test_04015,17.463615138083696
test_04016,126.31167730689049
test_04017,137.8014982789755
test_04018,15.698835097253323
test_04019,144.26322542130947
test_04020,260.6736294031143
test_04021,440.723467618227
test_04022,102.72247490286827
test_04023,46.481987446546555
test_04024,130.28212505578995
test_04025,219.94429403543472
test_04026,15.293194375932217
test_04027,23.94311060383916
test_04028,181.1659532636404
test_04029,211.24203479290009
test_04030,15.27664428204298
test_04031,20.63924239948392
test_04032,13.864040285348892
test_04033,245.62329491972923
test_04034,255.91284781694412
test_04035,240.51349057257175
test_04036,225.4737487435341
test_04037,448.0226532816887
test_04038,396.62352883815765
test_04039,16.722571313381195
test_04040,93.33201996982098
test_04041,128.2149529606104
test_04042,159.048951536417
test_04043,14.03379388526082
test_04044,175.88466082513332
test_04045,15.21429544314742
test_04046,345.91778498888016
test_04047,323.54289001226425
test_04048,341.51474690437317
test_04049,108.57172971963882
test_04050,303.1742705106735
test_04051,423.2225604355335
test_04052,248.07854740321636
test_04053,199.25548815727234
test_04054,175.07490959763527
test_04055,22.18143927678466
test_04056,19.90720158815384
test_04057,13.685766506940126
test_04058,81.68473540246487
test_04059,91.43829701840878
test_04060,15.540223840624094
test_04061,32.905064441263676
test_04062,84.22134184837341
test_04063,129.5586452782154
test_04064,163.61850079894066
test_04065,57.57950879633427
test_04066,13.198251847177744
test_04067,80.35561726987362
test_04068,14.362370446324348
test_04069,28.076841965317726
test_04070,100.55153787881136
test_04071,181.49652430415154
test_04072,337.35624611377716
test_04073,13.276872221380472
test_04074,425.50962296128273
test_04075,15.78058646991849
test_04076,14.078775525093079
test_04077,122.1170976087451
test_04078,14.562557499855757
test_04079,62.0044601559639
test_04080,100.65663988888264
test_04081,371.30589643120766
test_04082,12.991650518029928
test_04083,16.065459046512842
test_04084,43.04132840782404
test_04085,14.768824558705091
test_04086,13.588946972042322
test_04087,14.328750282526016
test_04088,125.7134523242712
test_04089,147.00467270612717
test_04090,192.42086392641068
test_04091,218.72487598657608
test_04092,256.6688038110733
test_04093,12.144561298191547
test_04094,102.84995816648006
test_04095,143.40733003616333
test_04096,12.371423121541739
test_04097,64.70660468190908
test_04098,91.0468887835741
test_04099,19.025819949805737
test_04100,32.82418217137456
test_04101,13.86531051248312
test_04102,32.10757350549102
test_04103,12.706042546778917
