id,PM2.5
test_00001,179.36768305301666
test_00002,159.58720099925995
test_00003,404.9418675005436
test_00004,65.52843420952559
test_00005,49.84446066245437
test_00006,115.0547833070159
test_00007,12.635518942028284
test_00008,11.39976157527417
test_00009,50.51622511073947
test_00010,115.54009921103716
test_00011,13.990523523651063
test_00012,113.44339990615845
test_00013,257.3726730644703
test_00014,321.5910485982895
test_00015,78.58145909011364
test_00016,47.7659568041563
test_00017,46.03889359533787
test_00018,124.24137792736292
test_00019,57.17042137682438
test_00020,15.373409033752978
test_00021,27.676725989207625
test_00022,34.451762825250626
test_00023,13.64497531671077
test_00024,52.83664781227708
test_00025,14.311489864252508
test_00026,14.419987503439188
test_00027,104.82544363290071
test_00028,66.66712226718664
test_00029,12.680469940416515
test_00030,13.21395976562053
test_00031,58.14630122855306
test_00032,98.95704627037048
test_00033,99.97374052554369
test_00034,21.56521383859217
test_00035,17.27359268721193
test_00036,79.71029731631279
test_00037,95.76281129568815
test_00038,20.403156572952867
test_00039,34.57989605888724
test_00040,81.64550692588091
test_00041,14.467349890619516
test_00042,16.886813167482615
test_00043,29.499130515381694
test_00044,70.26627742499113
test_00045,70.64854151010513
test_00046,55.126503352075815
test_00047,26.18804950080812
test_00048,57.881024319678545
test_00049,60.29403617978096
test_00050,74.4755947291851
test_00051,95.58863418549299
test_00052,107.56111175566912
test_00053,58.41932578012347
test_00054,158.7694867104292
test_00055,179.8697570413351
test_00056,32.55269712023437
test_00057,14.280475151725113
test_00058,26.30507010407746
test_00059,56.34100019931793
test_00060,34.8064570389688
test_00061,29.686945853754878
test_00062,60.15407720580697
test_00063,27.3206779807806
test_00064,53.98505199328065
test_00065,140.45435650646687
test_00066,22.717005291953683
test_00067,36.25709356740117
test_00068,62.34516701474786
test_00069,59.24429002031684
test_00070,42.126449171453714
test_00071,49.2725650370121
test_00072,76.36082721501589
test_00073,120.00947137922049
test_00074,86.86538276821375
test_00075,63.55870933458209
test_00076,79.23353873193264
test_00077,55.662360925227404
test_00078,15.002119228243828
test_00079,20.9312460757792
test_00080,55.8891967497766
test_00081,39.191905077546835
test_00082,15.79821644257754
test_00083,89.08413530141115
test_00084,33.6949785836041
test_00085,36.52318015322089
test_00086,43.211787689477205
test_00087,73.49143611639738
test_00088,73.51123977452517
test_00089,78.97234734892845
test_00090,123.23196333646774
test_00091,78.4357543811202
test_00092,197.59666065871716
test_00093,52.04604284465313
test_00094,12.740045264363289
test_00095,62.775439742952585
test_00096,48.36317154765129
test_00097,62.52960250899196
test_00098,18.351264344528317
test_00099,95.48138541728258
test_00100,20.77690047957003
test_00101,18.267564918845892
test_00102,118.61029019206762
test_00103,87.38083499670029
test_00104,147.39657120406628
test_00105,54.89145190641284
test_00106,104.28775871545076
test_00107,13.110972943715751
test_00108,18.833410251885653
test_00109,32.862300127744675
test_00110,65.30532735586166
test_00111,93.52175921946764
test_00112,120.8004886135459
test_00113,59.03865064680576
test_00114,26.327391931787133
test_00115,39.60742534324527
test_00116,111.21312619000673
test_00117,55.34548753872514
test_00118,88.96156952530146
test_00119,85.17015694826841
test_00120,79.55457192659378
test_00121,64.03942716494203
test_00122,105.22451037168503
test_00123,77.82816983014345
test_00124,53.80004081130028
test_00125,26.653103053569794
test_00126,67.77428492158651
test_00127,37.20738688483834
test_00128,37.48236506059766
test_00129,86.15761369466782
test_00130,110.49028524011374
test_00131,73.11917785555124
test_00132,13.746985326521099
test_00133,25.65846878103912
test_00134,65.9848023056984
test_00135,136.52734903991222
test_00136,115.19046733528376
test_00137,42.611129961907864
test_00138,23.98704300634563
test_00139,116.17615616321564
test_00140,98.7301584482193
test_00141,43.39591119810939
test_00142,80.63150911778212
test_00143,93.93536300212145
test_00144,56.41186921671033
test_00145,89.04567193239927
test_00146,80.73172335326672
test_00147,113.45038244128227
test_00148,17.326233759522438
test_00149,43.78435556963086
test_00150,52.128774743527174
test_00151,65.0493134483695
test_00152,89.7824482396245
test_00153,53.65459609031677
test_00154,35.7804538346827
test_00155,15.8138398649171
test_00156,13.425970702432096
test_00157,25.34043101966381
test_00158,78.98372739553452
test_00159,67.58923288434744
test_00160,24.45789243467152
test_00161,59.270073402673006
test_00162,63.108410101383924
test_00163,35.37507310137153
test_00164,81.92171075940132
test_00165,110.19902438670397
test_00166,12.34013170748949
test_00167,23.94121083430946
test_00168,14.038484811782837
test_00169,22.220359481871128
test_00170,28.981026409193873
test_00171,25.846932232379913
test_00172,12.109411847777665
test_00173,16.193767772056162
test_00174,15.346082436852157
test_00175,134.4030835777521
test_00176,37.89006711542606
test_00177,14.299402278847992
test_00178,13.330105694942176
test_00179,12.303101986646652
test_00180,14.605059039779007
test_00181,27.639051869511604
test_00182,40.179257828742266
test_00183,66.98433735221624
test_00184,82.34027659893036
test_00185,152.43671362102032
test_00186,35.05548469722271
test_00187,28.92033035121858
test_00188,16.129634301178157
test_00189,20.481611669063568
test_00190,45.989128176122904
test_00191,90.41222833842039
test_00192,97.4104518815875
test_00193,29.659658255055547
test_00194,170.6056265681982
test_00195,31.312766017392278
test_00196,12.419924813322723
test_00197,35.59402757510543
test_00198,85.86220788955688
test_00199,200.38408868014812
test_00200,160.16724167764187
test_00201,98.82916188240051
test_00202,40.52379393950105
test_00203,57.77002801001072
test_00204,53.17438709363341
test_00205,55.7072942815721
test_00206,23.67893864400685
test_00207,46.09165259078145
test_00208,134.5593735128641
test_00209,51.764761816710234
test_00210,122.41872084140778
test_00211,219.31686125695705
test_00212,268.3366497159004
test_00213,114.88902980834246
test_00214,99.76438332349062
test_00215,62.670263450592756
test_00216,177.7605560272932
test_00217,42.13927772268653
test_00218,37.55006593838334
test_00219,15.407485105097294
test_00220,25.781192407011986
test_00221,49.08857152238488
test_00222,116.74717897176743
test_00223,10.91414297092706
test_00224,68.23643960803747
test_00225,9.969480250962079
test_00226,26.809556409716606
test_00227,15.158122248016298
test_00228,11.056131708435714
test_00229,69.77142367511988
test_00230,112.74816968291998
test_00231,296.17494758963585
test_00232,230.3357176631689
test_00233,97.94722312688828
test_00234,107.2830211520195
test_00235,14.712339377962053
test_00236,93.7012846544385
test_00237,209.5791366249323
test_00238,23.412398936226964
test_00239,66.89967039972544
test_00240,57.2078262232244
test_00241,16.247891704551876
test_00242,29.05508585087955
test_00243,92.18264269083738
test_00244,67.12122475355864
test_00245,194.31192757189274
test_00246,25.830773977562785
test_00247,73.96180642396212
test_00248,11.496100132353604
test_00249,11.642257963307202
test_00250,15.420671139843762
test_00251,74.0929666608572
test_00252,186.5164322257042
test_00253,237.89025612175465
test_00254,17.420650262385607
test_00255,65.94606409221888
test_00256,148.63871963322163
test_00257,11.811675435863435
test_00258,126.97461701929569
test_00259,132.27118189632893
test_00260,507.38151121139526
test_00261,67.95954494923353
test_00262,31.131416952237487
test_00263,111.04095470160246
test_00264,184.27964395284653
test_00265,10.900188114494085
test_00266,20.10434678196907
test_00267,106.61768954992294
test_00268,220.54271215200424
test_00269,13.863203681074083
test_00270,18.52495119161904
test_00271,12.193082489073277
test_00272,56.740252643823624
test_00273,260.08887922763824
test_00274,197.67614270746708
test_00275,191.25375546514988
test_00276,403.09818109869957
test_00277,385.69999146461487
test_00278,14.648503036238253
test_00279,82.32100777328014
test_00280,160.39641739428043
test_00281,172.25066727399826
test_00282,14.659436460584402
test_00283,142.9321759492159
test_00284,13.863996644504368
test_00285,319.2712721526623
test_00286,275.66947039961815
test_00287,429.39057540893555
test_00288,88.41561698913574
test_00289,279.39656937122345
test_00290,319.3810316622257
test_00291,249.06201519072056
test_00292,179.64512740075588
test_00293,106.8486554697156
test_00294,19.741366378962994
test_00295,16.279685452580452
test_00296,10.408314012922347
test_00297,39.99964325502515
test_00298,78.93781351298094
test_00299,13.339933241717517
test_00300,30.594350434839725
test_00301,83.47606021910906
test_00302,123.45007842034101
test_00303,160.7571321874857
test_00304,66.5942661985755
test_00305,11.161957970820367
test_00306,76.97179903835058
test_00307,13.591609992086887
test_00308,25.032707354053855
test_00309,76.40775876492262
test_00310,195.6269023567438
test_00311,261.9858705997467
test_00312,13.073477101512253
test_00313,603.4546576738358
test_00314,11.866470694541931
test_00315,12.393953868187964
test_00316,94.05541803687811
test_00317,12.757625096477568
test_00318,55.9836578220129
test_00319,84.40880063176155
test_00320,264.7484586238861
test_00321,12.146159295924008
test_00322,13.845625706017017
test_00323,83.84118738025427
test_00324,11.492360019125044
test_00325,10.824988439679146
test_00326,12.215687518008053
test_00327,104.98522483557463
test_00328,136.95860229432583
test_00329,163.20406505465508
test_00330,257.5539812743664
test_00331,300.87030133605003
test_00332,10.387383121065795
test_00333,76.29805125296116
test_00334,156.54459846019745
test_00335,10.129501014016569
test_00336,52.123797830194235
test_00337,91.36961561441422
test_00338,18.165144499391317
test_00339,29.72516594827175
test_00340,16.051783677190542
test_00341,26.34587150812149
test_00342,12.319255598820746
test_00343,119.42202475667
test_00344,193.50453852117062
test_00345,251.16943342983723
test_00346,47.92355039343238
test_00347,28.04730918444693
test_00348,84.83028576523066
test_00349,11.882459028623998
test_00350,13.361000627279282
test_00351,17.698011042550206
test_00352,17.2987836683169
test_00353,90.26780128479004
test_00354,16.959425033070147
test_00355,77.83048743754625
test_00356,212.56568574905396
test_00357,262.9793219268322
test_00358,69.10596579313278
test_00359,41.905615355819464
test_00360,27.37578058242798
test_00361,107.43354678153992
test_00362,56.77185604348779
test_00363,12.99033850710839
test_00364,13.892049350775778
test_00365,15.25766979996115
test_00366,12.342530096881092
test_00367,24.096113547682762
test_00368,11.507330685853958
test_00369,11.512813647277653
test_00370,56.48894451931119
test_00371,59.11796556040645
test_00372,11.767722605727613
test_00373,19.837374379858375
test_00374,41.201638393104076
test_00375,47.5860748142004
test_00376,84.18530751019716
test_00377,19.37477399967611
test_00378,16.364555752836168
test_00379,15.070706850849092
test_00380,48.791940059512854
test_00381,31.075712664052844
test_00382,101.86117919534445
test_00383,18.735976031050086
test_00384,35.52879658341408
test_00385,83.84754594415426
test_00386,12.365446182899177
test_00387,20.014831053093076
test_00388,29.3831535782665
test_00389,84.73441704362631
test_00390,71.05392224341631
test_00391,39.41505278646946
test_00392,16.02718788292259
test_00393,47.10032807290554
test_00394,90.96310579031706
test_00395,77.07313493639231
test_00396,75.98829410970211
test_00397,77.1528546884656
test_00398,53.4334094338119
test_00399,152.38464173674583
test_00400,40.18268595635891
test_00401,13.668101250194013
test_00402,18.52990953437984
test_00403,16.257462977431715
test_00404,20.299384215846658
test_00405,73.62393343448639
test_00406,22.563794357702136
test_00407,42.20794798433781
test_00408,182.40422415733337
test_00409,18.240565164014697
test_00410,33.07307426445186
test_00411,60.583231985569
test_00412,16.586056252010167
test_00413,22.76268889941275
test_00414,46.761857111006975
test_00415,78.73004595190287
test_00416,102.46418795734644
test_00417,79.23148111253977
test_00418,49.340310484170914
test_00419,76.38018517941236
test_00420,22.924468295648694
test_00421,17.785326158627868
test_00422,21.69308151304722
test_00423,23.250400407239795
test_00424,86.41590064018965
test_00425,14.740423654206097
test_00426,69.48568199574947
test_00427,43.36581572890282
test_00428,56.20953540503979
test_00429,87.44375952333212
test_00430,101.42910883575678
test_00431,70.58133832365274
test_00432,72.51116246730089
test_00433,109.80905722826719
test_00434,69.13715692609549
test_00435,127.09434521198273
test_00436,46.54405401274562
test_00437,10.895066350698471
test_00438,41.09755776450038
test_00439,29.26229258067906
test_00440,36.55787741020322
test_00441,13.18105271179229
test_00442,21.866246527060866
test_00443,23.687410539016128
test_00444,25.26054227538407
test_00445,51.85540849342942
test_00446,141.51715777814388
test_00447,97.46950630098581
test_00448,62.360617730766535
test_00449,39.86383294686675
test_00450,15.951273241080344
test_00451,29.796645937487483
test_00452,75.81375301629305
test_00453,65.10612454265356
test_00454,117.75843576341867
test_00455,12.49893981218338
test_00456,20.073863187804818
test_00457,34.248953606933355
test_00458,93.7211180254817
test_00459,44.123866483569145
test_00460,85.64966397732496
test_00461,72.48566135764122
test_00462,66.47720474004745
test_00463,48.68023435398936
test_00464,85.32782853394747
test_00465,53.22417851164937
test_00466,42.35497120395303
test_00467,11.574140176177025
test_00468,42.263886261731386
test_00469,22.8736480679363
test_00470,28.723796129226685
test_00471,62.99110351130366
test_00472,104.80916095525026
test_00473,31.570397421717644
test_00474,9.525361768435687
test_00475,16.129141252487898
test_00476,92.34441465884447
test_00477,147.25383035838604
test_00478,66.90405305474997
test_00479,34.94237134233117
test_00480,26.434336142614484
test_00481,16.197587738744915
test_00482,65.52077570557594
test_00483,135.98369182646275
test_00484,33.85958442091942
test_00485,41.88484974205494
test_00486,61.824975576251745
test_00487,23.99044513516128
test_00488,40.28849736228585
test_00489,67.08567325025797
test_00490,94.17448511719704
test_00491,20.18947242759168
test_00492,36.1646975427866
test_00493,46.799083679914474
test_00494,93.37895894795656
test_00495,55.987773060798645
test_00496,25.724851148203015
test_00497,11.242436330765486
test_00498,19.453301521018147
test_00499,23.23925063572824
test_00500,61.18077728524804
test_00501,54.72104090824723
test_00502,16.88001540955156
test_00503,40.01454056799412
test_00504,42.0602265112102
test_00505,37.83907975256443
test_00506,62.0974801518023
test_00507,53.55168169364333
test_00508,9.800042350776494
test_00509,14.249757568351924
test_00510,10.819830463267863
test_00511,20.901536874473095
test_00512,20.263838283717632
test_00513,17.65826258994639
test_00514,13.027967128902674
test_00515,19.259824015200138
test_00516,18.402203423902392
test_00517,128.97844117879868
test_00518,37.52758068963885
test_00519,13.760267928242683
test_00520,51.566268399357796
test_00521,11.779357069171965
test_00522,13.467893769033253
test_00523,17.12845716625452
test_00524,20.270726108923554
test_00525,26.563977306708694
test_00526,113.21124546974897
test_00527,28.490284183993936
test_00528,49.13219008222222
test_00529,31.661890916526318
test_00530,29.60060012154281
test_00531,12.473430345766246
test_00532,15.10719895362854
test_00533,27.404336551204324
test_00534,82.2479362860322
test_00535,97.56200260668993
test_00536,18.144830150529742
test_00537,111.67838587611914
test_00538,24.126430006697774
test_00539,13.569455299526453
test_00540,13.443763167597353
test_00541,32.22067014686763
test_00542,109.86047542840242
test_00543,164.0020499676466
test_00544,157.3084729462862
test_00545,129.23963256180286
test_00546,48.06682978570461
test_00547,56.34071421250701
test_00548,62.862405732274055
test_00549,39.88332833349705
test_00550,21.647115632891655
test_00551,59.56016802415252
test_00552,102.68398924916983
test_00553,74.20643285661936
test_00554,112.50225073844194
test_00555,148.34726564586163
test_00556,238.61789570748806
test_00557,155.5331262499094
test_00558,21.505502020940185
test_00559,94.45801318436861
test_00560,142.75734515488148
test_00561,101.13443099707365
test_00562,35.796751368790865
test_00563,14.934168576262891
test_00564,35.10022120550275
test_00565,53.645295947790146
test_00566,100.10396480560303
test_00567,23.41832666285336
test_00568,46.42314473167062
test_00569,10.243927308358252
test_00570,31.405321748927236
test_00571,12.944588045589626
test_00572,9.034947313833982
test_00573,69.12831733375788
test_00574,32.64486658386886
test_00575,265.8138449192047
test_00576,239.40956662595272
test_00577,158.90108521282673
test_00578,72.1552537381649
test_00579,22.826374819502234
test_00580,52.23214969038963
test_00581,222.6299998909235
test_00582,29.136398958042264
test_00583,46.19239051640034
test_00584,53.82822351157665
test_00585,49.879737321287394
test_00586,21.361286671832204
test_00587,92.81565406918526
test_00588,112.89792277663946
test_00589,183.6403854340315
test_00590,19.494327628985047
test_00591,58.04473505541682
test_00592,12.321660487912595
test_00593,13.120884058065712
test_00594,15.932032271288335
test_00595,62.768420066684484
test_00596,123.28372323513031
test_00597,204.42856615781784
test_00598,20.354507245123386
test_00599,72.48043931275606
test_00600,115.00136691331863
test_00601,21.438666531816125
test_00602,30.492056295275688
test_00603,87.52645056694746
test_00604,163.55365236103535
test_00605,145.11354963481426
test_00606,35.96158376708627
test_00607,99.32267112284899
test_00608,174.4797301888466
test_00609,16.296035912819207
test_00610,82.220667257905
test_00611,72.09016759693623
test_00612,202.8443329334259
test_00613,50.06505677476525
test_00614,14.230316036380827
test_00615,13.892490401864052
test_00616,80.74571813642979
test_00617,156.79833190143108
test_00618,228.24585975706577
test_00619,198.0037870258093
test_00620,298.1173700094223
test_00621,401.7939029633999
test_00622,12.495467115193605
test_00623,60.35876576602459
test_00624,219.4340044260025
test_00625,219.0749535560608
test_00626,14.670471094548702
test_00627,85.86539459973574
test_00628,11.935497511178255
test_00629,52.790451657027006
test_00630,116.24645692110062
test_00631,355.92227217555046
test_00632,22.054358994588256
test_00633,146.5727657675743
test_00634,163.5826818794012
test_00635,189.26826417446136
test_00636,168.42772929370403
test_00637,251.41074687242508
test_00638,25.235345723107457
test_00639,12.938123629428446
test_00640,12.06869772542268
test_00641,22.145477363839746
test_00642,25.658284932374954
test_00643,12.473067291080952
test_00644,25.197749599814415
test_00645,99.0435331389308
test_00646,114.12866144627333
test_00647,163.15992651879787
test_00648,55.50932455435395
test_00649,12.575744912959635
test_00650,47.036850143224
test_00651,15.337715465575457
test_00652,36.60215336829424
test_00653,44.26499168947339
test_00654,99.67716106027365
test_00655,201.76444673538208
test_00656,12.916669975966215
test_00657,255.75091242790222
test_00658,12.901631526648998
test_00659,17.82437078654766
test_00660,64.72984018176794
test_00661,14.252311022020876
test_00662,95.77658323198557
test_00663,100.66987699270248
test_00664,243.15495389699936
test_00665,15.044377493672073
test_00666,17.18024027813226
test_00667,88.44154893606901
test_00668,11.80691858381033
test_00669,11.874311190098524
test_00670,14.191465470939875
test_00671,55.4974208176136
test_00672,72.95583110302687
test_00673,78.74663318693638
test_00674,225.88408410549164
test_00675,235.2713003307581
test_00676,11.519059859216213
test_00677,59.87061599269509
test_00678,121.67000737041235
test_00679,9.609462782740593
test_00680,38.69738559797406
test_00681,108.5698949471116
test_00682,18.207697108387947
test_00683,24.819554327055812
test_00684,18.309020007029176
test_00685,68.5700413659215
test_00686,71.75682582706213
test_00687,13.508405472151935
test_00688,158.07693807780743
test_00689,195.75215715169907
test_00690,351.0117374956608
test_00691,51.33671012893319
test_00692,32.00910676084459
test_00693,45.265908386558294
test_00694,9.68491130322218
test_00695,10.63762158062309
test_00696,12.550774921663105
test_00697,15.589869479648769
test_00698,93.46404188126326
test_00699,15.071858226321638
test_00700,98.31625753641129
test_00701,214.76502089202404
test_00702,295.22954204678535
test_00703,67.55738806724548
test_00704,50.192376617342234
test_00705,42.3464250266552
test_00706,146.25777915120125
test_00707,87.47698599100113
test_00708,10.28526168782264
test_00709,11.443863898515701
test_00710,12.708502219058573
test_00711,10.64866549987346
test_00712,24.202242510393262
test_00713,10.812468159943819
test_00714,9.807387940585613
test_00715,59.6264946796
test_00716,99.39580946415663
test_00717,12.102243606932461
test_00718,12.34624049719423
test_00719,40.14843067899346
test_00720,51.10425856336951
test_00721,75.93678677082062
test_00722,22.05670817196369
test_00723,18.65124965272844
test_00724,17.89541251026094
test_00725,61.477965865284204
test_00726,34.14047918096185
test_00727,100.67789947986603
test_00728,17.81306130811572
test_00729,42.01668966189027
test_00730,88.41677579283714
test_00731,11.23707314953208
test_00732,12.892124322243035
test_00733,23.87074851244688
test_00734,115.47762780636549
test_00735,64.33125627785921
test_00736,46.42106482759118
test_00737,11.786828938871622
test_00738,46.80394545570016
test_00739,118.61697559803724
test_00740,90.93143925070763
test_00741,69.06459055840969
test_00742,50.64580684900284
test_00743,48.78391757234931
test_00744,141.78791671991348
test_00745,208.32517731189728
test_00746,31.977581357583404
test_00747,28.745285995304585
test_00748,117.57670414447784
test_00749,14.891079277731478
test_00750,17.109552323818207
test_00751,59.92585973069072
test_00752,20.164584146812558
test_00753,42.70192148908973
test_00754,163.94491203129292
test_00755,22.524014335125685
test_00756,31.605072394013405
test_00757,47.26679468154907
test_00758,12.997117694467306
test_00759,20.776295078918338
test_00760,47.68641161546111
test_00761,70.95202922821045
test_00762,85.20867974311113
test_00763,58.33950203284621
test_00764,37.81294724345207
test_00765,63.0818244703114
test_00766,28.169540690258145
test_00767,17.438185525126755
test_00768,17.636561019346118
test_00769,21.52322948910296
test_00770,84.3101017549634
test_00771,14.631226832978427
test_00772,77.73999675363302
test_00773,37.706471011042595
test_00774,26.68190415389836
test_00775,47.17466978728771
test_00776,103.11031758785248
test_00777,69.7142188847065
test_00778,83.93641727417707
test_00779,85.30366450548172
test_00780,50.52138030156493
test_00781,103.71487884968519
test_00782,50.527204032987356
test_00783,9.986637602560222
test_00784,17.017933477647603
test_00785,31.74265804886818
test_00786,32.44353929720819
test_00787,13.117310151457787
test_00788,20.057069819420576
test_00789,17.650344097986817
test_00790,20.704794662073255
test_00791,41.579846665263176
test_00792,150.42134599387646
test_00793,58.43556388840079
test_00794,50.27960630878806
test_00795,17.479671254754066
test_00796,9.736999436747283
test_00797,19.211601810529828
test_00798,39.66321877017617
test_00799,81.57167775928974
test_00800,75.13578599691391
test_00801,114.89610148221254
test_00802,9.815253506414592
test_00803,13.093054198659956
test_00804,28.911063635721803
test_00805,78.40036629885435
test_00806,56.21039707958698
test_00807,84.26401702314615
test_00808,56.94338870421052
test_00809,91.0342236533761
test_00810,68.14076402038336
test_00811,99.48282373696566
test_00812,60.60053604468703
test_00813,37.77299451455474
test_00814,10.863107324577868
test_00815,45.89655387401581
test_00816,18.80890452489257
test_00817,21.46470433101058
test_00818,67.79293720424175
test_00819,101.64139275997877
test_00820,36.59942349418998
test_00821,9.407059795688838
test_00822,16.100322510115802
test_00823,96.208460457623
test_00824,151.4649378657341
test_00825,72.68523558229208
test_00826,12.323684680275619
test_00827,29.641611373052
test_00828,16.19020500779152
test_00829,66.88638872653246
test_00830,137.04527486860752
test_00831,37.29193498566747
test_00832,34.74557527527213
test_00833,55.0777147449553
test_00834,29.048172026872635
test_00835,42.728161707520485
test_00836,61.96217867732048
test_00837,93.39104467630386
test_00838,20.40466078929603
test_00839,34.87701778486371
test_00840,47.43433095514774
test_00841,110.97231786698103
test_00842,111.33040306717157
test_00843,17.05017756205052
test_00844,21.158841436728835
test_00845,12.125931300222874
test_00846,13.017664175480604
test_00847,26.23893286846578
test_00848,51.17202629521489
test_00849,41.392699867486954
test_00850,15.166684210300446
test_00851,32.52577721886337
test_00852,47.2179169356823
test_00853,35.341727782040834
test_00854,59.47011189162731
test_00855,50.93378442525864
test_00856,8.164959650021046
test_00857,14.058953296393156
test_00858,8.889704547822475
test_00859,11.345366512425244
test_00860,18.746670823544264
test_00861,15.899883825331926
test_00862,8.397766377776861
test_00863,13.605741268955171
test_00864,14.25134813785553
test_00865,119.42663768678904
test_00866,28.90269759297371
test_00867,12.983865734189749
test_00868,49.543654534965754
test_00869,10.133516900241375
test_00870,12.691554714925587
test_00871,16.29330511018634
test_00872,18.93241554312408
test_00873,22.177535742521286
test_00874,117.52538251131773
test_00875,23.963610658422112
test_00876,36.327427752316
test_00877,23.85427084378898
test_00878,25.10485216975212
test_00879,10.516249892301857
test_00880,11.409156427718699
test_00881,75.71125831454992
test_00882,23.109858317300677
test_00883,108.41500151902437
test_00884,18.361409448087215
test_00885,10.482399453409016
test_00886,9.703708436340094
test_00887,26.28264428116381
test_00888,98.15309648960829
test_00889,159.37399597465992
test_00890,138.25802236795425
test_00891,97.04367565363646
test_00892,42.69372443854809
test_00893,72.29168801754713
test_00894,67.81206489354372
test_00895,35.62711290642619
test_00896,138.6033755838871
test_00897,147.79606135189533
test_00898,15.234303377568722
test_00899,80.32627576589584
test_00900,146.18098612129688
test_00901,90.28820662945509
test_00902,34.33546647429466
test_00903,10.957971378229558
test_00904,20.914307856932282
test_00905,44.609386663883924
test_00906,25.068409278988838
test_00907,36.89762231335044
test_00908,7.877885532099754
test_00909,32.60044948942959
test_00910,9.56147874565795
test_00911,12.52485690265894
test_00912,59.865159958601
test_00913,24.18615668080747
test_00914,175.6203941553831
test_00915,254.30653789639473
test_00916,177.75589109957218
test_00917,49.488522220402956
test_00918,10.56136152613908
test_00919,55.55344823375344
test_00920,217.53875125944614
test_00921,17.154564605094492
test_00922,27.011795511469245
test_00923,46.21600857004523
test_00924,28.93129070289433
test_00925,28.185596806928515
test_00926,79.57726516574621
test_00927,111.37460845708847
test_00928,175.7788531333208
test_00929,16.00642969738692
test_00930,55.246198117733
test_00931,9.017562936991453
test_00932,11.141976963728666
test_00933,10.043980743736029
test_00934,72.08839225023985
test_00935,113.17729103565216
test_00936,223.18139731884003
test_00937,10.009562973864377
test_00938,70.011184617877
test_00939,100.37112105637789
test_00940,12.236156002618372
test_00941,19.867150435224175
test_00942,74.54477382451296
test_00943,166.54232595860958
test_00944,132.39163805544376
test_00945,26.21362860687077
test_00946,56.26975234225392
test_00947,142.53515197336674
test_00948,16.127457830123603
test_00949,32.583550268784165
test_00950,66.26974173635244
test_00951,193.52113318443298
test_00952,94.43536451458931
test_00953,13.982161195017397
test_00954,10.679342227987945
test_00955,89.40169208496809
test_00956,130.62513095140457
test_00957,219.36731378734112
test_00958,198.04670733213425
test_00959,358.25420120358467
test_00960,386.7004550397396
test_00961,10.03266476560384
test_00962,43.4339882992208
test_00963,195.5410766005516
test_00964,193.60028839111328
test_00965,12.562496666796505
test_00966,75.26241501420736
test_00967,11.168265465646982
test_00968,59.45974579825997
test_00969,126.49761330336332
test_00970,181.5044427961111
test_00971,18.01827541552484
test_00972,136.91638024151325
test_00973,74.85521436482668
test_00974,208.5285325050354
test_00975,162.36601227521896
test_00976,206.11680944263935
test_00977,24.995681347325444
test_00978,12.815385146997869
test_00979,10.774854394607246
test_00980,18.10778928734362
test_00981,21.052864752709866
test_00982,12.85189117770642
test_00983,29.36826926469803
test_00984,106.87799697369337
test_00985,123.89222145825624
test_00986,124.19056884199381
test_00987,48.114920139312744
test_00988,9.616218756884336
test_00989,58.13873929157853
test_00990,11.915665068663657
test_00991,39.71757112070918
test_00992,45.67826794087887
test_00993,135.6704582720995
test_00994,195.65070240199566
test_00995,12.704067566432059
test_00996,282.7179681956768
test_00997,11.689570209942758
test_00998,12.405352485366166
test_00999,65.59681848436594
test_01000,11.440788611769676
test_01001,76.88378938287497
test_01002,104.36079306155443
test_01003,223.76068031787872
test_01004,14.007491455413401
test_01005,17.297174528241158
test_01006,84.93365699797869
test_01007,11.131983210332692
test_01008,10.474635097198188
test_01009,10.992844127118587
test_01010,50.63800720870495
test_01011,87.23862155526876
test_01012,43.63617726042867
test_01013,214.53202706575394
test_01014,246.25040085613728
test_01015,9.637955147307366
test_01016,52.734821651130915
test_01017,115.18846914172173
test_01018,9.104329756926745
test_01019,32.74797968566418
test_01020,92.27524299174547
test_01021,12.835415366105735
test_01022,21.24869143590331
test_01023,16.57914242800325
test_01024,33.26769943162799
test_01025,88.41142003983259
test_01026,12.62774437200278
test_01027,197.59027238190174
test_01028,117.95266166329384
test_01029,355.2337644994259
test_01030,53.85706361010671
test_01031,47.92768420279026
test_01032,97.66643607616425
test_01033,10.643408170901239
test_01034,9.741108175832778
test_01035,12.35879884660244
test_01036,21.485053963959217
test_01037,110.25253734737635
test_01038,12.983612245880067
test_01039,115.11871064454317
test_01040,284.268447548151
test_01041,303.4117361307144
test_01042,72.22735212743282
test_01043,47.95680657401681
test_01044,58.61191004142165
test_01045,133.08258219063282
test_01046,57.462265346199274
test_01047,16.09586928691715
test_01048,43.449535582214594
test_01049,14.85729383584112
test_01050,53.67738589644432
test_01051,13.647515770979226
test_01052,15.334925237111747
test_01053,120.1019676849246
test_01054,65.09781978279352
test_01055,11.03881000727415
test_01056,13.557247933931649
test_01057,77.68860826641321
test_01058,104.25281632691622
test_01059,115.69185792654753
test_01060,29.57305253483355
test_01061,25.61832663230598
test_01062,59.85038149729371
test_01063,65.2907011732459
test_01064,45.327688965946436
test_01065,97.77011186629534
test_01066,60.54278156533837
test_01067,39.676890425384045
test_01068,103.18117546290159
test_01069,13.506977395154536
test_01070,20.888970168307424
test_01071,35.1148065328598
test_01072,76.05823088437319
test_01073,90.8446403965354
test_01074,56.92518211528659
test_01075,28.550099996849895
test_01076,75.82595016807318
test_01077,78.0319187194109
test_01078,101.31657116860151
test_01079,102.96387005597353
test_01080,67.38373836129904
test_01081,209.5201119184494
test_01082,40.61340809240937
test_01083,20.918252246454358
test_01084,61.016836274415255
test_01085,52.112365785986185
test_01086,36.94294936582446
test_01087,80.47445407509804
test_01088,27.2015607599169
test_01089,62.743008095771074
test_01090,172.37872993946075
test_01091,28.91690779477358
test_01092,40.5201763920486
test_01093,66.6091672256589
test_01094,49.03860554099083
test_01095,48.78182652592659
test_01096,53.019255962222815
test_01097,84.86751604825258
test_01098,130.06886060535908
test_01099,85.91571342200041
test_01100,75.42436525970697
test_01101,88.5936196371913
test_01102,62.094300869852304
test_01103,14.28540192451328
test_01104,24.76555853150785
test_01105,82.3661639764905
test_01106,48.38917034864426
test_01107,18.944285852834582
test_01108,101.069240860641
test_01109,39.04396075755358
test_01110,41.72097187116742
test_01111,48.05156106129289
test_01112,80.76182996481657
test_01113,137.9237817823887
test_01114,90.6647584065795
test_01115,177.72620789706707
test_01116,54.38771399483085
test_01117,16.299146483652294
test_01118,55.55991079285741
test_01119,68.08596597611904
test_01120,63.71106230840087
test_01121,18.72411314956844
test_01122,33.55262400582433
test_01123,33.64601169899106
test_01124,39.641067791730165
test_01125,104.55207738280296
test_01126,92.93325036019087
test_01127,166.49927194416523
test_01128,58.55905819311738
test_01129,125.5246787443757
test_01130,11.38443435356021
test_01131,21.119315830990672
test_01132,31.943864626809955
test_01133,78.37568229436874
test_01134,99.50467758625746
test_01135,122.45968752354383
test_01136,74.3429637029767
test_01137,39.96695161983371
test_01138,46.18921494856477
test_01139,134.56436528265476
test_01140,49.021672893315554
test_01141,96.56002367287874
test_01142,89.99417504668236
test_01143,96.72501949220896
test_01144,95.23228719085455
test_01145,159.53602050244808
test_01146,137.6552215963602
test_01147,26.997113617137074
test_01148,31.134620375931263
test_01149,33.19537819549441
test_01150,37.48866791278124
test_01151,98.01104646921158
test_01152,103.62601494789124
test_01153,103.5195312872529
test_01154,11.440809967927635
test_01155,31.170573003590107
test_01156,70.97364537417889
test_01157,30.352212458848953
test_01158,59.4096423946321
test_01159,113.45454967767
test_01160,46.01129029691219
test_01161,69.76138070970774
test_01162,179.62582886219025
test_01163,91.41297418624163
test_01164,108.23639718443155
test_01165,77.41222615540028
test_01166,135.82909552752972
test_01167,26.47458042949438
test_01168,52.212762013077736
test_01169,49.421675588935614
test_01170,76.68313063681126
test_01171,83.07053834944963
test_01172,56.686754539608955
test_01173,35.59266820922494
test_01174,19.64663789048791
test_01175,14.707364321686327
test_01176,32.90506258420646
test_01177,91.59798908233643
test_01178,68.01806453615427
test_01179,36.93520915135741
test_01180,79.75545351952314
test_01181,72.92977287620306
test_01182,42.90233510360122
test_01183,88.00827520340681
test_01184,129.28595499694347
test_01185,13.621381404809654
test_01186,34.47350896522403
test_01187,17.446534854359925
test_01188,23.270309917628765
test_01189,33.66353489086032
test_01190,25.147469775751233
test_01191,11.328519289381802
test_01192,16.159785482101142
test_01193,17.270805244334042
test_01194,127.90837509930134
test_01195,35.605585899204016
test_01196,14.607987619005144
test_01197,49.01655484363437
test_01198,16.11901750508696
test_01199,12.782128966413438
test_01200,19.219154462218285
test_01201,33.348793406039476
test_01202,28.185061974450946
test_01203,66.20568811893463
test_01204,80.82556416839361
test_01205,161.98124487698078
test_01206,35.347402948886156
test_01207,31.22853547334671
test_01208,19.22567644715309
test_01209,33.39862196519971
test_01210,52.40764531120658
test_01211,88.07783313840628
test_01212,109.75232041627169
test_01213,35.92947896197438
test_01214,186.1484229117632
test_01215,44.85721466317773
test_01216,12.629207733087242
test_01217,12.287152650766075
test_01218,44.54161150380969
test_01219,94.03759771585464
test_01220,226.67131294310093
test_01221,191.39920018613338
test_01222,104.93053078651428
test_01223,63.36672675982118
test_01224,51.97020062804222
test_01225,53.98127845302224
test_01226,27.24058867432177
test_01227,57.10678002610803
test_01228,171.55259203910828
test_01229,51.25781491026282
test_01230,128.43909233808517
test_01231,304.90394845604897
test_01232,131.54413656890392
test_01233,112.91605508327484
test_01234,59.24824183806777
test_01235,208.70750825107098
test_01236,33.90542773529887
test_01237,47.16238349676132
test_01238,12.552557696588337
test_01239,21.63018298521638
test_01240,51.9428201764822
test_01241,126.2001870200038
test_01242,10.403825505636632
test_01243,9.250512193888426
test_01244,29.35206086933613
test_01245,14.08486295863986
test_01246,12.054682514630258
test_01247,78.72313769906759
test_01248,160.45618492364883
test_01249,282.72486159205437
test_01250,260.3630402982235
test_01251,108.36181540042162
test_01252,126.66474102437496
test_01253,14.589203485287726
test_01254,99.67531885951757
test_01255,191.82428801059723
test_01256,103.25403153151274
test_01257,54.61542263627052
test_01258,57.746833365410566
test_01259,16.2174183242023
test_01260,19.553623465821147
test_01261,91.16169206053019
test_01262,69.71232468634844
test_01263,195.50816954672337
test_01264,24.436369141563773
test_01265,78.07391049712896
test_01266,11.810641054995358
test_01267,11.508100436069071
test_01268,30.417099894955754
test_01269,100.72094606608152
test_01270,210.699075832963
test_01271,287.30605831742287
test_01272,17.419622381217778
test_01273,139.3490657657385
test_01274,158.9574803262949
test_01275,11.62718794401735
test_01276,124.25213400274515
test_01277,201.00855016708374
test_01278,552.823433816433
test_01279,67.38088592141867
test_01280,43.27735295146704
test_01281,112.31801580637693
test_01282,223.4446091800928
test_01283,10.859435922466218
test_01284,19.183053269982338
test_01285,206.12768436968327
test_01286,229.54681004583836
test_01287,13.46328826714307
test_01288,16.60246706660837
test_01289,12.237443871796131
test_01290,103.3104934990406
test_01291,283.9982382953167
test_01292,208.1335884332657
test_01293,231.84858046472073
test_01294,434.4584994018078
test_01295,478.7496705055237
test_01296,15.631319925189018
test_01297,98.93357306718826
test_01298,145.64460857212543
test_01299,171.0954736918211
test_01300,12.849421291612089
test_01301,158.22169940173626
test_01302,14.83783187624067
test_01303,398.80395171046257
test_01304,360.52171263098717
test_01305,374.27050256729126
test_01306,103.9269770681858
test_01307,339.58581414818764
test_01308,306.05163952708244
test_01309,266.8793203532696
test_01310,163.6548842638731
test_01311,130.45435597002506
test_01312,20.815527269616723
test_01313,17.713744031265378
test_01314,10.610223487019539
test_01315,56.49678501486778
test_01316,87.11963618546724
test_01317,11.883955816738307
test_01318,35.348442900925875
test_01319,91.3140896037221
test_01320,139.89236642420292
test_01321,181.07587856054306
test_01322,69.23711860179901
test_01323,9.844566226005554
test_01324,78.71560547500849
test_01325,16.13911457825452
test_01326,34.63033001869917
test_01327,103.64350842684507
test_01328,142.69130820035934
test_01329,310.749281167984
test_01330,13.65640736091882
test_01331,525.3076102137566
test_01332,12.499301009811461
test_01333,13.72283058334142
test_01334,77.73911279439926
test_01335,11.395969464443624
test_01336,88.0009435415268
test_01337,315.2192921638489
test_01338,11.320870070718229
test_01339,13.839093507267535
test_01340,63.84071461483836
test_01341,13.694413893856108
test_01342,14.052788794972003
test_01343,16.307766943238676
test_01344,127.10328879952431
test_01345,159.65279226005077
test_01346,196.57465521991253
test_01347,264.8990733921528
test_01348,255.6035660803318
test_01349,9.966055837459862
test_01350,93.58376264572144
test_01351,163.84724567830563
test_01352,9.672602728009224
test_01353,47.775676641613245
test_01354,98.12177907675505
test_01355,15.50377816427499
test_01356,23.007307903841138
test_01357,15.579069763422012
test_01358,26.12989761121571
test_01359,110.06667563319206
test_01360,11.835267490707338
test_01361,171.6801050156355
test_01362,142.18297964334488
test_01363,358.4725019931793
test_01364,63.34278929233551
test_01365,61.18083671107888
test_01366,75.81562492996454
test_01367,11.287398471497
test_01368,10.939493658952415
test_01369,12.001872450113297
test_01370,16.91765424516052
test_01371,105.0890194773674
test_01372,13.464123014360666
test_01373,102.95444363355637
test_01374,267.41644072532654
test_01375,318.80192694067955
test_01376,79.33523861318827
test_01377,48.615393344312906
test_01378,52.03201463446021
test_01379,126.61426620930433
test_01380,63.52832045033574
test_01381,15.168774328194559
test_01382,32.26702600903809
test_01383,39.15485307201743
test_01384,16.8535189172253
test_01385,48.28095591068268
test_01386,13.779955520294607
test_01387,14.612180854193866
test_01388,121.79710436612368
test_01389,67.31731513887644
test_01390,11.805385583080351
test_01391,14.730483755469322
test_01392,60.964318696409464
test_01393,106.73775201290846
test_01394,121.49334180355072
test_01395,30.904131719842553
test_01396,22.284914504736662
test_01397,60.54702679812908
test_01398,61.43433987721801
test_01399,86.2862409055233
test_01400,74.41115484386683
test_01401,43.33845013380051
test_01402,92.60335528850555
test_01403,16.905116323381662
test_01404,22.345887264236808
test_01405,39.95501445606351
test_01406,75.03907788544893
test_01407,84.65963706374168
test_01408,48.9968886077404
test_01409,23.651391057297587
test_01410,56.51419306918979
test_01411,66.75799921900034
test_01412,73.42526545375586
test_01413,95.02784747630358
test_01414,128.42904937267303
test_01415,59.29119185730815
test_01416,190.6842034459114
test_01417,196.74171608686447
test_01418,33.63830862566829
test_01419,27.267764849588275
test_01420,58.9509715475142
test_01421,19.38105271011591
test_01422,23.804757984355092
test_01423,66.61639489233494
test_01424,27.905760569497943
test_01425,47.58931352198124
test_01426,182.3495523929596
test_01427,22.258154310286045
test_01428,31.068709701299667
test_01429,64.2419801093638
test_01430,40.87801646068692
test_01431,42.43405955657363
test_01432,51.24844419956207
test_01433,84.35793954879045
test_01434,91.16123893857002
test_01435,89.04544908553362
test_01436,71.187050960958
test_01437,89.70868592709303
test_01438,63.06971274316311
test_01439,16.770969009958208
test_01440,19.696189748123288
test_01441,56.21163387969136
test_01442,38.20141389966011
test_01443,13.835622667334974
test_01444,98.26134806871414
test_01445,41.55165282264352
test_01446,45.083887066692114
test_01447,50.39435758814216
test_01448,81.07709142565727
test_01449,74.66053534299135
test_01450,99.53210260719061
test_01451,129.3366452306509
test_01452,97.60230817645788
test_01453,197.7935384362936
test_01454,46.146955754607916
test_01455,13.5669287731871
test_01456,68.6710652783513
test_01457,43.24143746495247
test_01458,68.91600369662046
test_01459,19.70081382058561
test_01460,32.07255497761071
test_01461,34.61154402792454
test_01462,39.007959846407175
test_01463,109.97583582252264
test_01464,101.64452004432678
test_01465,169.4338828921318
test_01466,68.33926115185022
test_01467,83.35717141628265
test_01468,12.232284966856241
test_01469,17.234342854470015
test_01470,32.58168392628431
test_01471,78.97213193029165
test_01472,102.18559223413467
test_01473,127.89209242165089
test_01474,83.14360240846872
test_01475,32.81287269294262
test_01476,36.08824249729514
test_01477,113.0422532632947
test_01478,52.849643498659134
test_01479,92.05319094657898
test_01480,108.0004469230771
test_01481,69.73908116668463
test_01482,69.29870604723692
test_01483,129.48925076425076
test_01484,107.06534433364868
test_01485,89.01023185253143
test_01486,21.89208190701902
test_01487,52.449547950178385
test_01488,47.35401323065162
test_01489,38.06313370540738
test_01490,109.27829542011023
test_01491,135.52376560866833
test_01492,84.34528927505016
test_01493,15.733614064753056
test_01494,54.53370840474963
test_01495,118.23006886988878
test_01496,34.79454958811402
test_01497,47.5744607783854
test_01498,23.481680169701576
test_01499,117.76978609710932
test_01500,134.89980924129486
test_01501,58.21776079013944
test_01502,72.3467757627368
test_01503,148.34107050299644
test_01504,71.69893021136522
test_01505,95.81038910150528
test_01506,76.22635398805141
test_01507,111.1711938381195
test_01508,26.75192078202963
test_01509,46.47922043129802
test_01510,54.35211792215705
test_01511,76.68296721577644
test_01512,87.56235862523317
test_01513,75.55164053291082
test_01514,30.428015677258372
test_01515,19.185526870191097
test_01516,13.573630892671645
test_01517,27.654400447383523
test_01518,87.1734165623784
test_01519,65.8382804915309
test_01520,31.099338145926595
test_01521,71.41376050561666
test_01522,71.19965666532516
test_01523,37.560146044939756
test_01524,111.40667612105608
test_01525,132.16898432374
test_01526,12.17169290408492
test_01527,33.18984416499734
test_01528,14.319695271551609
test_01529,24.038182647898793
test_01530,28.66224025376141
test_01531,25.764027627184987
test_01532,14.166146352887154
test_01533,23.748448295518756
test_01534,22.24669998139143
test_01535,135.40021930634975
test_01536,30.934635741636157
test_01537,21.45644228346646
test_01538,54.587459068745375
test_01539,23.95748794078827
test_01540,12.548462885431945
test_01541,15.738707044161856
test_01542,36.27752119675279
test_01543,42.50342807173729
test_01544,79.78018952161074
test_01545,56.78298353031278
test_01546,151.54761405289173
test_01547,38.154705196619034
test_01548,28.118254341185093
test_01549,16.077278287149966
test_01550,27.883438741788268
test_01551,51.96439175307751
test_01552,100.64453930407763
test_01553,71.75407738238573
test_01554,35.80081832408905
test_01555,178.19608794152737
test_01556,31.306678583845496
test_01557,12.610332603566349
test_01558,15.41402844619006
test_01559,39.36348973587155
test_01560,96.7130600437522
test_01561,196.8219261020422
test_01562,169.19267344474792
test_01563,94.9224483370781
test_01564,42.02687747776508
test_01565,63.1284143216908
test_01566,51.48326537013054
test_01567,55.52194882929325
test_01568,21.138761077076197
test_01569,49.126982893794775
test_01570,168.4838421344757
test_01571,55.58008214831352
test_01572,121.96698796004057
test_01573,249.98154078423977
test_01574,267.3602238893509
test_01575,123.91272336989641
test_01576,126.07157466560602
test_01577,86.36304136365652
test_01578,237.63585413992405
test_01579,48.99291079118848
test_01580,42.02988591045141
test_01581,12.43329655379057
test_01582,23.676953449845314
test_01583,80.23998203128576
test_01584,109.72562336176634
test_01585,13.247244730591774
test_01586,53.452440556138754
test_01587,10.258187650702894
test_01588,29.73378455080092
test_01589,15.761066013015807
test_01590,12.763235266320407
test_01591,75.9932635948062
test_01592,143.1918074041605
test_01593,265.0666542351246
test_01594,228.98415142297745
test_01595,103.31739432364702
test_01596,129.26723586022854
test_01597,15.317142057232559
test_01598,98.59354589134455
test_01599,211.17064951360226
test_01600,138.6062577366829
test_01601,76.57658755034208
test_01602,63.770532708615065
test_01603,28.131120033562183
test_01604,18.002830270677805
test_01605,82.9753307402134
test_01606,63.80437571927905
test_01607,195.0449749082327
test_01608,37.8350202254951
test_01609,70.7611460313201
test_01610,12.38226926419884
test_01611,11.868647165596485
test_01612,22.20138407126069
test_01613,101.15300156921148
test_01614,201.9254164546728
test_01615,305.22187665104866
test_01616,19.575936008244753
test_01617,104.51365858316422
test_01618,140.4674301892519
test_01619,11.556801761500537
test_01620,134.40655998885632
test_01621,175.38111604750156
test_01622,457.20551893115044
test_01623,94.07553368061781
test_01624,37.33632979542017
test_01625,124.31001476198435
test_01626,194.8648106455803
test_01627,12.187061909586191
test_01628,24.377242296934128
test_01629,151.62852232158184
test_01630,219.74979329109192
test_01631,14.117653946392238
test_01632,18.739868422970176
test_01633,15.05445110052824
test_01634,88.63551484793425
test_01635,262.2359047830105
test_01636,227.97348146140575
test_01637,199.97541724145412
test_01638,371.10836496949196
test_01639,482.48817923665047
test_01640,15.73203835170716
test_01641,90.32467923313379
test_01642,174.1403938382864
test_01643,171.86439937353134
test_01644,15.40532627608627
test_01645,163.58173106610775
test_01646,14.444321452639997
test_01647,336.51180505752563
test_01648,253.43672201037407
test_01649,407.4341571331024
test_01650,148.21025939285755
test_01651,272.97837164998055
test_01652,259.9685716331005
test_01653,173.10996478796005
test_01654,140.48641674220562
test_01655,28.559359284117818
test_01656,14.832975671626627
test_01657,12.082944139838219
test_01658,72.7234612479806
test_01659,97.95132350921631
test_01660,13.832473098300397
test_01661,32.34338820166886
test_01662,87.45256197452545
test_01663,120.0340885296464
test_01664,176.10599233210087
test_01665,51.40915021672845
test_01666,10.295718776993454
test_01667,68.87338051944971
test_01668,13.105490910820663
test_01669,23.58019334077835
test_01670,73.70519082993269
test_01671,173.06481601297855
test_01672,278.5558424293995
test_01673,12.55894968751818
test_01674,524.3134160637856
test_01675,12.795900902710855
test_01676,14.029064889065921
test_01677,69.13261085003614
test_01678,12.382524609565735
test_01679,58.67773900553584
test_01680,83.85521187633276
test_01681,12.818148448131979
test_01682,14.228728252463043
test_01683,59.22611314430833
test_01684,13.312248232774436
test_01685,11.725226636976004
test_01686,13.415426331572235
test_01687,114.85165096074343
test_01688,146.02141290903091
test_01689,152.29034779965878
test_01690,245.9172893613577
test_01691,287.92153164744377
test_01692,10.2960214773193
test_01693,84.1805831566453
test_01694,145.49235959351063
test_01695,9.844513299874961
test_01696,44.3720918931067
test_01697,86.5641532316804
test_01698,21.52933549322188
test_01699,36.44065624475479
test_01700,14.067368551157415
test_01701,26.222044790163636
test_01702,70.71087177842855
test_01703,13.26117544528097
test_01704,159.4434350579977
test_01705,186.03157687187195
test_01706,337.7243297100067
test_01707,69.98638918995857
test_01708,57.79347521439195
test_01709,51.67420056462288
test_01710,9.86344971228391
test_01711,10.692727896384895
test_01712,11.129303476773202
test_01713,17.26176323276013
test_01714,94.1027358546853
test_01715,12.09799001738429
test_01716,114.02952430397272
test_01717,256.10981473326683
test_01718,350.03011190891266
test_01719,101.8023476228118
test_01720,54.03659647330642
test_01721,58.785975728183985
test_01722,122.08536421507597
test_01723,65.48935429751873
test_01724,11.630577073432505
test_01725,39.75765384361148
test_01726,55.92999629676342
test_01727,13.666821737773716
test_01728,66.70694500207901
test_01729,13.511466830968857
test_01730,15.131277557462454
test_01731,91.11319315433502
test_01732,72.09682328999043
test_01733,12.431364285759628
test_01734,15.352630420587957
test_01735,70.49475488811731
test_01736,125.61253983527422
test_01737,82.51544166356325
test_01738,21.38150259666145
test_01739,24.02253694087267
test_01740,52.27438659965992
test_01741,57.14707816764712
test_01742,45.128879848867655
test_01743,128.62313413619995
test_01744,94.4490250274539
test_01745,74.22300523519516
test_01746,96.86175090074539
test_01747,20.44386512413621
test_01748,39.36178867146373
test_01749,44.407323982566595
test_01750,74.57346164435148
test_01751,87.94926535338163
test_01752,27.027233228087425
test_01753,17.17115926835686
test_01754,58.50320905447006
test_01755,60.15563713386655
test_01756,76.7444803789258
test_01757,77.74353259056807
test_01758,70.9033297598362
test_01759,44.50610828399658
test_01760,223.99143081903458
test_01761,206.0592703819275
test_01762,25.546267241239548
test_01763,14.116581495851278
test_01764,25.407844053581357
test_01765,48.750728245824575
test_01766,17.831236327067018
test_01767,24.444057358428836
test_01768,61.136921022087336
test_01769,30.34904060512781
test_01770,55.99217428639531
test_01771,193.12186588346958
test_01772,26.669688431546092
test_01773,40.278387542814016
test_01774,64.50515854358673
test_01775,52.05692148581147
test_01776,44.45690741017461
test_01777,54.872153367847204
test_01778,86.92115391045809
test_01779,99.16750285029411
test_01780,83.85004925727844
test_01781,43.78518381714821
test_01782,82.69834694266319
test_01783,31.211673393845558
test_01784,13.596252635121346
test_01785,17.812203347682953
test_01786,60.84031927213073
test_01787,23.639004485681653
test_01788,96.98696112632751
test_01789,40.740984208881855
test_01790,46.90728697553277
test_01791,65.84065752476454
test_01792,58.20297861471772
test_01793,73.06232219189405
test_01794,115.65703438967466
test_01795,89.73579896241426
test_01796,240.04753263294697
test_01797,41.71709433570504
test_01798,15.575980548746884
test_01799,43.35958715900779
test_01800,30.203103763982654
test_01801,59.02132801711559
test_01802,13.12643201649189
test_01803,30.877185819670558
test_01804,32.979723712429404
test_01805,38.37068095058203
test_01806,78.02271514385939
test_01807,107.07963624596596
test_01808,108.31616893410683
test_01809,80.08681195229292
test_01810,25.85962893255055
test_01811,14.105051956139505
test_01812,17.000858765095472
test_01813,42.87675228342414
test_01814,89.91124629974365
test_01815,97.62861153483391
test_01816,110.62880685180426
test_01817,58.70971381664276
test_01818,33.45752410590649
test_01819,42.0648877248168
test_01820,104.43555075675249
test_01821,55.60416818037629
test_01822,101.30974462628365
test_01823,88.80502703040838
test_01824,65.31669997423887
test_01825,102.66140743345022
test_01826,112.13017075508833
test_01827,82.95062445104122
test_01828,71.573571421206
test_01829,19.5950878392905
test_01830,45.84977460280061
test_01831,27.827080769464374
test_01832,30.769307509064674
test_01833,75.82957514375448
test_01834,107.70967633277178
test_01835,52.51023657992482
test_01836,10.934320826083422
test_01837,25.25902691669762
test_01838,54.241975858807564
test_01839,138.0369731336832
test_01840,138.59747757017612
test_01841,34.33785464987159
test_01842,38.22850093618035
test_01843,20.833700431510806
test_01844,79.09985289722681
test_01845,113.27064158767462
test_01846,56.03938439488411
test_01847,78.20458047091961
test_01848,67.73354851454496
test_01849,25.831175101920962
test_01850,38.394388142973185
test_01851,78.98123151063919
test_01852,91.55985998362303
test_01853,23.666288370266557
test_01854,41.11678944900632
test_01855,46.45232281461358
test_01856,66.33790316432714
test_01857,105.54344880580902
test_01858,76.22575230151415
test_01859,39.267335027456284
test_01860,18.297346545383334
test_01861,13.565989102236927
test_01862,27.580678990110755
test_01863,73.51378765702248
test_01864,65.3781017139554
test_01865,27.2185639757663
test_01866,65.63335051387548
test_01867,75.98322062939405
test_01868,47.15889222919941
test_01869,96.18470498174429
test_01870,85.80200952291489
test_01871,10.348412775434554
test_01872,12.418666657060385
test_01873,14.46180750336498
test_01874,15.81561706867069
test_01875,28.98823550529778
test_01876,17.31788443028927
test_01877,10.790941152721643
test_01878,24.138764580711722
test_01879,16.873615990392864
test_01880,133.3278325945139
test_01881,19.170092867687345
test_01882,55.00601748004556
test_01883,13.331002653576434
test_01884,12.079445444047451
test_01885,16.084767798893154
test_01886,32.386523926630616
test_01887,39.64233801886439
test_01888,94.59325894713402
test_01889,50.60134518519044
test_01890,169.51935209333897
test_01891,62.52697663009167
test_01892,25.59528612345457
test_01893,18.738405061885715
test_01894,22.10818394087255
test_01895,86.21377853304148
test_01896,86.73145923018456
test_01897,91.08999479562044
test_01898,203.30155527591705
test_01899,30.75801474414766
test_01900,14.857258551754057
test_01901,13.469921675510705
test_01902,196.23435319960117
test_01903,194.36153328418732
test_01904,85.47591027617455
test_01905,34.573634061962366
test_01906,59.70294601097703
test_01907,57.530244782567024
test_01908,46.50956103205681
test_01909,39.42327583581209
test_01910,83.84029599279165
test_01911,152.48628962039948
test_01912,78.74192368984222
test_01913,121.7978620454669
test_01914,196.4362821727991
test_01915,259.87488681077957
test_01916,145.64561881124973
test_01917,96.20841588824987
test_01918,84.7372991964221
test_01919,196.49606455862522
test_01920,55.10510262474418
test_01921,53.699908286333084
test_01922,20.65481753833592
test_01923,21.144536525011063
test_01924,35.60783665254712
test_01925,92.50049660354853
test_01926,13.527815434150398
test_01927,38.26049431785941
test_01928,10.048862018622458
test_01929,28.416273025795817
test_01930,15.37276927754283
test_01931,12.102609447203577
test_01932,79.1866740360856
test_01933,143.8321801573038
test_01934,312.3133690357208
test_01935,246.7922307252884
test_01936,83.08664274960756
test_01937,116.5339070931077
test_01938,12.597279348410666
test_01939,99.79564131051302
test_01940,213.36609226465225
test_01941,48.05457320809364
test_01942,73.91768274456263
test_01943,51.642337176948786
test_01944,15.432324173860252
test_01945,23.283950002864003
test_01946,80.1025597974658
test_01947,72.1110334917903
test_01948,165.1533957272768
test_01949,20.89841701835394
test_01950,63.166665986180305
test_01951,10.732224717736244
test_01952,11.406939101405442
test_01953,15.82137023191899
test_01954,96.13795170933008
test_01955,178.76194070279598
test_01956,430.53452265262604
test_01957,16.48767214640975
test_01958,114.05758815258741
test_01959,139.11852325499058
test_01960,14.315205835737288
test_01961,69.37644989043474
test_01962,96.5005607008934
test_01963,337.7191299498081
test_01964,132.63890893757343
test_01965,41.17181034013629
test_01966,73.18212466686964
test_01967,192.35530237853527
test_01968,10.398978586308658
test_01969,25.62667224742472
test_01970,108.70725775510073
test_01971,232.10648857057095
test_01972,14.897165782749653
test_01973,10.476874708198011
test_01974,97.47299756854773
test_01975,166.6061790138483
test_01976,265.8508374989033
test_01977,206.27208913862705
test_01978,516.5119929909706
test_01979,431.3500530421734
test_01980,10.832103754393756
test_01981,99.68448529392481
test_01982,159.8130340129137
test_01983,159.05902421474457
test_01984,17.261292468756437
test_01985,181.48799669742584
test_01986,13.11580964922905
test_01987,66.95512955635786
test_01988,193.64680396020412
test_01989,397.09905433654785
test_01990,17.814012121409178
test_01991,195.2590416073799
test_01992,363.4443938434124
test_01993,262.5913306772709
test_01994,161.16561049222946
test_01995,240.21027027070522
test_01996,21.682932695373893
test_01997,21.77464903704822
test_01998,10.92385723721236
test_01999,66.90146060287952
test_02000,107.99437063187361
test_02001,11.309018331579864
test_02002,32.72036895900965
test_02003,97.17910712212324
test_02004,128.62671454250813
test_02005,174.30185382068157
test_02006,73.47476717084646
test_02007,9.798025586642325
test_02008,69.86883004009724
test_02009,17.636388313025236
test_02010,24.26365724951029
test_02011,43.12884408608079
test_02012,85.41756153851748
test_02013,223.94366730749607
test_02014,9.865507331676781
test_02015,473.3711276948452
test_02016,11.992625233717263
test_02017,13.543422142975032
test_02018,78.58281845599413
test_02019,11.884804491885006
test_02020,66.22758653759956
test_02021,106.8609714731574
test_02022,277.35544064641
test_02023,11.3700570166111
test_02024,17.449186732061207
test_02025,79.87730618566275
test_02026,13.088689185678959
test_02027,11.48908417019993
test_02028,13.117414146661758
test_02029,156.73994602262974
test_02030,176.06917802989483
test_02031,111.32840487360954
test_02032,217.1988800764084
test_02033,289.1781502664089
test_02034,10.363003673963249
test_02035,75.07041015475988
test_02036,133.25133669376373
test_02037,10.414883352816105
test_02038,54.020480930805206
test_02039,99.45378679037094
test_02040,22.662151535972953
test_02041,31.209064228460193
test_02042,13.952247717417777
test_02043,30.425935773178935
test_02044,76.27189645916224
test_02045,11.414277262985706
test_02046,127.07988987863064
test_02047,138.85159727931023
test_02048,311.32615742087364
test_02049,49.55719991028309
test_02050,33.2372919768095
test_02051,96.90557002276182
test_02052,11.461519869975746
test_02053,12.702086086384952
test_02054,11.948366917669773
test_02055,19.776342194527388
test_02056,82.91605347394943
test_02057,13.809531013481319
test_02058,71.45786190032959
test_02059,198.01442424952984
test_02060,265.9656482040882
test_02061,30.766965759918094
test_02062,54.853393375873566
test_02063,35.55576105415821
test_02064,125.4350274503231
test_02065,59.74055513367057
test_02066,11.927534449845552
test_02067,20.227137262001634
test_02068,19.105953825637698
test_02069,12.416535683907568
test_02070,28.841479701921344
test_02071,13.572593726217747
test_02072,11.549563881009817
test_02073,55.15071937814355
test_02074,72.09513708204031
test_02075,10.842994466423988
test_02076,16.07023075502366
test_02077,86.393474817276
test_02078,87.51548650115728
test_02079,15.89577230066061
test_02080,13.448006543330848
test_02081,50.47466045618057
test_02082,52.14173700287938
test_02083,36.50393361225724
test_02084,79.58291804790497
test_02085,48.06119918823242
test_02086,43.90750074759126
test_02087,80.69620899111032
test_02088,18.112788485363126
test_02089,21.261976823210716
test_02090,25.211114840582013
test_02091,51.33843347802758
test_02092,68.97410730272532
test_02093,39.853983115404844
test_02094,18.797255204990506
test_02095,33.89409225806594
test_02096,61.746908605098724
test_02097,64.77270849049091
test_02098,58.614257361739874
test_02099,64.58834727853537
test_02100,40.155524637550116
test_02101,129.27374298870564
test_02102,170.15303944051266
test_02103,38.842756036669016
test_02104,13.90768391545862
test_02105,58.23617536947131
test_02106,52.5268869549036
test_02107,29.87363581545651
test_02108,30.711508460342884
test_02109,52.30779877305031
test_02110,26.19288527779281
test_02111,84.12032536417246
test_02112,115.31258741766214
test_02113,15.45939449686557
test_02114,32.79119526408613
test_02115,69.20488751679659
test_02116,14.96762253344059
test_02117,24.226256117224693
test_02118,70.49099620431662
test_02119,100.82005349546671
test_02120,76.39526448398829
test_02121,49.97426896169782
test_02122,36.041608076542616
test_02123,56.363689724355936
test_02124,16.363499087281525
test_02125,14.258037257939577
test_02126,18.123102581128478
test_02127,69.9582882001996
test_02128,58.46778754517436
test_02129,19.221095087006688
test_02130,73.67275918275118
test_02131,31.483956979587674
test_02132,35.7440220862627
test_02133,51.52679107710719
test_02134,52.674749564379454
test_02135,91.9318136870861
test_02136,56.160226821899414
test_02137,56.14797395840287
test_02138,71.21007847040892
test_02139,79.14396172016859
test_02140,41.81570407375693
test_02141,12.50153597816825
test_02142,54.65476253628731
test_02143,20.859782800078392
test_02144,39.706514202058315
test_02145,16.305687967687845
test_02146,18.571964452043176
test_02147,21.320149140432477
test_02148,21.459032878279686
test_02149,58.66925968229771
test_02150,81.4579441472888
test_02151,110.55776327103376
test_02152,41.77799838408828
test_02153,33.72944185137749
test_02154,11.293356839567423
test_02155,18.78873131237924
test_02156,79.26870396733284
test_02157,66.03070876002312
test_02158,41.58421817794442
test_02159,113.2342209815979
test_02160,35.318923119455576
test_02161,16.722204544581473
test_02162,49.88839863613248
test_02163,64.89927808195353
test_02164,39.667059164494276
test_02165,89.80526033043861
test_02166,105.70930629968643
test_02167,63.84552810713649
test_02168,45.7503811866045
test_02169,119.4513291195035
test_02170,101.83908021450043
test_02171,87.65193563699722
test_02172,13.41500663664192
test_02173,41.25492479279637
test_02174,35.065486807376146
test_02175,21.417774638161063
test_02176,45.00392961129546
test_02177,85.52481030672789
test_02178,70.5084154009819
test_02179,11.139235947281122
test_02180,13.770304393954575
test_02181,78.12774287164211
test_02182,106.71922601014376
test_02183,105.5872753560543
test_02184,36.25495423749089
test_02185,29.325081542134285
test_02186,28.542339354753494
test_02187,173.9368009418249
test_02188,45.63151838257909
test_02189,36.59827954694629
test_02190,50.71441025659442
test_02191,35.20183937624097
test_02192,61.5113111846149
test_02193,69.97168872505426
test_02194,101.35796868801117
test_02195,20.38227210752666
test_02196,22.023093579337
test_02197,32.70263963378966
test_02198,124.06718596071005
test_02199,116.97822660207748
test_02200,13.029182572849095
test_02201,17.416268535889685
test_02202,13.911242965608835
test_02203,14.27458828035742
test_02204,26.792813181877136
test_02205,55.070505648851395
test_02206,53.617688935250044
test_02207,20.354063408449292
test_02208,46.17241229489446
test_02209,63.41077244281769
test_02210,46.056097373366356
test_02211,65.18433636426926
test_02212,94.53799292445183
test_02213,10.79027911182493
test_02214,15.825631249696016
test_02215,14.537573580630124
test_02216,14.683500207960606
test_02217,20.10958368331194
test_02218,21.905033024027944
test_02219,11.176437445916235
test_02220,16.06811185274273
test_02221,15.967885546386242
test_02222,110.33040004223585
test_02223,34.671972669661045
test_02224,16.183368251658976
test_02225,39.7160780467093
test_02226,16.021197016350925
test_02227,11.38493297342211
test_02228,13.593377910554409
test_02229,22.09144999831915
test_02230,32.062653148546815
test_02231,105.53989068418741
test_02232,89.30063845962286
test_02233,49.41695123538375
test_02234,29.135195584967732
test_02235,20.323808232322335
test_02236,14.51571416016668
test_02237,21.59126835130155
test_02238,80.8405989035964
test_02239,127.9656318873167
test_02240,20.05657027103007
test_02241,128.94964936375618
test_02242,24.243771880865097
test_02243,10.759144619107246
test_02244,10.590584178455174
test_02245,21.77056536823511
test_02246,193.4804859161377
test_02247,141.86958266794682
test_02248,50.711929228156805
test_02249,34.94644943997264
test_02250,79.35074875503778
test_02251,80.13593482971191
test_02252,43.433772880584
test_02253,14.26894839759916
test_02254,62.618629831820726
test_02255,119.43813658505678
test_02256,72.62423496693373
test_02257,104.57745964080095
test_02258,145.60684345662594
test_02259,251.18853883445263
test_02260,93.98633550852537
test_02261,67.67620258778334
test_02262,55.92654959857464
test_02263,174.2482220083475
test_02264,115.20733684301376
test_02265,36.65009144321084
test_02266,11.727463462390006
test_02267,20.45368709973991
test_02268,25.70074654556811
test_02269,10.565545476041734
test_02270,37.50879841297865
test_02271,8.469160478096455
test_02272,31.151944862678647
test_02273,12.370955143123865
test_02274,13.023271559737623
test_02275,70.77842409163713
test_02276,133.49033252894878
test_02277,294.85539701581
test_02278,210.3322253227234
test_02279,152.40480194985867
test_02280,72.16826056689024
test_02281,18.122554749250412
test_02282,46.588823948055506
test_02283,160.20255547761917
test_02284,70.50929936021566
test_02285,58.928787142038345
test_02286,53.39177421107888
test_02287,55.78110859170556
test_02288,18.748154612258077
test_02289,65.2828718200326
test_02290,127.06235925853252
test_02291,175.2976524680853
test_02292,26.605176120996475
test_02293,49.81196216121316
test_02294,11.08064300660044
test_02295,13.212410979904234
test_02296,12.968370448797941
test_02297,83.78376717120409
test_02298,98.05979793518782
test_02299,227.8936725705862
test_02300,33.873568061739206
test_02301,53.307519525289536
test_02302,85.57336121052504
test_02303,12.287069083191454
test_02304,35.82953214272857
test_02305,65.85925780981779
test_02306,278.4530951678753
test_02307,103.86078412085772
test_02308,17.091537940315902
test_02309,47.53012910857797
test_02310,132.98735229671001
test_02311,15.367919572629035
test_02312,19.24655162729323
test_02313,45.57682433351874
test_02314,194.46124982833862
test_02315,13.383081966079772
test_02316,15.336771151982248
test_02317,12.649477512575686
test_02318,26.89669510535896
test_02319,68.9887112006545
test_02320,100.26583334058523
test_02321,73.09439728409052
test_02322,376.07089725136757
test_02323,390.51345404982567
test_02324,12.776453799568117
test_02325,39.231282118707895
test_02326,136.59695154428482
test_02327,150.38577963411808
test_02328,21.16948980279267
test_02329,58.17713952064514
test_02330,23.82280672341585
test_02331,43.067160073667765
test_02332,127.1087856888771
test_02333,297.3864025771618
test_02334,273.68646013736725
test_02335,147.83373732864857
test_02336,87.91537777334452
test_02337,246.59129713475704
test_02338,134.21403515338898
test_02339,143.14934764802456
test_02340,34.827943190932274
test_02341,16.90952033456415
test_02342,10.59469570312649
test_02343,51.50948701798916
test_02344,21.74270765297115
test_02345,17.820053128525615
test_02346,14.420359843410552
test_02347,87.27553242444992
test_02348,139.78066071867943
test_02349,152.09947203099728
test_02350,41.91397954151034
test_02351,10.383901138789952
test_02352,42.07817682623863
test_02353,13.112701863981783
test_02354,15.42283461149782
test_02355,25.384478559717536
test_02356,85.43677093833685
test_02357,182.18316006660461
test_02358,10.183847793377936
test_02359,227.0434820652008
test_02360,11.729703073389828
test_02361,16.686987311579287
test_02362,67.85487377643585
test_02363,12.271833785809577
test_02364,34.947552531957626
test_02365,52.08813118934631
test_02366,229.8813180476427
test_02367,12.536938916891813
test_02368,11.836788420565426
test_02369,85.39660650491714
test_02370,10.609056326560676
test_02371,11.141404990106821
test_02372,12.130790290422738
test_02373,125.07205447554588
test_02374,85.12356709688902
test_02375,122.57326514273882
test_02376,214.20231769979
test_02377,231.3178632259369
test_02378,9.863674416206777
test_02379,32.61030489206314
test_02380,108.03853888064623
test_02381,9.74959121318534
test_02382,25.54732947796583
test_02383,94.34241508692503
test_02384,17.708741119131446
test_02385,24.09851286560297
test_02386,37.353600427508354
test_02387,23.13023023493588
test_02388,55.66345287486911
test_02389,14.912853273563087
test_02390,198.91806828975677
test_02391,123.5223476588726
test_02392,379.62836518883705
test_02393,66.4087387546897
test_02394,51.462299194186926
test_02395,118.38208014518023
test_02396,11.11502270679921
test_02397,9.91911871638149
test_02398,11.866406626068056
test_02399,22.128507575020194
test_02400,94.66343342512846
test_02401,12.44225778337568
test_02402,118.50404423475266
test_02403,254.20108675956726
test_02404,270.8978733122349
test_02405,61.37782962620258
test_02406,45.437842171639204
test_02407,50.61801413074136
test_02408,126.17473790794611
test_02409,52.97181186452508
test_02410,14.274954120628536
test_02411,30.633855612948537
test_02412,32.29614466615021
test_02413,13.8464047415182
test_02414,48.69841865822673
test_02415,13.0834940681234
test_02416,13.299601673148572
test_02417,111.2874679043889
test_02418,84.50941599160433
test_02419,10.762586674652994
test_02420,20.31529362499714
test_02421,67.71181351691484
test_02422,88.41177659481764
test_02423,101.36242562532425
test_02424,23.20515506528318
test_02425,16.415941454470158
test_02426,56.38192602619529
test_02427,59.23722577467561
test_02428,38.71904631331563
test_02429,86.31376249343157
test_02430,60.05337270721793
test_02431,40.346994664520025
test_02432,85.7877844646573
test_02433,11.55811841506511
test_02434,16.22874265909195
test_02435,31.061261044815183
test_02436,64.54943821579218
test_02437,78.31256463378668
test_02438,54.62213775515556
test_02439,31.57982570119202
test_02440,69.27542597800493
test_02441,66.00828293710947
test_02442,80.87802232056856
test_02443,92.84109575301409
test_02444,98.89358691126108
test_02445,63.49643477797508
test_02446,124.65302065759897
test_02447,185.73349690437317
test_02448,43.380883891135454
test_02449,12.661921652965248
test_02450,31.607954546809196
test_02451,44.91406661272049
test_02452,18.052978243678808
test_02453,30.909879311919212
test_02454,173.79094024002552
test_02455,23.285054951906204
test_02456,41.29255620017648
test_02457,142.23255564272404
test_02458,17.07128858845681
test_02459,34.25315798446536
test_02460,57.037366941571236
test_02461,36.28476371988654
test_02462,42.26766351610422
test_02463,46.90075013414025
test_02464,75.3342459872365
test_02465,120.48717334866524
test_02466,87.67770416289568
test_02467,76.43721169233322
test_02468,82.67745876312256
test_02469,47.628757417201996
test_02470,13.740871894173324
test_02471,20.35059256851673
test_02472,84.70968104153872
test_02473,35.95138480886817
test_02474,12.137601047754288
test_02475,98.35140791535378
test_02476,40.13955765962601
test_02477,32.192437306046486
test_02478,45.92781186103821
test_02479,91.59622859209776
test_02480,71.48893418163061
test_02481,64.52701982110739
test_02482,125.9288486763835
test_02483,87.07436855882406
test_02484,170.78485487401485
test_02485,44.46438020840287
test_02486,11.736061637289822
test_02487,57.61137589812279
test_02488,71.01948497444391
test_02489,65.38126613944769
test_02490,16.9155631987378
test_02491,29.459131360054016
test_02492,36.03270163014531
test_02493,45.984240401536226
test_02494,114.85997057706118
test_02495,83.51114374399185
test_02496,172.1346829086542
test_02497,60.883774410933256
test_02498,132.94061388075352
test_02499,12.886515080928802
test_02500,18.443398524075747
test_02501,33.224968545138836
test_02502,74.35350435972214
test_02503,91.45405972003937
test_02504,110.57497447729111
test_02505,48.306341882795095
test_02506,37.41781375184655
test_02507,43.231799338012934
test_02508,131.14114029705524
test_02509,59.184971898794174
test_02510,93.4368991330266
test_02511,77.96784281730652
test_02512,63.74362023547292
test_02513,70.22382509708405
test_02514,114.80476398020983
test_02515,86.04422920942307
test_02516,67.39765886217356
test_02517,23.694315077736974
test_02518,58.49377891793847
test_02519,36.5134268887341
test_02520,32.308152398094535
test_02521,89.68077064305544
test_02522,96.42375281453133
test_02523,93.35304928570986
test_02524,13.095660578459501
test_02525,35.9961473159492
test_02526,65.82109156996012
test_02527,131.32521180808544
test_02528,118.96336876600981
test_02529,24.068976370617747
test_02530,42.52276003733277
test_02531,22.60771376080811
test_02532,124.05908919125795
test_02533,115.35996466130018
test_02534,31.94134831428528
test_02535,56.967601016163826
test_02536,168.90053606033325
test_02537,91.33318758010864
test_02538,104.40282198041677
test_02539,70.3421419262886
test_02540,133.0410138219595
test_02541,23.495110407471657
test_02542,45.958665009588
test_02543,65.79507791250944
test_02544,72.9725966155529
test_02545,83.42649907618761
test_02546,52.5853471159935
test_02547,28.536803467199206
test_02548,17.67973388545215
test_02549,15.43241424113512
test_02550,30.0335488691926
test_02551,88.29064446687698
test_02552,58.08373325690627
test_02553,31.687934286892414
test_02554,69.82451322674751
test_02555,62.44789199158549
test_02556,41.98481513187289
test_02557,86.27180785685778
test_02558,100.28669180721045
test_02559,11.317369517870247
test_02560,35.69962727651
test_02561,16.49163882061839
test_02562,26.65535937808454
test_02563,43.01379567757249
test_02564,28.587794544175267
test_02565,12.524845760315657
test_02566,14.211613613180816
test_02567,15.656968670897186
test_02568,125.41986643522978
test_02569,39.209212850779295
test_02570,14.747166628949344
test_02571,40.743394669145346
test_02572,12.594778820872307
test_02573,10.770076186396182
test_02574,14.306707013398409
test_02575,33.774226643145084
test_02576,45.87072963640094
test_02577,63.69180091097951
test_02578,55.44494780898094
test_02579,158.75552164018154
test_02580,34.45001347735524
test_02581,24.75568270124495
test_02582,14.837499462999403
test_02583,39.452665623277426
test_02584,60.97669041156769
test_02585,90.7886315509677
test_02586,117.38270109146833
test_02587,28.089546093717217
test_02588,189.786531701684
test_02589,37.19922326132655
test_02590,12.005236509256065
test_02591,10.970485158264637
test_02592,47.06351005658507
test_02593,84.392881937325
test_02594,215.9646204262972
test_02595,186.5759174823761
test_02596,92.32190712541342
test_02597,43.112152855843306
test_02598,58.80402261018753
test_02599,56.94831361994147
test_02600,46.31527942046523
test_02601,15.64714576676488
test_02602,51.035696011036634
test_02603,152.54427437484264
test_02604,54.468562837690115
test_02605,133.04924429953098
test_02606,256.3836786746979
test_02607,110.02847225219011
test_02608,102.01700858026743
test_02609,44.8576826415956
test_02610,148.99980583786964
test_02611,36.87352513894439
test_02612,45.27978431805968
test_02613,12.501012288033962
test_02614,27.40189080685377
test_02615,55.22340831160545
test_02616,109.02564650028944
test_02617,10.276803720742464
test_02618,66.45203047245741
test_02619,10.514109633862972
test_02620,29.42034114897251
test_02621,15.109118222258985
test_02622,12.957702583633363
test_02623,74.89934547245502
test_02624,151.10495103895664
test_02625,297.41801711916924
test_02626,254.15708193182945
test_02627,104.82398027181625
test_02628,106.92787010222673
test_02629,12.251716285012662
test_02630,89.38863325864077
test_02631,227.8476324081421
test_02632,33.289211582392454
test_02633,64.43308986723423
test_02634,59.16896777972579
test_02635,19.75024868361652
test_02636,19.52267189323902
test_02637,96.50194977968931
test_02638,62.93157368525863
test_02639,185.0802881717682
test_02640,23.269405530765653
test_02641,73.32939673215151
test_02642,11.663502697832882
test_02643,10.837342512793839
test_02644,14.944413032382727
test_02645,86.18019551038742
test_02646,200.8578462600708
test_02647,250.17113889753819
test_02648,17.022390414960682
test_02649,144.9644205123186
test_02650,112.60997491329908
test_02651,10.952496773563325
test_02652,124.28460279107094
test_02653,219.6092363446951
test_02654,497.1602980196476
test_02655,65.22069754451513
test_02656,43.54804132506251
test_02657,127.9769227951765
test_02658,215.31361044943333
test_02659,11.123643166385591
test_02660,21.899372713640332
test_02661,180.49701154232025
test_02662,218.27928625047207
test_02663,13.344581455923617
test_02664,14.746912212111056
test_02665,10.915877462364733
test_02666,88.89070422202349
test_02667,258.3778609931469
test_02668,195.76429487764835
test_02669,248.10843859612942
test_02670,356.642572671175
test_02671,390.27693924307823
test_02672,13.735232011415064
test_02673,90.28661698848009
test_02674,140.57650630176067
test_02675,186.45599615573883
test_02676,16.415791961364448
test_02677,138.92099179327488
test_02678,12.762784001417458
test_02679,373.24909138679504
test_02680,344.17051699757576
test_02681,117.18318629264832
test_02682,327.09183034300804
test_02683,480.19356963038445
test_02684,251.07481265068054
test_02685,235.26338183879852
test_02686,162.74910089373589
test_02687,18.397007377818227
test_02688,13.756874156184494
test_02689,10.88719242811203
test_02690,21.95748003385961
test_02691,58.95031786337495
test_02692,12.173463608138263
test_02693,31.66422338038683
test_02694,68.6298088952899
test_02695,133.28461515903473
test_02696,173.18604470789433
test_02697,61.054809380322695
test_02698,9.554540779907256
test_02699,70.01463131606579
test_02700,12.38887110259384
test_02701,24.369383230805397
test_02702,131.25057296454906
test_02703,192.2371044009924
test_02704,317.8564619719982
test_02705,12.877938262186944
test_02706,234.62150858342648
test_02707,12.638455878011882
test_02708,11.151882506906986
test_02709,96.91261941194534
test_02710,11.175520059652627
test_02711,42.545497845858335
test_02712,78.04409358650446
test_02713,273.26230826973915
test_02714,11.175329711288214
test_02715,13.255875403992832
test_02716,48.437175277620554
test_02717,10.129268881864846
test_02718,10.748797096312046
test_02719,11.804943603463471
test_02720,87.7232466340065
test_02721,124.8824340775609
test_02722,182.15497736632824
test_02723,246.48843102157116
test_02724,283.4601968228817
test_02725,10.720316338352859
test_02726,85.01212880760431
test_02727,179.78763054311275
test_02728,10.26933370810002
test_02729,45.89663187041879
test_02730,16.33112872298807
test_02731,36.7370017208159
test_02732,20.370061956346035
test_02733,24.01733903773129
test_02734,94.75252017378807
test_02735,10.953813427127898
test_02736,201.44171990454197
test_02737,405.2291022539139
test_02738,42.38213623687625
test_02739,38.135287806391716
test_02740,118.96908850222826
test_02741,9.948535431176424
test_02742,10.423136115074158
test_02743,14.660559051670134
test_02744,12.434463714249432
test_02745,214.95084546506405
test_02746,75.14535355567932
test_02747,316.88315600156784
test_02748,253.98165687918663
test_02749,47.169978860765696
test_02750,47.707496643066406
test_02751,40.80321419611573
test_02752,129.34484599530697
test_02753,62.61485629156232
test_02754,13.632265617139637
test_02755,40.032568879425526
test_02756,65.67192530632019
test_02757,20.16013835184276
test_02758,57.72483466565609
test_02759,12.452528238296509
test_02760,12.098584275692701
test_02761,109.34135365486145
test_02762,120.98851937055588
test_02763,15.18106897547841
test_02764,26.28309554606676
test_02765,76.69212622195482
test_02766,95.60029650479555
test_02767,56.93667358532548
test_02768,12.873239907436073
test_02769,84.9298314601183
test_02770,58.27862026914954
test_02771,46.509156193584204
test_02772,105.03283235430717
test_02773,19.88257515244186
test_02774,33.97993287071586
test_02775,104.52443694323301
test_02776,22.7617659419775
test_02777,31.736019069328904
test_02778,59.08574561774731
test_02779,76.19382577389479
test_02780,37.287648897618055
test_02781,17.18074539769441
test_02782,48.88425065949559
test_02783,56.97189824655652
test_02784,67.00755056738853
test_02785,84.82446203380823
test_02786,73.5977563560009
test_02787,52.936821192502975
test_02788,159.41011202335358
test_02789,198.11414079368114
test_02790,10.812821929343045
test_02791,43.466780215501785
test_02792,16.34534449595958
test_02793,19.97386994212866
test_02794,50.690684493631124
test_02795,19.24319406785071
test_02796,36.77006848156452
test_02797,127.03867806494236
test_02798,21.36371941678226
test_02799,36.6952885016799
test_02800,70.91678228229284
test_02801,30.879002021625638
test_02802,44.07008982077241
test_02803,46.78431636095047
test_02804,87.5569063052535
test_02805,102.85807722061872
test_02806,56.754306852817535
test_02807,39.37239618226886
test_02808,59.50257696583867
test_02809,24.57105035893619
test_02810,18.4010186214
test_02811,15.169829136691988
test_02812,98.99624503403902
test_02813,47.57679324224591
test_02814,13.658971956931055
test_02815,84.51948866993189
test_02816,37.33310965821147
test_02817,29.025788916274905
test_02818,40.5507881231606
test_02819,71.45093136280775
test_02820,100.02328681200743
test_02821,47.56298416480422
test_02822,144.82527492940426
test_02823,78.63152535259724
test_02824,167.76319994032383
test_02825,43.112598549574614
test_02826,10.186638950370252
test_02827,65.24494328349829
test_02828,36.62401093170047
test_02829,55.204863738268614
test_02830,17.4118375973776
test_02831,17.369492050260305
test_02832,25.396746279671788
test_02833,24.34260260872543
test_02834,75.24454269558191
test_02835,80.14071860909462
test_02836,140.29788829386234
test_02837,49.63023054227233
test_02838,162.66022956371307
test_02839,13.954773315228522
test_02840,23.12432107888162
test_02841,72.99051350355148
test_02842,99.69850236177444
test_02843,67.87164671719074
test_02844,95.91923493891954
test_02845,42.89015652239323
test_02846,12.983768238686025
test_02847,91.57378048449755
test_02848,120.1052138209343
test_02849,113.82333152741194
test_02850,39.83292780071497
test_02851,53.070124473422766
test_02852,126.38884174823761
test_02853,87.26947841793299
test_02854,87.79876943677664
test_02855,17.947805665433407
test_02856,36.72750101611018
test_02857,36.232910968363285
test_02858,24.76538211107254
test_02859,71.3874645754695
test_02860,77.1645095795393
test_02861,12.146213150583208
test_02862,22.854579804465175
test_02863,74.64788506925106
test_02864,77.91756113618612
test_02865,108.18008378148079
test_02866,35.83677837997675
test_02867,52.29411968961358
test_02868,25.72714647091925
test_02869,92.72199153155088
test_02870,176.29221802949905
test_02871,41.23507656529546
test_02872,50.78400161862373
test_02873,73.06330271810293
test_02874,103.05820113420486
test_02875,167.20936605334282
test_02876,69.63703215867281
test_02877,100.84213019162416
test_02878,21.919577496126294
test_02879,19.00257887877524
test_02880,39.038608718663454
test_02881,85.93890435248613
test_02882,99.57082596421242
test_02883,49.910991594195366
test_02884,21.7449509780854
test_02885,12.242330717854202
test_02886,18.36861668713391
test_02887,41.430487267673016
test_02888,66.18628558516502
test_02889,37.800627525895834
test_02890,23.335661618039012
test_02891,27.97610961087048
test_02892,53.5042375959456
test_02893,82.20176241546869
test_02894,75.87009613215923
test_02895,149.9205496609211
test_02896,11.623389333486557
test_02897,24.24069102294743
test_02898,11.585097742266953
test_02899,13.981476869434118
test_02900,20.739532774314284
test_02901,30.11651475727558
test_02902,15.220573225058615
test_02903,14.763550516217947
test_02904,14.285687911324203
test_02905,26.738735675811768
test_02906,15.459023085422814
test_02907,35.44542585685849
test_02908,13.25330709386617
test_02909,11.84029733017087
test_02910,11.411513961851597
test_02911,23.63651974312961
test_02912,34.598466631025076
test_02913,89.31062199920416
test_02914,155.97078263759613
test_02915,23.009833501651883
test_02916,17.76164867915213
test_02917,13.801814012229443
test_02918,29.048077316954732
test_02919,39.37993212044239
test_02920,67.39459843188524
test_02921,116.65893161296844
test_02922,19.1774431001395
test_02923,175.01148737967014
test_02924,25.155514547601342
test_02925,11.794642507098615
test_02926,11.684519014321268
test_02927,33.167552050203085
test_02928,73.38776775449514
test_02929,213.35526190698147
test_02930,158.0855845361948
test_02931,42.15578696131706
test_02932,54.387305442243814
test_02933,82.26392183452845
test_02934,88.57610387355089
test_02935,79.63306602090597
test_02936,20.124215437099338
test_02937,40.760672729462385
test_02938,146.89480920135975
test_02939,85.14867451041937
test_02940,119.73427035659552
test_02941,199.56644867360592
test_02942,165.24128653109074
test_02943,136.3387611657381
test_02944,77.95127043873072
test_02945,50.61454514786601
test_02946,156.77570551633835
test_02947,78.26738614588976
test_02948,33.55506417900324
test_02949,10.547597018070519
test_02950,20.701541097834706
test_02951,39.32573947682977
test_02952,59.15359506011009
test_02953,8.927023969590664
test_02954,8.38302505761385
test_02955,24.895103128626943
test_02956,21.92397315055132
test_02957,10.401156914420426
test_02958,76.79118908196688
test_02959,131.07006700336933
test_02960,279.6390564739704
test_02961,151.19613997638226
test_02962,108.14676817506552
test_02963,90.15263402462006
test_02964,11.640226342715323
test_02965,81.17775135487318
test_02966,155.7435531169176
test_02967,90.91046936064959
test_02968,46.90907717868686
test_02969,58.099648237228394
test_02970,51.77584844827652
test_02971,16.202934206463397
test_02972,83.02137833088636
test_02973,120.98153683543205
test_02974,164.48457285761833
test_02975,40.468149077147245
test_02976,61.7539245672524
test_02977,11.390183802694082
test_02978,11.70413510967046
test_02979,12.208651128225029
test_02980,86.54384445399046
test_02981,136.8472680002451
test_02982,210.93654145300388
test_02983,15.729059631936252
test_02984,68.56626039743423
test_02985,113.06594931334257
test_02986,11.051919902674854
test_02987,62.81058269366622
test_02988,129.55108334124088
test_02989,451.5562617480755
test_02990,243.16290210187435
test_02991,57.97317149862647
test_02992,41.614889334887266
test_02993,132.97454603016376
test_02994,15.124528083018959
test_02995,17.55743831116706
test_02996,61.91999005153775
test_02997,191.34650433063507
test_02998,12.0661944122985
test_02999,11.900398201309144
test_03000,11.402342884801328
test_03001,44.2499569542706
test_03002,215.07820987701416
test_03003,102.9628821015358
test_03004,83.1593502536416
test_03005,361.665897578001
test_03006,421.33495834469795
test_03007,13.937906593084335
test_03008,54.43674773350358
test_03009,132.77998585999012
test_03010,188.97630506753922
test_03011,13.30709118489176
test_03012,122.2134045958519
test_03013,11.858027583919466
test_03014,153.40458212792873
test_03015,212.57607041299343
test_03016,356.9503984749317
test_03017,326.75969937443733
test_03018,197.87823510169983
test_03019,400.4211662709713
test_03020,276.9337252378464
test_03021,253.48898702859879
test_03022,173.29648761451244
test_03023,26.131230978295207
test_03024,14.777360522188246
test_03025,12.576060612685978
test_03026,40.080373246222734
test_03027,28.405791794881225
test_03028,10.796067559160292
test_03029,31.893144680187106
test_03030,63.81690342724323
test_03031,122.83895803242922
test_03032,194.63793767988682
test_03033,88.34026503562927
test_03034,10.486689255572855
test_03035,94.84942141920328
test_03036,16.764876005239785
test_03037,17.400627471506596
test_03038,89.4794210717082
test_03039,137.98910562694073
test_03040,246.38214792311192
test_03041,11.998153693042696
test_03042,481.6271880865097
test_03043,11.695209164172411
test_03044,13.442574650980532
test_03045,98.0040565058589
test_03046,11.749201245605946
test_03047,27.367719097062945
test_03048,83.03898323327303
test_03049,270.6701535284519
test_03050,11.030917514115572
test_03051,16.279878586530685
test_03052,105.21777296811342
test_03053,10.372220248915255
test_03054,10.468608018010855
test_03055,11.708391484804451
test_03056,67.28373954445124
test_03057,162.2052802592516
test_03058,192.7402777671814
test_03059,270.16761898994446
test_03060,262.6046420633793
test_03061,10.733482873998582
test_03062,73.4285041615367
test_03063,152.39481841027737
test_03064,9.411380239296705
test_03065,76.57198947668076
test_03066,85.63015002012253
test_03067,19.056567246094346
test_03068,23.641297951340675
test_03069,17.79718161188066
test_03070,20.30627761222422
test_03071,103.9840630069375
test_03072,13.364877234213054
test_03073,179.77700817584991
test_03074,135.11108292639256
test_03075,64.66878014057875
test_03076,45.33308928832412
test_03077,117.11975664645433
test_03078,11.432280504144728
test_03079,10.091880748979747
test_03080,13.397488087415695
test_03081,17.252322882413864
test_03082,98.50951033830643
test_03083,12.55893761664629
test_03084,94.55764058977365
test_03085,279.9403157234192
test_03086,265.176621735096
test_03087,64.45492886006832
test_03088,41.40836971625686
test_03089,49.49272659793496
test_03090,120.28289705514908
test_03091,58.99619460478425
test_03092,13.060302209109068
test_03093,36.261910773813725
test_03094,36.109178960323334
test_03095,17.679577892646194
test_03096,54.98778860643506
test_03097,15.196607901714742
test_03098,14.742840614169836
test_03099,119.35728031396866
test_03100,67.73565813153982
test_03101,11.744781449437141
test_03102,13.690298655070364
test_03103,106.25304522365332
test_03104,133.19393134117126
test_03105,113.48158843070269
test_03106,34.28317917138338
test_03107,25.066113956272602
test_03108,75.65061425417662
test_03109,78.78991004824638
test_03110,47.774072144180536
test_03111,77.49540746212006
test_03112,65.99194083362818
test_03113,39.55223360285163
test_03114,104.9455432370305
test_03115,19.732409792020917
test_03116,34.262569550424814
test_03117,70.68571236729622
test_03118,89.85395237058401
test_03119,16.700326553545892
test_03120,45.383749809116125
test_03121,50.8165484033525
test_03122,61.28244002535939
test_03123,66.54176347702742
test_03124,98.14222156256437
test_03125,58.54247838631272
test_03126,156.54996164143085
test_03127,31.228097207844257
test_03128,13.448627728968859
test_03129,16.22248159069568
test_03130,46.998825039714575
test_03131,23.54385444521904
test_03132,25.436141891404986
test_03133,59.22087624296546
test_03134,21.979129606857896
test_03135,42.98102233186364
test_03136,105.69306076318026
test_03137,28.90605515241623
test_03138,39.73808417469263
test_03139,54.06284783408046
test_03140,44.86993921920657
test_03141,47.383700147271156
test_03142,44.42437919601798
test_03143,73.14219050854445
test_03144,101.52665633708239
test_03145,79.96336221694946
test_03146,80.28582163155079
test_03147,83.05652870982885
test_03148,52.54853281378746
test_03149,16.26228018384427
test_03150,26.353056462481618
test_03151,82.60887392610312
test_03152,40.38036598265171
test_03153,19.53747078217566
test_03154,97.46501965075731
test_03155,37.38223996385932
test_03156,33.690662782639265
test_03157,47.95229021087289
test_03158,87.87710011005402
test_03159,63.98308404907584
test_03160,84.96487784385681
test_03161,115.69306129962206
test_03162,87.1572081670165
test_03163,192.42845557630062
test_03164,42.2010620161891
test_03165,11.812511111609638
test_03166,71.76057708263397
test_03167,84.6872329339385
test_03168,53.82797095179558
test_03169,19.554780412465334
test_03170,31.125639647245407
test_03171,44.90751862898469
test_03172,49.4210404753685
test_03173,102.04089776426554
test_03174,101.81527274101973
test_03175,171.39309310913086
test_03176,67.33398408442736
test_03177,127.78072841465473
test_03178,11.83874111622572
test_03179,31.120371175929904
test_03180,68.78210244327784
test_03181,100.00041529536247
test_03182,111.2768901064992
test_03183,67.0931014791131
test_03184,30.297977102920413
test_03185,39.33278886601329
test_03186,100.75199606269598
test_03187,59.58542400225997
test_03188,91.95311784744263
test_03189,78.62158638238907
test_03190,75.62751246243715
test_03191,69.81413599103689
test_03192,114.67282377928495
test_03193,89.8790374994278
test_03194,59.904845271259546
test_03195,34.29470406845212
test_03196,44.922713071107864
test_03197,34.23936376348138
test_03198,36.70667226240039
test_03199,99.09619185328484
test_03200,100.53736481815577
test_03201,102.474260635674
test_03202,11.574433591216803
test_03203,35.25733195990324
test_03204,59.74712911620736
test_03205,152.59656910598278
test_03206,116.99910735338926
test_03207,26.77898739092052
test_03208,47.713465224951506
test_03209,20.740580154582858
test_03210,93.70329027622938
test_03211,120.14962720125914
test_03212,45.8463241904974
test_03213,67.71153124421835
test_03214,149.57674151659012
test_03215,92.60011658072472
test_03216,92.55962530523539
test_03217,83.42084619402885
test_03218,127.08336628973484
test_03219,22.64239801838994
test_03220,59.020455200225115
test_03221,69.58888237923384
test_03222,73.13666390627623
test_03223,55.78159885481
test_03224,32.043239472433925
test_03225,21.71858262270689
test_03226,14.082236151210964
test_03227,31.459763238206506
test_03228,94.15131647139788
test_03229,60.32710665464401
test_03230,33.92881179973483
test_03231,67.10766080766916
test_03232,69.2795857861638
test_03233,35.963054556399584
test_03234,89.46539657562971
test_03235,117.86503827571869
test_03236,12.129144937731326
test_03237,34.24448924139142
test_03238,13.479827218689024
test_03239,28.29142864048481
test_03240,49.11677650734782
test_03241,35.76784070208669
test_03242,13.880741729401052
test_03243,21.134248428046703
test_03244,19.13927871733904
test_03245,119.13726360350847
test_03246,37.9021305590868
test_03247,20.670695377513766
test_03248,41.455810099840164
test_03249,12.17445341963321
test_03250,11.700545418076217
test_03251,15.66010709758848
test_03252,32.679125575348735
test_03253,34.9093788638711
test_03254,57.84925749897957
test_03255,77.3654357418418
test_03256,138.70138363540173
test_03257,34.269804645329714
test_03258,33.32001273334026
test_03259,17.820121839642525
test_03260,21.450598124414682
test_03261,55.739985916763544
test_03262,89.00000318139791
test_03263,91.52023781090975
test_03264,42.066956486552954
test_03265,191.74746526777744
test_03266,42.18561501428485
test_03267,14.913865369744599
test_03268,12.01663698349148
test_03269,51.39847585186362
test_03270,89.1852186396718
test_03271,212.05426704883575
test_03272,197.320033416152
test_03273,95.88641702383757
test_03274,46.8317864574492
test_03275,55.04787554964423
test_03276,52.29413083195686
test_03277,48.42140514776111
test_03278,19.680362049490213
test_03279,47.15478070452809
test_03280,126.07309002429247
test_03281,59.36901369690895
test_03282,124.44881864637136
test_03283,206.25209234654903
test_03284,135.2939362078905
test_03285,118.92590077966452
test_03286,102.22814112901688
test_03287,51.389743968844414
test_03288,159.4538345783949
test_03289,39.465319611132145
test_03290,45.99270486831665
test_03291,12.313052099198103
test_03292,23.61393421329558
test_03293,54.98970137536526
test_03294,120.62254539132118
test_03295,11.920235286466777
test_03296,65.71018811315298
test_03297,10.299189616926014
test_03298,26.365740163251758
test_03299,18.74412108398974
test_03300,12.514196465723217
test_03301,69.76026647537947
test_03302,132.64253391325474
test_03303,253.72499671578407
test_03304,213.47705514729023
test_03305,103.43401751667261
test_03306,105.22456979751587
test_03307,14.403484764508903
test_03308,86.37023931741714
test_03309,190.29555851221085
test_03310,103.95229990035295
test_03311,59.30445124581456
test_03312,56.57528653740883
test_03313,33.56912210211158
test_03314,20.051548788324
test_03315,84.18416356295347
test_03316,65.85164387524128
test_03317,194.63579834997654
test_03318,25.362827129662037
test_03319,62.775302320718765
test_03320,11.925536256283522
test_03321,11.458835493773222
test_03322,35.445084158331156
test_03323,92.32377903908491
test_03324,195.33149655163288
test_03325,267.7602488696575
test_03326,18.701289916411042
test_03327,108.3934893682599
test_03328,141.86619539558887
test_03329,12.297429605387151
test_03330,111.59755188971758
test_03331,236.78463853895664
test_03332,403.54042813181877
test_03333,78.12843369692564
test_03334,41.325589533895254
test_03335,123.84431681036949
test_03336,219.5489191263914
test_03337,11.641967333853245
test_03338,32.842160342261195
test_03339,164.15431380271912
test_03340,217.31946994364262
test_03341,14.072232184000313
test_03342,17.464153684675694
test_03343,11.751750056631863
test_03344,206.6372608691454
test_03345,263.43550431728363
test_03346,204.6654226630926
test_03347,205.72869934141636
test_03348,339.8551023006439
test_03349,373.29582980275154
test_03350,14.930031981319189
test_03351,82.78848849982023
test_03352,125.52167773991823
test_03353,173.9237569719553
test_03354,17.098706181161106
test_03355,150.2960763424635
test_03356,14.85547763388604
test_03357,296.63944959640503
test_03358,286.65148279070854
test_03359,332.26116451621056
test_03360,96.72263503074646
test_03361,331.21907314658165
test_03362,477.4190964400768
test_03363,231.51722203195095
test_03364,138.90271835029125
test_03365,208.26912389695644
test_03366,22.650444647297263
test_03367,15.064791195094585
test_03368,10.595832222141325
test_03369,69.63013133406639
test_03370,86.72420927882195
test_03371,14.089369107969105
test_03372,28.080340661108494
test_03373,69.41443785279989
test_03374,39.55237102508545
test_03375,153.02603958547115
test_03376,67.34234827011824
test_03377,9.608707424718887
test_03378,65.68326821178198
test_03379,11.045851968228817
test_03380,25.484726222231984
test_03381,96.91303539276123
test_03382,172.68639232218266
test_03383,300.67918786406517
test_03384,11.566373962908983
test_03385,231.76695908606052
test_03386,12.907563895918429
test_03387,13.010086453519762
test_03388,95.06273043900728
test_03389,11.661647497676313
test_03390,56.147513408213854
test_03391,108.44348877668381
test_03392,306.7622833251953
test_03393,11.299265995621681
test_03394,21.4165266957134
test_03395,48.63828343153
test_03396,13.811273861676455
test_03397,12.169601857662201
test_03398,12.64477451518178
test_03399,64.06465343013406
test_03400,118.38704220205545
test_03401,188.3732665926218
test_03402,198.4227391332388
test_03403,249.60264168679714
test_03404,10.11694545019418
test_03405,86.46223050355911
test_03406,133.51560336351395
test_03407,10.032789188437164
test_03408,46.48601354658604
test_03409,84.71991714090109
test_03410,20.716447696089745
test_03411,35.93026635423303
test_03412,22.18029718659818
test_03413,22.796114072203636
test_03414,102.49767441302538
test_03415,12.322017971426249
test_03416,186.39628805220127
test_03417,203.22211779654026
test_03418,347.647492647171
test_03419,68.45244507491589
test_03420,57.481615882366896
test_03421,104.23026422411203
test_03422,10.429519749246538
test_03423,11.939393617212772
test_03424,11.856653361581266
test_03425,17.763019187375903
test_03426,101.30177413672209
test_03427,13.241544493474066
test_03428,95.36674556136131
test_03429,238.1728259474039
test_03430,335.7371002137661
test_03431,93.6633858308196
test_03432,51.466956693679094
test_03433,53.88472633436322
test_03434,112.49214834719896
test_03435,57.25633627176285
test_03436,16.446761175990105
test_03437,28.36184825003147
test_03438,50.57568808272481
test_03439,16.929517126642168
test_03440,56.38401335850358
test_03441,13.07809931691736
test_03442,40.70603810623288
test_03443,91.66813384741545
test_03444,64.37023962289095
test_03445,12.676969387568533
test_03446,29.19910435192287
test_03447,57.65733806416392
test_03448,103.03375483304262
test_03449,88.95047175139189
test_03450,21.926307471469045
test_03451,15.291354960761964
test_03452,41.58128774166107
test_03453,49.55593339726329
test_03454,36.082574758678675
test_03455,82.01037409901619
test_03456,50.37653726711869
test_03457,31.01647439599037
test_03458,81.61985725164413
test_03459,15.252477467991412
test_03460,19.592057121917605
test_03461,45.04165758565068
test_03462,81.52096524089575
test_03463,65.45401821285486
test_03464,33.653896763920784
test_03465,15.232998794876039
test_03466,37.486903708428144
test_03467,57.650392670184374
test_03468,71.2635914310813
test_03469,83.17600434273481
test_03470,69.43825275450945
test_03471,52.89361861348152
test_03472,165.82324369251728
test_03473,186.0759531110525
test_03474,31.606938736513257
test_03475,13.510996066965163
test_03476,30.407679043710232
test_03477,51.1386141218245
test_03478,21.863746928051114
test_03479,33.29518759250641
test_03480,55.26965646445751
test_03481,23.370321733877063
test_03482,42.38975017145276
test_03483,168.67202888429165
test_03484,22.969539074227214
test_03485,33.12606724910438
test_03486,54.73815554752946
test_03487,62.191324681043625
test_03488,36.99053831398487
test_03489,47.7341194152832
test_03490,82.64455170929432
test_03491,85.00704047083855
test_03492,76.03919976204634
test_03493,54.024696450680494
test_03494,98.12146709114313
test_03495,58.795955553650856
test_03496,14.448482189327478
test_03497,21.46672666631639
test_03498,55.207456190139055
test_03499,40.999014880508184
test_03500,14.0382777499035
test_03501,92.09770089387894
test_03502,30.867465982213616
test_03503,43.89922570064664
test_03504,41.05614538863301
test_03505,58.19783456623554
test_03506,63.196107771247625
test_03507,75.7470400929451
test_03508,112.99243956059217
test_03509,80.34499490261078
test_03510,171.3011019229889
test_03511,50.287599083036184
test_03512,14.790864113718271
test_03513,41.53340909257531
test_03514,54.234662767499685
test_03515,64.2641310878098
test_03516,19.776444332674146
test_03517,35.66101534292102
test_03518,28.054677987471223
test_03519,31.48596260137856
test_03520,85.78569713234901
test_03521,140.33482144773006
test_03522,59.97463348135352
test_03523,40.792632684111595
test_03524,12.4803627403453
test_03525,15.70412306766957
test_03526,31.144022656604648
test_03527,76.7069306820631
test_03528,92.03993898630142
test_03529,115.5369125008583
test_03530,40.005953535437584
test_03531,22.82591612637043
test_03532,32.88964900933206
test_03533,116.48256317526102
test_03534,47.90815167501569
test_03535,84.83062746375799
test_03536,76.87749024480581
test_03537,63.08434635400772
test_03538,57.449719067662954
test_03539,108.3066533729434
test_03540,89.74191239476204
test_03541,67.32426053285599
test_03542,27.383238524198532
test_03543,48.54299411177635
test_03544,39.65661507472396
test_03545,45.94099325314164
test_03546,79.4197198599577
test_03547,142.00308279693127
test_03548,50.39642634987831
test_03549,11.958728368394077
test_03550,32.34046705067158
test_03551,59.113159496337175
test_03552,160.23373918235302
test_03553,168.9346019178629
test_03554,35.26130234822631
test_03555,36.485767878592014
test_03556,20.64780343323946
test_03557,90.37643913179636
test_03558,117.43024918437004
test_03559,51.769311606884
test_03560,62.58258806541562
test_03561,94.12300006300211
test_03562,43.88472208380699
test_03563,59.075093537569046
test_03564,66.45102023333311
test_03565,101.52958305925131
test_03566,19.74907130934298
test_03567,46.82341855764389
test_03568,57.84446257725358
test_03569,83.15052551776171
test_03570,109.73282131552696
test_03571,61.684039790183306
test_03572,25.609384901821613
test_03573,18.580986035987735
test_03574,14.932549222372472
test_03575,23.940516294911504
test_03576,71.3245177641511
test_03577,65.49502946436405
test_03578,18.140139224007726
test_03579,60.9352074675262
test_03580,58.31398606672883
test_03581,38.15385466441512
test_03582,108.92644250392914
test_03583,86.2929634526372
test_03584,10.285840161144733
test_03585,24.186938501894474
test_03586,13.393141645006835
test_03587,24.20206980407238
test_03588,32.498911172151566
test_03589,23.868592469021678
test_03590,12.471779421903193
test_03591,22.994141368195415
test_03592,18.561862060800195
test_03593,138.82167637348175
test_03594,19.15531069226563
test_03595,44.00897778198123
test_03596,11.671839956194162
test_03597,13.659370295703411
test_03598,15.453250423073769
test_03599,35.21854546293616
test_03600,38.69902352243662
test_03601,75.76670261472464
test_03602,50.16878456249833
test_03603,141.1001072973013
test_03604,72.17729329317808
test_03605,28.23484782129526
test_03606,14.407786637544632
test_03607,26.451688485220075
test_03608,38.816047839820385
test_03609,98.16337715834379
test_03610,62.45251606404781
test_03611,32.000764859840274
test_03612,180.3856475353241
test_03613,34.00017108023167
test_03614,11.197073065675795
test_03615,12.828968591988087
test_03616,29.646428579464555
test_03617,105.00508791953325
test_03618,197.98750434815884
test_03619,154.93695145845413
test_03620,97.70264869183302
test_03621,32.991137186065316
test_03622,52.96891485527158
test_03623,61.32214390859008
test_03624,48.70992498472333
test_03625,26.362332463264465
test_03626,42.998935505747795
test_03627,130.29946254193783
test_03628,56.311721835285425
test_03629,104.28225439786911
test_03630,167.7539146542549
test_03631,240.92376650869846
test_03632,138.2676493525505
test_03633,101.27494337409735
test_03634,85.07914628833532
test_03635,169.83968703448772
test_03636,80.17293483763933
test_03637,45.562183294445276
test_03638,15.675332181155682
test_03639,21.42271626740694
test_03640,42.564651533961296
test_03641,88.99007906764746
test_03642,13.068870671093464
test_03643,51.742154002189636
test_03644,9.973084799014032
test_03645,29.280250323936343
test_03646,15.363179434090853
test_03647,12.820663832128048
test_03648,76.06218270212412
test_03649,134.9421204328537
test_03650,266.4836928844452
test_03651,254.9741871058941
test_03652,98.46427985280752
test_03653,113.58432826399803
test_03654,16.928452104330063
test_03655,84.56588538736105
test_03656,207.52255718410015
test_03657,54.18858174979687
test_03658,66.60117445141077
test_03659,44.88686815276742
test_03660,13.942916933447123
test_03661,24.125846890732646
test_03662,85.9984787479043
test_03663,58.638035122305155
test_03664,166.104149594903
test_03665,25.098395181819797
test_03666,70.3697749376297
test_03667,11.173648145981133
test_03668,12.295698828063905
test_03669,17.843400051817298
test_03670,75.52553030848503
test_03671,187.8625610023737
test_03672,314.0462559759617
test_03673,20.274059526622295
test_03674,95.66402328014374
test_03675,151.04965530335903
test_03676,11.898364723660052
test_03677,113.77397837489843
test_03678,119.54740583151579
test_03679,345.9285707771778
test_03680,68.9455680474639
test_03681,46.01695432141423
test_03682,102.06510636210442
test_03683,179.16111886501312
test_03684,11.226565919816494
test_03685,45.31829968467355
test_03686,96.68864345550537
test_03687,218.7467595487833
test_03688,13.214918007142842
test_03689,18.578521721065044
test_03690,11.147235221229494
test_03691,72.05696341395378
test_03692,218.406249538064
test_03693,217.18469215929508
test_03694,166.22276355326176
test_03695,264.8390533030033
test_03696,330.9324623644352
test_03697,13.61798299010843
test_03698,87.93486201763153
test_03699,158.40991586446762
test_03700,167.7217801362276
test_03701,13.4199891211465
test_03702,155.64416341483593
test_03703,20.44206377863884
test_03704,162.4923961609602
test_03705,407.70204877853394
test_03706,88.25302791595459
test_03707,196.63473473489285
test_03708,410.3335731327534
test_03709,245.59582532942295
test_03710,212.75174802541733
test_03711,166.0568317770958
test_03712,20.057467229664326
test_03713,15.26562450453639
test_03714,11.005178701132536
test_03715,38.68276684358716
test_03716,96.89341744035482
test_03717,13.722506526857615
test_03718,29.578562423586845
test_03719,88.25752199441195
test_03720,118.99903912097216
test_03721,164.979456320405
test_03722,56.52722589671612
test_03723,10.184229418635368
test_03724,90.15768522024155
test_03725,17.042059436440468
test_03726,27.0035167504102
test_03727,69.01816412806511
test_03728,151.5553988367319
test_03729,214.49500477313995
test_03730,11.33112474065274
test_03731,582.0722334980965
test_03732,12.10581658501178
test_03733,14.695147670805454
test_03734,98.98176741600037
test_03735,12.041127854026854
test_03736,63.44533970579505
test_03737,92.14236683398485
test_03738,248.39005760848522
test_03739,10.857862066477537
test_03740,13.18291998282075
test_03741,81.28872909396887
test_03742,12.54448878299445
test_03743,11.070301983505487
test_03744,11.200125139206648
test_03745,148.00978635251522
test_03746,149.87969440221786
test_03747,137.1252620369196
test_03748,180.68372750282288
test_03749,269.87414452433586
test_03750,10.43064234033227
test_03751,85.25410336256027
test_03752,133.6223470121622
test_03753,9.942058015614748
test_03754,56.03564428165555
test_03755,86.47616586089134
test_03756,16.823313881643116
test_03757,41.249108489602804
test_03758,17.344964967109263
test_03759,31.59226427040994
test_03760,62.51373581215739
test_03761,11.032113458961248
test_03762,214.9325571656227
test_03763,146.51323594152927
test_03764,373.3604851067066
test_03765,66.22697742283344
test_03766,65.43346430361271
test_03767,124.57460827380419
test_03768,12.547201943583786
test_03769,12.237485655583441
test_03770,11.944057616405189
test_03771,16.95333945658058
test_03772,101.48452342301607
test_03773,13.995058457367122
test_03774,90.88412886112928
test_03775,276.9208595454693
test_03776,69.55229092389345
test_03777,48.920630410313606
test_03778,52.77974386513233
test_03779,118.98349926620722
test_03780,60.12057217955589
test_03781,14.38598385732621
test_03782,49.1876566670835
test_03783,47.77077401056886
test_03784,15.31554963067174
test_03785,59.45664822682738
test_03786,13.480187487788498
test_03787,15.042573362588882
test_03788,111.54571770876646
test_03789,63.59083271026611
test_03790,11.666543629020452
test_03791,64.02876765653491
test_03792,108.54730570316315
test_03793,108.21934197098017
test_03794,24.40248898975551
test_03795,18.731896076351404
test_03796,44.92930933833122
test_03797,66.10360939800739
test_03798,33.98862389847636
test_03799,87.9309770539403
test_03800,62.520662635564804
test_03801,87.31401807814837
test_03802,14.156589007936418
test_03803,16.33108972478658
test_03804,33.270284455269575
test_03805,71.82359074801207
test_03806,97.36390659958124
test_03807,39.90490362420678
test_03808,26.296483071520925
test_03809,55.1147927492857
test_03810,64.30883416905999
test_03811,59.16446998715401
test_03812,77.98645053058863
test_03813,109.93959349393845
test_03814,53.991789396852255
test_03815,164.9483468979597
test_03816,195.88913369178772
test_03817,29.344446934759617
test_03818,13.522234977222979
test_03819,29.80981990136206
test_03820,48.05349982902408
test_03821,15.525927285663784
test_03822,39.32908217981458
test_03823,85.0915662869811
test_03824,28.681509079411626
test_03825,42.13005557656288
test_03826,141.21803785860538
test_03827,14.71765149012208
test_03828,38.24604269862175
test_03829,60.17315289750695
test_03830,91.47091437131166
test_03831,44.846963707357645
test_03832,47.87973127141595
test_03833,76.82316017895937
test_03834,99.31776106357574
test_03835,79.06303116679192
test_03836,70.2227405756712
test_03837,90.28787978738546
test_03838,66.2232261672616
test_03839,15.660537934862077
test_03840,17.08519980404526
test_03841,77.5284630805254
test_03842,42.42577336728573
test_03843,16.810598610900342
test_03844,89.75714769214392
test_03845,27.90158219076693
test_03846,34.08676937222481
test_03847,36.72684733197093
test_03848,73.48361419141293
test_03849,70.80029279738665
test_03850,85.34395521879196
test_03851,108.06248749047518
test_03852,94.59540570527315
test_03853,203.40027643740177
test_03854,52.45185812935233
test_03855,25.403459541499615
test_03856,60.7946950905025
test_03857,70.50591208785772
test_03858,70.7424046099186
test_03859,18.92810531333089
test_03860,33.33089880272746
test_03861,25.093947529792786
test_03862,34.02972800284624
test_03863,96.47758518904448
test_03864,114.2021414861083
test_03865,71.80799146741629
test_03866,111.47917563468218
test_03867,11.53646141383797
test_03868,17.504010775126517
test_03869,72.25289037823677
test_03870,99.06702119857073
test_03871,123.01009699702263
test_03872,78.22922733426094
test_03873,33.2689139470458
test_03874,40.72972301393747
test_03875,106.68719548732042
test_03876,52.49599666520953
test_03877,89.95179700106382
test_03878,88.15689920634031
test_03879,68.7353046014905
test_03880,60.651631116867065
test_03881,117.9628829061985
test_03882,100.65021447092295
test_03883,67.18562749773264
test_03884,30.06286251731217
test_03885,41.70179218426347
test_03886,31.880756251513958
test_03887,36.368658136576414
test_03888,100.8829185962677
test_03889,103.2923166230321
test_03890,88.3154918923974
test_03891,12.041048000566661
test_03892,32.931020529940724
test_03893,58.64152638986707
test_03894,144.78124038875103
test_03895,135.71528020501137
test_03896,31.217365274205804
test_03897,52.29117439687252
test_03898,21.583862407132983
test_03899,112.8113764822483
test_03900,119.17244369536638
test_03901,35.24140212312341
test_03902,71.77958592027426
test_03903,182.68879960477352
test_03904,98.70175290107727
test_03905,89.24641238898039
test_03906,85.26919009536505
test_03907,123.11231685429811
test_03908,24.650428412482142
test_03909,57.70847770571709
test_03910,41.221939742565155
test_03911,73.117447078228
test_03912,82.63407047837973
test_03913,54.67727378383279
test_03914,31.157935729250312
test_03915,25.817923141643405
test_03916,14.714157436974347
test_03917,27.88745927065611
test_03918,101.7558246254921
test_03919,57.26016552373767
test_03920,40.755803525447845
test_03921,76.66054882109165
test_03922,70.22938884049654
test_03923,47.15775199607015
test_03924,85.32383957505226
test_03925,126.10558109730482
test_03926,11.218748637475073
test_03927,35.82574374601245
test_03928,12.190683171153069
test_03929,30.121935507282615
test_03930,47.089241441339254
test_03931,26.05932200886309
test_03932,11.755419601686299
test_03933,17.787363350391388
test_03934,23.20878746919334
test_03935,127.78830520808697
test_03936,42.45291982963681
test_03937,18.50847352296114
test_03938,48.9540834389627
test_03939,14.720170588232577
test_03940,12.278251775540411
test_03941,18.995423637330532
test_03942,31.83314316160977
test_03943,43.69641276821494
test_03944,83.31312944740057
test_03945,73.4504397213459
test_03946,160.39762076735497
test_03947,30.592456236481667
test_03948,33.978424940258265
test_03949,18.277201188728213
test_03950,37.177072282880545
test_03951,59.64975246414542
test_03952,97.0175431445241
test_03953,79.08546441793442
test_03954,166.29376256465912
test_03955,32.40146209485829
test_03956,12.874231575988233
test_03957,12.002088797278702
test_03958,49.092166785150766
test_03959,86.79804587364197
test_03960,196.89917968213558
test_03961,180.55790816247463
test_03962,96.27135527133942
test_03963,42.46149943396449
test_03964,55.74809754267335
test_03965,44.71792794391513
test_03966,46.796688076108694
test_03967,21.10994512028992
test_03968,54.033762603998184
test_03969,146.4100726991892
test_03970,49.166545640677214
test_03971,118.5733570381999
test_03972,238.1014852374792
test_03973,104.83339183777571
test_03974,131.53820884227753
test_03975,104.78974356502295
test_03976,63.61853628978133
test_03977,221.03144504129887
test_03978,38.23477407544851
test_03979,43.77983549237251
test_03980,14.293686256743968
test_03981,25.07156627625227
test_03982,71.74791938066483
test_03983,109.92123834043741
test_03984,13.56356564257294
test_03985,57.746287390589714
test_03986,9.445449810940772
test_03987,26.708226082846522
test_03988,16.986582637764513
test_03989,11.035561085678637
test_03990,77.12177497893572
test_03991,157.2787897437811
test_03992,262.2123721539974
test_03993,226.07543528079987
test_03994,104.95805237442255
test_03995,138.46397744119167
test_03996,15.87827046494931
test_03997,99.81384789943695
test_03998,181.87769643962383
test_03999,130.93624003231525
test_04000,54.68733160570264
test_04001,54.1621781103313
test_04002,18.077147843316197
test_04003,21.329733412712812
test_04004,68.48947479575872
test_04005,54.14692795649171
test_04006,182.75238524377346
test_04007,23.829969393089414
test_04008,64.89751759171486
test_04009,12.552518698386848
test_04010,12.537500676698983
test_04011,40.09945636615157
test_04012,90.39723074436188
test_04013,209.94417464733124
test_04014,317.9400741159916
test_04015,14.938930999487638
test_04016,126.86543691158295
test_04017,141.9396011531353
test_04018,13.540734052658081
test_04019,143.1252504736185
test_04020,270.71763476729393
test_04021,457.9698836803436
test_04022,102.5606509372592
test_04023,44.60972836241126
test_04024,130.99768634140491
test_04025,228.24333415925503
test_04026,12.449724081903696
test_04027,21.76663769222796
test_04028,186.43268637359142
test_04029,219.6819141358137
test_04030,13.836979247629642
test_04031,17.991830920800567
test_04032,12.118968264199793
test_04033,262.3326203227043
test_04034,264.8035760819912
test_04035,252.15175727009773
test_04036,236.99129186570644
test_04037,426.46159505844116
test_04038,429.9236251115799
test_04039,14.174629390239716
test_04040,94.3946206793189
test_04041,130.47846800088882
test_04042,161.8958796709776
test_04043,13.180235606618226
test_04044,179.9733511209488
test_04045,12.849009953439236
test_04046,366.61526703834534
test_04047,336.2025233209133
test_04048,352.5666737854481
test_04049,99.6900341808796
test_04050,313.86993953585625
test_04051,442.23796463012695
test_04052,259.4285096824169
test_04053,204.03307239711285
test_04054,179.4426784515381
test_04055,18.786220571026206
test_04056,16.975221161730587
test_04057,12.090536718256772
test_04058,76.9336179420352
test_04059,94.07462743669748
test_04060,13.307391099631786
test_04061,30.411454441025853
test_04062,84.87157186120749
test_04063,130.72655598819256
test_04064,166.0388851761818
test_04065,58.50921477749944
test_04066,10.74179970473051
test_04067,80.03219961374998
test_04068,12.742478937841952
test_04069,25.635465413331985
test_04070,101.91488528996706
test_04071,187.70156157016754
test_04072,347.84089401364326
test_04073,11.760632361285388
test_04074,449.6148198544979
test_04075,13.438240279443562
test_04076,12.350675149820745
test_04077,121.02688617259264
test_04078,13.239245456643403
test_04079,61.77759833261371
test_04080,100.61203337460756
test_04081,394.85017290711403
test_04082,11.15591696370393
test_04083,16.351739272475243
test_04084,41.46119185164571
test_04085,12.54501711577177
test_04086,11.64838532358408
test_04087,12.62004965543747
test_04088,128.23722279071808
test_04089,151.23953568935394
test_04090,197.3081482499838
test_04091,230.57717967033386
test_04092,267.24455150961876
test_04093,10.180089109577239
test_04094,102.54765153676271
test_04095,145.34158140420914
test_04096,10.382990252226591
test_04097,64.04044483229518
test_04098,91.08908855170012
test_04099,16.87474322412163
test_04100,30.130006277933717
test_04101,12.469888009130955
test_04102,29.58242695964873
test_04103,11.581111568957567
