id,PM2.5
test_00001,183.79891869425774
test_00002,160.78409665822983
test_00003,420.4480872452259
test_00004,67.04559795558453
test_00005,47.21797636151314
test_00006,113.92961462587118
test_00007,9.337173625826836
test_00008,7.8649358078837395
test_00009,46.23686332255602
test_00010,116.47979244589806
test_00011,12.318193362094462
test_00012,115.37960489839315
test_00013,264.283748626709
test_00014,325.19956332445145
test_00015,72.07880240678787
test_00016,47.75312825292349
test_00017,44.37294242531061
test_00018,124.90267600119114
test_00019,59.32808415591717
test_00020,12.175677220337093
test_00021,25.3251102976501
test_00022,32.0043656937778
test_00023,9.54786790907383
test_00024,48.03704258799553
test_00025,14.605520518496633
test_00026,10.762370327487588
test_00027,102.9102159589529
test_00028,64.42280919849873
test_00029,8.301531815901399
test_00030,10.978249514475465
test_00031,55.22672130167484
test_00032,99.75742307305336
test_00033,98.13002441078424
test_00034,22.75098572485149
test_00035,15.645916394889355
test_00036,77.63250285387039
test_00037,95.34769958257675
test_00038,26.694994550198317
test_00039,32.19197304174304
test_00040,79.32457910478115
test_00041,11.152681041508913
test_00042,13.397117604501545
test_00043,26.25745330005884
test_00044,65.75860530883074
test_00045,69.7527119666338
test_00046,49.72492931783199
test_00047,20.69712501578033
test_00048,54.19487717375159
test_00049,59.23266112804413
test_00050,70.45395162701607
test_00051,95.53163738548756
test_00052,108.45823381096125
test_00053,56.191053971648216
test_00054,175.68135020136833
test_00055,187.20740607380867
test_00056,32.55537871085107
test_00057,10.519422674551606
test_00058,19.050524381920695
test_00059,55.209469240158796
test_00060,31.539440277963877
test_00061,24.050125382840633
test_00062,59.75737635791302
test_00063,23.211435632780194
test_00064,54.343545746058226
test_00065,141.73067478835583
test_00066,18.01412303559482
test_00067,33.2746262550354
test_00068,58.39688138663769
test_00069,53.87934086844325
test_00070,39.458983331918716
test_00071,48.321588322520256
test_00072,75.60894931852818
test_00073,119.60090393573046
test_00074,84.31678716093302
test_00075,63.41475397348404
test_00076,77.76416821032763
test_00077,47.39619071409106
test_00078,9.008522782474756
test_00079,18.154343854635954
test_00080,52.014443159103394
test_00081,37.197570480406284
test_00082,11.36063802242279
test_00083,84.98284672945738
test_00084,30.25186451524496
test_00085,31.88471364043653
test_00086,39.66287335753441
test_00087,70.26361069083214
test_00088,71.52211607992649
test_00089,78.03129474818707
test_00090,125.500871270895
test_00091,78.31909404695034
test_00092,198.52774457633495
test_00093,48.81020978838205
test_00094,9.756166588515043
test_00095,59.20906164497137
test_00096,46.636308901011944
test_00097,61.20896369963884
test_00098,15.470285208895802
test_00099,90.7010155916214
test_00100,17.041261830367148
test_00101,13.663401966914535
test_00102,119.71775740385056
test_00103,85.7432670891285
test_00104,152.17883522808552
test_00105,51.883854895830154
test_00106,102.67113098502159
test_00107,7.616777252405882
test_00108,13.91346400603652
test_00109,27.422225583344698
test_00110,61.105555325746536
test_00111,94.42495013773441
test_00112,120.71802041679621
test_00113,57.89679816365242
test_00114,23.988812781870365
test_00115,37.30274677276611
test_00116,108.83011323213577
test_00117,53.8320564776659
test_00118,88.663883253932
test_00119,83.22589975595474
test_00120,80.1809870377183
test_00121,63.96451719105244
test_00122,104.93124389648438
test_00123,78.16562683880329
test_00124,51.088031597435474
test_00125,23.87594641558826
test_00126,66.16805671155453
test_00127,34.32947189360857
test_00128,33.765602469444275
test_00129,87.42772197723389
test_00130,110.36550585180521
test_00131,76.12342844903469
test_00132,8.054439211264253
test_00133,21.36230062507093
test_00134,64.54634064435959
test_00135,141.02420565485954
test_00136,119.15104296803474
test_00137,44.09369673207402
test_00138,23.92363935895264
test_00139,117.72673208266497
test_00140,98.66118734329939
test_00141,42.580800503492355
test_00142,76.51768912374973
test_00143,91.16854088753462
test_00144,54.30761168897152
test_00145,87.10693391412497
test_00146,80.27292622625828
test_00147,117.70879290997982
test_00148,16.794601920060813
test_00149,44.27110140770674
test_00150,52.1717581897974
test_00151,63.063231613487005
test_00152,93.9524405002594
test_00153,52.82066597789526
test_00154,34.560110971331596
test_00155,12.996198451146483
test_00156,10.31240350753069
test_00157,23.528439013287425
test_00158,77.84992711246014
test_00159,67.38474117219448
test_00160,22.48387404344976
test_00161,59.1542561724782
test_00162,63.56148377805948
test_00163,34.60251872986555
test_00164,81.03723897784948
test_00165,109.81407871097326
test_00166,7.856014505028725
test_00167,22.452970754355192
test_00168,11.279321201145649
test_00169,20.0795736387372
test_00170,28.548523355275393
test_00171,22.59474593028426
test_00172,5.994903335347772
test_00173,13.465105397626758
test_00174,12.515517761930823
test_00175,142.42228746414185
test_00176,35.81012589484453
test_00177,10.631412509828806
test_00178,8.487417671829462
test_00179,8.688999375328422
test_00180,11.587173003703356
test_00181,25.938163882121444
test_00182,38.75308617204428
test_00183,65.4089957177639
test_00184,85.01366645097733
test_00185,151.25532810389996
test_00186,30.715770406648517
test_00187,25.086864713579416
test_00188,13.11859337799251
test_00189,18.393707387149334
test_00190,45.90315756946802
test_00191,89.97544105350971
test_00192,97.91239216178656
test_00193,28.224465014413
test_00194,177.1601322889328
test_00195,29.565687445923686
test_00196,9.653956016525626
test_00197,30.79358296096325
test_00198,85.02179293334484
test_00199,201.35846431553364
test_00200,164.35077559947968
test_00201,107.04759829491377
test_00202,37.82515553757548
test_00203,58.71588667482138
test_00204,51.86938842013478
test_00205,54.30671287328005
test_00206,23.43416178971529
test_00207,48.55758315324783
test_00208,138.46571564674377
test_00209,50.28259617090225
test_00210,122.42767928540707
test_00211,224.0170730650425
test_00212,270.6002390384674
test_00213,120.96548443287611
test_00214,100.33441074937582
test_00215,62.80179138481617
test_00216,180.93884259462357
test_00217,51.262453839182854
test_00218,36.09723436832428
test_00219,13.839031295850873
test_00220,23.027373407036066
test_00221,48.092590883374214
test_00222,120.91480162739754
test_00223,7.027221012860537
test_00224,70.52908073365688
test_00225,4.524698995053768
test_00226,23.474857341498137
test_00227,12.384704794734716
test_00228,8.332784231752157
test_00229,69.17571686208248
test_00230,114.85785353183746
test_00231,295.48641020059586
test_00232,236.08232921361923
test_00233,103.30775248259306
test_00234,107.9954477250576
test_00235,13.781811648979783
test_00236,94.48479937762022
test_00237,211.88594338297844
test_00238,24.641820952296257
test_00239,65.60793854296207
test_00240,57.39543728530407
test_00241,16.454969368875027
test_00242,24.8918774202466
test_00243,88.29672075808048
test_00244,63.185411121696234
test_00245,193.29904399812222
test_00246,20.49559159576893
test_00247,74.92824871093035
test_00248,7.513640008866787
test_00249,9.301302708685398
test_00250,13.52526662312448
test_00251,73.76096940040588
test_00252,190.64851823449135
test_00253,241.3045523762703
test_00254,15.202149360440671
test_00255,64.94642505049706
test_00256,153.80830636620522
test_00257,9.369284002110362
test_00258,125.19099527597427
test_00259,132.99189837276936
test_00260,513.633584022522
test_00261,67.91446302831173
test_00262,27.98530761525035
test_00263,111.01691695302725
test_00264,181.33949154615402
test_00265,7.231031185016036
test_00266,17.999398428946733
test_00267,110.81092473864555
test_00268,223.52499747276306
test_00269,12.577504474669695
test_00270,15.484407200478017
test_00271,10.01086755655706
test_00272,55.83253050595522
test_00273,259.3795725107193
test_00274,205.5844877064228
test_00275,195.63201297819614
test_00276,417.61320769786835
test_00277,385.8314414024353
test_00278,11.823578244075179
test_00279,80.42488550394773
test_00280,162.35320600867271
test_00281,176.1257068514824
test_00282,11.35912080667913
test_00283,140.11442589759827
test_00284,12.998777903616428
test_00285,324.93458354473114
test_00286,276.67406406998634
test_00287,444.0159854888916
test_00288,90.25049351155758
test_00289,285.1710367798805
test_00290,325.6333718895912
test_00291,253.0735410451889
test_00292,182.87662979960442
test_00293,112.11001797020435
test_00294,19.246313923969865
test_00295,13.897342892363667
test_00296,6.645794460549951
test_00297,39.575257398188114
test_00298,79.5176313444972
test_00299,11.060188449919224
test_00300,28.46247846633196
test_00301,82.31086081266403
test_00302,122.88726380467415
test_00303,163.28458705544472
test_00304,65.87198236584663
test_00305,9.306053061038256
test_00306,75.2686992958188
test_00307,10.302325258031487
test_00308,23.46724154986441
test_00309,75.38007073104382
test_00310,198.60094234347343
test_00311,263.72960275411606
test_00312,11.002370830625296
test_00313,594.0662677884102
test_00314,10.128209430724382
test_00315,10.020485255867243
test_00316,91.76330431550741
test_00317,9.399390613660216
test_00318,52.028712786734104
test_00319,81.64357558637857
test_00320,268.62860882282257
test_00321,8.717380780726671
test_00322,9.699080649763346
test_00323,84.77244957536459
test_00324,7.874564649537206
test_00325,9.101299503818154
test_00326,10.312513073906302
test_00327,98.6248113065958
test_00328,133.46702274680138
test_00329,161.2008202970028
test_00330,261.869098842144
test_00331,303.41438058018684
test_00332,4.697019048035145
test_00333,76.32835099846125
test_00334,157.44977271556854
test_00335,6.567135088145733
test_00336,48.544487185776234
test_00337,94.88968984782696
test_00338,17.468703474849463
test_00339,25.87973900511861
test_00340,11.495090821757913
test_00341,22.62652760744095
test_00342,8.262134347110987
test_00343,114.54541479796171
test_00344,177.74458533525467
test_00345,254.5244227051735
test_00346,39.28904774039984
test_00347,25.328755700960755
test_00348,82.7734611928463
test_00349,7.829172600060701
test_00350,9.646199088543653
test_00351,13.788762614130974
test_00352,14.488362492993474
test_00353,89.92466168105602
test_00354,13.772119667381048
test_00355,75.6673054844141
test_00356,214.70002388954163
test_00357,269.14204800128937
test_00358,68.89888162910938
test_00359,41.99532978981733
test_00360,26.002665050327778
test_00361,108.25845159590244
test_00362,58.07922060787678
test_00363,8.764221334829926
test_00364,9.122146828100085
test_00365,11.268763830885291
test_00366,8.758091188967228
test_00367,22.04392047598958
test_00368,8.524855945259333
test_00369,6.277283741161227
test_00370,55.03531812876463
test_00371,56.77954054623842
test_00372,6.35643151961267
test_00373,17.158131083473563
test_00374,38.37734407186508
test_00375,45.19479423761368
test_00376,81.98398903012276
test_00377,17.14134700037539
test_00378,14.061820592731237
test_00379,11.89867020957172
test_00380,49.66653601080179
test_00381,30.086437858641148
test_00382,103.90546491742134
test_00383,16.583329163491726
test_00384,36.48834175989032
test_00385,81.44633382558823
test_00386,9.576310597360134
test_00387,18.607255967333913
test_00388,26.05886888690293
test_00389,80.125059902668
test_00390,72.26714514940977
test_00391,34.95479134097695
test_00392,11.014088861644268
test_00393,47.1729167252779
test_00394,88.79075740277767
test_00395,74.56250500679016
test_00396,75.21266816556454
test_00397,76.90649747848511
test_00398,51.90239575505257
test_00399,152.1395993232727
test_00400,40.05502441525459
test_00401,8.863486614078283
test_00402,15.382325693964958
test_00403,12.957866933196783
test_00404,16.3860094062984
test_00405,70.33096987009048
test_00406,20.254729418084025
test_00407,42.08082498982549
test_00408,182.218726426363
test_00409,16.43638765439391
test_00410,30.00557973049581
test_00411,54.89313440024853
test_00412,13.36472588405013
test_00413,19.20390059426427
test_00414,46.79204914718866
test_00415,75.81496381759644
test_00416,100.71205447614193
test_00417,78.83539309352636
test_00418,47.80261882767081
test_00419,73.36572819948196
test_00420,19.65671985410154
test_00421,11.652320427820086
test_00422,17.407028747722507
test_00423,18.883935207501054
test_00424,84.94127836078405
test_00425,10.648694284260273
test_00426,65.72776330262423
test_00427,41.99306418001652
test_00428,56.029668271541595
test_00429,86.59262563288212
test_00430,101.59413436800241
test_00431,68.77137608081102
test_00432,69.49753744900227
test_00433,110.29256807267666
test_00434,65.94570010900497
test_00435,125.72151938080788
test_00436,45.090189918875694
test_00437,6.140164207667112
test_00438,33.839992467314005
test_00439,26.733060508966446
test_00440,36.215558625757694
test_00441,10.206788949668407
test_00442,20.66559775546193
test_00443,21.476747347041965
test_00444,22.715176090598106
test_00445,51.358270563185215
test_00446,140.1715044081211
test_00447,99.41418690234423
test_00448,58.7455178797245
test_00449,36.42491954192519
test_00450,12.918748022988439
test_00451,26.078938104212284
test_00452,72.79087242484093
test_00453,61.652599811553955
test_00454,120.2101449817419
test_00455,8.230928357690573
test_00456,17.552441898733377
test_00457,31.405561309307814
test_00458,90.97737541794777
test_00459,42.60823295265436
test_00460,81.25494550913572
test_00461,70.70694224536419
test_00462,64.08622872084379
test_00463,45.35539997369051
test_00464,85.39870126545429
test_00465,51.46966428309679
test_00466,42.1722702011466
test_00467,6.9590781554579735
test_00468,39.90803462266922
test_00469,21.452605603262782
test_00470,27.635625598952174
test_00471,61.23797836154699
test_00472,105.39984628558159
test_00473,33.24674068391323
test_00474,1.4227077662944794
test_00475,13.967814499512315
test_00476,90.0587040707469
test_00477,150.81566609442234
test_00478,63.54642675817013
test_00479,30.969037726521492
test_00480,21.71949629485607
test_00481,11.451594827696681
test_00482,64.5007758885622
test_00483,138.71470987796783
test_00484,30.273978352546692
test_00485,39.3292196020484
test_00486,59.64986017346382
test_00487,21.062372885644436
test_00488,37.658499509096146
test_00489,66.19987924396992
test_00490,93.58319810032845
test_00491,15.478261269629002
test_00492,34.09131916239858
test_00493,45.56388807296753
test_00494,88.78097442537546
test_00495,49.36946628242731
test_00496,24.408242153003812
test_00497,6.343042137101293
test_00498,16.17180342786014
test_00499,20.28947495855391
test_00500,59.967164397239685
test_00501,51.63034430146217
test_00502,12.768643945455551
test_00503,36.38406799733639
test_00504,39.49621732905507
test_00505,35.64911903440952
test_00506,61.59660582244396
test_00507,52.0852861776948
test_00508,4.111435053870082
test_00509,10.780517490580678
test_00510,5.9327160604298115
test_00511,16.68974968418479
test_00512,16.767265109345317
test_00513,14.358960889279842
test_00514,8.396943701431155
test_00515,16.09367703087628
test_00516,14.709677286446095
test_00517,134.13195322453976
test_00518,35.97473544627428
test_00519,9.650693167001009
test_00520,49.97444723919034
test_00521,6.226911064237356
test_00522,10.839815184473991
test_00523,15.03964664041996
test_00524,16.449847605079412
test_00525,22.371198954060674
test_00526,114.46923831105232
test_00527,25.630978763103485
test_00528,48.07768985629082
test_00529,28.269715927541256
test_00530,23.035756163299084
test_00531,8.631202183663845
test_00532,12.37822737917304
test_00533,25.217191131785512
test_00534,81.10200570523739
test_00535,94.91222709417343
test_00536,14.305501783266664
test_00537,116.08469238132238
test_00538,22.084476748481393
test_00539,10.13335719332099
test_00540,8.13290730677545
test_00541,30.709168568253517
test_00542,107.52501799166203
test_00543,165.06632202863693
test_00544,161.70541988313198
test_00545,127.06992119550705
test_00546,43.730883464217186
test_00547,54.09786079078913
test_00548,59.46724459528923
test_00549,38.30248238146305
test_00550,19.801770878955722
test_00551,59.96504735201597
test_00552,100.54439192265272
test_00553,75.75623624026775
test_00554,109.91965612769127
test_00555,146.88989171385765
test_00556,235.30954085290432
test_00557,151.93420879542828
test_00558,21.1638350635767
test_00559,90.43369591981173
test_00560,139.0917816311121
test_00561,120.0456765666604
test_00562,35.05275110900402
test_00563,10.851744920015335
test_00564,32.5871121045202
test_00565,51.26286981999874
test_00566,98.86441625654697
test_00567,23.570898769423366
test_00568,43.87868293374777
test_00569,5.4920995235443115
test_00570,31.046046175062656
test_00571,9.700544010847807
test_00572,7.27613353356719
test_00573,67.73593297600746
test_00574,29.047496058046818
test_00575,264.0756987929344
test_00576,242.0029395967722
test_00577,164.36679086089134
test_00578,69.31964622437954
test_00579,19.699669873341918
test_00580,51.44182328134775
test_00581,220.91924907267094
test_00582,29.72004047036171
test_00583,46.175818137824535
test_00584,51.990769393742085
test_00585,54.73257323354483
test_00586,19.358651028946042
test_00587,91.76039987802505
test_00588,108.60733322054148
test_00589,182.44008764624596
test_00590,16.1563842818141
test_00591,54.41665066033602
test_00592,9.838322799652815
test_00593,11.486795347183943
test_00594,14.609082354232669
test_00595,60.1000665538013
test_00596,123.828190125525
test_00597,205.47939312458038
test_00598,18.054512172937393
test_00599,71.07833883166313
test_00600,115.85608863830566
test_00601,19.041233524680138
test_00602,28.420614825561643
test_00603,83.76307212561369
test_00604,167.25004303455353
test_00605,146.81248956918716
test_00606,35.14103560894728
test_00607,101.05289875715971
test_00608,177.2698175162077
test_00609,12.591046135872602
test_00610,76.28213998675346
test_00611,73.31001648306847
test_00612,203.44698514044285
test_00613,48.27877201139927
test_00614,11.330245424062014
test_00615,11.929956052452326
test_00616,78.39411173015833
test_00617,158.111211925745
test_00618,231.2382920384407
test_00619,199.93104100227356
test_00620,317.5053444504738
test_00621,407.9067707657814
test_00622,9.916939459741116
test_00623,58.925919845700264
test_00624,218.0241860151291
test_00625,212.52049240469933
test_00626,13.797878907993436
test_00627,84.94754035770893
test_00628,8.51649547368288
test_00629,51.26517257094383
test_00630,116.99144884943962
test_00631,346.81660068035126
test_00632,31.571546940132976
test_00633,147.8109029531479
test_00634,167.30420967936516
test_00635,185.106346398592
test_00636,166.57038980722427
test_00637,247.06016694009304
test_00638,22.493179757148027
test_00639,10.72977340221405
test_00640,9.158069742843509
test_00641,17.65255956724286
test_00642,24.137993901968002
test_00643,9.903715355321765
test_00644,23.143634473904967
test_00645,93.9566448777914
test_00646,113.82665194571018
test_00647,164.71009388566017
test_00648,54.112286411225796
test_00649,9.009770724922419
test_00650,44.52572623640299
test_00651,12.267639622092247
test_00652,35.9448813945055
test_00653,43.83787224441767
test_00654,103.20625316351652
test_00655,201.1906903386116
test_00656,9.252346966415644
test_00657,253.49564272165298
test_00658,8.15274253487587
test_00659,13.192656533792615
test_00660,61.17077146098018
test_00661,10.123616928234696
test_00662,92.6919220611453
test_00663,103.05135230720043
test_00664,242.15921467542648
test_00665,12.386489426717162
test_00666,14.725761258974671
test_00667,87.00252272933722
test_00668,8.466072656214237
test_00669,8.150118513032794
test_00670,10.23724283091724
test_00671,55.33193473517895
test_00672,69.09193386882544
test_00673,73.94339184463024
test_00674,224.27679365873337
test_00675,237.45625442266464
test_00676,6.695413172245026
test_00677,60.68080919981003
test_00678,122.41131489723921
test_00679,4.968650806695223
test_00680,35.898599814623594
test_00681,106.90318609774113
test_00682,14.911736253648996
test_00683,23.125639589503407
test_00684,16.11962012015283
test_00685,64.4920997172594
test_00686,67.31928361952305
test_00687,9.48323117569089
test_00688,155.83243930339813
test_00689,191.17424370348454
test_00690,356.64251324534416
test_00691,45.01187410205603
test_00692,29.190950013697147
test_00693,45.546494875103235
test_00694,5.628712080419064
test_00695,5.42425193823874
test_00696,7.115936350077391
test_00697,12.411854971200228
test_00698,95.18365457654
test_00699,11.714179003611207
test_00700,98.26255144178867
test_00701,222.70108804106712
test_00702,308.65808618068695
test_00703,73.06414210796356
test_00704,53.14898997917771
test_00705,41.5638165473938
test_00706,145.94154459238052
test_00707,88.3780747205019
test_00708,5.860084695741534
test_00709,7.156293917447329
test_00710,9.077694449573755
test_00711,7.412809230387211
test_00712,22.86907227896154
test_00713,7.929355265572667
test_00714,4.852774150669575
test_00715,60.597739316523075
test_00716,100.53895445913076
test_00717,7.563039587810636
test_00718,8.96441581659019
test_00719,38.79330260306597
test_00720,50.830138348042965
test_00721,76.71868956834078
test_00722,18.18920824676752
test_00723,19.11470613628626
test_00724,13.647576125338674
test_00725,66.25128258764744
test_00726,33.84056072682142
test_00727,103.11123868823051
test_00728,14.925556473433971
test_00729,42.16626447811723
test_00730,90.81593772023916
test_00731,7.602123213931918
test_00732,10.91919138096273
test_00733,20.197201499715447
test_00734,115.3054266050458
test_00735,65.21743655204773
test_00736,43.220794416964054
test_00737,6.577712886035442
test_00738,48.835391484200954
test_00739,117.95962934195995
test_00740,91.51139079034328
test_00741,69.9705076366663
test_00742,50.904877472668886
test_00743,49.39014647156
test_00744,144.6913291066885
test_00745,211.17399221658707
test_00746,31.848850151523948
test_00747,22.156959548592567
test_00748,121.58765059709549
test_00749,10.846727151423693
test_00750,13.977461911737919
test_00751,59.74435467272997
test_00752,16.956963503733277
test_00753,42.359461568295956
test_00754,162.74731811881065
test_00755,20.547017224133015
test_00756,29.93652505800128
test_00757,44.19699739664793
test_00758,10.365325924009085
test_00759,17.2816049605608
test_00760,50.03028152137995
test_00761,70.39018028229475
test_00762,87.38466796278954
test_00763,60.97140894085169
test_00764,37.03069531917572
test_00765,65.07634477317333
test_00766,26.65794625878334
test_00767,13.238356854766607
test_00768,13.521546937525272
test_00769,17.115420624613762
test_00770,83.5524595528841
test_00771,11.45973245240748
test_00772,75.8978331387043
test_00773,39.91589368879795
test_00774,25.009434713050723
test_00775,48.18657283484936
test_00776,106.71967170387506
test_00777,70.09928341209888
test_00778,82.86837910115719
test_00779,86.61461319029331
test_00780,51.62246295064688
test_00781,107.17424216866493
test_00782,52.05637551099062
test_00783,5.892388205975294
test_00784,12.99158737808466
test_00785,31.179546304047108
test_00786,31.146156415343285
test_00787,11.014133431017399
test_00788,19.330590894445777
test_00789,16.345358423888683
test_00790,18.816743163391948
test_00791,41.74177462607622
test_00792,154.39932596683502
test_00793,56.15935029089451
test_00794,48.84621441364288
test_00795,15.559457382187247
test_00796,6.280463023111224
test_00797,15.99960408359766
test_00798,38.8888593390584
test_00799,81.26497361809015
test_00800,74.80020833015442
test_00801,119.04117946326733
test_00802,7.506867321208119
test_00803,11.981688095256686
test_00804,30.855415537953377
test_00805,77.89665067195892
test_00806,54.54105492308736
test_00807,84.86180374026299
test_00808,59.220991380512714
test_00809,92.11126483976841
test_00810,67.89644957333803
test_00811,101.65346363186836
test_00812,62.39847569912672
test_00813,39.31323405355215
test_00814,7.547666868194938
test_00815,42.985274992883205
test_00816,18.154360568150878
test_00817,21.84401755221188
test_00818,68.72899803519249
test_00819,107.63511177152395
test_00820,38.32840318605304
test_00821,3.0137601047754288
test_00822,16.518209595233202
test_00823,99.12782125174999
test_00824,157.17234322428703
test_00825,73.658615835011
test_00826,11.068495066836476
test_00827,28.19107698276639
test_00828,13.31432906538248
test_00829,69.28790540248156
test_00830,144.20821195840836
test_00831,35.132478289306164
test_00832,34.51527418196201
test_00833,57.12955868989229
test_00834,28.425082905218005
test_00835,41.78471350297332
test_00836,63.0231748893857
test_00837,96.38930068910122
test_00838,17.111840218305588
test_00839,32.28734221495688
test_00840,46.933731470257044
test_00841,114.617750890553
test_00842,113.2564388141036
test_00843,18.435598883777857
test_00844,20.2887191362679
test_00845,7.532353574410081
test_00846,9.888426203280687
test_00847,25.39791065454483
test_00848,50.63478707149625
test_00849,40.71537910401821
test_00850,14.132871601730585
test_00851,30.15272551588714
test_00852,48.65810937434435
test_00853,35.74469805508852
test_00854,60.37271597981453
test_00855,52.433688681572676
test_00856,3.128281109035015
test_00857,11.665221404284239
test_00858,4.640623934566975
test_00859,7.9663924146443605
test_00860,16.484517006203532
test_00861,13.234022483229637
test_00862,4.902680706232786
test_00863,11.330308564007282
test_00864,9.7786072678864
test_00865,123.05295044928789
test_00866,26.973959827795625
test_00867,8.76879340969026
test_00868,49.70896605402231
test_00869,4.206897079944611
test_00870,10.099913449957967
test_00871,14.129194628447294
test_00872,15.661270543932915
test_00873,18.61787276342511
test_00874,123.80665569007397
test_00875,23.24575405009091
test_00876,35.437559362500906
test_00877,20.489786434918642
test_00878,19.772394090890884
test_00879,6.961949165910482
test_00880,9.041799390688539
test_00881,80.1519129499793
test_00882,19.180670665577054
test_00883,118.05783795565367
test_00884,16.544085830450058
test_00885,4.551032066345215
test_00886,4.958409136161208
test_00887,23.811071978881955
test_00888,102.00389775633812
test_00889,167.1133933365345
test_00890,150.00778678059578
test_00891,94.92734353989363
test_00892,39.889389768242836
test_00893,70.87238375842571
test_00894,69.06580878794193
test_00895,34.73815818876028
test_00896,142.16191318631172
test_00897,151.8136783540249
test_00898,13.077877398580313
test_00899,80.04505044966936
test_00900,148.56870114803314
test_00901,100.06350324302912
test_00902,34.55026113986969
test_00903,7.102275837212801
test_00904,17.931134862825274
test_00905,44.363289441913366
test_00906,23.173845080658793
test_00907,32.863778345286846
test_00908,3.4275347366929054
test_00909,32.78476056084037
test_00910,5.68294557929039
test_00911,10.422515857964754
test_00912,62.34692007675767
test_00913,20.496802397072315
test_00914,179.43626046180725
test_00915,259.2014138698578
test_00916,180.76374438405037
test_00917,51.11922273039818
test_00918,7.979233965277672
test_00919,53.741602934896946
test_00920,220.9014064669609
test_00921,18.317898597568274
test_00922,26.978583900257945
test_00923,47.59934163093567
test_00924,31.75683853775263
test_00925,24.47146937996149
test_00926,79.46700796484947
test_00927,112.08277122676373
test_00928,176.61449916660786
test_00929,12.714469872415066
test_00930,56.663801312446594
test_00931,6.365317538380623
test_00932,9.86357506364584
test_00933,7.730746710672975
test_00934,75.48522473871708
test_00935,118.87432658672333
test_00936,218.76522612571716
test_00937,6.571486173197627
test_00938,69.02794710546732
test_00939,102.00138701498508
test_00940,9.30996216647327
test_00941,17.609384844079614
test_00942,74.31874024868011
test_00943,168.95248909294605
test_00944,136.87580725550652
test_00945,27.773448957130313
test_00946,58.45470272004604
test_00947,150.90309634804726
test_00948,13.077251570299268
test_00949,30.949070647358894
test_00950,67.59884501248598
test_00951,195.19016706943512
test_00952,103.13095320761204
test_00953,11.157061839476228
test_00954,7.659769983962178
test_00955,89.0385482609272
test_00956,138.36528599262238
test_00957,224.0810449719429
test_00958,204.7700269818306
test_00959,374.79481667280197
test_00960,405.5362446606159
test_00961,5.611352309584618
test_00962,41.969408985227346
test_00963,198.33007940649986
test_00964,197.63964039087296
test_00965,10.970696862787008
test_00966,74.61179130524397
test_00967,8.662562308833003
test_00968,60.91374360024929
test_00969,129.7081309556961
test_00970,186.86980792880058
test_00971,16.043532771989703
test_00972,138.4103159159422
test_00973,70.14296139776707
test_00974,202.11118160188198
test_00975,168.24985292553902
test_00976,208.2354888767004
test_00977,23.509118190035224
test_00978,10.382964253425598
test_00979,6.932737655937672
test_00980,14.91520337946713
test_00981,18.735127355903387
test_00982,10.100231006741524
test_00983,26.22736711613834
test_00984,107.27173767238855
test_00985,127.52544990181923
test_00986,128.3038391470909
test_00987,46.955555606633425
test_00988,4.433406062424183
test_00989,54.54000382870436
test_00990,9.713992819190025
test_00991,38.581887781620026
test_00992,44.033327516168356
test_00993,138.74409595131874
test_00994,198.24362967908382
test_00995,10.667658552527428
test_00996,284.88380202651024
test_00997,6.713825894519687
test_00998,7.9465311877429485
test_00999,63.45923049375415
test_01000,6.666500648483634
test_01001,76.74635972082615
test_01002,112.22475439310074
test_01003,231.76138791441917
test_01004,11.087418479844928
test_01005,16.14024088345468
test_01006,84.5284768268466
test_01007,7.37865980528295
test_01008,6.3420838955789804
test_01009,6.660322219133377
test_01010,47.797259360551834
test_01011,86.85329703986645
test_01012,42.14472632855177
test_01013,218.76189827919006
test_01014,249.78238996863365
test_01015,3.153163818642497
test_01016,52.53195672109723
test_01017,122.00454508513212
test_01018,4.253050522878766
test_01019,31.11174514517188
test_01020,93.40032253414392
test_01021,9.807280231267214
test_01022,18.640803705900908
test_01023,14.146316695958376
test_01024,31.558662677183747
test_01025,86.97916837781668
test_01026,8.886111142113805
test_01027,199.48344564437866
test_01028,117.55176015198231
test_01029,373.2855194211006
test_01030,54.943579502403736
test_01031,46.576385378837585
test_01032,95.30521011352539
test_01033,7.029739182442427
test_01034,4.7953687980771065
test_01035,9.270481130108237
test_01036,18.24873435869813
test_01037,110.15429902076721
test_01038,9.91405544988811
test_01039,115.53841300308704
test_01040,282.1211842894554
test_01041,302.19475454092026
test_01042,63.147207740694284
test_01043,47.95814736932516
test_01044,58.37279164046049
test_01045,130.57863023877144
test_01046,57.3046717569232
test_01047,13.532863844186068
test_01048,42.580020539462566
test_01049,12.787156948819757
test_01050,53.80043079331517
test_01051,12.131937023252249
test_01052,12.085341600701213
test_01053,119.13941778987646
test_01054,61.97169795259833
test_01055,6.340421829372644
test_01056,12.171956606209278
test_01057,74.75210312008858
test_01058,100.79557005316019
test_01059,113.84189467132092
test_01060,26.5935787986964
test_01061,26.157094214111567
test_01062,59.29360231757164
test_01063,64.23702919483185
test_01064,44.9109021872282
test_01065,94.59336294233799
test_01066,56.59560274332762
test_01067,37.87350216507912
test_01068,102.01496581733227
test_01069,9.742305513471365
test_01070,15.153736807405949
test_01071,32.998411279171705
test_01072,73.96877410262823
test_01073,86.84372948110104
test_01074,50.28704196587205
test_01075,23.47806447930634
test_01076,71.31469021737576
test_01077,73.24405381083488
test_01078,99.7619691491127
test_01079,101.93382727354765
test_01080,64.0515908896923
test_01081,212.62341794371605
test_01082,38.08155942708254
test_01083,16.2615568600595
test_01084,59.725449830293655
test_01085,47.66737677901983
test_01086,29.952824449166656
test_01087,79.2700856178999
test_01088,26.127862276509404
test_01089,63.92168602347374
test_01090,172.95718097686768
test_01091,26.209481798112392
test_01092,36.85816356167197
test_01093,63.92522557452321
test_01094,44.545496467500925
test_01095,49.82709717750549
test_01096,54.81327351182699
test_01097,83.85091093182564
test_01098,128.6029590666294
test_01099,83.42677392065525
test_01100,72.25672334432602
test_01101,84.00305591523647
test_01102,55.327819496393204
test_01103,9.211926259100437
test_01104,20.77839726768434
test_01105,75.92900198698044
test_01106,44.71360842883587
test_01107,15.413951378315687
test_01108,96.50803349912167
test_01109,37.237541779875755
test_01110,37.54776690155268
test_01111,45.08468560129404
test_01112,79.28361242264509
test_01113,137.61649081110954
test_01114,88.0889383405447
test_01115,176.18551895022392
test_01116,50.4232496842742
test_01117,13.835384035483003
test_01118,53.25040015950799
test_01119,65.30446568131447
test_01120,61.47383948415518
test_01121,16.676209880039096
test_01122,29.94221508130431
test_01123,29.318370137363672
test_01124,35.51843420416117
test_01125,104.14837542921305
test_01126,88.7588160187006
test_01127,165.8801290690899
test_01128,56.0613310970366
test_01129,119.85827720910311
test_01130,6.5994664542376995
test_01131,16.34554412961006
test_01132,26.938759308308363
test_01133,73.74276281148195
test_01134,95.65216782689095
test_01135,122.82101885974407
test_01136,72.11200658977032
test_01137,37.84393038600683
test_01138,44.49063528329134
test_01139,132.23984962701797
test_01140,50.46730650961399
test_01141,93.88451677560806
test_01142,87.63427130877972
test_01143,95.4987006187439
test_01144,93.59975562244654
test_01145,159.17621195316315
test_01146,140.67198875546455
test_01147,23.183884331956506
test_01148,29.377626975998282
test_01149,30.257036419585347
test_01150,34.63068285956979
test_01151,97.14082945883274
test_01152,102.94729024916887
test_01153,102.86749621480703
test_01154,3.68396276794374
test_01155,26.574434395879507
test_01156,68.5884336605668
test_01157,28.44665819592774
test_01158,53.45135232061148
test_01159,115.17846331745386
test_01160,42.666225135326385
test_01161,65.82163383066654
test_01162,172.00705108046532
test_01163,86.05691662430763
test_01164,105.63463774323463
test_01165,76.34970715641975
test_01166,137.48685336112976
test_01167,25.247999710962176
test_01168,52.92501773685217
test_01169,48.79692068696022
test_01170,74.09121359884739
test_01171,82.11319564282894
test_01172,55.81913369521499
test_01173,32.92179466970265
test_01174,16.175718104466796
test_01175,10.388253152370453
test_01176,32.34226468205452
test_01177,88.84394352138042
test_01178,67.58204235881567
test_01179,34.869426134973764
test_01180,75.24143769592047
test_01181,70.94975619018078
test_01182,42.574909918010235
test_01183,85.27291163802147
test_01184,126.68813994526863
test_01185,8.770377479493618
test_01186,32.12682747468352
test_01187,15.245609141886234
test_01188,20.746498595923185
test_01189,34.04817972332239
test_01190,23.306156693026423
test_01191,7.38368128798902
test_01192,12.065211100503802
test_01193,12.46920832619071
test_01194,130.31064945459366
test_01195,33.614382300525904
test_01196,9.820103211328387
test_01197,49.58182077482343
test_01198,10.89099196717143
test_01199,9.379651952534914
test_01200,15.418961718678474
test_01201,31.70231533795595
test_01202,27.07017581909895
test_01203,65.98575311899185
test_01204,78.59289856255054
test_01205,155.36333179473877
test_01206,28.97910992614925
test_01207,27.466083703562617
test_01208,16.293903082609177
test_01209,30.75494317151606
test_01210,51.10735984891653
test_01211,86.68245520442724
test_01212,109.95627729594707
test_01213,33.655010998249054
test_01214,188.7773176729679
test_01215,40.84699246287346
test_01216,9.298396414145827
test_01217,7.5052293967455626
test_01218,42.03042074292898
test_01219,93.4732900261879
test_01220,222.16682010889053
test_01221,192.92286363244057
test_01222,110.3589170128107
test_01223,61.30827911943197
test_01224,52.143913473933935
test_01225,52.70370851457119
test_01226,26.884373530745506
test_01227,58.525913435965776
test_01228,171.9851823747158
test_01229,52.81700386106968
test_01230,125.06917975097895
test_01231,303.3947997689247
test_01232,137.992834597826
test_01233,111.03209282457829
test_01234,59.54912596195936
test_01235,205.83568069338799
test_01236,37.51963248476386
test_01237,46.05679562687874
test_01238,9.666998129338026
test_01239,17.509815007448196
test_01240,53.30834034457803
test_01241,124.44345546513796
test_01242,4.657400589436293
test_01243,3.530118577182293
test_01244,26.756548568606377
test_01245,13.641434837132692
test_01246,8.417967446148396
test_01247,74.4776969179511
test_01248,160.54622991383076
test_01249,278.5179584622383
test_01250,260.6329227089882
test_01251,124.25480073690414
test_01252,123.18297416716814
test_01253,14.8556475546211
test_01254,98.64826965332031
test_01255,192.46974167227745
test_01256,110.93337166309357
test_01257,54.16305835545063
test_01258,56.99460634216666
test_01259,17.931222144514322
test_01260,14.421335726976395
test_01261,87.77265921235085
test_01262,70.24484698474407
test_01263,190.58312010765076
test_01264,21.779109688475728
test_01265,77.7936434224248
test_01266,7.125840036198497
test_01267,8.92641856893897
test_01268,29.13487617112696
test_01269,100.19485661387444
test_01270,211.20639415085316
test_01271,288.3985130786896
test_01272,15.568127982318401
test_01273,140.83922789990902
test_01274,162.0579784810543
test_01275,9.20643494091928
test_01276,122.31713238358498
test_01277,204.57166355848312
test_01278,548.6748571395874
test_01279,67.94272001087666
test_01280,39.632855884730816
test_01281,112.32965584099293
test_01282,218.55105543136597
test_01283,7.137940621003509
test_01284,16.976286184042692
test_01285,206.15687730908394
test_01286,229.84490486979485
test_01287,10.034706600010395
test_01288,12.096537798643112
test_01289,9.16053962893784
test_01290,103.50068587064743
test_01291,280.05340307950974
test_01292,216.68535175919533
test_01293,235.20306462049484
test_01294,461.306049823761
test_01295,479.6875586807728
test_01296,14.50324309244752
test_01297,98.65288258343935
test_01298,146.61062002182007
test_01299,174.51495485007763
test_01300,9.3120142146945
test_01301,154.03385710716248
test_01302,13.646881585940719
test_01303,413.3280110359192
test_01304,366.51150953769684
test_01305,390.8234488964081
test_01306,94.13751482218504
test_01307,351.7360195219517
test_01308,327.3877115547657
test_01309,269.1691461801529
test_01310,167.45152631402016
test_01311,136.14148226380348
test_01312,21.302932363003492
test_01313,14.156220382079482
test_01314,7.087668225169182
test_01315,56.84199709445238
test_01316,84.02555602043867
test_01317,9.248096162453294
test_01318,32.59415963664651
test_01319,91.30164732038975
test_01320,139.46582266688347
test_01321,181.62408185005188
test_01322,66.54877572506666
test_01323,5.8574346750974655
test_01324,76.9833350777626
test_01325,15.001242697238922
test_01326,33.46545745432377
test_01327,102.51660896837711
test_01328,145.17456510663033
test_01329,307.3966837823391
test_01330,12.533651925623417
test_01331,536.240239739418
test_01332,8.393881414085627
test_01333,11.077810065820813
test_01334,77.16244453191757
test_01335,6.176930226385593
test_01336,87.41347463428974
test_01337,320.02550479769707
test_01338,8.218487931415439
test_01339,10.128896541893482
test_01340,61.71039143204689
test_01341,12.6030910089612
test_01342,13.666739098727703
test_01343,15.956360649317503
test_01344,126.12565217167139
test_01345,160.30568900704384
test_01346,186.26185196638107
test_01347,259.553927898407
test_01348,253.33525240421295
test_01349,6.8395245261490345
test_01350,91.84404916316271
test_01351,162.30263462662697
test_01352,7.7444313652813435
test_01353,46.7587483972311
test_01354,97.84984647482634
test_01355,14.229601997882128
test_01356,20.805504731833935
test_01357,9.882435336709023
test_01358,22.731035359203815
test_01359,107.01247020065784
test_01360,6.705120010301471
test_01361,170.81404781341553
test_01362,140.3780091702938
test_01363,363.5724267959595
test_01364,59.896042820066214
test_01365,57.0823225826025
test_01366,73.30897653102875
test_01367,6.893472038209438
test_01368,5.468019062653184
test_01369,7.574467917904258
test_01370,13.996567316353321
test_01371,103.888766258955
test_01372,10.202814847230911
test_01373,101.6226959079504
test_01374,264.88772305846214
test_01375,315.4654933810234
test_01376,67.3820892944932
test_01377,48.64685560762882
test_01378,50.99147576466203
test_01379,124.06087196618319
test_01380,63.285042241215706
test_01381,11.273679461330175
test_01382,29.11762596666813
test_01383,35.532874681055546
test_01384,13.706286989152431
test_01385,46.52458833903074
test_01386,12.83017753623426
test_01387,11.849586330354214
test_01388,120.50568449497223
test_01389,64.1530159264803
test_01390,7.780608696863055
test_01391,11.913054974749684
test_01392,59.33560152351856
test_01393,105.45624139904976
test_01394,119.82457533478737
test_01395,28.760352300480008
test_01396,20.21181653998792
test_01397,58.1293982937932
test_01398,61.188004951924086
test_01399,83.11705391854048
test_01400,83.10767206549644
test_01401,42.094749204814434
test_01402,88.15042179077864
test_01403,13.371110446751118
test_01404,15.399293625727296
test_01405,35.82805021107197
test_01406,71.94801358133554
test_01407,81.90078543871641
test_01408,41.80157186836004
test_01409,17.633108749985695
test_01410,54.88900430500507
test_01411,63.16103167459369
test_01412,71.6963006183505
test_01413,93.3665018081665
test_01414,125.81486993283033
test_01415,55.4896731749177
test_01416,192.22267878055573
test_01417,194.45459413528442
test_01418,33.35966833308339
test_01419,21.842860605567694
test_01420,56.5830564647913
test_01421,16.896867275238037
test_01422,19.09675025008619
test_01423,64.10155687108636
test_01424,27.15026512555778
test_01425,44.27189622819424
test_01426,174.9531163573265
test_01427,18.942701783031225
test_01428,28.915125019848347
test_01429,60.61651787906885
test_01430,34.90638528764248
test_01431,41.05340065807104
test_01432,50.31522838026285
test_01433,82.09262687712908
test_01434,89.53210949897766
test_01435,87.11640490591526
test_01436,67.80654571950436
test_01437,85.26836556196213
test_01438,57.91369738429785
test_01439,13.024628140032291
test_01440,16.877422029152513
test_01441,53.3430301733315
test_01442,35.53908468037844
test_01443,11.184351295232773
test_01444,92.2915628105402
test_01445,37.6471491754055
test_01446,40.032390601933
test_01447,46.25470592826605
test_01448,75.1775920689106
test_01449,71.87096056342125
test_01450,97.643579415977
test_01451,128.4265237748623
test_01452,96.98263789713383
test_01453,194.37344816327095
test_01454,42.322298139333725
test_01455,11.090621903538704
test_01456,64.1465756520629
test_01457,41.890992887318134
test_01458,67.7941702902317
test_01459,17.508238365873694
test_01460,28.610898192971945
test_01461,30.921641912311316
test_01462,35.84475629776716
test_01463,110.11128957569599
test_01464,97.87380251288414
test_01465,166.11913976073265
test_01466,65.7949516326189
test_01467,79.02028913795948
test_01468,9.162253692746162
test_01469,13.61935442686081
test_01470,25.19877840951085
test_01471,73.42705565690994
test_01472,101.29683436453342
test_01473,124.11052967607975
test_01474,76.79216960817575
test_01475,28.790239779278636
test_01476,33.59637998789549
test_01477,113.15831933915615
test_01478,52.55268147960305
test_01479,90.20139291882515
test_01480,105.57940143346786
test_01481,68.87767403572798
test_01482,66.79754710942507
test_01483,130.17287066578865
test_01484,107.74758258461952
test_01485,88.57478907704353
test_01486,19.0652917008847
test_01487,48.8105663433671
test_01488,42.45367379486561
test_01489,35.188687697052956
test_01490,107.61504812538624
test_01491,133.74887946248055
test_01492,81.19144158065319
test_01493,8.542796975001693
test_01494,47.875248335301876
test_01495,118.46824759989977
test_01496,32.3774949144572
test_01497,43.13428154960275
test_01498,23.377571685239673
test_01499,116.50881453603506
test_01500,134.06854586303234
test_01501,53.23545456305146
test_01502,70.55582235753536
test_01503,144.06912580132484
test_01504,68.31966548413038
test_01505,93.44445364177227
test_01506,75.03043885529041
test_01507,112.2805552482605
test_01508,25.772081684321165
test_01509,47.24173183739185
test_01510,53.49730334430933
test_01511,74.37070813775063
test_01512,87.08321557939053
test_01513,72.80581802129745
test_01514,28.642694726586342
test_01515,16.871100606396794
test_01516,10.853453412652016
test_01517,27.023585967719555
test_01518,82.94709604233503
test_01519,63.79425475746393
test_01520,29.420549139380455
test_01521,67.96243453025818
test_01522,68.51433707773685
test_01523,37.460254937410355
test_01524,108.14725843816996
test_01525,128.98953895270824
test_01526,8.637872733175755
test_01527,31.700889118015766
test_01528,13.177798219025135
test_01529,21.71113582327962
test_01530,29.452213821932673
test_01531,24.98791884817183
test_01532,9.435749936848879
test_01533,21.214348876848817
test_01534,20.031505569815636
test_01535,135.64365722239017
test_01536,30.098237600177526
test_01537,17.680487850680947
test_01538,55.26639175787568
test_01539,20.5347680747509
test_01540,9.60405688919127
test_01541,12.999043462798
test_01542,34.800421603024006
test_01543,40.6439418271184
test_01544,76.95299819111824
test_01545,58.1620305031538
test_01546,145.39271733164787
test_01547,35.073561292141676
test_01548,25.39539805613458
test_01549,14.266544437035918
test_01550,24.694303246214986
test_01551,49.98020411655307
test_01552,99.44100280851126
test_01553,71.2971001714468
test_01554,32.99998420663178
test_01555,175.24812103807926
test_01556,28.571820138022304
test_01557,9.993286795914173
test_01558,11.697833186015487
test_01559,37.294579435139894
test_01560,95.62882090359926
test_01561,193.46738252043724
test_01562,168.81962779164314
test_01563,98.15840024501085
test_01564,40.48198415338993
test_01565,63.203004881739616
test_01566,51.577165611088276
test_01567,54.18859289214015
test_01568,18.95259989798069
test_01569,50.7943714261055
test_01570,164.14687071740627
test_01571,55.73962193354964
test_01572,119.22148486226797
test_01573,247.83944757282734
test_01574,266.27059185504913
test_01575,124.12455417215824
test_01576,124.96236182004213
test_01577,83.96447369456291
test_01578,236.09085682034492
test_01579,54.22787708044052
test_01580,40.4880158752203
test_01581,12.264545764774084
test_01582,20.612344782799482
test_01583,77.11946479976177
test_01584,109.82146237045527
test_01585,10.633731974288821
test_01586,53.264004960656166
test_01587,6.5478254072368145
test_01588,27.201948884874582
test_01589,15.930670119822025
test_01590,8.392377197742462
test_01591,72.80682826042175
test_01592,142.79459029436111
test_01593,261.5564595460892
test_01594,232.31802967190742
test_01595,108.95658625662327
test_01596,123.38561625033617
test_01597,13.21972499974072
test_01598,96.37961427867413
test_01599,208.5431512594223
test_01600,141.61567094922066
test_01601,74.13230656087399
test_01602,63.86333357170224
test_01603,29.665351992473006
test_01604,13.990305319428444
test_01605,78.74590522050858
test_01606,64.42895234376192
test_01607,191.31619715690613
test_01608,35.428526636213064
test_01609,71.7671287804842
test_01610,8.504872152581811
test_01611,8.811969989910722
test_01612,21.741680700331926
test_01613,100.32725736498833
test_01614,203.37393593788147
test_01615,301.2599862217903
test_01616,16.559844817966223
test_01617,102.66613921523094
test_01618,138.4101673513651
test_01619,9.301599837839603
test_01620,132.28581550717354
test_01621,173.2925209403038
test_01622,450.6087168753147
test_01623,97.25407280772924
test_01624,33.2209350168705
test_01625,118.98563116788864
test_01626,188.3016436100006
test_01627,8.594127893447876
test_01628,24.274149622768164
test_01629,151.39930203557014
test_01630,217.1756000071764
test_01631,12.784313794225454
test_01632,16.288915026932955
test_01633,12.98507839255035
test_01634,90.68408665806055
test_01635,258.6269443631172
test_01636,234.1928849220276
test_01637,204.29112906754017
test_01638,382.1354815661907
test_01639,483.3420392870903
test_01640,13.724623572081327
test_01641,86.38875046372414
test_01642,167.5883245766163
test_01643,166.9406127333641
test_01644,12.71689704619348
test_01645,154.44948136806488
test_01646,12.264714756980538
test_01647,358.74505856633186
test_01648,254.5972193479538
test_01649,418.0701626241207
test_01650,138.01629294455051
test_01651,279.9412071108818
test_01652,261.22129786014557
test_01653,170.7639518380165
test_01654,138.97755032777786
test_01655,28.90221661515534
test_01656,10.514772603288293
test_01657,8.66281115449965
test_01658,72.9267198741436
test_01659,91.71326776593924
test_01660,11.878153441473842
test_01661,30.040854532271624
test_01662,84.69547083973885
test_01663,118.04111701250076
test_01664,173.70752122998238
test_01665,51.090505197644234
test_01666,7.6787639651447535
test_01667,67.75141340494156
test_01668,8.99501083418727
test_01669,23.334318965673447
test_01670,72.55477359890938
test_01671,169.42067550122738
test_01672,274.73300844430923
test_01673,9.966688165441155
test_01674,512.1945281028748
test_01675,10.497305123135448
test_01676,9.761362634599209
test_01677,68.58259507268667
test_01678,7.503736322745681
test_01679,58.76306335628033
test_01680,82.36786504089832
test_01681,8.803696800023317
test_01682,10.028550455346704
test_01683,57.96354079991579
test_01684,11.042616974562407
test_01685,9.775634119287133
test_01686,10.913401076570153
test_01687,103.52904684841633
test_01688,143.49495342373848
test_01689,149.072959035635
test_01690,244.67613631486893
test_01691,282.9723998904228
test_01692,6.203462002798915
test_01693,83.65599420666695
test_01694,143.65320441126823
test_01695,5.436718363314867
test_01696,42.72331107407808
test_01697,86.53547284007072
test_01698,19.686377057805657
test_01699,33.00197311490774
test_01700,10.536799158900976
test_01701,22.724422378465533
test_01702,66.90418676286936
test_01703,9.360877104103565
test_01704,160.66875112056732
test_01705,185.5280469506979
test_01706,338.92274072766304
test_01707,66.31676985323429
test_01708,57.87541229277849
test_01709,53.93503030017018
test_01710,7.958704197779298
test_01711,8.69797638989985
test_01712,8.814007181674242
test_01713,15.032866524532437
test_01714,93.309764996171
test_01715,9.037394450977445
test_01716,114.67761498689651
test_01717,253.86752957105637
test_01718,345.62499392032623
test_01719,96.6611218675971
test_01720,55.16738460958004
test_01721,57.35625337809324
test_01722,119.3763782903552
test_01723,64.69160708785057
test_01724,9.780066914856434
test_01725,37.37013566493988
test_01726,54.43521009013057
test_01727,11.969067534431815
test_01728,65.40272629261017
test_01729,13.334323071874678
test_01730,13.259094612672925
test_01731,88.38632748275995
test_01732,64.48039282858372
test_01733,5.854426242411137
test_01734,12.913398769684136
test_01735,66.29819928109646
test_01736,123.1292235031724
test_01737,78.97168623656034
test_01738,22.306671787053347
test_01739,22.214896019548178
test_01740,47.27882469817996
test_01741,56.06732939183712
test_01742,43.66786237061024
test_01743,123.90848927944899
test_01744,97.70031622797251
test_01745,72.93207562714815
test_01746,92.71345649659634
test_01747,16.147483406588435
test_01748,36.381627824157476
test_01749,43.80076824128628
test_01750,71.32127905637026
test_01751,86.31873197853565
test_01752,22.483283499255776
test_01753,13.210734985768795
test_01754,57.909671284258366
test_01755,59.17060570418835
test_01756,73.2357564792037
test_01757,76.02824312448502
test_01758,69.3303651586175
test_01759,44.9836839735508
test_01760,218.39209133386612
test_01761,207.2046735584736
test_01762,23.248550778254867
test_01763,8.840106263756752
test_01764,17.747171061113477
test_01765,47.95884562283754
test_01766,11.836869202554226
test_01767,20.992915231734514
test_01768,60.949116826057434
test_01769,30.97648824006319
test_01770,58.356516391038895
test_01771,191.88438238203526
test_01772,24.23271867632866
test_01773,38.502220027148724
test_01774,62.30352436378598
test_01775,47.16284404695034
test_01776,44.81821274757385
test_01777,57.1007000207901
test_01778,85.93451426923275
test_01779,95.25389590859413
test_01780,82.53148663789034
test_01781,44.43221969157457
test_01782,80.11828535795212
test_01783,27.400635436177254
test_01784,8.44296900741756
test_01785,13.597387297078967
test_01786,55.71411710977554
test_01787,21.02916870266199
test_01788,90.98666070401669
test_01789,38.011295810341835
test_01790,42.66126307845116
test_01791,61.24579285830259
test_01792,55.6548287011683
test_01793,70.54918894916773
test_01794,114.33960086107254
test_01795,89.17708472907543
test_01796,239.10514295101166
test_01797,39.81714652851224
test_01798,9.78661304153502
test_01799,43.03383703902364
test_01800,29.85167425684631
test_01801,60.20416575297713
test_01802,9.052067060023546
test_01803,31.14907013811171
test_01804,31.906456066295505
test_01805,35.495908100157976
test_01806,75.83785761892796
test_01807,106.16397333145142
test_01808,111.46874640136957
test_01809,79.44545124471188
test_01810,25.162472940981388
test_01811,9.597555331885815
test_01812,13.173725692555308
test_01813,41.65109823644161
test_01814,85.31208068877459
test_01815,94.87183238565922
test_01816,108.89017789065838
test_01817,60.162615954875946
test_01818,30.595631804317236
test_01819,38.59128077700734
test_01820,104.79107321798801
test_01821,54.43324160948396
test_01822,98.40682250261307
test_01823,86.14403489232063
test_01824,62.894272834062576
test_01825,103.16164664924145
test_01826,111.91279849410057
test_01827,81.32367891073227
test_01828,70.32595581561327
test_01829,14.577748227864504
test_01830,46.09196086227894
test_01831,25.255232948809862
test_01832,29.424070119857788
test_01833,78.96135357022285
test_01834,109.26793304085732
test_01835,51.80010532960296
test_01836,-1.0178758222609758
test_01837,21.873156636953354
test_01838,54.48149909824133
test_01839,138.7026315778494
test_01840,143.17120149731636
test_01841,36.5846598893404
test_01842,35.280385468155146
test_01843,22.02925343811512
test_01844,77.5929326787591
test_01845,114.21167190372944
test_01846,49.73414774984121
test_01847,73.27915962040424
test_01848,69.3651664108038
test_01849,24.296179892495275
test_01850,36.30590074509382
test_01851,77.91415900737047
test_01852,93.20025804638863
test_01853,21.11971695534885
test_01854,40.95674454420805
test_01855,45.67466524988413
test_01856,66.34070360660553
test_01857,107.88949889689684
test_01858,75.12465851008892
test_01859,39.58690857514739
test_01860,13.824141411110759
test_01861,10.524104315787554
test_01862,25.069709219038486
test_01863,71.2154787927866
test_01864,62.960027515888214
test_01865,24.607561960816383
test_01866,66.0598497018218
test_01867,75.75018966197968
test_01868,48.420034639537334
test_01869,97.30327739566565
test_01870,85.75252266228199
test_01871,3.832243215292692
test_01872,9.144776927307248
test_01873,13.492154364474118
test_01874,13.170500912703574
test_01875,27.961219726130366
test_01876,13.89790093805641
test_01877,4.103995682671666
test_01878,22.38462733477354
test_01879,12.85735464002937
test_01880,141.22793225944042
test_01881,17.21048245485872
test_01882,56.152014914900064
test_01883,8.183400692418218
test_01884,8.696331037208438
test_01885,12.799370814114809
test_01886,31.41760989651084
test_01887,40.551237531006336
test_01888,93.62222601473331
test_01889,52.286788027733564
test_01890,165.2073543816805
test_01891,64.3789232224226
test_01892,21.750746853649616
test_01893,16.47063921764493
test_01894,20.696150060743093
test_01895,88.51969390362501
test_01896,86.04676966369152
test_01897,91.98150853812695
test_01898,206.90045787394047
test_01899,30.46701759286225
test_01900,10.85260102339089
test_01901,10.125980962067842
test_01902,195.80424389243126
test_01903,199.1975479722023
test_01904,91.75606179237366
test_01905,33.75321961194277
test_01906,61.64096720516682
test_01907,61.25883682817221
test_01908,48.136194586753845
test_01909,38.151451632380486
test_01910,82.5441591963172
test_01911,154.38690596818924
test_01912,84.35648361593485
test_01913,123.13663687556982
test_01914,194.51033556461334
test_01915,260.6663794517517
test_01916,146.98393309116364
test_01917,98.55421341955662
test_01918,83.05940343439579
test_01919,196.42779913544655
test_01920,57.174306340515614
test_01921,53.48157035559416
test_01922,16.933325950987637
test_01923,17.45516924187541
test_01924,33.02813162282109
test_01925,91.71468655765057
test_01926,10.49932374432683
test_01927,37.472585797309875
test_01928,6.186709489673376
test_01929,25.114573864266276
test_01930,14.853162812069058
test_01931,10.282945008948445
test_01932,76.46022434532642
test_01933,141.49979057908058
test_01934,311.6732934117317
test_01935,245.3837345391512
test_01936,97.375353500247
test_01937,114.7350500524044
test_01938,10.330535814166069
test_01939,96.11761321872473
test_01940,213.6545749604702
test_01941,46.51770979911089
test_01942,69.44080063700676
test_01943,52.49230854958296
test_01944,11.540085460990667
test_01945,20.73632006533444
test_01946,77.61841893196106
test_01947,71.98407763242722
test_01948,162.46644192934036
test_01949,15.30102280061692
test_01950,63.06451669707894
test_01951,7.010444357991219
test_01952,8.746648002415895
test_01953,15.913493269123137
test_01954,99.2019921168685
test_01955,181.7997891753912
test_01956,440.5930576324463
test_01957,17.608933579176664
test_01958,116.64582821726799
test_01959,144.1363512724638
test_01960,10.665116241201758
test_01961,68.07789891958237
test_01962,94.6175492554903
test_01963,356.22005501389503
test_01964,144.4558839648962
test_01965,41.90072386711836
test_01966,74.77653456479311
test_01967,190.64981074631214
test_01968,7.126709138974547
test_01969,24.689929876476526
test_01970,106.18967500329018
test_01971,240.0672620087862
test_01972,12.878442453220487
test_01973,6.630321459844708
test_01974,95.12942107766867
test_01975,167.788470774889
test_01976,272.1746075749397
test_01977,212.08469307422638
test_01978,539.732458114624
test_01979,444.38941740989685
test_01980,8.034470275044441
test_01981,95.9594736546278
test_01982,160.365263402462
test_01983,160.8629101663828
test_01984,15.26987809408456
test_01985,168.64601522684097
test_01986,11.557058963924646
test_01987,66.97969470918179
test_01988,198.50217661261559
test_01989,421.67763739824295
test_01990,7.3043886590749025
test_01991,195.88515216112137
test_01992,379.6415874361992
test_01993,259.87458968162537
test_01994,166.4598577618599
test_01995,242.39361986517906
test_01996,20.110307935625315
test_01997,19.215982608497143
test_01998,8.32385178655386
test_01999,64.34817035496235
test_02000,104.5353490114212
test_02001,7.848859263584018
test_02002,31.247239753603935
test_02003,97.32579978555441
test_02004,127.09486518800259
test_02005,172.05387863516808
test_02006,75.81884135305882
test_02007,5.806142754852772
test_02008,69.23812884092331
test_02009,12.994227184914052
test_02010,24.415317540988326
test_02011,44.168736699968576
test_02012,96.43682649731636
test_02013,222.4544708430767
test_02014,4.246532252058387
test_02015,492.23101449012756
test_02016,7.920614097267389
test_02017,10.984075102955103
test_02018,76.1920355707407
test_02019,9.159369682893157
test_02020,63.84643063694239
test_02021,103.9671934992075
test_02022,282.28157460689545
test_02023,7.235408268868923
test_02024,14.802162449806929
test_02025,83.62703154236078
test_02026,11.193332023918629
test_02027,9.39563750103116
test_02028,10.429217977449298
test_02029,156.00905287265778
test_02030,160.0820398926735
test_02031,114.08161104470491
test_02032,219.0421059280634
test_02033,288.3842211663723
test_02034,6.614033211022615
test_02035,72.93248417973518
test_02036,134.55585253238678
test_02037,7.395440174266696
test_02038,54.058717738837004
test_02039,101.68461762368679
test_02040,22.698263870552182
test_02041,29.78459920734167
test_02042,10.798033254221082
test_02043,26.4358069319278
test_02044,74.00480844080448
test_02045,7.123089734464884
test_02046,126.4128497838974
test_02047,132.4980548620224
test_02048,316.58881986141205
test_02049,43.648541547358036
test_02050,29.960781939327717
test_02051,95.26836609840393
test_02052,9.9751284904778
test_02053,8.577358666807413
test_02054,8.537690067663789
test_02055,16.205954710021615
test_02056,81.78956999629736
test_02057,10.539313614368439
test_02058,71.07679376006126
test_02059,197.95724174380302
test_02060,268.24578762054443
test_02061,27.515860265120864
test_02062,55.50783148035407
test_02063,34.89866364374757
test_02064,129.21979919075966
test_02065,61.323414135724306
test_02066,10.05588448047638
test_02067,18.05732747167349
test_02068,18.323226494714618
test_02069,11.111768214032054
test_02070,28.787032641470432
test_02071,12.621873285621405
test_02072,8.355754172429442
test_02073,56.0368365123868
test_02074,69.38799335807562
test_02075,7.433233145624399
test_02076,13.28955963626504
test_02077,87.70813761651516
test_02078,86.26355509459972
test_02079,15.442390352487564
test_02080,8.880504686385393
test_02081,49.410332683473825
test_02082,54.60930920392275
test_02083,35.663507513701916
test_02084,77.70330873131752
test_02085,45.56838957965374
test_02086,44.888632357120514
test_02087,79.61604794859886
test_02088,16.34009552374482
test_02089,19.226010717451572
test_02090,22.198169505223632
test_02091,49.54402223229408
test_02092,64.45217298716307
test_02093,36.686285488307476
test_02094,18.19327148795128
test_02095,32.39500139281154
test_02096,62.75731857866049
test_02097,66.26661445200443
test_02098,58.068832229822874
test_02099,66.53783394396305
test_02100,38.632117465138435
test_02101,132.60616530478
test_02102,174.36184419691563
test_02103,37.66000743955374
test_02104,8.835948312655091
test_02105,57.83634723722935
test_02106,53.969155583530664
test_02107,27.168213583528996
test_02108,28.052627796307206
test_02109,52.37659902870655
test_02110,24.079563453793526
test_02111,79.77066653221846
test_02112,112.58719996362925
test_02113,13.582950534299016
test_02114,29.918134620413184
test_02115,65.0952570438385
test_02116,14.041129261255264
test_02117,23.374368261545897
test_02118,68.51579301059246
test_02119,100.08624105155468
test_02120,75.72531995177269
test_02121,50.55767462775111
test_02122,33.90202189236879
test_02123,56.292798422276974
test_02124,13.543469497933984
test_02125,8.71958882175386
test_02126,11.784611612558365
test_02127,60.599785793572664
test_02128,57.9367434643209
test_02129,16.940197991207242
test_02130,73.03710335493088
test_02131,31.70415011048317
test_02132,31.856590365990996
test_02133,50.82351979613304
test_02134,50.39914508163929
test_02135,90.59238517284393
test_02136,52.039272014051676
test_02137,52.60042642056942
test_02138,66.4196656793356
test_02139,76.21934174001217
test_02140,41.13296441733837
test_02141,7.64110841602087
test_02142,48.407183803617954
test_02143,18.714677441865206
test_02144,37.91301291435957
test_02145,12.482946835458279
test_02146,15.625574190169573
test_02147,18.219868261367083
test_02148,19.0481269210577
test_02149,58.25116182118654
test_02150,80.35419847816229
test_02151,110.08531305938959
test_02152,40.279854618012905
test_02153,33.22365003451705
test_02154,6.523356821388006
test_02155,14.074857134371996
test_02156,75.81008347123861
test_02157,67.44992388039827
test_02158,36.679707791656256
test_02159,113.99182604253292
test_02160,32.91050190478563
test_02161,13.70689981803298
test_02162,47.032619766891
test_02163,62.16988681256771
test_02164,39.59465993195772
test_02165,91.60649440437555
test_02166,104.41293179988861
test_02167,64.95988500118256
test_02168,43.73846768587828
test_02169,123.88442181795835
test_02170,102.69735263288021
test_02171,86.1757460013032
test_02172,10.145372353494167
test_02173,36.93381264433265
test_02174,32.88728868961334
test_02175,20.181325517594814
test_02176,43.27171863988042
test_02177,86.37598876655102
test_02178,69.1578816846013
test_02179,6.435471588745713
test_02180,12.358193445950747
test_02181,76.46223739534616
test_02182,104.00111079216003
test_02183,104.7565393820405
test_02184,32.26576321013272
test_02185,25.990287763997912
test_02186,26.127067456021905
test_02187,173.43442982435226
test_02188,41.600924264639616
test_02189,32.606704058125615
test_02190,48.48782465606928
test_02191,31.53739937208593
test_02192,61.263813741505146
test_02193,66.82619778811932
test_02194,103.72593948245049
test_02195,16.872740387916565
test_02196,19.711493756622076
test_02197,28.555338755249977
test_02198,127.55743585526943
test_02199,116.59077018499374
test_02200,11.625253818929195
test_02201,16.2206923160702
test_02202,11.084478758275509
test_02203,11.081251192837954
test_02204,23.89662103354931
test_02205,52.45010878145695
test_02206,51.56441877037287
test_02207,19.80797530710697
test_02208,42.88075238466263
test_02209,63.7173985876143
test_02210,46.24125711992383
test_02211,64.32716332376003
test_02212,93.63074619323015
test_02213,5.685216760262847
test_02214,11.939843025058508
test_02215,9.999849636107683
test_02216,11.476042985916138
test_02217,16.776429686695337
test_02218,18.434987911954522
test_02219,8.106635518372059
test_02220,12.350412376224995
test_02221,12.434412645176053
test_02222,110.89614138007164
test_02223,32.19704837910831
test_02224,13.265570171177387
test_02225,38.01606473326683
test_02226,13.357841772958636
test_02227,9.391633685678244
test_02228,11.170726066455245
test_02229,19.34217150323093
test_02230,29.138866987079382
test_02231,107.11656939983368
test_02232,86.09228985011578
test_02233,48.855492271482944
test_02234,22.633903838694096
test_02235,16.775462159886956
test_02236,10.142311923205853
test_02237,17.83539427816868
test_02238,80.73268902301788
test_02239,131.4892419576645
test_02240,17.115602616220713
test_02241,134.40381154417992
test_02242,22.66602721437812
test_02243,6.418789643794298
test_02244,7.538333298638463
test_02245,18.77921760827303
test_02246,195.62222257256508
test_02247,145.84604728221893
test_02248,46.50338817387819
test_02249,32.94582127593458
test_02250,76.45113219320774
test_02251,81.38575661927462
test_02252,43.51468114927411
test_02253,13.924714058637619
test_02254,62.6079963222146
test_02255,120.41905649006367
test_02256,71.58550115674734
test_02257,105.37638793885708
test_02258,148.51212775707245
test_02259,252.33196610212326
test_02260,97.16555803269148
test_02261,67.6969199180603
test_02262,56.86283327639103
test_02263,177.22245512902737
test_02264,116.94801599532366
test_02265,33.434310890734196
test_02266,8.110240066424012
test_02267,17.794292030856013
test_02268,23.01956633850932
test_02269,7.021051868796349
test_02270,35.90847935900092
test_02271,3.265521351248026
test_02272,31.007567949593067
test_02273,9.404995212331414
test_02274,8.308367643505335
test_02275,69.83954053372145
test_02276,135.1257462501526
test_02277,298.03482753038406
test_02278,214.72513130307198
test_02279,160.046889513731
test_02280,69.66465774178505
test_02281,18.2710691858083
test_02282,45.374639086425304
test_02283,162.1004976630211
test_02284,69.60705182701349
test_02285,60.249399952590466
test_02286,54.807501778006554
test_02287,56.556244272738695
test_02288,14.346111910417676
test_02289,65.13155137002468
test_02290,126.31652051210403
test_02291,171.74064508080482
test_02292,26.33606810308993
test_02293,47.86006132140756
test_02294,8.937570197507739
test_02295,10.971636533737183
test_02296,10.44130927696824
test_02297,80.05975091457367
test_02298,94.61344887316227
test_02299,214.61935332417488
test_02300,33.340860057622194
test_02301,52.105008125305176
test_02302,85.90142150968313
test_02303,7.36574025824666
test_02304,34.401488572359085
test_02305,66.24019224196672
test_02306,277.07129603624344
test_02307,102.9551344588399
test_02308,16.8943156786263
test_02309,46.247734535485506
test_02310,134.23936541378498
test_02311,12.22497558966279
test_02312,17.462441477924585
test_02313,45.59969213604927
test_02314,193.01865807175636
test_02315,13.129375452175736
test_02316,11.49473612383008
test_02317,11.33621772006154
test_02318,24.485889429226518
test_02319,68.74688521027565
test_02320,104.89132459461689
test_02321,75.85318948328495
test_02322,387.6056590080261
test_02323,403.0655563175678
test_02324,8.97651083022356
test_02325,37.95738172531128
test_02326,137.44571582973003
test_02327,149.07530635595322
test_02328,19.23004424571991
test_02329,58.49176958203316
test_02330,23.62271623685956
test_02331,42.87774023786187
test_02332,125.5780059993267
test_02333,296.17262998223305
test_02334,288.979400575161
test_02335,146.7752147167921
test_02336,81.79452462494373
test_02337,243.82949650287628
test_02338,128.5324651747942
test_02339,140.1609266102314
test_02340,32.611008716747165
test_02341,13.940907597541809
test_02342,6.508418653160334
test_02343,51.457964822649956
test_02344,20.42376433685422
test_02345,14.392417632043362
test_02346,11.683401994407177
test_02347,87.55434356629848
test_02348,136.90929371118546
test_02349,153.40462669730186
test_02350,42.46534725651145
test_02351,7.251611093059182
test_02352,41.03182165324688
test_02353,11.873598080128431
test_02354,14.522131221368909
test_02355,23.607893206179142
test_02356,83.8312484100461
test_02357,185.07550439238548
test_02358,6.450855450704694
test_02359,222.10053059458733
test_02360,6.597858242690563
test_02361,13.193133797496557
test_02362,65.80727506428957
test_02363,8.464371591806412
test_02364,32.34226468205452
test_02365,51.73730708286166
test_02366,231.52282291650772
test_02367,10.794878114014864
test_02368,8.019623102620244
test_02369,84.36019030213356
test_02370,8.284712448716164
test_02371,9.183769557625055
test_02372,11.057298868894577
test_02373,124.1436670050025
test_02374,88.79959699511528
test_02375,123.92221664637327
test_02376,211.44259697198868
test_02377,235.0099752396345
test_02378,5.062714468687773
test_02379,31.39965958148241
test_02380,110.0879277959466
test_02381,7.61822947114706
test_02382,21.416370702907443
test_02383,93.78347800672054
test_02384,16.310807874426246
test_02385,21.906949507072568
test_02386,33.9047851935029
test_02387,20.782724210992455
test_02388,54.678941421210766
test_02389,11.998067339882255
test_02390,204.69210486114025
test_02391,125.78854428976774
test_02392,399.0494695305824
test_02393,55.98583800718188
test_02394,50.95352865755558
test_02395,116.02044562995434
test_02396,7.091283915564418
test_02397,3.5589716751128435
test_02398,8.579887978732586
test_02399,19.794320365414023
test_02400,90.74819227308035
test_02401,9.154409483075142
test_02402,118.95276868343353
test_02403,258.15581637620926
test_02404,275.5090503692627
test_02405,55.48578078299761
test_02406,44.90612955018878
test_02407,49.47636592388153
test_02408,125.62253823131323
test_02409,51.861830197274685
test_02410,9.823910178616643
test_02411,28.354642868041992
test_02412,30.951893374323845
test_02413,10.182435501366854
test_02414,48.84510760754347
test_02415,10.739463526755571
test_02416,8.762845255434513
test_02417,112.21395374834538
test_02418,84.44839309155941
test_02419,5.518976712599397
test_02420,19.161203134804964
test_02421,66.22463010251522
test_02422,83.56132142990828
test_02423,98.45835955440998
test_02424,22.07546816393733
test_02425,16.31899192556739
test_02426,56.862747851759195
test_02427,58.53513929620385
test_02428,37.64522526413202
test_02429,83.84837790578604
test_02430,64.05739976465702
test_02431,39.43615638464689
test_02432,82.96369813382626
test_02433,10.342532403767109
test_02434,14.862282820045948
test_02435,31.23111678287387
test_02436,60.438582085072994
test_02437,75.3321437984705
test_02438,47.02774313464761
test_02439,28.41719226911664
test_02440,65.64447057247162
test_02441,64.4905620738864
test_02442,76.29135841876268
test_02443,91.04531399905682
test_02444,97.95166520774364
test_02445,61.39940491691232
test_02446,134.53915387392044
test_02447,190.36312568187714
test_02448,44.97882591187954
test_02449,8.298502955585718
test_02450,26.942417711019516
test_02451,45.72887646406889
test_02452,18.129527999088168
test_02453,27.259801788255572
test_02454,172.94357246160507
test_02455,20.997984997928143
test_02456,39.8486013635993
test_02457,140.84545275568962
test_02458,16.857061253860593
test_02459,33.763633988797665
test_02460,55.50741921365261
test_02461,38.094826243817806
test_02462,42.54684978350997
test_02463,48.50115089863539
test_02464,73.88295577466488
test_02465,122.54190316051245
test_02466,85.91517858952284
test_02467,73.8908816948533
test_02468,79.68119351565838
test_02469,45.00954535230994
test_02470,9.03679833561182
test_02471,16.612730093300343
test_02472,79.6042370647192
test_02473,33.267064318060875
test_02474,8.118916237726808
test_02475,93.40034481883049
test_02476,39.340272806584835
test_02477,28.74117075651884
test_02478,43.36071253567934
test_02479,89.37960796058178
test_02480,69.42279461026192
test_02481,63.50514809042215
test_02482,125.35975720733404
test_02483,86.98526695370674
test_02484,170.58603090047836
test_02485,41.78228818625212
test_02486,9.108796443790197
test_02487,55.41215217858553
test_02488,67.62941960245371
test_02489,62.87312466651201
test_02490,14.716592967510223
test_02491,28.578407119959593
test_02492,33.46388266980648
test_02493,44.33779947459698
test_02494,118.4773323237896
test_02495,81.46918305754662
test_02496,172.8038029074669
test_02497,59.014427192509174
test_02498,132.406033962965
test_02499,9.220726853236556
test_02500,14.702941739931703
test_02501,26.22343015484512
test_02502,69.94051244854927
test_02503,90.146483451128
test_02504,110.74874303489923
test_02505,50.354950834065676
test_02506,36.4549927264452
test_02507,42.41043407469988
test_02508,129.52140013873577
test_02509,58.09649123996496
test_02510,91.19689443707466
test_02511,75.70600655674934
test_02512,62.44745001196861
test_02513,71.23244486749172
test_02514,115.66257584840059
test_02515,84.85128536820412
test_02516,67.56793615221977
test_02517,20.646442210301757
test_02518,59.18654668331146
test_02519,33.70477641746402
test_02520,30.277764892205596
test_02521,88.62773749232292
test_02522,96.66840896010399
test_02523,95.85681553184986
test_02524,1.7627757973968983
test_02525,30.971399903297424
test_02526,64.54674176871777
test_02527,133.46177841722965
test_02528,122.67488331347704
test_02529,23.11598103493452
test_02530,40.406825333833694
test_02531,20.829728186130524
test_02532,125.05697517096996
test_02533,116.74735724925995
test_02534,32.106845539063215
test_02535,53.858850099146366
test_02536,167.0310588479042
test_02537,88.98393592238426
test_02538,105.91876006871462
test_02539,72.73738917708397
test_02540,138.6113386452198
test_02541,22.494334846735
test_02542,46.020932137966156
test_02543,62.360725440084934
test_02544,71.84225788712502
test_02545,85.17981364578009
test_02546,53.5929863601923
test_02547,26.925633627921343
test_02548,13.659747278317809
test_02549,13.303435567766428
test_02550,30.150953883305192
test_02551,87.67469573020935
test_02552,57.188041135668755
test_02553,29.670809883624315
test_02554,67.89511992037296
test_02555,62.94530848041177
test_02556,41.657657362520695
test_02557,85.96158273518085
test_02558,101.54630400240421
test_02559,5.663589471951127
test_02560,35.79628339037299
test_02561,14.160770172253251
test_02562,25.160498889163136
test_02563,44.926787454634905
test_02564,27.243461541831493
test_02565,8.037567846477032
test_02566,10.747692147269845
test_02567,11.512188747525215
test_02568,129.53034372627735
test_02569,37.516724333167076
test_02570,9.117316622287035
test_02571,40.44303052127361
test_02572,7.4310195334255695
test_02573,5.303019529208541
test_02574,9.826680907979608
test_02575,30.961832344532013
test_02576,45.54317817091942
test_02577,65.46750044822693
test_02578,56.1178784891963
test_02579,158.20406478643417
test_02580,30.003167413175106
test_02581,21.764611642807722
test_02582,11.411824090406299
test_02583,40.36447700113058
test_02584,58.914777502417564
test_02585,90.09508010745049
test_02586,119.7781637609005
test_02587,29.97887710481882
test_02588,192.92176425457
test_02589,35.215381037443876
test_02590,8.334823280572891
test_02591,5.83383147791028
test_02592,46.68063314259052
test_02593,84.85730966180563
test_02594,216.7936850488186
test_02595,187.90458992123604
test_02596,95.29128961265087
test_02597,39.90627784654498
test_02598,59.98058349266648
test_02599,55.7979149594903
test_02600,45.65004809945822
test_02601,14.607045162469149
test_02602,53.38406742364168
test_02603,157.1190531104803
test_02604,53.41983434557915
test_02605,134.43236565589905
test_02606,261.79431143403053
test_02607,115.74343954771757
test_02608,100.62485449761152
test_02609,45.643429547548294
test_02610,149.5460480749607
test_02611,39.95719092711806
test_02612,45.52331508696079
test_02613,9.728076741099358
test_02614,24.957791808992624
test_02615,57.5734102204442
test_02616,108.36292220652103
test_02617,3.992711529135704
test_02618,66.30565722286701
test_02619,4.805744176730514
test_02620,27.592709006741643
test_02621,11.93255964666605
test_02622,10.170691471546888
test_02623,72.25137501955032
test_02624,155.21800592541695
test_02625,301.87967878580093
test_02626,259.95588421821594
test_02627,113.53929091244936
test_02628,106.6291364505887
test_02629,10.622342642396688
test_02630,90.21453345566988
test_02631,227.04440316557884
test_02632,33.531108140945435
test_02633,64.18063036724925
test_02634,59.64413672313094
test_02635,22.126815795898438
test_02636,15.838353948667645
test_02637,93.78731097280979
test_02638,64.27331609278917
test_02639,182.57930751144886
test_02640,21.125579684972763
test_02641,73.8737299144268
test_02642,6.734013963490725
test_02643,8.63904825039208
test_02644,12.709123404696584
test_02645,85.19559863209724
test_02646,203.50948625802994
test_02647,255.3970613181591
test_02648,15.74211752973497
test_02649,150.08700141310692
test_02650,114.41350430995226
test_02651,8.232395432889462
test_02652,123.58798348903656
test_02653,226.5091844201088
test_02654,515.6794371008873
test_02655,67.69839813560247
test_02656,42.059598825871944
test_02657,127.91336686909199
test_02658,218.05236871540546
test_02659,7.407030068337917
test_02660,22.14282920025289
test_02661,181.97855693101883
test_02662,222.5703660696745
test_02663,10.189052196219563
test_02664,10.985176337882876
test_02665,7.896838193759322
test_02666,88.71840645372868
test_02667,261.5496850013733
test_02668,205.33620658516884
test_02669,254.62431752681732
test_02670,376.2953783273697
test_02671,396.5065193772316
test_02672,9.521280420944095
test_02673,89.69951206445694
test_02674,140.01699724793434
test_02675,191.25084359943867
test_02676,13.77149198204279
test_02677,135.33765876293182
test_02678,11.641205940395594
test_02679,381.25351309776306
test_02680,357.29444432258606
test_02681,115.85348875820637
test_02682,340.58550518751144
test_02683,504.8330344557762
test_02684,253.8900222480297
test_02685,236.82473611831665
test_02686,165.06516322493553
test_02687,17.135159285739064
test_02688,9.848616467788815
test_02689,7.832324026152492
test_02690,27.82772145420313
test_02691,58.11084257811308
test_02692,8.017909038811922
test_02693,29.524159932509065
test_02694,70.80181558430195
test_02695,135.20139533281326
test_02696,174.6076740026474
test_02697,63.09841913357377
test_02698,6.149254502728581
test_02699,70.89394047856331
test_02700,8.928268197923899
test_02701,24.32840354926884
test_02702,133.78567890822887
test_02703,196.5968953371048
test_02704,318.6953467130661
test_02705,9.293035089969635
test_02706,295.620029181242
test_02707,8.074298581108451
test_02708,6.742268582805991
test_02709,95.91178442537785
test_02710,5.404418567195535
test_02711,39.969109520316124
test_02712,72.7572522610426
test_02713,276.9963897764683
test_02714,6.599628018215299
test_02715,9.283142546191812
test_02716,47.57636611908674
test_02717,5.295552302151918
test_02718,8.20016434788704
test_02719,8.896235818043351
test_02720,80.90160694718361
test_02721,132.7329057455063
test_02722,173.8896019756794
test_02723,250.23218408226967
test_02724,291.30621898174286
test_02725,4.62471266835928
test_02726,86.40776672959328
test_02727,181.0373111963272
test_02728,8.176928848028183
test_02729,47.433550991117954
test_02730,15.159727673977613
test_02731,35.412210531532764
test_02732,17.077155960723758
test_02733,21.19341055676341
test_02734,90.82470303028822
test_02735,6.162695882841945
test_02736,202.57173179090023
test_02737,411.7774128317833
test_02738,39.550606820732355
test_02739,34.5445636883378
test_02740,119.46845118701458
test_02741,6.675238102674484
test_02742,6.2691331170499325
test_02743,12.287261288613081
test_02744,8.524772377684712
test_02745,205.3934633731842
test_02746,74.19272777438164
test_02747,318.8875298500061
test_02748,261.74703818559647
test_02749,41.639279924333096
test_02750,48.052998423576355
test_02751,40.40324492752552
test_02752,127.31243801116943
test_02753,61.114331778138876
test_02754,10.496125891804695
test_02755,39.59545475244522
test_02756,59.72079975903034
test_02757,18.331377118825912
test_02758,57.96721777319908
test_02759,13.037582971155643
test_02760,9.147961780428886
test_02761,107.04025177657604
test_02762,119.30711005628109
test_02763,13.32689948566258
test_02764,24.95099126547575
test_02765,74.33582517504692
test_02766,81.66305983066559
test_02767,59.50079419091344
test_02768,10.2310532592237
test_02769,86.3585250005126
test_02770,57.12013226747513
test_02771,45.77091281116009
test_02772,103.61432291567326
test_02773,17.369178207591176
test_02774,34.16732108592987
test_02775,102.95214088261127
test_02776,18.530301373451948
test_02777,28.04185500741005
test_02778,56.90644069388509
test_02779,73.09409272670746
test_02780,30.01616309955716
test_02781,12.298134358599782
test_02782,50.53196181356907
test_02783,56.25767032802105
test_02784,66.29886782169342
test_02785,83.97136709094048
test_02786,71.54876856505871
test_02787,53.36056822165847
test_02788,163.76968011260033
test_02789,204.63420924544334
test_02790,6.192046672105789
test_02791,43.258292116224766
test_02792,14.95764827914536
test_02793,14.081650249660015
test_02794,52.594587832689285
test_02795,17.448853390291333
test_02796,34.901764929294586
test_02797,127.88396593928337
test_02798,18.16662271693349
test_02799,34.455075815320015
test_02800,69.001658603549
test_02801,27.27458953484893
test_02802,44.23662328347564
test_02803,49.036703914403915
test_02804,85.56794603168964
test_02805,100.84090453386307
test_02806,56.51376223191619
test_02807,37.934785053133965
test_02808,61.95810429379344
test_02809,21.965262960642576
test_02810,13.285767525434494
test_02811,11.339616134762764
test_02812,95.24758191406727
test_02813,48.28531628102064
test_02814,11.749515088275075
test_02815,82.21282304823399
test_02816,37.29765100777149
test_02817,24.373505897819996
test_02818,39.10990857332945
test_02819,71.45485346764326
test_02820,98.31637638807297
test_02821,48.20890209078789
test_02822,145.70918959379196
test_02823,79.49354159832001
test_02824,167.1456467062235
test_02825,40.7381874807179
test_02826,6.251108519732952
test_02827,65.03235480189323
test_02828,38.48400600999594
test_02829,54.7847788259387
test_02830,14.142545012757182
test_02831,15.838938921689987
test_02832,24.42632989026606
test_02833,21.948488162830472
test_02834,74.98480724543333
test_02835,81.77735055983067
test_02836,136.56673350930214
test_02837,48.76340451836586
test_02838,160.53649893403053
test_02839,11.944420671090484
test_02840,21.503264266997576
test_02841,69.14832155406475
test_02842,97.70598396658897
test_02843,65.29536610096693
test_02844,96.01593562215567
test_02845,41.75160588696599
test_02846,12.945123806595802
test_02847,92.9877809882164
test_02848,121.51603504270315
test_02849,112.13001476228237
test_02850,39.94345984607935
test_02851,52.86059642210603
test_02852,131.49188640713692
test_02853,88.60900349915028
test_02854,89.46992036700249
test_02855,15.129788197577
test_02856,35.69526690617204
test_02857,35.693836972117424
test_02858,24.139340268447995
test_02859,70.8129504993558
test_02860,76.91313088685274
test_02861,6.872515147551894
test_02862,20.83128254301846
test_02863,73.64268228411674
test_02864,76.59922879189253
test_02865,111.0893421843648
test_02866,35.9539215490222
test_02867,48.11811799183488
test_02868,26.05003857985139
test_02869,94.83840535581112
test_02870,174.66616387665272
test_02871,39.46242260187864
test_02872,49.45336441323161
test_02873,71.77010007202625
test_02874,101.54355555772781
test_02875,162.40220260620117
test_02876,68.7455184161663
test_02877,104.54031849652529
test_02878,19.3706364762038
test_02879,18.774656675755978
test_02880,39.82185973972082
test_02881,88.18382653594017
test_02882,98.80839255452156
test_02883,52.74626483768225
test_02884,21.06698395870626
test_02885,9.44437039643526
test_02886,15.71163022145629
test_02887,40.40037391707301
test_02888,65.38778069615364
test_02889,36.44728222489357
test_02890,22.690716790035367
test_02891,26.590627934783697
test_02892,53.538719434291124
test_02893,82.80113877356052
test_02894,74.610610216856
test_02895,147.8351041227579
test_02896,8.497832048684359
test_02897,23.014322008937597
test_02898,8.43661230057478
test_02899,12.242448640987277
test_02900,19.7574949208647
test_02901,27.37264029867947
test_02902,12.60043541714549
test_02903,12.604415090754628
test_02904,11.588354092091322
test_02905,27.215458976104856
test_02906,14.006394863128662
test_02907,34.8232039809227
test_02908,10.13506568595767
test_02909,9.574033845216036
test_02910,9.092060644179583
test_02911,20.71533160470426
test_02912,32.55727105215192
test_02913,90.57582765072584
test_02914,152.84501364827156
test_02915,21.76587258465588
test_02916,14.177855098620057
test_02917,11.495573656633496
test_02918,27.484780555590987
test_02919,38.20112419873476
test_02920,67.45976628363132
test_02921,116.62904042005539
test_02922,18.70621297508478
test_02923,176.61825785040855
test_02924,23.396461671218276
test_02925,10.675777606666088
test_02926,7.749278284609318
test_02927,31.24333064816892
test_02928,76.26564931869507
test_02929,211.47354297339916
test_02930,162.1766518652439
test_02931,37.06043794751167
test_02932,55.42459446191788
test_02933,79.95788018405437
test_02934,86.43165591359138
test_02935,76.95232965052128
test_02936,18.491002328693867
test_02937,41.704269498586655
test_02938,143.98319604992867
test_02939,84.44748684763908
test_02940,115.18208829313517
test_02941,193.3593760728836
test_02942,174.42485043406487
test_02943,134.69881622493267
test_02944,75.84452074021101
test_02945,51.35404761508107
test_02946,154.32874293625355
test_02947,85.62194925546646
test_02948,31.644781848415732
test_02949,8.814248599112034
test_02950,18.997232411056757
test_02951,38.192492596805096
test_02952,59.14612969011068
test_02953,4.988595601171255
test_02954,3.931020088493824
test_02955,24.111066572368145
test_02956,21.30687303841114
test_02957,8.449808549135923
test_02958,75.39052224904299
test_02959,131.2200726568699
test_02960,287.170478284359
test_02961,154.97015564143658
test_02962,112.58767537027597
test_02963,87.2422242462635
test_02964,9.548458453267813
test_02965,77.40354255586863
test_02966,159.38923870027065
test_02967,91.77169078588486
test_02968,47.26094866544008
test_02969,57.5950746499002
test_02970,59.445305321365595
test_02971,13.55800654180348
test_02972,79.27371802181005
test_02973,125.40899893641472
test_02974,163.09595461189747
test_02975,40.84171099215746
test_02976,64.7206737473607
test_02977,9.09984914213419
test_02978,8.627146370708942
test_02979,11.64230346120894
test_02980,83.04951646178961
test_02981,139.04868304729462
test_02982,210.0807500630617
test_02983,13.803132522851229
test_02984,68.1729579642415
test_02985,110.97141905128956
test_02986,9.634843183681369
test_02987,59.63567225635052
test_02988,131.03135107457638
test_02989,473.768478512764
test_02990,252.52729880809784
test_02991,54.37381949275732
test_02992,42.16604905948043
test_02993,131.90253375470638
test_02994,13.22287642583251
test_02995,17.24279803596437
test_02996,61.532147366553545
test_02997,190.2520885169506
test_02998,10.04217011295259
test_02999,7.934759302064776
test_03000,8.803106255829334
test_03001,43.84879916906357
test_03002,215.31202080845833
test_03003,103.12838304042816
test_03004,81.45336093008518
test_03005,375.5185638666153
test_03006,433.00102147459984
test_03007,11.77845361083746
test_03008,51.22660520672798
test_03009,132.21604958176613
test_03010,181.25983121991158
test_03011,11.214678896591067
test_03012,119.77095837891102
test_03013,10.113410541787744
test_03014,155.75783017277718
test_03015,211.61711578071117
test_03016,376.32818138599396
test_03017,348.3364163041115
test_03018,194.7907363474369
test_03019,418.98903453350067
test_03020,273.93075972795486
test_03021,248.48267276585102
test_03022,173.38677030801773
test_03023,25.367915466427803
test_03024,12.306253412738442
test_03025,11.364483987912536
test_03026,41.63869680836797
test_03027,25.90685575455427
test_03028,9.083072487264872
test_03029,30.02320691756904
test_03030,63.0911877527833
test_03031,122.43804166465998
test_03032,200.50173696875572
test_03033,89.4391080737114
test_03034,7.1590386480093
test_03035,94.09457223117352
test_03036,15.11630967631936
test_03037,16.334392501041293
test_03038,95.36603987962008
test_03039,139.6454520970583
test_03040,253.71480518579483
test_03041,9.745169095695019
test_03042,498.2064006328583
test_03043,7.598956931382418
test_03044,9.491047529503703
test_03045,92.04538387805223
test_03046,8.182349598035216
test_03047,25.524121833965182
test_03048,80.38562731444836
test_03049,277.6084461212158
test_03050,8.632169710472226
test_03051,15.123054508119822
test_03052,100.73855839669704
test_03053,8.237255351617932
test_03054,8.196946067735553
test_03055,10.483429191634059
test_03056,67.25765903294086
test_03057,162.6387174129486
test_03058,185.0994084328413
test_03059,273.6364235877991
test_03060,266.1641601920128
test_03061,7.086674699559808
test_03062,73.00944063067436
test_03063,151.32522773742676
test_03064,7.466697316616774
test_03065,76.74436895549297
test_03066,81.79104078561068
test_03067,18.831839181482792
test_03068,20.876880725845695
test_03069,14.739325204864144
test_03070,18.12632828950882
test_03071,103.66593424975872
test_03072,10.258028872311115
test_03073,185.04287961125374
test_03074,140.47326877713203
test_03075,68.97947791218758
test_03076,48.305840477347374
test_03077,116.39346899837255
test_03078,7.937199475243688
test_03079,4.963859599083662
test_03080,11.707263322547078
test_03081,12.600244140252471
test_03082,96.24599529802799
test_03083,8.839164735749364
test_03084,96.72807249426842
test_03085,290.63244891166687
test_03086,273.2289703786373
test_03087,63.302212592214346
test_03088,41.62243641540408
test_03089,49.97901188582182
test_03090,121.26794705539942
test_03091,60.78415071964264
test_03092,8.557114886119962
test_03093,32.682262144982815
test_03094,32.88156523928046
test_03095,14.586138412356377
test_03096,54.586556538939476
test_03097,12.66086963005364
test_03098,10.191304806619883
test_03099,116.88406637310982
test_03100,68.13036449998617
test_03101,7.9388968255370855
test_03102,12.06036975234747
test_03103,102.5516776368022
test_03104,132.3386005014181
test_03105,112.14145423471928
test_03106,30.57466934248805
test_03107,24.219994120299816
test_03108,74.35008737444878
test_03109,76.74024628847837
test_03110,45.76882176473737
test_03111,76.35404524207115
test_03112,66.88338029384613
test_03113,37.12706916034222
test_03114,99.98205271363258
test_03115,15.213024287484586
test_03116,32.093307591974735
test_03117,68.01715829223394
test_03118,88.92170964926481
test_03119,12.204963941127062
test_03120,44.8981962017715
test_03121,50.60795630887151
test_03122,62.579360499978065
test_03123,66.66360128670931
test_03124,97.65882214158773
test_03125,56.82702178508043
test_03126,163.97856190800667
test_03127,28.447328593581915
test_03128,8.273282261565328
test_03129,12.079509512521327
test_03130,48.223907113075256
test_03131,20.616887144744396
test_03132,23.77342942915857
test_03133,61.388737980276346
test_03134,20.25123257935047
test_03135,41.59225180745125
test_03136,106.5723327845335
test_03137,24.732495484873652
test_03138,39.6827995814383
test_03139,52.355194587260485
test_03140,41.05548056215048
test_03141,43.73609808087349
test_03142,46.96703593432903
test_03143,70.39067797362804
test_03144,99.2428696602583
test_03145,77.94353765249252
test_03146,78.02199460566044
test_03147,79.90190105140209
test_03148,45.48266039043665
test_03149,9.755410766229033
test_03150,24.291149124503136
test_03151,77.77355749160051
test_03152,38.76569930464029
test_03153,16.071629119105637
test_03154,94.27793063223362
test_03155,38.00022774934769
test_03156,31.906937044113874
test_03157,47.70704352110624
test_03158,86.73030785471201
test_03159,64.27463088929653
test_03160,85.71615405380726
test_03161,118.14893032610416
test_03162,86.89515510946512
test_03163,195.62002381682396
test_03164,41.8315039165318
test_03165,9.0548229329288
test_03166,66.78168784081936
test_03167,85.34111020714045
test_03168,55.14029385894537
test_03169,19.57685710862279
test_03170,30.158289259299636
test_03171,44.51953109353781
test_03172,48.93963181972504
test_03173,102.70518198609352
test_03174,98.43135794252157
test_03175,174.3518160879612
test_03176,65.70686769485474
test_03177,126.14074633270502
test_03178,7.632298536598682
test_03179,27.30221511796117
test_03180,67.10190393030643
test_03181,99.93711935728788
test_03182,112.87190911918879
test_03183,65.65467695891857
test_03184,30.34817150235176
test_03185,38.86866198480129
test_03186,102.195984326303
test_03187,59.17638486623764
test_03188,91.17982436716557
test_03189,76.90041375905275
test_03190,75.83564400672913
test_03191,69.09976322203875
test_03192,113.29251772165298
test_03193,88.91835951805115
test_03194,61.59523160010576
test_03195,32.31089341454208
test_03196,44.19814134389162
test_03197,32.806439846754074
test_03198,35.878008764237165
test_03199,99.82637932151556
test_03200,100.28910598158836
test_03201,104.11185825616121
test_03202,3.9503613393753767
test_03203,31.699674602597952
test_03204,62.327573254704475
test_03205,155.8831889629364
test_03206,119.63694570213556
test_03207,26.73553225211799
test_03208,49.46989593654871
test_03209,21.22792210802436
test_03210,91.17810101807117
test_03211,120.76270121335983
test_03212,43.51642306894064
test_03213,64.15271508321166
test_03214,149.51847448945045
test_03215,89.21986389905214
test_03216,92.06289964169264
test_03217,83.01883044838905
test_03218,129.8301024734974
test_03219,21.279934566468
test_03220,61.4223878569901
test_03221,69.36208369582891
test_03222,75.35537929832935
test_03223,57.33037342876196
test_03224,31.966036032885313
test_03225,19.584365190938115
test_03226,10.695412272587419
test_03227,31.967347115278244
test_03228,94.4975016489625
test_03229,60.23632998391986
test_03230,34.836671359837055
test_03231,66.6111357063055
test_03232,70.00754478573799
test_03233,35.56954413279891
test_03234,90.77182889729738
test_03235,118.8038029819727
test_03236,7.199167797341943
test_03237,32.14378983527422
test_03238,10.948599739000201
test_03239,26.127500150352716
test_03240,50.560189083218575
test_03241,35.42229063808918
test_03242,9.220624715089798
test_03243,17.93388145044446
test_03244,15.612402083352208
test_03245,121.62658194452524
test_03246,37.517337162047625
test_03247,17.217473346740007
test_03248,43.394756108522415
test_03249,7.992615919560194
test_03250,7.817092442885041
test_03251,12.64900117740035
test_03252,30.543233077973127
test_03253,33.67661228775978
test_03254,59.03245550394058
test_03255,81.51137539744377
test_03256,136.80795781314373
test_03257,28.14571650326252
test_03258,30.179645417258143
test_03259,14.863083211705089
test_03260,18.505738077685237
test_03261,54.5498722307384
test_03262,90.72538761049509
test_03263,93.75352738797665
test_03264,40.883446495980024
test_03265,196.50722175836563
test_03266,39.73903498798609
test_03267,11.347677620127797
test_03268,5.947546519339085
test_03269,51.43651581183076
test_03270,89.51249897480011
test_03271,215.8495868742466
test_03272,200.92101591825485
test_03273,103.72062087059021
test_03274,45.405607372522354
test_03275,56.49876092374325
test_03276,52.80259309709072
test_03277,47.80099204555154
test_03278,20.80482504889369
test_03279,50.321906358003616
test_03280,125.46719168126583
test_03281,59.67602610960603
test_03282,123.86036178469658
test_03283,212.57293570041656
test_03284,144.1974410265684
test_03285,127.70684725046158
test_03286,100.34214353561401
test_03287,52.1551189571619
test_03288,164.39209140837193
test_03289,47.14704420417547
test_03290,47.738071233034134
test_03291,10.048216691240668
test_03292,20.43042560108006
test_03293,57.703489650040865
test_03294,123.46875298768282
test_03295,7.983534909784794
test_03296,67.36361528933048
test_03297,5.877466751262546
test_03298,25.65154752880335
test_03299,20.45239644497633
test_03300,9.361226230859756
test_03301,70.0456070303917
test_03302,137.22113075852394
test_03303,249.8762530684471
test_03304,215.28357069194317
test_03305,117.34941519796848
test_03306,106.14961456507444
test_03307,13.390046859160066
test_03308,85.93390515446663
test_03309,192.83004048466682
test_03310,114.54606105387211
test_03311,60.67349982261658
test_03312,57.39114748314023
test_03313,34.50001659989357
test_03314,17.199562029913068
test_03315,84.63683240115643
test_03316,66.80429936945438
test_03317,197.00913232564926
test_03318,20.8538959287107
test_03319,62.74550026655197
test_03320,7.306999681517482
test_03321,9.195647295564413
test_03322,32.73384562321007
test_03323,90.84695057570934
test_03324,200.90113797783852
test_03325,274.3977873325348
test_03326,16.91861620079726
test_03327,106.95352720469236
test_03328,144.8169256001711
test_03329,9.582401745021343
test_03330,109.81508895009756
test_03331,240.70176646113396
test_03332,415.5678894519806
test_03333,74.97785442322493
test_03334,40.73294315114617
test_03335,125.87837386131287
test_03336,222.1492746323347
test_03337,8.820997145026922
test_03338,30.608915334567428
test_03339,167.77697187662125
test_03340,224.05409535765648
test_03341,12.540402328595519
test_03342,15.340155638754368
test_03343,9.232027046382427
test_03344,219.41795945167542
test_03345,267.97272592782974
test_03346,214.93639013171196
test_03347,213.81949649751186
test_03348,357.77876484394073
test_03349,382.9880936741829
test_03350,11.955258456990123
test_03351,80.7012453302741
test_03352,124.86497031152248
test_03353,180.12779885530472
test_03354,14.738750445656478
test_03355,148.61520186066628
test_03356,14.3097507301718
test_03357,292.9930509030819
test_03358,289.05356401205063
test_03359,345.7246213257313
test_03360,116.65986756980419
test_03361,345.9143977165222
test_03362,491.5422691106796
test_03363,236.41766917705536
test_03364,146.50151419639587
test_03365,205.59337186813354
test_03366,21.899274289608
test_03367,11.832529259845614
test_03368,6.899223344400525
test_03369,68.5646113306284
test_03370,85.35869282484055
test_03371,11.729143170639873
test_03372,25.5884725805372
test_03373,69.13022638857365
test_03374,36.26537232846022
test_03375,155.96588000655174
test_03376,65.64439629018307
test_03377,5.081916440278292
test_03378,67.56709676235914
test_03379,6.773916551843286
test_03380,23.099830208346248
test_03381,98.13641268759966
test_03382,174.88355842232704
test_03383,304.86529195308685
test_03384,10.229866599664092
test_03385,235.88236129283905
test_03386,9.397639408707619
test_03387,9.115329571068287
test_03388,96.54690542072058
test_03389,6.485920405015349
test_03390,53.75489575043321
test_03391,106.26403157413006
test_03392,317.37763833999634
test_03393,7.92276456952095
test_03394,20.624764781445265
test_03395,46.99956043437123
test_03396,10.984076960012317
test_03397,9.350184168666601
test_03398,10.263977026566863
test_03399,62.62222509458661
test_03400,114.17597926408052
test_03401,176.55996111035347
test_03402,202.06341809034348
test_03403,251.12675082683563
test_03404,4.96788384206593
test_03405,87.9687570258975
test_03406,134.9091093838215
test_03407,5.8106089774519205
test_03408,45.79146672040224
test_03409,85.8573052585125
test_03410,21.104968206956983
test_03411,34.618080869317055
test_03412,16.28604587353766
test_03413,19.10633823648095
test_03414,102.39024736732244
test_03415,7.641700817272067
test_03416,192.09749826788902
test_03417,204.4590218961239
test_03418,357.1831991672516
test_03419,64.37120529264212
test_03420,56.07510303333402
test_03421,100.0086234882474
test_03422,6.079236017540097
test_03423,6.436583966016769
test_03424,5.936493314802647
test_03425,13.723431341350079
test_03426,101.7326782643795
test_03427,9.42312566190958
test_03428,97.82220603525639
test_03429,240.89507868885994
test_03430,337.3431724309921
test_03431,77.02008252590895
test_03432,52.47866289317608
test_03433,52.31506358087063
test_03434,111.04807837307453
test_03435,58.39295185357332
test_03436,15.80682854540646
test_03437,23.499090081080794
test_03438,45.275598511099815
test_03439,14.072968507185578
test_03440,54.76581455767155
test_03441,10.083118224516511
test_03442,37.76502773910761
test_03443,91.06485766917467
test_03444,61.38329680263996
test_03445,7.200016472488642
test_03446,24.61581658013165
test_03447,55.63908828422427
test_03448,101.22059102356434
test_03449,87.59277722239494
test_03450,22.17537227086723
test_03451,10.980931105092168
test_03452,36.68944248557091
test_03453,49.79963130131364
test_03454,35.540432903915644
test_03455,81.23337393254042
test_03456,52.17932755500078
test_03457,27.713467866182327
test_03458,80.79461073875427
test_03459,11.34423277899623
test_03460,13.984156602993608
test_03461,42.78999428451061
test_03462,79.42771263420582
test_03463,64.34717497229576
test_03464,27.10195935331285
test_03465,8.600087190046906
test_03466,36.51170725375414
test_03467,56.49444140866399
test_03468,69.72460354864597
test_03469,82.92820605635643
test_03470,67.48872151970863
test_03471,53.06375848129392
test_03472,169.66778296232224
test_03473,188.7732470035553
test_03474,29.66842170804739
test_03475,6.819494307041168
test_03476,24.383080884814262
test_03477,48.6437134668231
test_03478,18.86716969497502
test_03479,26.381339443847537
test_03480,57.017908696085215
test_03481,21.289438985288143
test_03482,39.373332139104605
test_03483,170.5705801844597
test_03484,18.40130460821092
test_03485,30.01436546817422
test_03486,53.75153076276183
test_03487,58.53249856084585
test_03488,33.596937105059624
test_03489,48.20299664884806
test_03490,80.91992495954037
test_03491,83.10513161122799
test_03492,73.99437920749187
test_03493,53.433650851249695
test_03494,96.59787049889565
test_03495,57.985862627625465
test_03496,8.710368532687426
test_03497,16.962911657989025
test_03498,53.28431745246053
test_03499,40.030919812619686
test_03500,9.214409144595265
test_03501,87.98938521742821
test_03502,29.382414469495416
test_03503,43.29303394258022
test_03504,39.01027373969555
test_03505,60.78405786678195
test_03506,62.57164999842644
test_03507,74.28540235757828
test_03508,114.27582208812237
test_03509,77.85665708780289
test_03510,172.05150160193443
test_03511,48.69227922707796
test_03512,9.098835188895464
test_03513,37.955390959978104
test_03514,55.62686884775758
test_03515,62.69362151622772
test_03516,16.936448592692614
test_03517,34.70471630245447
test_03518,28.313518336042762
test_03519,29.246243892237544
test_03520,86.324303150177
test_03521,137.86208291351795
test_03522,60.51076961308718
test_03523,40.51261445507407
test_03524,6.921212758868933
test_03525,10.344770157709718
test_03526,27.345371270552278
test_03527,73.52776758372784
test_03528,92.4225224852562
test_03529,116.2576512619853
test_03530,37.54275284707546
test_03531,20.915979208424687
test_03532,28.9437088444829
test_03533,117.12745971977711
test_03534,49.46224486082792
test_03535,85.15070241689682
test_03536,76.8739321231842
test_03537,63.607999347150326
test_03538,59.476652447134256
test_03539,109.15754956007004
test_03540,88.5779237896204
test_03541,68.51112808287144
test_03542,25.506561500951648
test_03543,48.301153264939785
test_03544,38.64019937813282
test_03545,45.2524224370718
test_03546,78.18580190837383
test_03547,145.38023790717125
test_03548,48.40256715938449
test_03549,1.2769362032413483
test_03550,28.703645201399922
test_03551,61.96130586043
test_03552,166.0988012701273
test_03553,168.5822364538908
test_03554,35.577321488410234
test_03555,31.681755857542157
test_03556,21.93952971883118
test_03557,88.42555595934391
test_03558,117.26231921464205
test_03559,46.49809556081891
test_03560,60.425790674984455
test_03561,92.88505601137877
test_03562,44.46107093244791
test_03563,60.039693623781204
test_03564,65.07758528739214
test_03565,104.08314815163612
test_03566,19.02405388839543
test_03567,49.25678005069494
test_03568,58.217166531831026
test_03569,84.35976689308882
test_03570,109.73807307332754
test_03571,65.2290468737483
test_03572,26.098721334710717
test_03573,15.827603444457054
test_03574,15.141773644834757
test_03575,23.147625289857388
test_03576,70.49129333347082
test_03577,65.5168090313673
test_03578,16.78648379445076
test_03579,63.30727493017912
test_03580,60.32879286259413
test_03581,38.12038677930832
test_03582,111.5001158118248
test_03583,85.85937030613422
test_03584,3.082536218687892
test_03585,22.71051487699151
test_03586,9.049400325864553
test_03587,19.838013207539916
test_03588,30.89377305470407
test_03589,21.89617114700377
test_03590,4.767527796328068
test_03591,20.940982626751065
test_03592,16.122723262757063
test_03593,140.4717534184456
test_03594,17.721287397667766
test_03595,46.70723734423518
test_03596,6.132830688729882
test_03597,10.972110083326697
test_03598,14.108072459697723
test_03599,34.11258989572525
test_03600,38.04505339637399
test_03601,75.35129377245903
test_03602,53.41076819226146
test_03603,136.15225319564342
test_03604,70.41075647622347
test_03605,23.584000308066607
test_03606,11.929411934688687
test_03607,22.967388601973653
test_03608,39.30247797816992
test_03609,98.93655921518803
test_03610,61.642237432301044
test_03611,28.892506062984467
test_03612,182.40377846360207
test_03613,28.40295792557299
test_03614,7.140921197831631
test_03615,7.712571691721678
test_03616,27.508391181007028
test_03617,105.6775729060173
test_03618,200.27990034222603
test_03619,164.8991274535656
test_03620,103.215560734272
test_03621,30.897364603355527
test_03622,57.18274852260947
test_03623,63.52174646779895
test_03624,50.29562157019973
test_03625,23.806145206093788
test_03626,44.31593819707632
test_03627,128.09091639518738
test_03628,58.49173244088888
test_03629,103.45060475170612
test_03630,168.80848544836044
test_03631,244.77065309882164
test_03632,140.0409755706787
test_03633,100.72926568239927
test_03634,84.1673386245966
test_03635,167.8217789530754
test_03636,89.86829628050327
test_03637,46.51167807728052
test_03638,13.626210682094097
test_03639,18.671133164316416
test_03640,42.814763713628054
test_03641,90.03151675313711
test_03642,9.420128371566534
test_03643,53.83416609466076
test_03644,4.115702571347356
test_03645,27.369117461144924
test_03646,15.778072014451027
test_03647,7.812189811840653
test_03648,76.74135309457779
test_03649,136.00854668021202
test_03650,265.2487349808216
test_03651,257.17751863598824
test_03652,108.16785691678524
test_03653,115.41162056475878
test_03654,14.181290654465556
test_03655,82.52740854024887
test_03656,210.24458707869053
test_03657,52.40464059263468
test_03658,65.42771485447884
test_03659,46.138134732842445
test_03660,12.090977769345045
test_03661,20.10296698845923
test_03662,84.13489212095737
test_03663,57.92362521216273
test_03664,163.9117672741413
test_03665,20.41966024041176
test_03666,67.72590486705303
test_03667,7.002782139927149
test_03668,7.845371710136533
test_03669,17.61148331873119
test_03670,78.04746600240469
test_03671,196.02884382009506
test_03672,315.7944450676441
test_03673,18.19659933447838
test_03674,97.23289492726326
test_03675,154.1571954190731
test_03676,9.246038543060422
test_03677,113.11906857788563
test_03678,121.58553355187178
test_03679,358.29600727558136
test_03680,68.4338670745492
test_03681,44.89816277474165
test_03682,104.93783273547888
test_03683,180.87851051986217
test_03684,8.527192123234272
test_03685,46.15990687161684
test_03686,94.39109969884157
test_03687,222.62294307351112
test_03688,10.576906023547053
test_03689,17.54822637885809
test_03690,9.002474347129464
test_03691,72.32584301382303
test_03692,219.24874439835548
test_03693,229.78818291425705
test_03694,174.15410634875298
test_03695,289.3328059911728
test_03696,343.31826144456863
test_03697,10.675733037292957
test_03698,89.65266965329647
test_03699,158.81375895440578
test_03700,172.48394337296486
test_03701,11.252538722008467
test_03702,150.01191687583923
test_03703,19.78870833851397
test_03704,169.73077434301376
test_03705,425.58809477090836
test_03706,100.4266322106123
test_03707,199.28041729331017
test_03708,431.88586604595184
test_03709,253.65909346938133
test_03710,203.38552397489548
test_03711,163.5537266433239
test_03712,18.91741423495114
test_03713,11.829882953315973
test_03714,7.683300755918026
test_03715,39.28373655676842
test_03716,94.56114671379328
test_03717,12.010335059836507
test_03718,26.15564756654203
test_03719,90.87699776142836
test_03720,118.17881409078836
test_03721,163.77262169122696
test_03722,58.409583657979965
test_03723,7.758077021688223
test_03724,90.04828226566315
test_03725,12.882251277565956
test_03726,26.05138866044581
test_03727,69.54747000336647
test_03728,149.65735265612602
test_03729,217.16001558303833
test_03730,9.002660052850842
test_03731,578.3838504552841
test_03732,8.797406947240233
test_03733,10.630251849070191
test_03734,104.61499448120594
test_03735,7.6659112721681595
test_03736,58.59315376356244
test_03737,90.90475705265999
test_03738,252.0062531232834
test_03739,6.603927105665207
test_03740,7.519272463396192
test_03741,81.24190896749496
test_03742,10.720941238105297
test_03743,7.355836572125554
test_03744,6.725757487118244
test_03745,138.8004613518715
test_03746,143.7595023661852
test_03747,134.2084194123745
test_03748,187.59979483485222
test_03749,273.23295190930367
test_03750,5.85977828130126
test_03751,81.61505861580372
test_03752,132.50521567463875
test_03753,5.24590759165585
test_03754,54.11822156608105
test_03755,88.70221291482449
test_03756,14.275387743487954
test_03757,43.15642138570547
test_03758,16.34260812215507
test_03759,27.214118180796504
test_03760,60.788310527801514
test_03761,6.368446679785848
test_03762,216.75713816285133
test_03763,147.56088362634182
test_03764,388.0774109661579
test_03765,70.90315148234367
test_03766,65.95256379246712
test_03767,124.45099511742592
test_03768,10.739623233675957
test_03769,9.391291987150908
test_03770,8.420632323250175
test_03771,12.893250627443194
test_03772,100.13133040070534
test_03773,11.243138298392296
test_03774,92.81627804040909
test_03775,280.1853284239769
test_03776,66.56246595084667
test_03777,48.41077163815498
test_03778,53.8552845492959
test_03779,119.22025920450687
test_03780,62.51103565096855
test_03781,10.130582749843597
test_03782,44.405158653855324
test_03783,43.85153275728226
test_03784,12.240066036581993
test_03785,57.96400135010481
test_03786,11.65001024864614
test_03787,10.210757480934262
test_03788,112.33898569643497
test_03789,61.83882550895214
test_03790,7.213090155273676
test_03791,61.68105735629797
test_03792,108.27954776585102
test_03793,108.26807115226984
test_03794,24.596538469195366
test_03795,17.911388773471117
test_03796,44.083085507154465
test_03797,65.96043771505356
test_03798,32.73783458210528
test_03799,86.70381136238575
test_03800,61.685696285218
test_03801,85.44136158376932
test_03802,11.112607603892684
test_03803,13.194201605394483
test_03804,30.030494010075927
test_03805,69.05720689892769
test_03806,96.74190385639668
test_03807,33.15720824152231
test_03808,21.80745766684413
test_03809,54.23444363474846
test_03810,63.839611522853374
test_03811,59.3167709633708
test_03812,77.67741392552853
test_03813,109.73387612402439
test_03814,52.00157003849745
test_03815,171.60063782334328
test_03816,198.67070826888084
test_03817,28.4849711433053
test_03818,8.675155013799667
test_03819,22.582922047004104
test_03820,47.16014017164707
test_03821,10.180985139682889
test_03822,34.10551079362631
test_03823,83.7912325412035
test_03824,27.49583190307021
test_03825,42.85864597558975
test_03826,140.44698770344257
test_03827,11.351972993463278
test_03828,33.959865510463715
test_03829,60.028276436030865
test_03830,84.5687898248434
test_03831,42.71683365851641
test_03832,49.19814532622695
test_03833,76.56890676170588
test_03834,98.09964295476675
test_03835,77.7979963645339
test_03836,70.50494641810656
test_03837,89.15963581949472
test_03838,61.800477277487516
test_03839,9.611780390143394
test_03840,11.935055531561375
test_03841,73.07234287261963
test_03842,37.88604101538658
test_03843,13.923993520438671
test_03844,86.23540210723877
test_03845,23.699043145403266
test_03846,29.685673769563437
test_03847,32.61678230762482
test_03848,72.16537841409445
test_03849,68.67263263463974
test_03850,86.40335436165333
test_03851,110.02029377222061
test_03852,94.39621774852276
test_03853,204.84829080104828
test_03854,49.28210659697652
test_03855,22.185859072953463
test_03856,60.06369051709771
test_03857,69.52639611810446
test_03858,71.9957845211029
test_03859,15.134644402191043
test_03860,31.155109288170934
test_03861,23.192818634212017
test_03862,33.28120023757219
test_03863,96.59154907613993
test_03864,109.88816786557436
test_03865,71.03301177918911
test_03866,108.2388559281826
test_03867,5.542468486353755
test_03868,13.543363645672798
test_03869,69.35608168691397
test_03870,98.93620266020298
test_03871,120.84846011549234
test_03872,74.58787240833044
test_03873,30.142247999086976
test_03874,37.613172456622124
test_03875,109.37862107902765
test_03876,51.51643984019756
test_03877,90.50731709599495
test_03878,88.85658636689186
test_03879,70.36837100237608
test_03880,61.338771998882294
test_03881,117.64384047687054
test_03882,98.6492650359869
test_03883,67.87013878673315
test_03884,27.917419174686074
test_03885,38.85856330767274
test_03886,30.666034700348973
test_03887,36.00229788944125
test_03888,102.14030975103378
test_03889,102.8767740726471
test_03890,90.29469890147448
test_03891,4.110252108424902
test_03892,30.537342492491007
test_03893,60.60382675006986
test_03894,146.11361208558083
test_03895,135.68007040023804
test_03896,30.47935402393341
test_03897,51.156802140176296
test_03898,20.579207453876734
test_03899,112.99444518238306
test_03900,118.3500644788146
test_03901,33.76289859414101
test_03902,71.21817523986101
test_03903,179.82809953391552
test_03904,96.32730469107628
test_03905,89.34450215101242
test_03906,85.51568101346493
test_03907,126.72501367330551
test_03908,24.30272044800222
test_03909,60.45011441037059
test_03910,40.26400277763605
test_03911,73.60903983563185
test_03912,86.12653398513794
test_03913,58.538493141531944
test_03914,31.321668749675155
test_03915,23.697472075000405
test_03916,10.677695946767926
test_03917,26.815190721303225
test_03918,101.13145227730274
test_03919,55.95998405665159
test_03920,37.54593212902546
test_03921,76.04979241639376
test_03922,69.66996149718761
test_03923,46.746198404580355
test_03924,85.47463262081146
test_03925,126.91508719325066
test_03926,5.3721521981060505
test_03927,34.92645636200905
test_03928,9.645586259663105
test_03929,26.973562417551875
test_03930,47.59216967597604
test_03931,23.9586374592036
test_03932,6.618092738091946
test_03933,15.224761817604303
test_03934,22.083451652899384
test_03935,131.47328612208366
test_03936,42.2778736166656
test_03937,14.421864988282323
test_03938,49.62630472332239
test_03939,10.59405966103077
test_03940,7.4880590457469225
test_03941,16.020949099212885
test_03942,31.11220198124647
test_03943,43.80189733207226
test_03944,84.4157460257411
test_03945,78.6612828373909
test_03946,157.64431802928448
test_03947,28.791298301890492
test_03948,30.47850906290114
test_03949,15.769403271377087
test_03950,35.44172288477421
test_03951,59.111848413944244
test_03952,98.45394718647003
test_03953,79.49522037804127
test_03954,173.05481761693954
test_03955,31.202168975025415
test_03956,10.148410499095917
test_03957,6.978954238817096
test_03958,47.351391065865755
test_03959,87.64841465651989
test_03960,194.88240069150925
test_03961,182.25456020236015
test_03962,102.6539940610528
test_03963,41.53834515064955
test_03964,56.23231406882405
test_03965,44.7450595498085
test_03966,46.1221491843462
test_03967,21.748354963958263
test_03968,55.10986040532589
test_03969,146.71913158893585
test_03970,51.38428050652146
test_03971,118.93774880468845
test_03972,237.9477654695511
test_03973,105.84737478941679
test_03974,135.48809525370598
test_03975,105.7334331870079
test_03976,65.40145606547594
test_03977,216.79763686656952
test_03978,46.15111927688122
test_03979,42.40900785475969
test_03980,11.462343474850059
test_03981,22.4576468244195
test_03982,73.27934532612562
test_03983,113.7771130874753
test_03984,9.516431644558907
test_03985,58.03408297523856
test_03986,4.003432320430875
test_03987,24.252327343448997
test_03988,15.517012482509017
test_03989,7.53807145357132
test_03990,76.71715192496777
test_03991,158.0476559996605
test_03992,259.30017960071564
test_03993,226.02272456884384
test_03994,113.36555949598551
test_03995,137.5601254105568
test_03996,15.29386848770082
test_03997,101.95023623108864
test_03998,185.52844807505608
test_03999,148.0042746067047
test_04000,53.85911751538515
test_04001,53.42468497902155
test_04002,19.06791757978499
test_04003,17.973117355257273
test_04004,68.86138392984867
test_04005,54.90108631923795
test_04006,180.26664730906487
test_04007,20.373924635350704
test_04008,66.16940864920616
test_04009,6.695613734424114
test_04010,11.644855057820678
test_04011,37.80505846440792
test_04012,91.30914983153343
test_04013,212.54690718650818
test_04014,316.4416815042496
test_04015,12.621442448347807
test_04016,128.49551716446877
test_04017,146.20174059271812
test_04018,10.090644877403975
test_04019,139.51122400164604
test_04020,271.09495908021927
test_04021,476.5643450021744
test_04022,111.68971392512321
test_04023,41.89202169701457
test_04024,128.76739034056664
test_04025,228.01800626516342
test_04026,9.04985530488193
test_04027,20.7021464984864
test_04028,185.98947367072105
test_04029,223.4637145847082
test_04030,10.794092578813434
test_04031,15.565444534644485
test_04032,9.150242246687412
test_04033,274.76022547483444
test_04034,262.58214938640594
test_04035,256.63499051332474
test_04036,239.96874883770943
test_04037,430.9582288265228
test_04038,439.0132219195366
test_04039,9.521519981324673
test_04040,92.99498637020588
test_04041,128.78869450092316
test_04042,163.34842525422573
test_04043,8.58137733861804
test_04044,168.81157559156418
test_04045,10.255911827087402
test_04046,385.0126128792763
test_04047,338.02549982070923
test_04048,364.42200818657875
test_04049,102.88363032788038
test_04050,331.47665441036224
test_04051,469.46824711561203
test_04052,259.204325735569
test_04053,203.52459527552128
test_04054,178.47984628379345
test_04055,18.46089943125844
test_04056,13.439119596034288
test_04057,9.810888493433595
test_04058,75.85030733048916
test_04059,93.30012315511703
test_04060,10.188194235786796
test_04061,28.21592440828681
test_04062,84.06940485537052
test_04063,129.13140326738358
test_04064,165.30470874905586
test_04065,59.26904459297657
test_04066,7.864930236712098
test_04067,77.65882849693298
test_04068,7.969172429293394
test_04069,24.186628373339772
test_04070,103.48075593262911
test_04071,187.61370047926903
test_04072,350.9452102780342
test_04073,8.969298020005226
test_04074,484.3551902770996
test_04075,8.035359805449843
test_04076,8.813242074102163
test_04077,123.59602826088667
test_04078,9.011055808514357
test_04079,58.42585890740156
test_04080,103.78144320845604
test_04081,401.2823356986046
test_04082,6.416171193122864
test_04083,13.701373215764761
test_04084,40.21050467342138
test_04085,8.975981568917632
test_04086,8.354027109220624
test_04087,9.317715380340815
test_04088,122.00178921222687
test_04089,147.6728567481041
test_04090,188.10371102392673
test_04091,228.90257461369038
test_04092,270.19596511125565
test_04093,5.6508277747780085
test_04094,100.09167851507664
test_04095,143.27350306510925
test_04096,6.900807414203882
test_04097,63.0257079154253
test_04098,94.50920110940933
test_04099,16.212836964055896
test_04100,28.62605363689363
test_04101,6.443689066916704
test_04102,27.866901647299528
test_04103,7.0182421412318945
