id,PM2.5
test_00001,185.81170129776
test_00002,162.18381267786026
test_00003,430.9969744682312
test_00004,60.93374039232731
test_00005,50.21390733867884
test_00006,113.39098632335663
test_00007,9.188999030739069
test_00008,6.946390740573406
test_00009,48.84045382216573
test_00010,118.87954120337963
test_00011,12.188640408217907
test_00012,117.83057129383087
test_00013,270.6484333872795
test_00014,334.4607522189617
test_00015,71.58061338216066
test_00016,48.776871897280216
test_00017,44.93297516927123
test_00018,125.15537691861391
test_00019,60.75233932957053
test_00020,11.527476042509079
test_00021,24.870688397437334
test_00022,30.442773710936308
test_00023,9.255934800952673
test_00024,50.205791998654604
test_00025,14.67102449759841
test_00026,8.656495302915573
test_00027,102.02777208387852
test_00028,65.61105839908123
test_00029,8.687809001654387
test_00030,10.79714372381568
test_00031,58.3080137707293
test_00032,97.53416160494089
test_00033,96.58585162460804
test_00034,24.660402666777372
test_00035,16.699020113795996
test_00036,77.49884673207998
test_00037,96.00046262145042
test_00038,27.342468690127134
test_00039,32.400423999875784
test_00040,80.28175839036703
test_00041,10.963636331260204
test_00042,13.686761889606714
test_00043,26.79259404912591
test_00044,63.613035686314106
test_00045,70.57093880325556
test_00046,48.94573410972953
test_00047,20.87761426344514
test_00048,57.101331420242786
test_00049,58.951298389583826
test_00050,68.69938911497593
test_00051,95.79944732040167
test_00052,107.30866339802742
test_00053,56.31951776146889
test_00054,180.94349266588688
test_00055,188.56219616532326
test_00056,31.77402003109455
test_00057,9.688870549201965
test_00058,19.49764247611165
test_00059,56.87449559569359
test_00060,32.90584811940789
test_00061,27.131655555218458
test_00062,60.76031353324652
test_00063,24.690067298710346
test_00064,55.75373928248882
test_00065,142.02447609603405
test_00066,20.18836747854948
test_00067,33.01027787476778
test_00068,59.897840451449156
test_00069,55.339370392262936
test_00070,40.346337266266346
test_00071,49.00140497088432
test_00072,75.39387980848551
test_00073,121.19870853424072
test_00074,85.03560943901539
test_00075,64.34642472118139
test_00076,79.67649887502193
test_00077,49.70080614462495
test_00078,7.380700711160898
test_00079,17.59703355655074
test_00080,54.635597705841064
test_00081,37.615519776940346
test_00082,12.059288945049047
test_00083,86.55750496685505
test_00084,29.400310929864645
test_00085,32.1992972753942
test_00086,40.56808475404978
test_00087,71.90107460319996
test_00088,71.98220571875572
test_00089,79.8250634521246
test_00090,125.6564332395792
test_00091,80.41330489516258
test_00092,197.99857240915298
test_00093,47.67806600034237
test_00094,8.71512259915471
test_00095,62.47772004455328
test_00096,46.64283088594675
test_00097,60.18109367415309
test_00098,13.49713034927845
test_00099,90.24546460062265
test_00100,17.07505191490054
test_00101,12.776740714907646
test_00102,123.4483105018735
test_00103,87.59569651633501
test_00104,149.97201243042946
test_00105,51.40597093477845
test_00106,104.09024953842163
test_00107,7.079159189015627
test_00108,15.797623112797737
test_00109,26.625488612800837
test_00110,61.811010506004095
test_00111,97.36533281952143
test_00112,122.20174227654934
test_00113,60.11520899832249
test_00114,25.77392017096281
test_00115,37.112740106880665
test_00116,111.21525809168816
test_00117,53.50555982068181
test_00118,86.20117282867432
test_00119,82.26989413052797
test_00120,81.8174927085638
test_00121,64.66476889699697
test_00122,104.48178405314684
test_00123,78.20864371210337
test_00124,50.71787552535534
test_00125,24.562944304198027
test_00126,68.93322975933552
test_00127,33.668898072093725
test_00128,33.43628679960966
test_00129,87.39097452908754
test_00130,110.80946880578995
test_00131,74.6732598990202
test_00132,2.9634747095406055
test_00133,23.22875640541315
test_00134,66.40228362381458
test_00135,141.27860763669014
test_00136,119.48342649638653
test_00137,46.62121473997831
test_00138,21.66720899194479
test_00139,122.78298632800579
test_00140,99.13108967244625
test_00141,43.09512364119291
test_00142,76.08964486420155
test_00143,85.9597702473402
test_00144,54.08172667771578
test_00145,88.34022046625614
test_00146,80.71976390480995
test_00147,117.80436450242996
test_00148,16.371346082538366
test_00149,44.517109490931034
test_00150,51.56766862049699
test_00151,63.05736702680588
test_00152,93.42456084489822
test_00153,51.9991112947464
test_00154,35.79084221273661
test_00155,13.900988295674324
test_00156,8.971500489860773
test_00157,22.994741197675467
test_00158,77.9471180588007
test_00159,66.4522310346365
test_00160,24.714561883360147
test_00161,59.65345172211528
test_00162,63.18662563711405
test_00163,33.474772453308105
test_00164,82.81286051869392
test_00165,112.10143093764782
test_00166,7.320019509643316
test_00167,23.104181293398142
test_00168,12.735855743288994
test_00169,19.78964615240693
test_00170,28.670907139778137
test_00171,21.78979705274105
test_00172,4.557899463921785
test_00173,13.145333144813776
test_00174,13.285960659384727
test_00175,142.9420257806778
test_00176,35.84150644764304
test_00177,9.725458290427923
test_00178,5.796044077724218
test_00179,7.54675505310297
test_00180,11.299967963248491
test_00181,25.394359961152077
test_00182,38.07600682601333
test_00183,65.49958296865225
test_00184,85.21307725459337
test_00185,150.23483802378178
test_00186,31.62405151873827
test_00187,24.95610560104251
test_00188,12.847041472792625
test_00189,17.38763178512454
test_00190,45.39010837301612
test_00191,89.63681781291962
test_00192,98.43822905421257
test_00193,29.14697489887476
test_00194,179.78771968185902
test_00195,30.397602651268244
test_00196,8.017975892871618
test_00197,31.704153824597597
test_00198,85.50756938755512
test_00199,202.96972143650055
test_00200,166.85079059004784
test_00201,108.53078532218933
test_00202,36.31565400958061
test_00203,58.97561098262668
test_00204,51.52810587361455
test_00205,55.276549860835075
test_00206,24.538312297314405
test_00207,49.11594083160162
test_00208,140.60847739875317
test_00209,52.553134601563215
test_00210,122.77224510908127
test_00211,229.2460113465786
test_00212,277.7259309887886
test_00213,123.95397232472897
test_00214,99.01073750853539
test_00215,61.1215705871582
test_00216,183.94115442037582
test_00217,49.65946062281728
test_00218,36.10074792057276
test_00219,14.17095984518528
test_00220,22.34070421755314
test_00221,48.4574989117682
test_00222,124.58782309293747
test_00223,5.7052785493433475
test_00224,70.61353226751089
test_00225,3.2513780035078526
test_00226,23.84260295331478
test_00227,13.166644733399153
test_00228,7.491173330694437
test_00229,69.33309874683619
test_00230,114.18378633260727
test_00231,303.566302716732
test_00232,240.85440170764923
test_00233,103.7355218976736
test_00234,109.99258647859097
test_00235,13.057776611298323
test_00236,94.37532956898212
test_00237,215.02187418937683
test_00238,25.5663494579494
test_00239,65.75454206764698
test_00240,56.74930765479803
test_00241,15.280068695545197
test_00242,25.212535489350557
test_00243,88.84483490884304
test_00244,64.27743875980377
test_00245,196.8562296628952
test_00246,22.618820820003748
test_00247,74.0975870192051
test_00248,6.064010005444288
test_00249,9.760400678962469
test_00250,13.37683018296957
test_00251,74.13506243377924
test_00252,195.73533964157104
test_00253,243.58934186398983
test_00254,15.490369282662868
test_00255,63.18288180977106
test_00256,157.86162343621254
test_00257,9.427723735570908
test_00258,124.27317074686289
test_00259,136.3480315953493
test_00260,522.5328993201256
test_00261,67.89676155894995
test_00262,27.060990814119577
test_00263,113.99751606583595
test_00264,184.22195632755756
test_00265,6.876097410917282
test_00266,18.41485184058547
test_00267,110.09096594154835
test_00268,226.11285869777203
test_00269,13.171019960194826
test_00270,14.927409816533327
test_00271,10.060801967978477
test_00272,57.05784656852484
test_00273,266.66916090250015
test_00274,210.7766711115837
test_00275,195.70333883166313
test_00276,428.95501378178596
test_00277,396.24133160710335
test_00278,13.182604283094406
test_00279,81.42898148298264
test_00280,165.88488313555717
test_00281,179.4936361014843
test_00282,11.087520617991686
test_00283,140.6345801949501
test_00284,12.720382742583752
test_00285,325.13446232676506
test_00286,282.7594771385193
test_00287,451.675707668066
test_00288,77.17281433939934
test_00289,293.24249082803726
test_00290,325.695323318243
test_00291,260.63375467061996
test_00292,187.13200955092907
test_00293,109.09109662473202
test_00294,19.041110958904028
test_00295,13.678234282881021
test_00296,6.338419921696186
test_00297,42.388505943119526
test_00298,79.20208761096
test_00299,11.660994742065668
test_00300,29.126636408269405
test_00301,82.42830853909254
test_00302,123.51127959787846
test_00303,164.54086397588253
test_00304,70.20326375961304
test_00305,8.922139909118414
test_00306,76.84240671992302
test_00307,10.735355716198683
test_00308,24.051863588392735
test_00309,72.57393842935562
test_00310,205.3030172586441
test_00311,264.3797510564327
test_00312,11.117493521422148
test_00313,601.8445147871971
test_00314,9.465819407254457
test_00315,9.39952989295125
test_00316,90.24882958829403
test_00317,8.119701772928238
test_00318,53.546366795897484
test_00319,81.76715902984142
test_00320,278.5954794585705
test_00321,8.162685219198465
test_00322,9.084896117448807
test_00323,86.53887496888638
test_00324,7.331406984478235
test_00325,8.434747815132141
test_00326,11.022063065320253
test_00327,99.10783931612968
test_00328,135.36374670267105
test_00329,161.42256778478622
test_00330,267.83340206742287
test_00331,311.8278005719185
test_00332,4.652007695287466
test_00333,78.68135391175747
test_00334,159.44031520187855
test_00335,6.052280832082033
test_00336,50.44592435285449
test_00337,96.37428081035614
test_00338,16.53616362437606
test_00339,26.3928810544312
test_00340,10.28842518478632
test_00341,22.314943119883537
test_00342,7.101674150675535
test_00343,114.28602847456932
test_00344,174.4759863615036
test_00345,254.64199671149254
test_00346,41.0585149936378
test_00347,26.87147069722414
test_00348,85.15733582526445
test_00349,7.965970862656832
test_00350,10.116428259760141
test_00351,14.905065704137087
test_00352,15.532372202724218
test_00353,94.05659169703722
test_00354,14.865109261125326
test_00355,77.0737811923027
test_00356,216.94892017543316
test_00357,277.25723946094513
test_00358,71.74505208432674
test_00359,42.96791522204876
test_00360,26.705241791903973
test_00361,109.18426889926195
test_00362,60.533745124936104
test_00363,9.210511181503534
test_00364,9.42685091868043
test_00365,11.811356950551271
test_00366,9.894346501678228
test_00367,23.576917491853237
test_00368,8.634678594768047
test_00369,5.795932654291391
test_00370,58.3169462159276
test_00371,57.34992452710867
test_00372,7.737968806177378
test_00373,21.828862108290195
test_00374,38.746051639318466
test_00375,45.344328198581934
test_00376,83.45172534137964
test_00377,18.413893599063158
test_00378,16.599418707191944
test_00379,12.221606887876987
test_00380,51.53650348633528
test_00381,32.36128094792366
test_00382,106.48638817667961
test_00383,17.046014968305826
test_00384,37.73770671337843
test_00385,83.10447049885988
test_00386,10.156429272145033
test_00387,20.999875482171774
test_00388,27.177368875592947
test_00389,78.82518670707941
test_00390,74.02688513696194
test_00391,35.39776262640953
test_00392,11.570563483983278
test_00393,48.659245893359184
test_00394,90.19919416308403
test_00395,72.7880125567317
test_00396,76.80679579079151
test_00397,79.6069186553359
test_00398,52.58439630270004
test_00399,156.6200692653656
test_00400,36.964769788086414
test_00401,8.71703165397048
test_00402,16.897026982158422
test_00403,14.99320163950324
test_00404,17.755098838359118
test_00405,70.57829274982214
test_00406,22.04415075108409
test_00407,42.14292126893997
test_00408,183.78239831328392
test_00409,17.28569420054555
test_00410,29.811656530946493
test_00411,56.51026353612542
test_00412,13.937977161258459
test_00413,19.432768039405346
test_00414,47.23498700559139
test_00415,78.36401997506618
test_00416,101.96619206666946
test_00417,80.14544296264648
test_00418,48.44587744772434
test_00419,74.1699528247118
test_00420,21.767965488135815
test_00421,12.519813135266304
test_00422,18.85797169059515
test_00423,19.776342194527388
test_00424,85.96682706475258
test_00425,11.21585812792182
test_00426,67.86376536637545
test_00427,41.247322000563145
test_00428,55.61926234140992
test_00429,84.82649736851454
test_00430,101.74558852612972
test_00431,68.37354985624552
test_00432,69.10003806650639
test_00433,108.21254514157772
test_00434,66.42014851421118
test_00435,126.08158791810274
test_00436,44.331210635602474
test_00437,5.852290626615286
test_00438,38.908447578549385
test_00439,28.767656106501818
test_00440,35.70829230546951
test_00441,10.377051383256912
test_00442,19.409168556332588
test_00443,22.11913500726223
test_00444,22.913572940975428
test_00445,50.42150776460767
test_00446,142.56095764040947
test_00447,101.7711713463068
test_00448,58.47169850766659
test_00449,37.497403509914875
test_00450,14.760894924402237
test_00451,26.345845509320498
test_00452,73.29757419973612
test_00453,62.13574295863509
test_00454,120.59541749954224
test_00455,7.885374579578638
test_00456,18.009968798607588
test_00457,32.35589548200369
test_00458,92.84979420900345
test_00459,42.24544568359852
test_00460,81.89530340582132
test_00461,72.9845337793231
test_00462,63.373293314129114
test_00463,45.332301896065474
test_00464,86.07238962501287
test_00465,51.01321076229215
test_00466,42.348412077873945
test_00467,7.8886355720460415
test_00468,40.43329211324453
test_00469,21.735054720193148
test_00470,27.546381000429392
test_00471,61.50628227367997
test_00472,106.17269407212734
test_00473,34.735818296670914
test_00474,-1.2426855973899364
test_00475,15.486681167036295
test_00476,92.8003816306591
test_00477,152.35223980247974
test_00478,64.3591715618968
test_00479,31.79508277401328
test_00480,22.444004882127047
test_00481,9.392681065946817
test_00482,66.80239774286747
test_00483,139.70486307144165
test_00484,30.817869555205107
test_00485,39.41688755899668
test_00486,60.24005152657628
test_00487,21.152837570756674
test_00488,38.503909949213266
test_00489,68.49627905339003
test_00490,95.13918919861317
test_00491,17.01994188502431
test_00492,36.16193052753806
test_00493,45.23327246308327
test_00494,90.60118019580841
test_00495,48.081507965922356
test_00496,25.603631738573313
test_00497,5.984234541654587
test_00498,18.041616767644882
test_00499,21.218161415308714
test_00500,59.81702874973416
test_00501,50.88809338957071
test_00502,13.77100171893835
test_00503,37.66075026243925
test_00504,39.79146342724562
test_00505,37.284625608474016
test_00506,62.278502374887466
test_00507,51.98852235451341
test_00508,3.1704511642456055
test_00509,10.460823234170675
test_00510,5.520508784800768
test_00511,18.400515358895063
test_00512,17.88275295123458
test_00513,14.474941540509462
test_00514,8.823255326598883
test_00515,16.529162518680096
test_00516,15.680075105279684
test_00517,141.99134619534016
test_00518,36.255225367844105
test_00519,9.607342023402452
test_00520,51.44378433376551
test_00521,5.1641395054757595
test_00522,10.595534164458513
test_00523,14.894458193331957
test_00524,17.67771155014634
test_00525,23.099494080990553
test_00526,114.07344742119312
test_00527,25.71299012377858
test_00528,47.62593097612262
test_00529,28.22494599223137
test_00530,23.202007353305817
test_00531,8.027952004224062
test_00532,12.387988071888685
test_00533,24.290358018130064
test_00534,83.43638604879379
test_00535,96.81083782017231
test_00536,14.141922898590565
test_00537,116.35944028198719
test_00538,21.567518446594477
test_00539,9.41261100396514
test_00540,7.273830782622099
test_00541,29.57058821991086
test_00542,110.51519951969385
test_00543,164.86357595026493
test_00544,161.28869624435902
test_00545,125.65543042868376
test_00546,43.932214464992285
test_00547,54.67652724683285
test_00548,58.6740954592824
test_00549,38.47201684862375
test_00550,20.628018345683813
test_00551,59.93148289993405
test_00552,99.47772054374218
test_00553,73.06625915318727
test_00554,109.70154847204685
test_00555,147.28189420700073
test_00556,237.41415122151375
test_00557,152.17485369741917
test_00558,21.97989657148719
test_00559,90.76204591989517
test_00560,140.72209958732128
test_00561,113.19300916790962
test_00562,34.20163578912616
test_00563,11.238399088382721
test_00564,31.93417264521122
test_00565,51.60039368271828
test_00566,100.23958940804005
test_00567,25.42715559154749
test_00568,44.41718124225736
test_00569,4.784025892615318
test_00570,31.018075179308653
test_00571,9.629470717161894
test_00572,10.19297244399786
test_00573,67.70746800303459
test_00574,27.959643084555864
test_00575,273.1690097153187
test_00576,249.22730813920498
test_00577,162.5386888831854
test_00578,67.99945682287216
test_00579,22.837619300931692
test_00580,52.16745353117585
test_00581,227.52027036249638
test_00582,29.73727396130562
test_00583,46.055688820779324
test_00584,53.00938384607434
test_00585,56.35595693811774
test_00586,19.403036553412676
test_00587,93.80738947540522
test_00588,107.85775807499886
test_00589,182.92489843070507
test_00590,17.23180240020156
test_00591,54.14251187443733
test_00592,10.339943666011095
test_00593,12.814773246645927
test_00594,15.583456132560968
test_00595,61.531519681215286
test_00596,125.54927361011505
test_00597,199.30080035328865
test_00598,18.735506195575
test_00599,70.40435334295034
test_00600,114.18460343778133
test_00601,19.44658825919032
test_00602,27.067241668701172
test_00603,84.37904314696789
test_00604,165.93071530759335
test_00605,147.2643338739872
test_00606,35.89264237508178
test_00607,105.25214338302612
test_00608,180.8759254962206
test_00609,12.38613472878933
test_00610,76.75880943238735
test_00611,72.69969091564417
test_00612,202.73668304085732
test_00613,46.769121918827295
test_00614,11.947345536202192
test_00615,12.587866853922606
test_00616,80.35447332262993
test_00617,160.97570039331913
test_00618,239.65443076193333
test_00619,204.69914682209492
test_00620,317.67806562781334
test_00621,423.92865815758705
test_00622,10.40074371919036
test_00623,59.99768698960543
test_00624,222.1623037457466
test_00625,210.45981258153915
test_00626,14.541609894484282
test_00627,86.15485782176256
test_00628,8.9788470081985
test_00629,50.39899651706219
test_00630,115.94016133248806
test_00631,347.8678436279297
test_00632,22.33475049212575
test_00633,147.74973891675472
test_00634,167.07760412991047
test_00635,188.34631697833538
test_00636,166.78668497502804
test_00637,257.3690778017044
test_00638,22.665834080427885
test_00639,11.729969561100006
test_00640,9.308745793998241
test_00641,17.680396854877472
test_00642,24.504814699292183
test_00643,9.811874590814114
test_00644,22.811939913779497
test_00645,95.7561481744051
test_00646,115.1067511960864
test_00647,167.13015142083168
test_00648,53.79683181643486
test_00649,9.73452815786004
test_00650,43.38138158246875
test_00651,13.5363848246634
test_00652,34.97161999344826
test_00653,43.21567636728287
test_00654,102.3319431990385
test_00655,203.03298023343086
test_00656,9.445009224116802
test_00657,253.80311197042465
test_00658,8.0194689668715
test_00659,14.410189669579268
test_00660,59.936470955610275
test_00661,10.620823569595814
test_00662,93.97750334441662
test_00663,104.73337073624134
test_00664,244.39944964647293
test_00665,13.526133868843317
test_00666,15.700725581496954
test_00667,88.04222963750362
test_00668,8.650322444736958
test_00669,8.091515358537436
test_00670,11.360682591795921
test_00671,57.16666640713811
test_00672,72.04892607033253
test_00673,75.19245595484972
test_00674,228.1910691410303
test_00675,235.36736218631268
test_00676,6.237459149211645
test_00677,64.20036717131734
test_00678,127.17504549026489
test_00679,5.677333552390337
test_00680,35.74165990948677
test_00681,107.80305659770966
test_00682,15.517337467521429
test_00683,23.30847244337201
test_00684,17.409845903515816
test_00685,65.20745301246643
test_00686,68.84372702986002
test_00687,9.484950810670853
test_00688,150.51119785010815
test_00689,186.22474053502083
test_00690,359.3491221368313
test_00691,39.34693221375346
test_00692,29.652826141566038
test_00693,46.00439690053463
test_00694,3.535069491714239
test_00695,4.680506095290184
test_00696,6.822863008826971
test_00697,12.609033592045307
test_00698,94.9722323268652
test_00699,12.026612166315317
test_00700,99.81417474150658
test_00701,221.41217148303986
test_00702,308.36996003985405
test_00703,64.91756638139486
test_00704,52.80493298918009
test_00705,40.52534643933177
test_00706,144.3120288848877
test_00707,86.8401267901063
test_00708,4.696253940463066
test_00709,5.856316726654768
test_00710,8.284515600651503
test_00711,7.149749647825956
test_00712,20.27878388017416
test_00713,7.338140673935413
test_00714,3.070129219442606
test_00715,61.69240768998861
test_00716,97.42937158048153
test_00717,8.844570629298687
test_00718,10.068579323589802
test_00719,39.024060532450676
test_00720,50.8364486284554
test_00721,75.99650973081589
test_00722,17.8636104054749
test_00723,22.94774279370904
test_00724,14.59957979246974
test_00725,65.9023861065507
test_00726,33.23343672603369
test_00727,105.59055863320827
test_00728,15.021703753620386
test_00729,42.043160155415535
test_00730,91.78531415760517
test_00731,7.689540468156338
test_00732,12.204689096659422
test_00733,19.20551623404026
test_00734,110.87431724369526
test_00735,62.901585925370455
test_00736,46.65945526212454
test_00737,7.809198092669249
test_00738,49.50720050185919
test_00739,117.29043506085873
test_00740,89.73481100797653
test_00741,68.72451881319284
test_00742,50.11361139267683
test_00743,50.52284366264939
test_00744,144.65222690999508
test_00745,212.62288311123848
test_00746,30.561699654906988
test_00747,22.18709958717227
test_00748,124.4335313513875
test_00749,12.855186525732279
test_00750,14.879776298999786
test_00751,60.45299284905195
test_00752,16.821927588433027
test_00753,41.549702912569046
test_00754,159.75071117281914
test_00755,23.74669337645173
test_00756,29.70470117777586
test_00757,44.43192256242037
test_00758,9.39562264457345
test_00759,14.917686264961958
test_00760,49.72742520272732
test_00761,68.84009462594986
test_00762,87.62030623853207
test_00763,60.30406800284982
test_00764,37.60600421577692
test_00765,64.36101376265287
test_00766,26.367862779647112
test_00767,12.214501786977053
test_00768,13.7655382566154
test_00769,17.485669549554586
test_00770,82.60199538618326
test_00771,10.867281060665846
test_00772,75.55253192037344
test_00773,38.84073927253485
test_00774,25.95720800384879
test_00775,48.42412016540766
test_00776,106.45340684056282
test_00777,69.33425755053759
test_00778,81.64806223660707
test_00779,83.12304107099771
test_00780,51.33745666593313
test_00781,106.62138137966394
test_00782,49.99767531082034
test_00783,4.913529634475708
test_00784,14.080368880182505
test_00785,32.192760434001684
test_00786,28.838328275829554
test_00787,9.932304751127958
test_00788,17.28676386550069
test_00789,14.69919976964593
test_00790,17.063991282135248
test_00791,41.42161796241999
test_00792,156.3750714212656
test_00793,54.123614460229874
test_00794,49.0014421120286
test_00795,16.72433551773429
test_00796,6.443005669862032
test_00797,18.88522957637906
test_00798,37.351171396672726
test_00799,82.38139927387238
test_00800,74.97357576340437
test_00801,118.93583974987268
test_00802,7.105332553386688
test_00803,11.807338278740644
test_00804,30.401093918830156
test_00805,75.88736676424742
test_00806,51.114238388836384
test_00807,82.45525072515011
test_00808,57.06960545480251
test_00809,90.60438919067383
test_00810,64.80313451588154
test_00811,101.01261547207832
test_00812,59.62629783153534
test_00813,38.27684013545513
test_00814,7.004048652946949
test_00815,43.73954477906227
test_00816,17.73033683747053
test_00817,21.11250600218773
test_00818,68.39001081138849
test_00819,109.03508777916431
test_00820,39.95570156723261
test_00821,-0.2554962672293186
test_00822,17.54280748590827
test_00823,98.99406856298447
test_00824,159.01129041612148
test_00825,71.20639406889677
test_00826,11.244542233645916
test_00827,27.26439429074526
test_00828,12.482415717095137
test_00829,68.37161851674318
test_00830,144.54757802188396
test_00831,35.22862556949258
test_00832,31.570453133434057
test_00833,54.51450643315911
test_00834,25.775030691176653
test_00835,41.09864600002766
test_00836,59.993842881172895
test_00837,96.38361066579819
test_00838,17.04881541058421
test_00839,32.14894874021411
test_00840,46.66200314462185
test_00841,113.28390097618103
test_00842,112.79822851717472
test_00843,17.03607228398323
test_00844,20.62636185064912
test_00845,7.559007916599512
test_00846,10.0753427259624
test_00847,25.10393849760294
test_00848,48.92463422566652
test_00849,41.075800482183695
test_00850,14.978218901902437
test_00851,29.9781602807343
test_00852,48.047397539019585
test_00853,34.898132525384426
test_00854,59.189413979649544
test_00855,50.95502915978432
test_00856,1.7534459419548512
test_00857,10.389649659395218
test_00858,2.407011229544878
test_00859,6.353046104311943
test_00860,15.658923223614693
test_00861,11.733249124139547
test_00862,4.470216650515795
test_00863,10.650421347469091
test_00864,11.418455641716719
test_00865,124.37215189635754
test_00866,25.903327345848083
test_00867,8.178113650530577
test_00868,47.397791497409344
test_00869,3.3695759810507298
test_00870,9.913035925477743
test_00871,14.139378730207682
test_00872,15.524505708366632
test_00873,18.530338514596224
test_00874,121.65114709734917
test_00875,23.607733499258757
test_00876,33.15248574502766
test_00877,20.048096518963575
test_00878,18.778270509094
test_00879,4.4061704613268375
test_00880,7.200168751180172
test_00881,79.5158114284277
test_00882,19.476375456899405
test_00883,117.8832820057869
test_00884,15.304555851966143
test_00885,2.9180362336337566
test_00886,3.714234657585621
test_00887,24.187711037695408
test_00888,103.24985686689615
test_00889,168.0676384717226
test_00890,149.94011561572552
test_00891,89.5651502609253
test_00892,39.498256377875805
test_00893,67.70135457068682
test_00894,65.0342490002513
test_00895,35.74691166728735
test_00896,140.41819588840008
test_00897,149.7519437223673
test_00898,13.687051590532064
test_00899,78.25327993929386
test_00900,147.37088438868523
test_00901,93.39215891063213
test_00902,33.20417693257332
test_00903,7.596030209213495
test_00904,17.392341282218695
test_00905,43.263224460184574
test_00906,24.290283735841513
test_00907,34.235051676630974
test_00908,2.644926257431507
test_00909,33.32055499404669
test_00910,6.948816057294607
test_00911,9.646102521568537
test_00912,60.7820708155632
test_00913,20.313365999609232
test_00914,178.0321915000677
test_00915,259.15824100375175
test_00916,177.30826602876186
test_00917,49.12025663256645
test_00918,6.707903739064932
test_00919,54.3577299490571
test_00920,218.84239056706429
test_00921,18.81183124706149
test_00922,27.88022417575121
test_00923,46.44112475961447
test_00924,31.962830752134323
test_00925,23.750652622431517
test_00926,77.78376387804747
test_00927,110.56551091372967
test_00928,177.35314738750458
test_00929,13.322956953197718
test_00930,54.861118733882904
test_00931,5.4175386764109135
test_00932,9.655402664095163
test_00933,7.4413447715342045
test_00934,75.44251242280006
test_00935,117.68413119018078
test_00936,217.06349317729473
test_00937,6.491935413330793
test_00938,66.54451934993267
test_00939,98.10566724836826
test_00940,9.17843608930707
test_00941,17.763786152005196
test_00942,72.49340900033712
test_00943,167.51667188107967
test_00944,134.09571832418442
test_00945,25.910815000534058
test_00946,57.4990647919476
test_00947,149.39565615355968
test_00948,12.766575183719397
test_00949,30.32658878341317
test_00950,63.61708778515458
test_00951,194.41892378032207
test_00952,102.57506170123816
test_00953,10.274508398026228
test_00954,8.134164534509182
test_00955,89.39437527954578
test_00956,137.75083775818348
test_00957,225.69687788188457
test_00958,204.65893039107323
test_00959,381.3666004538536
test_00960,414.9801085591316
test_00961,7.150340192019939
test_00962,42.21557677537203
test_00963,198.07642024755478
test_00964,196.25281977653503
test_00965,10.240843664854765
test_00966,75.5477704256773
test_00967,8.034522272646427
test_00968,60.07946064695716
test_00969,126.94490410387516
test_00970,187.05500853061676
test_00971,12.928068593144417
test_00972,136.7828801125288
test_00973,65.23539058119059
test_00974,205.64199705421925
test_00975,165.31093360483646
test_00976,207.19748303294182
test_00977,21.595054890960455
test_00978,10.625165369361639
test_00979,7.529428709298372
test_00980,14.134936649352312
test_00981,19.652227632701397
test_00982,10.639338430017233
test_00983,26.387807574123144
test_00984,108.69811360538006
test_00985,126.49612022936344
test_00986,124.11329297721386
test_00987,46.446331948041916
test_00988,4.925693359225988
test_00989,56.30502528697252
test_00990,10.082481253892183
test_00991,37.72532385587692
test_00992,43.83903104811907
test_00993,137.23776999115944
test_00994,197.64378534257412
test_00995,10.30866339430213
test_00996,282.1509863436222
test_00997,5.665478099137545
test_00998,6.842726092785597
test_00999,62.39150059223175
test_01000,5.062135066837072
test_01001,73.86994894593954
test_01002,111.90512513369322
test_01003,230.51402486860752
test_01004,11.095015700906515
test_01005,14.162343099713326
test_01006,81.28173913061619
test_01007,7.709136135876179
test_01008,6.059222511947155
test_01009,6.61401092633605
test_01010,48.83054456487298
test_01011,86.17954182624817
test_01012,41.91421353071928
test_01013,216.15399569272995
test_01014,252.8573201596737
test_01015,3.638515006750822
test_01016,54.17327217012644
test_01017,124.95618896186352
test_01018,3.864719431847334
test_01019,29.135126873850822
test_01020,92.5349710136652
test_01021,9.447263691574335
test_01022,18.317144632339478
test_01023,14.823808308690786
test_01024,30.082835167646408
test_01025,85.53150314092636
test_01026,8.157700877636671
test_01027,205.58474026620388
test_01028,116.68342248350382
test_01029,382.4205472767353
test_01030,57.300556518137455
test_01031,50.19721982255578
test_01032,96.39346792548895
test_01033,6.796541079878807
test_01034,3.3868688978254795
test_01035,8.392046641558409
test_01036,18.215663883835077
test_01037,114.31322322040796
test_01038,10.451207391917706
test_01039,120.20039914548397
test_01040,286.19827169179916
test_01041,302.29794749617577
test_01042,64.02316677197814
test_01043,48.46929122507572
test_01044,58.38868433609605
test_01045,133.82601419091225
test_01046,55.89135465025902
test_01047,12.808997798711061
test_01048,42.77453614026308
test_01049,12.914118379354477
test_01050,57.624627858400345
test_01051,11.872093863785267
test_01052,11.199601449072361
test_01053,123.2583929747343
test_01054,59.85284395515919
test_01055,7.09382251277566
test_01056,11.888543676584959
test_01057,76.4618511274457
test_01058,101.76422595232725
test_01059,116.42042604088783
test_01060,27.303897611796856
test_01061,29.728211522102356
test_01062,59.203639037907124
test_01063,66.19556344300508
test_01064,46.96820216625929
test_01065,98.6305904686451
test_01066,50.11303199082613
test_01067,38.140019588172436
test_01068,105.04739168286324
test_01069,10.356233771890402
test_01070,17.612031150609255
test_01071,34.23629590496421
test_01072,74.18657720088959
test_01073,86.51728853583336
test_01074,53.89572382718325
test_01075,22.313646893948317
test_01076,71.06198929995298
test_01077,73.69624724239111
test_01078,101.97719327360392
test_01079,104.44040139019489
test_01080,64.39013984799385
test_01081,216.90736666321754
test_01082,36.65467094630003
test_01083,17.34179961308837
test_01084,61.26360946521163
test_01085,49.14054683968425
test_01086,30.790184546262026
test_01087,81.369533367455
test_01088,26.356913570314646
test_01089,65.25049217045307
test_01090,175.96619306504726
test_01091,28.8932785987854
test_01092,37.76936582475901
test_01093,64.45433460175991
test_01094,47.21798378974199
test_01095,50.70649176463485
test_01096,54.84464292228222
test_01097,84.40932803601027
test_01098,135.21328049898148
test_01099,84.59262701123953
test_01100,71.96893890202045
test_01101,84.92038275301456
test_01102,57.58986374735832
test_01103,8.78267491236329
test_01104,20.31002701073885
test_01105,77.37996535748243
test_01106,44.9407859519124
test_01107,15.912444960325956
test_01108,99.55298335850239
test_01109,36.41844955459237
test_01110,38.37136063352227
test_01111,46.42526549100876
test_01112,80.39264699071646
test_01113,140.77433489263058
test_01114,90.4900241792202
test_01115,178.95580261945724
test_01116,48.45311254262924
test_01117,13.411230310797691
test_01118,55.4450369477272
test_01119,64.1237524189055
test_01120,61.9207514449954
test_01121,15.490670125931501
test_01122,28.999453987926245
test_01123,29.93429658934474
test_01124,36.38170953467488
test_01125,107.73356551676989
test_01126,92.3272257372737
test_01127,168.74255248904228
test_01128,56.401525408029556
test_01129,121.5668366998434
test_01130,7.544756859540939
test_01131,18.032624896615744
test_01132,27.09016889706254
test_01133,75.35734777897596
test_01134,99.74509221315384
test_01135,127.487773925066
test_01136,73.39366576820612
test_01137,40.09475429728627
test_01138,44.592442873865366
test_01139,137.16513676941395
test_01140,51.6495611295104
test_01141,95.05912031978369
test_01142,87.9374321848154
test_01143,98.7676412910223
test_01144,96.45499594509602
test_01145,162.0741571635008
test_01146,142.35919208824635
test_01147,22.740591775625944
test_01148,28.618556696921587
test_01149,30.484475787729025
test_01150,35.19194868952036
test_01151,99.63857141137123
test_01152,105.98010981082916
test_01153,103.11698813736439
test_01154,1.901104275137186
test_01155,27.117348786443472
test_01156,69.87198703736067
test_01157,27.074454478919506
test_01158,54.876654874533415
test_01159,118.72519746422768
test_01160,42.21096384525299
test_01161,65.48467451334
test_01162,175.3202639967203
test_01163,86.40224012732506
test_01164,108.52225771546364
test_01165,77.76709493249655
test_01166,141.07497017085552
test_01167,25.18581986427307
test_01168,52.778562776744366
test_01169,49.5524718426168
test_01170,75.2106551155448
test_01171,83.28756891191006
test_01172,52.751702301204205
test_01173,33.51319868117571
test_01174,15.105145048350096
test_01175,12.469171185046434
test_01176,31.84188061580062
test_01177,90.03106363117695
test_01178,67.11163491010666
test_01179,34.802237804979086
test_01180,75.64866062998772
test_01181,70.70666740089655
test_01182,42.27906956151128
test_01183,85.61441703140736
test_01184,130.57299964129925
test_01185,8.454462334513664
test_01186,32.788827516138554
test_01187,14.8660489320755
test_01188,20.62444908171892
test_01189,35.853543892502785
test_01190,23.787648916244507
test_01191,7.121020972728729
test_01192,12.650973372161388
test_01193,13.362753689289093
test_01194,134.1615472882986
test_01195,34.71485583484173
test_01196,9.776423368602991
test_01197,52.073490150272846
test_01198,10.918164428323507
test_01199,9.626477140933275
test_01200,15.482127662748098
test_01201,30.66992523521185
test_01202,25.867289293557405
test_01203,65.73354246467352
test_01204,78.7082515284419
test_01205,160.1979796886444
test_01206,28.448673103004694
test_01207,26.583857104182243
test_01208,14.870784427970648
test_01209,29.805576525628567
test_01210,52.788561172783375
test_01211,85.90052269399166
test_01212,112.68323953449726
test_01213,35.16145209595561
test_01214,190.45401749014854
test_01215,40.90567175671458
test_01216,7.414981987327337
test_01217,5.785755980759859
test_01218,42.76408462226391
test_01219,96.93258649110794
test_01220,228.04572841525078
test_01221,194.70052793622017
test_01222,112.52269322425127
test_01223,61.93297830969095
test_01224,52.527585208415985
test_01225,55.66746783256531
test_01226,26.879244338721037
test_01227,58.79520530253649
test_01228,174.78387159109116
test_01229,52.80768886208534
test_01230,127.06574653089046
test_01231,310.54063707590103
test_01232,138.13704623281956
test_01233,112.15700894594193
test_01234,61.176743756979704
test_01235,210.13463443517685
test_01236,37.47647447511554
test_01237,46.420997973531485
test_01238,10.523770045489073
test_01239,17.176209535449743
test_01240,54.72980993241072
test_01241,128.59824956953526
test_01242,4.793515454977751
test_01243,3.86896837875247
test_01244,26.524516697973013
test_01245,13.355745155364275
test_01246,6.819546304643154
test_01247,71.79048313200474
test_01248,163.53625544905663
test_01249,280.2473987042904
test_01250,265.9137100279331
test_01251,118.7907887250185
test_01252,126.8713052123785
test_01253,13.89318122714758
test_01254,99.27924569696188
test_01255,194.08281128108501
test_01256,117.29099960625172
test_01257,54.21954260766506
test_01258,56.74347649514675
test_01259,17.810494855046272
test_01260,12.784146659076214
test_01261,88.17167395353317
test_01262,69.88899025321007
test_01263,194.8853571265936
test_01264,22.615418691188097
test_01265,79.35252410173416
test_01266,6.639504607766867
test_01267,7.7008350901305676
test_01268,27.166427094489336
test_01269,103.66086819767952
test_01270,217.12875759601593
test_01271,295.1266759335995
test_01272,14.675737708806992
test_01273,143.47173278033733
test_01274,166.08312770724297
test_01275,8.171175684779882
test_01276,126.71134573221207
test_01277,204.0800485163927
test_01278,555.7297729253769
test_01279,64.13212774693966
test_01280,38.942925702780485
test_01281,114.85650159418583
test_01282,225.10566514730453
test_01283,6.619934938848019
test_01284,18.724296998232603
test_01285,211.91972696781158
test_01286,231.81457403302193
test_01287,10.329403009265661
test_01288,11.685645319521427
test_01289,8.919439747929573
test_01290,107.73765847086906
test_01291,286.1842769086361
test_01292,219.54566556215286
test_01293,238.76314729452133
test_01294,480.05683079361916
test_01295,491.0822240412235
test_01296,13.569863852113485
test_01297,102.46520562469959
test_01298,151.1917127519846
test_01299,174.73419159650803
test_01300,8.786808721721172
test_01301,160.59169067442417
test_01302,12.686328027397394
test_01303,421.40371403098106
test_01304,377.7928795516491
test_01305,397.4684453010559
test_01306,86.6364521831274
test_01307,363.05188623070717
test_01308,324.2361220419407
test_01309,270.71546572446823
test_01310,169.23308300971985
test_01311,135.18328531086445
test_01312,21.687566053122282
test_01313,13.60561591759324
test_01314,7.044283654540777
test_01315,55.76194004714489
test_01316,87.79322054982185
test_01317,10.298988126218319
test_01318,32.36294487118721
test_01319,92.30274972319603
test_01320,143.11807480454445
test_01321,185.1492072790861
test_01322,66.41647154092789
test_01323,5.932307507842779
test_01324,76.53035425394773
test_01325,14.561628971248865
test_01326,34.365989066660404
test_01327,103.88743660598993
test_01328,143.27931194007397
test_01329,311.8686261177063
test_01330,12.272805955260992
test_01331,549.0963051319122
test_01332,8.555519673973322
test_01333,9.443538434803486
test_01334,77.35043071955442
test_01335,5.274938967078924
test_01336,90.33369710296392
test_01337,326.66723278164864
test_01338,9.987437065690756
test_01339,12.071285534650087
test_01340,62.140348460525274
test_01341,11.73251372948289
test_01342,13.736921004951
test_01343,17.324098143726587
test_01344,128.9514321386814
test_01345,163.54716008901596
test_01346,189.27622723579407
test_01347,265.42000022530556
test_01348,257.33556163311005
test_01349,6.9357720874249935
test_01350,95.13265235722065
test_01351,167.257248416543
test_01352,8.455691706389189
test_01353,47.79913127422333
test_01354,99.15251268446445
test_01355,13.947826992720366
test_01356,22.75627276673913
test_01357,10.471638735383749
test_01358,22.409760747104883
test_01359,110.44838260114193
test_01360,8.338143698871136
test_01361,175.2797058671713
test_01362,144.45771130919456
test_01363,372.3150658905506
test_01364,59.4635081961751
test_01365,59.18149548768997
test_01366,74.28844050318003
test_01367,5.820453237742186
test_01368,3.2342856489121914
test_01369,5.550645109266043
test_01370,11.997538078576326
test_01371,108.52793288230896
test_01372,11.08833772316575
test_01373,105.07056775689125
test_01374,268.61538657546043
test_01375,316.4939465224743
test_01376,68.0425628349185
test_01377,49.19239216297865
test_01378,51.59817264229059
test_01379,128.33974720537663
test_01380,63.15006760880351
test_01381,9.926618441939354
test_01382,27.326156299561262
test_01383,34.58821938931942
test_01384,13.123122740536928
test_01385,46.9404354467988
test_01386,13.218553196638823
test_01387,10.542032346129417
test_01388,124.77980566769838
test_01389,64.89739131182432
test_01390,6.343025423586369
test_01391,10.673931691795588
test_01392,59.900711461901665
test_01393,107.01205421984196
test_01394,123.00293618440628
test_01395,29.822553742676973
test_01396,22.501989636570215
test_01397,55.647081058472395
test_01398,63.75699847564101
test_01399,84.38886326551437
test_01400,76.95882192254066
test_01401,44.02997738495469
test_01402,89.69437173008919
test_01403,13.972414430230856
test_01404,17.45727514475584
test_01405,38.55799859762192
test_01406,71.93211717158556
test_01407,83.3883551210165
test_01408,41.486332692205906
test_01409,17.320514023303986
test_01410,56.50361155718565
test_01411,63.96681251376867
test_01412,71.26389598846436
test_01413,96.11834118515253
test_01414,127.76009279489517
test_01415,56.371522791683674
test_01416,197.65962232649326
test_01417,198.89816063642502
test_01418,32.77592096850276
test_01419,22.288026932626963
test_01420,57.69088023155928
test_01421,19.491083350032568
test_01422,20.61354072764516
test_01423,65.95133813470602
test_01424,26.238797303289175
test_01425,44.587985936552286
test_01426,177.5215007662773
test_01427,22.426804818212986
test_01428,28.036057274788618
test_01429,60.36465635150671
test_01430,37.50853842496872
test_01431,40.93485355377197
test_01432,50.618002988398075
test_01433,83.18492564558983
test_01434,92.18738932907581
test_01435,87.90264578908682
test_01436,66.28545244038105
test_01437,85.03391580283642
test_01438,59.61598373576999
test_01439,12.301998894661665
test_01440,16.716706726700068
test_01441,55.77781417220831
test_01442,36.812569092959166
test_01443,12.040926363319159
test_01444,94.5697188898921
test_01445,37.662622176110744
test_01446,40.94529764354229
test_01447,48.642272390425205
test_01448,76.32624880969524
test_01449,71.93943397700787
test_01450,100.35337501764297
test_01451,130.62929075956345
test_01452,100.65603820234537
test_01453,199.64428165555
test_01454,41.05181101709604
test_01455,9.897912051528692
test_01456,65.33131872862577
test_01457,40.784847900271416
test_01458,66.28872828930616
test_01459,14.8042200691998
test_01460,26.935401748865843
test_01461,31.642592377960682
test_01462,35.61887500062585
test_01463,112.30541010200977
test_01464,101.05351530015469
test_01465,169.15288785099983
test_01466,67.00584950298071
test_01467,81.17456464469433
test_01468,9.009785581380129
test_01469,14.01885200291872
test_01470,25.577150102704763
test_01471,72.96367531269789
test_01472,104.95712384581566
test_01473,126.95172321796417
test_01474,75.87386967241764
test_01475,32.084898836910725
test_01476,34.17199715599418
test_01477,116.63186314702034
test_01478,53.462093539536
test_01479,89.56372404098511
test_01480,109.27709947526455
test_01481,69.78735722601414
test_01482,66.15315568447113
test_01483,132.6900745779276
test_01484,109.91337184607983
test_01485,89.72974495589733
test_01486,17.749167397618294
test_01487,49.40615430474281
test_01488,42.81513883918524
test_01489,34.40327134728432
test_01490,108.93039432168007
test_01491,137.72417041659355
test_01492,78.5744616985321
test_01493,7.335741356015205
test_01494,47.85811512544751
test_01495,119.26090647280216
test_01496,30.89210356026888
test_01497,44.30141972377896
test_01498,21.271897222846746
test_01499,121.83111822605133
test_01500,138.36281982064247
test_01501,50.85563202947378
test_01502,67.93110968917608
test_01503,145.3888397961855
test_01504,67.52148000895977
test_01505,94.42321193218231
test_01506,75.36009622365236
test_01507,114.73401010036469
test_01508,25.886944387108088
test_01509,46.704514898359776
test_01510,52.89632620289922
test_01511,73.22444328665733
test_01512,86.79874412715435
test_01513,71.39005702733994
test_01514,28.474341347813606
test_01515,16.48069703951478
test_01516,10.354387857019901
test_01517,26.490083143115044
test_01518,82.32255284488201
test_01519,63.80723558738828
test_01520,30.09864615276456
test_01521,69.31483273208141
test_01522,67.49525836110115
test_01523,36.35140607506037
test_01524,108.41817337274551
test_01525,133.59639278054237
test_01526,6.57829600200057
test_01527,32.98995981179178
test_01528,11.826644245535135
test_01529,20.881179813295603
test_01530,31.242879383265972
test_01531,24.77367201447487
test_01532,8.662627305835485
test_01533,21.098578073084354
test_01534,20.155085299164057
test_01535,139.84593999385834
test_01536,28.85815793275833
test_01537,16.918847404420376
test_01538,55.70061258971691
test_01539,19.751587621867657
test_01540,8.402238171547651
test_01541,12.671141013503075
test_01542,32.35734398663044
test_01543,39.42234359309077
test_01544,75.79854743182659
test_01545,57.61525343358517
test_01546,148.55521148443222
test_01547,31.66449451074004
test_01548,24.36208499595523
test_01549,13.000538393855095
test_01550,23.196075912564993
test_01551,50.797506138682365
test_01552,100.80650440603495
test_01553,71.5274792611599
test_01554,33.67507093027234
test_01555,181.06056155264378
test_01556,27.89971584826708
test_01557,7.8503950498998165
test_01558,9.422215703874826
test_01559,38.18299560621381
test_01560,98.35647396743298
test_01561,198.95113876461983
test_01562,170.40696601569653
test_01563,98.38590461015701
test_01564,39.054022293537855
test_01565,63.846204075962305
test_01566,49.80324142053723
test_01567,56.86108764261007
test_01568,17.94273589923978
test_01569,52.062563225626945
test_01570,168.75102066993713
test_01571,55.10674797743559
test_01572,122.45618882775307
test_01573,255.54488307237625
test_01574,271.64833241701126
test_01575,125.36210452765226
test_01576,127.74381011724472
test_01577,82.60244850814342
test_01578,244.69066593050957
test_01579,47.884177066385746
test_01580,40.16786663979292
test_01581,12.589103654026985
test_01582,20.25627263262868
test_01583,77.58733922243118
test_01584,113.55874544382095
test_01585,10.391068451106548
test_01586,53.44199646636844
test_01587,5.547985803335905
test_01588,27.359821032732725
test_01589,15.167375035583973
test_01590,7.549592636525631
test_01591,70.6754019856453
test_01592,143.516822129488
test_01593,266.7091841995716
test_01594,235.2813135832548
test_01595,109.9017540961504
test_01596,125.8397767841816
test_01597,12.774846516549587
test_01598,96.77093337476254
test_01599,210.71379858255386
test_01600,150.77415715157986
test_01601,74.27929635345936
test_01602,63.89936790987849
test_01603,29.6878650970757
test_01604,12.985819358378649
test_01605,80.29225447773933
test_01606,64.41308564692736
test_01607,193.5353211015463
test_01608,37.02129860967398
test_01609,73.0626118928194
test_01610,8.432526774704456
test_01611,9.161228597164154
test_01612,21.91709089651704
test_01613,103.96713407337666
test_01614,208.18245132267475
test_01615,305.6650744974613
test_01616,15.69119144976139
test_01617,102.08935210108757
test_01618,141.149193033576
test_01619,9.785077255219221
test_01620,134.1475079357624
test_01621,175.09379215538502
test_01622,456.36520797014236
test_01623,104.73782767355442
test_01624,34.64191805571318
test_01625,122.00801406800747
test_01626,192.02126978337765
test_01627,8.428006697446108
test_01628,25.584548618644476
test_01629,156.29613906145096
test_01630,219.87397842109203
test_01631,15.035791389644146
test_01632,15.998942971229553
test_01633,13.660659093409777
test_01634,94.88149651139975
test_01635,265.6467989087105
test_01636,238.22096087038517
test_01637,206.06644605100155
test_01638,393.43809631466866
test_01639,506.2593138217926
test_01640,14.585351020097733
test_01641,87.16156853735447
test_01642,173.03655903041363
test_01643,171.2206690609455
test_01644,13.504094313830137
test_01645,158.09782625734806
test_01646,12.976047523319721
test_01647,364.9854542016983
test_01648,254.50169232487679
test_01649,427.2093502879143
test_01650,131.05360604822636
test_01651,285.618037879467
test_01652,263.7021480202675
test_01653,174.2417000234127
test_01654,136.15936943888664
test_01655,26.918472815304995
test_01656,10.644055355340242
test_01657,9.027401626110077
test_01658,71.7906391248107
test_01659,93.22668768465519
test_01660,12.379226475954056
test_01661,30.196791626513004
test_01662,84.53181210160255
test_01663,119.78003567457199
test_01664,178.45078705251217
test_01665,50.37333941459656
test_01666,6.649269014596939
test_01667,68.0704261213541
test_01668,8.499009422957897
test_01669,24.704310927540064
test_01670,72.19716380536556
test_01671,176.60308940708637
test_01672,278.83030062913895
test_01673,10.61759229004383
test_01674,499.0718487203121
test_01675,11.568966414779425
test_01676,8.680076215416193
test_01677,69.22708306461573
test_01678,6.272449821233749
test_01679,61.232555754482746
test_01680,84.4908602759242
test_01681,10.277004282921553
test_01682,9.124484863132238
test_01683,57.005696687847376
test_01684,11.009761918336153
test_01685,9.624646082520485
test_01686,11.845597371459007
test_01687,105.83881004154682
test_01688,148.3644545674324
test_01689,154.1641333848238
test_01690,249.1007311195135
test_01691,292.27245327830315
test_01692,6.075601756572723
test_01693,88.14793333411217
test_01694,147.89998227357864
test_01695,6.355040583759546
test_01696,44.19488777965307
test_01697,89.23628028482199
test_01698,19.363689225167036
test_01699,33.65454301983118
test_01700,8.535307463258505
test_01701,20.895159740000963
test_01702,67.28171906620264
test_01703,8.663043286651373
test_01704,166.33399385213852
test_01705,190.70803320407867
test_01706,347.8731028139591
test_01707,65.97590328752995
test_01708,57.780735801905394
test_01709,50.73770146816969
test_01710,7.0127322524785995
test_01711,7.926634676754475
test_01712,9.302041817456484
test_01713,14.946563504636288
test_01714,94.36520489305258
test_01715,10.490235306322575
test_01716,116.49350495636463
test_01717,256.0381768941879
test_01718,351.9519729912281
test_01719,93.6135201305151
test_01720,53.31931555271149
test_01721,55.789647340774536
test_01722,121.01240855455399
test_01723,63.343561828136444
test_01724,8.857833731919527
test_01725,37.12060660123825
test_01726,55.10651770234108
test_01727,11.444955848157406
test_01728,66.33267369121313
test_01729,14.242300555109978
test_01730,13.375760518014431
test_01731,89.32166777551174
test_01732,63.64248118549585
test_01733,4.516137961298227
test_01734,12.923752792179585
test_01735,65.98926667124033
test_01736,126.06556522846222
test_01737,78.82990363240242
test_01738,25.045014072209597
test_01739,22.846822876483202
test_01740,46.56987453624606
test_01741,55.40778066590428
test_01742,42.93534615263343
test_01743,125.92355234920979
test_01744,94.97244031727314
test_01745,76.58045022934675
test_01746,91.46564775705338
test_01747,15.405364345759153
test_01748,36.47127540409565
test_01749,43.866935189813375
test_01750,68.69462019205093
test_01751,83.42443402856588
test_01752,23.034415367990732
test_01753,12.053457785397768
test_01754,57.86260974034667
test_01755,57.87485517561436
test_01756,72.17330433428288
test_01757,74.1829819381237
test_01758,66.87553608417511
test_01759,43.026211962103844
test_01760,221.0149840861559
test_01761,211.38602358102798
test_01762,24.199391927570105
test_01763,9.046573884785175
test_01764,18.037872940301895
test_01765,47.19223012030125
test_01766,13.308947313576937
test_01767,21.373195979744196
test_01768,61.476925913244486
test_01769,34.1479371227324
test_01770,58.68779682740569
test_01771,195.52252088487148
test_01772,24.65170421078801
test_01773,37.63206244260073
test_01774,62.15734053403139
test_01775,48.87703413516283
test_01776,43.26625517755747
test_01777,56.22186626493931
test_01778,83.30605034530163
test_01779,95.5444436520338
test_01780,82.33061990141869
test_01781,42.41739432513714
test_01782,79.37177807092667
test_01783,25.352958727627993
test_01784,6.646030306816101
test_01785,13.777326855808496
test_01786,54.3292872607708
test_01787,21.60298452526331
test_01788,91.52054236829281
test_01789,36.62699707970023
test_01790,42.728800535202026
test_01791,62.16273342818022
test_01792,55.83868107944727
test_01793,70.3975565135479
test_01794,114.47721622884274
test_01795,90.69461988657713
test_01796,249.49170851707458
test_01797,39.220782317221165
test_01798,8.493482820689678
test_01799,43.334743447601795
test_01800,29.50695801153779
test_01801,59.08021158725023
test_01802,7.989354927092791
test_01803,29.008839555084705
test_01804,29.426981985569
test_01805,33.72789677977562
test_01806,76.80658780038357
test_01807,108.47681181132793
test_01808,110.86740899085999
test_01809,79.73699437081814
test_01810,26.79346315190196
test_01811,9.168441407382488
test_01812,12.78827304020524
test_01813,42.10008267313242
test_01814,85.41388456523418
test_01815,96.69237242639065
test_01816,110.57183233648539
test_01817,57.32556736469269
test_01818,30.22708022966981
test_01819,37.53967013210058
test_01820,104.1964954957366
test_01821,52.092328138649464
test_01822,98.87710367143154
test_01823,85.13528884202242
test_01824,62.195904184132814
test_01825,105.42519883066416
test_01826,113.53026561439037
test_01827,80.71064203977585
test_01828,68.71354731917381
test_01829,14.443572130054235
test_01830,44.27194822579622
test_01831,23.189739633351564
test_01832,27.105192489922047
test_01833,79.67219050228596
test_01834,106.46123619377613
test_01835,50.83203626051545
test_01836,-8.294117543846369
test_01837,22.569835364818573
test_01838,54.05706124380231
test_01839,141.12634380161762
test_01840,148.55812335014343
test_01841,34.100645303726196
test_01842,35.78389681875706
test_01843,23.013504903763533
test_01844,78.55635910481215
test_01845,115.81050159782171
test_01846,48.718081180006266
test_01847,74.27994260936975
test_01848,65.6436460390687
test_01849,23.12820789963007
test_01850,35.625842679291964
test_01851,77.10921384394169
test_01852,92.99581833183765
test_01853,21.475928384810686
test_01854,41.278242003172636
test_01855,43.889097310602665
test_01856,63.80444257333875
test_01857,106.42633837461472
test_01858,71.30124512314796
test_01859,37.172741625458
test_01860,14.03782369941473
test_01861,9.30952575802803
test_01862,25.33315135538578
test_01863,71.24437460303307
test_01864,63.11683742702007
test_01865,25.158405985683203
test_01866,66.2255437746644
test_01867,76.66028883308172
test_01868,47.90497239306569
test_01869,96.21371221542358
test_01870,85.155307918787
test_01871,1.0651611126959324
test_01872,8.305058367550373
test_01873,12.287417281419039
test_01874,11.935400944203138
test_01875,27.032756116241217
test_01876,12.869808994233608
test_01877,2.9034360498189926
test_01878,20.944074627012014
test_01879,13.492387425154448
test_01880,143.97967506945133
test_01881,16.940916672348976
test_01882,54.095543183386326
test_01883,6.20927644893527
test_01884,7.265741441398859
test_01885,12.98168183490634
test_01886,30.961947482079268
test_01887,39.33053068444133
test_01888,91.8757379874587
test_01889,51.77268402278423
test_01890,166.97455973923206
test_01891,62.53977546840906
test_01892,20.39273662492633
test_01893,16.47404134646058
test_01894,22.729144874960184
test_01895,88.16469141840935
test_01896,88.04783795028925
test_01897,93.32436889410019
test_01898,209.13898435235023
test_01899,31.013566244393587
test_01900,11.533875461667776
test_01901,9.857573054730892
test_01902,199.20848232507706
test_01903,199.69978538155556
test_01904,91.41513580083847
test_01905,32.38149315863848
test_01906,59.994284860789776
test_01907,60.33095447719097
test_01908,46.19182597100735
test_01909,38.97895261272788
test_01910,80.8590580523014
test_01911,156.538314178586
test_01912,83.45179219543934
test_01913,124.87795485556126
test_01914,197.99087676405907
test_01915,261.2127999663353
test_01916,145.85591197013855
test_01917,97.07400511205196
test_01918,82.05460177361965
test_01919,202.8380932211876
test_01920,54.429490353912115
test_01921,51.473211262375116
test_01922,17.78456662222743
test_01923,17.136635646224022
test_01924,32.040879152715206
test_01925,92.31961180269718
test_01926,11.428513463586569
test_01927,34.41199208796024
test_01928,4.137587990611792
test_01929,24.776394460350275
test_01930,15.715515185147524
test_01931,9.689743366092443
test_01932,75.19311706721783
test_01933,142.04518599808216
test_01934,320.18191358447075
test_01935,254.30912292003632
test_01936,92.50415872037411
test_01937,115.87376039475203
test_01938,9.73146029934287
test_01939,97.22105433046818
test_01940,221.30284281075
test_01941,45.106060329824686
test_01942,69.16996741294861
test_01943,51.42766507714987
test_01944,11.147555563598871
test_01945,21.04759442433715
test_01946,77.04553163796663
test_01947,70.72862524539232
test_01948,163.9209931343794
test_01949,14.749826863408089
test_01950,62.9385896474123
test_01951,5.820958357304335
test_01952,8.040832553058863
test_01953,14.433518022298813
test_01954,103.88967250287533
test_01955,181.56422518193722
test_01956,460.12095019221306
test_01957,18.77041144296527
test_01958,116.47821766138077
test_01959,146.31494680047035
test_01960,10.523588053882122
test_01961,66.41283913701773
test_01962,94.2687790542841
test_01963,360.3268553316593
test_01964,139.34163753688335
test_01965,42.38679373636842
test_01966,74.12652739882469
test_01967,198.34709005057812
test_01968,6.256705690175295
test_01969,23.6577923335135
test_01970,104.34849934279919
test_01971,242.23250158131123
test_01972,12.263063833117485
test_01973,6.080522958189249
test_01974,96.27206838130951
test_01975,171.46370585262775
test_01976,273.1649984717369
test_01977,216.71172197163105
test_01978,545.293111383915
test_01979,463.24443128705025
test_01980,6.786390405148268
test_01981,95.87407130748034
test_01982,163.70068672299385
test_01983,163.80254259705544
test_01984,14.603331048041582
test_01985,173.41346736252308
test_01986,10.680669095367193
test_01987,67.10910931229591
test_01988,198.40095956623554
test_01989,429.1604488790035
test_01990,2.8741613999009132
test_01991,194.33499965071678
test_01992,387.0133023262024
test_01993,273.1153779029846
test_01994,170.01659773290157
test_01995,241.46017377078533
test_01996,20.03890037164092
test_01997,19.959678310900927
test_01998,7.46563507989049
test_01999,62.260188076645136
test_02000,105.86405859142542
test_02001,6.893234334886074
test_02002,28.94341542944312
test_02003,97.58466613292694
test_02004,125.95529317110777
test_02005,169.71661613881588
test_02006,75.77727298438549
test_02007,4.290527794510126
test_02008,69.81132812052965
test_02009,13.505862232297659
test_02010,24.424794103950262
test_02011,42.36407449841499
test_02012,93.23330623656511
test_02013,227.19754353165627
test_02014,2.620097402483225
test_02015,487.4935575425625
test_02016,7.867271985858679
test_02017,10.949604406952858
test_02018,74.05233424901962
test_02019,8.903862752020359
test_02020,65.11104945838451
test_02021,106.57592804729939
test_02022,278.89555019140244
test_02023,7.143197949975729
test_02024,16.086469791829586
test_02025,83.64560954272747
test_02026,10.395759377628565
test_02027,8.424701135605574
test_02028,10.1283059976995
test_02029,159.8338776230812
test_02030,163.98388051986694
test_02031,119.20151035487652
test_02032,220.8743528574705
test_02033,297.4196810424328
test_02034,4.9542251862585545
test_02035,75.51440282166004
test_02036,138.31749276816845
test_02037,6.912558872252703
test_02038,56.15195920318365
test_02039,103.33710141479969
test_02040,22.43157374113798
test_02041,29.387140680104494
test_02042,10.761997058987617
test_02043,25.768449280411005
test_02044,73.5167960897088
test_02045,6.665748540312052
test_02046,127.95700028538704
test_02047,135.4669990837574
test_02048,320.93008479475975
test_02049,46.410253040492535
test_02050,29.662720542401075
test_02051,93.0255609601736
test_02052,10.148280505090952
test_02053,6.613386955112219
test_02054,6.86398196965456
test_02055,14.226924121379852
test_02056,83.46275626122952
test_02057,10.252780828624964
test_02058,71.09647113829851
test_02059,202.30156710743904
test_02060,271.6945360004902
test_02061,26.54668253287673
test_02062,55.28857987746596
test_02063,35.2280758805573
test_02064,131.12059381604195
test_02065,60.47036747634411
test_02066,9.96669002249837
test_02067,16.693010676652193
test_02068,15.68008253350854
test_02069,8.706502139568329
test_02070,29.01701060682535
test_02071,13.131739486008883
test_02072,6.080652952194214
test_02073,56.92571323364973
test_02074,68.66749972850084
test_02075,7.331778395920992
test_02076,13.078063104301691
test_02077,88.85290196537971
test_02078,86.51757823675871
test_02079,16.932600770145655
test_02080,9.948468577116728
test_02081,49.960389316082
test_02082,55.42880255356431
test_02083,34.725500486791134
test_02084,79.02730881422758
test_02085,40.48655251413584
test_02086,46.210600819438696
test_02087,79.45480338484049
test_02088,16.411532800644636
test_02089,20.327048797160387
test_02090,22.4268605299294
test_02091,47.76089818030596
test_02092,62.995679300278425
test_02093,35.07327901944518
test_02094,19.313169840723276
test_02095,32.9387774579227
test_02096,60.54704908281565
test_02097,66.38785057514906
test_02098,58.04823746532202
test_02099,64.95715884119272
test_02100,39.96032563969493
test_02101,135.28772620856762
test_02102,179.13109396398067
test_02103,32.702117800712585
test_02104,10.029763113707304
test_02105,59.2437997572124
test_02106,54.24687848985195
test_02107,27.625759053975344
test_02108,27.321699362248182
test_02109,52.50862094014883
test_02110,24.617857486009598
test_02111,79.99984967708588
test_02112,115.02524124085903
test_02113,14.485515624284744
test_02114,28.94201520830393
test_02115,64.57883171737194
test_02116,13.87072940543294
test_02117,22.696052115410566
test_02118,68.89117112755775
test_02119,102.87218342721462
test_02120,74.61840985715389
test_02121,51.662270829081535
test_02122,34.11048770695925
test_02123,56.45446639508009
test_02124,14.007858224213123
test_02125,7.650479126721621
test_02126,10.14748939871788
test_02127,61.2804604023695
test_02128,57.75009064376354
test_02129,16.500864680856466
test_02130,74.450115904212
test_02131,32.37134248390794
test_02132,30.984146744012833
test_02133,49.93766264989972
test_02134,50.227968975901604
test_02135,91.6442520916462
test_02136,51.90816006064415
test_02137,51.72531420737505
test_02138,66.0602805390954
test_02139,75.62889411300421
test_02140,42.894602317363024
test_02141,6.703840497881174
test_02142,52.51157737523317
test_02143,18.690424274653196
test_02144,37.562393084168434
test_02145,11.375587332993746
test_02146,14.114390168339014
test_02147,17.95709466561675
test_02148,19.27783004194498
test_02149,57.47546159476042
test_02150,78.61436614394188
test_02151,111.58568900823593
test_02152,38.69359348714352
test_02153,36.50345077738166
test_02154,6.594006706029177
test_02155,14.250311899930239
test_02156,75.99879762530327
test_02157,70.17577931284904
test_02158,35.65584158152342
test_02159,117.08664160221815
test_02160,32.26849494129419
test_02161,13.744130101054907
test_02162,47.01702791452408
test_02163,62.601979456841946
test_02164,39.80395399406552
test_02165,92.64704813063145
test_02166,108.02079284191132
test_02167,64.51839564740658
test_02168,43.72928639501333
test_02169,125.53083674609661
test_02170,104.85713988542557
test_02171,87.46490769088268
test_02172,9.868399698287249
test_02173,37.84690910577774
test_02174,33.32503793016076
test_02175,19.546520221978426
test_02176,41.925927847623825
test_02177,87.04741894453764
test_02178,68.62962318956852
test_02179,4.538578640669584
test_02180,13.332732502371073
test_02181,77.99693176150322
test_02182,99.98523199558258
test_02183,107.45600974559784
test_02184,31.156671073287725
test_02185,25.081936083734035
test_02186,26.24053179472685
test_02187,177.22414876520634
test_02188,40.8707107976079
test_02189,30.53022624924779
test_02190,46.61741891503334
test_02191,30.835990719497204
test_02192,61.03451545909047
test_02193,65.55663919448853
test_02194,103.59927332401276
test_02195,16.73908055201173
test_02196,19.268853027373552
test_02197,27.6391187235713
test_02198,128.5913858860731
test_02199,118.87701560556889
test_02200,12.326430339366198
test_02201,15.865595120936632
test_02202,10.651305306702852
test_02203,10.78659563884139
test_02204,23.19960432127118
test_02205,51.64671611785889
test_02206,52.48982009291649
test_02207,19.130687970668077
test_02208,42.2834113612771
test_02209,63.35588525980711
test_02210,45.515404023230076
test_02211,64.5080778375268
test_02212,93.32666421681643
test_02213,4.448812209069729
test_02214,10.357830841094255
test_02215,9.32249915972352
test_02216,8.792651023715734
test_02217,14.922707747668028
test_02218,17.131365317851305
test_02219,7.120920691639185
test_02220,12.262792702764273
test_02221,12.385469902306795
test_02222,111.47654604166746
test_02223,31.280410509556532
test_02224,12.73603030666709
test_02225,37.093419283628464
test_02226,12.16731396317482
test_02227,8.328542713075876
test_02228,11.45351316779852
test_02229,18.40038165077567
test_02230,26.747991248965263
test_02231,104.84901340305805
test_02232,81.04071538895369
test_02233,47.48342411965132
test_02234,21.850578535348177
test_02235,15.470079075545073
test_02236,9.159085553139448
test_02237,15.814496334642172
test_02238,80.90684384852648
test_02239,133.79827718436718
test_02240,17.141088869422674
test_02241,133.19002409279346
test_02242,22.372017916291952
test_02243,4.661129560321569
test_02244,6.103190198540688
test_02245,18.076607439666986
test_02246,197.36853975057602
test_02247,146.77283768355846
test_02248,42.46334534883499
test_02249,30.217735517770052
test_02250,71.86420830339193
test_02251,80.42272388935089
test_02252,42.281606301665306
test_02253,13.648097958415747
test_02254,61.38143603131175
test_02255,121.18561256676912
test_02256,66.93656641244888
test_02257,105.48504064232111
test_02258,150.72220411896706
test_02259,255.8951686322689
test_02260,96.40497425198555
test_02261,65.84278942644596
test_02262,56.81551917269826
test_02263,177.85397343337536
test_02264,109.53572069108486
test_02265,32.651966113597155
test_02266,7.9879249930381775
test_02267,16.03783717751503
test_02268,22.003236066550016
test_02269,6.026831720024347
test_02270,34.087794467806816
test_02271,2.1639744378626347
test_02272,30.592853646725416
test_02273,8.097573079168797
test_02274,7.842766258865595
test_02275,68.97230224311352
test_02276,137.10470069944859
test_02277,304.73431742191315
test_02278,219.556273072958
test_02279,157.13664315640926
test_02280,67.99559414386749
test_02281,18.39644468948245
test_02282,45.85023886710405
test_02283,164.03841857612133
test_02284,68.92745059728622
test_02285,59.7143000587821
test_02286,54.39982943609357
test_02287,51.33271745592356
test_02288,13.665773428976536
test_02289,65.08176738023758
test_02290,126.32599893212318
test_02291,173.87490893900394
test_02292,25.812558103352785
test_02293,45.88544495776296
test_02294,7.35275200009346
test_02295,11.788886558264494
test_02296,9.624337811022997
test_02297,80.03063225746155
test_02298,95.34210612624884
test_02299,210.15947443246841
test_02300,34.59386484324932
test_02301,50.32504849880934
test_02302,85.60832588374615
test_02303,6.541704546660185
test_02304,33.52542183175683
test_02305,66.72232886403799
test_02306,276.73815482854843
test_02307,104.21764366328716
test_02308,16.346379805356264
test_02309,46.31731104105711
test_02310,135.46827673912048
test_02311,11.034668769687414
test_02312,15.68685707822442
test_02313,44.550317388027906
test_02314,194.52245843410492
test_02315,12.760253760963678
test_02316,11.965143572539091
test_02317,10.485016975551844
test_02318,24.11615862324834
test_02319,68.85460195690393
test_02320,105.14643968641758
test_02321,74.84763757139444
test_02322,396.39851292967796
test_02323,410.35526356101036
test_02324,7.876698408275843
test_02325,37.49402737990022
test_02326,140.81361536681652
test_02327,151.07605522871017
test_02328,17.366164203733206
test_02329,57.778886172920465
test_02330,24.22842887416482
test_02331,43.644025184214115
test_02332,125.98231706768274
test_02333,292.56982013583183
test_02334,289.91913095116615
test_02335,148.64351826906204
test_02336,81.69238647818565
test_02337,247.04734581708908
test_02338,128.41506944596767
test_02339,141.08511713147163
test_02340,32.96863150969148
test_02341,13.673201657831669
test_02342,5.783274952322245
test_02343,49.9760851636529
test_02344,20.362511161714792
test_02345,14.33610051497817
test_02346,12.391672473400831
test_02347,86.64228334277868
test_02348,140.72116363048553
test_02349,155.20656645298004
test_02350,41.465407371520996
test_02351,6.710693039000034
test_02352,41.65841132774949
test_02353,11.104850675910711
test_02354,12.730941969901323
test_02355,23.658683720976114
test_02356,86.30368238687515
test_02357,188.26780059933662
test_02358,5.1183333322405815
test_02359,224.1450168788433
test_02360,6.108111400157213
test_02361,11.805919487029314
test_02362,66.6332718282938
test_02363,7.936005387455225
test_02364,32.688353292644024
test_02365,51.39388149231672
test_02366,233.9952048957348
test_02367,11.068593490868807
test_02368,8.085635915398598
test_02369,82.33558195829391
test_02370,8.34909662231803
test_02371,8.239619385451078
test_02372,11.242874596267939
test_02373,129.815661996603
test_02374,87.94894593954086
test_02375,126.44780702888966
test_02376,213.98024336993694
test_02377,237.29420018196106
test_02378,4.935714039951563
test_02379,31.186094287782907
test_02380,112.1048776358366
test_02381,5.987439822405577
test_02382,19.543452363461256
test_02383,93.085893034935
test_02384,15.357084572315216
test_02385,20.61617774888873
test_02386,34.10384315624833
test_02387,20.432043097913265
test_02388,52.66788959503174
test_02389,12.018418829888105
test_02390,210.07314355671406
test_02391,127.15142372250557
test_02392,407.13985070586205
test_02393,52.91337027400732
test_02394,50.05673344433308
test_02395,115.82602659612894
test_02396,7.167165130376816
test_02397,3.753329426050186
test_02398,8.980146948248148
test_02399,21.113438244909048
test_02400,93.92121222615242
test_02401,9.789166495203972
test_02402,122.26323315501213
test_02403,262.90227633714676
test_02404,278.4222828745842
test_02405,55.15911327674985
test_02406,45.83481414988637
test_02407,51.47135791927576
test_02408,130.58650416135788
test_02409,51.77027727663517
test_02410,9.456158995628357
test_02411,27.18179238587618
test_02412,30.222006749361753
test_02413,9.451490353792906
test_02414,47.492326851934195
test_02415,11.453903149813414
test_02416,8.438926193863153
test_02417,115.95920731127262
test_02418,86.40998777002096
test_02419,5.58830251544714
test_02420,18.552288930863142
test_02421,68.16330126672983
test_02422,84.11228059232235
test_02423,99.54853384941816
test_02424,24.96124593541026
test_02425,15.697108034044504
test_02426,55.07100334018469
test_02427,60.62803163379431
test_02428,36.762736819684505
test_02429,87.42849451303482
test_02430,57.81310059502721
test_02431,39.29256872087717
test_02432,85.39048564434052
test_02433,9.77094504982233
test_02434,13.477530967444181
test_02435,29.390542808920145
test_02436,59.99490511789918
test_02437,77.15797273814678
test_02438,48.728673834353685
test_02439,27.097210858017206
test_02440,66.8510674983263
test_02441,66.1690223813057
test_02442,76.31073866784573
test_02443,93.61557032167912
test_02444,96.77179504930973
test_02445,62.24431023746729
test_02446,142.39193572103977
test_02447,194.0413914769888
test_02448,45.118316907435656
test_02449,8.337820570915937
test_02450,26.88030657544732
test_02451,46.66604781523347
test_02452,18.63614620640874
test_02453,27.422552425414324
test_02454,175.69827170670033
test_02455,22.003421772271395
test_02456,39.389741096645594
test_02457,144.74640199542046
test_02458,17.874151062220335
test_02459,33.18088200688362
test_02460,57.18332792446017
test_02461,36.07574450224638
test_02462,41.429677590727806
test_02463,49.7165094204247
test_02464,73.69079492241144
test_02465,127.3759196549654
test_02466,87.42582035064697
test_02467,75.39390952140093
test_02468,82.96370556205511
test_02469,44.91283352673054
test_02470,8.814608868211508
test_02471,17.314077463001013
test_02472,82.58531901240349
test_02473,33.77889157086611
test_02474,8.368606865406036
test_02475,97.24862791597843
test_02476,38.14798264950514
test_02477,27.64695179089904
test_02478,44.3384085893631
test_02479,93.70232460647821
test_02480,69.58161757141352
test_02481,62.93665459379554
test_02482,127.41591323912144
test_02483,88.92738481611013
test_02484,171.16555160284042
test_02485,41.44479775056243
test_02486,9.410739090293646
test_02487,57.250846810638905
test_02488,67.18188367038965
test_02489,63.91066624596715
test_02490,12.65724279731512
test_02491,26.098258927464485
test_02492,33.320896692574024
test_02493,43.402344044297934
test_02494,124.16841043531895
test_02495,85.92660320550203
test_02496,175.3738066703081
test_02497,58.83882386237383
test_02498,138.62136675417423
test_02499,9.593306384980679
test_02500,15.3853898383677
test_02501,25.81016992777586
test_02502,70.90039560943842
test_02503,94.02187958359718
test_02504,113.85753852128983
test_02505,50.1199662424624
test_02506,37.235666152089834
test_02507,41.90360973402858
test_02508,134.9127640724182
test_02509,58.600994259119034
test_02510,91.00572896748781
test_02511,75.84408990293741
test_02512,62.29710637405515
test_02513,72.90301639586687
test_02514,119.28274546563625
test_02515,83.62241861224174
test_02516,66.73547682911158
test_02517,20.87684915587306
test_02518,60.739451352506876
test_02519,33.816623259335756
test_02520,28.874867733567953
test_02521,91.2150341719389
test_02522,101.50223974883556
test_02523,95.71299016475677
test_02524,2.103523511439562
test_02525,31.120822440832853
test_02526,65.08096513152122
test_02527,136.63372127711773
test_02528,124.82632866501808
test_02529,23.402227833867073
test_02530,39.88773327320814
test_02531,20.52800838649273
test_02532,131.27527925372124
test_02533,119.34255756437778
test_02534,32.857096653431654
test_02535,52.7484413087368
test_02536,169.2582052797079
test_02537,90.15594701468945
test_02538,108.7187195122242
test_02539,74.1020736694336
test_02540,141.62566934525967
test_02541,24.222801990807056
test_02542,46.65015511959791
test_02543,62.17448488622904
test_02544,72.00274477154016
test_02545,86.25062254816294
test_02546,54.400676254183054
test_02547,26.955027129501104
test_02548,13.924576636403799
test_02549,13.482500452548265
test_02550,28.50800236687064
test_02551,87.54831184446812
test_02552,56.51748748868704
test_02553,30.52877774462104
test_02554,68.37138081341982
test_02555,62.56751990318298
test_02556,40.72330502420664
test_02557,87.56893260776997
test_02558,102.75563451647758
test_02559,4.7702205292880535
test_02560,35.43080338835716
test_02561,14.083121038973331
test_02562,25.08661215379834
test_02563,45.712734922766685
test_02564,27.6536966226995
test_02565,6.41889363899827
test_02566,9.747995536774397
test_02567,12.390929650515318
test_02568,132.04693852365017
test_02569,36.864340133965015
test_02570,9.013484839349985
test_02571,39.67793409153819
test_02572,5.751482132822275
test_02573,4.520516902208328
test_02574,10.15837175399065
test_02575,30.299230616539717
test_02576,44.30479585379362
test_02577,65.34380558133125
test_02578,55.93163422122598
test_02579,160.01072889566422
test_02580,30.908389952033758
test_02581,21.769384279847145
test_02582,11.331322517246008
test_02583,38.58902630954981
test_02584,59.79125650972128
test_02585,90.9947203323245
test_02586,121.0618582740426
test_02587,31.319189578294754
test_02588,194.98673759400845
test_02589,37.22747652977705
test_02590,8.070656891912222
test_02591,4.5438972525298595
test_02592,47.87847961485386
test_02593,88.71060681343079
test_02594,223.4525425285101
test_02595,191.40171092748642
test_02596,94.30274834483862
test_02597,38.48754184693098
test_02598,61.249313838779926
test_02599,54.1907953619957
test_02600,46.25383311137557
test_02601,13.714870307594538
test_02602,53.90579279139638
test_02603,159.00037091970444
test_02604,52.38175793364644
test_02605,136.81468778848648
test_02606,268.07838505506516
test_02607,117.48708999156952
test_02608,100.68309181183577
test_02609,45.86216117441654
test_02610,153.09111087024212
test_02611,41.00219787657261
test_02612,45.584330558776855
test_02613,10.606936495751143
test_02614,24.859824612736702
test_02615,57.32278549298644
test_02616,111.15913039445877
test_02617,4.322744023054838
test_02618,65.17124782502651
test_02619,3.8992458395659924
test_02620,28.34695465117693
test_02621,12.403007950633764
test_02622,9.07016222551465
test_02623,71.7816806808114
test_02624,157.30128242075443
test_02625,306.02109465003014
test_02626,264.8318330645561
test_02627,113.65800143778324
test_02628,110.01305867731571
test_02629,10.658012997359037
test_02630,90.23219035565853
test_02631,230.87160494923592
test_02632,35.697744220495224
test_02633,63.35223799943924
test_02634,59.506094232201576
test_02635,22.073752243071795
test_02636,15.111154485493898
test_02637,94.98548428714275
test_02638,61.16566455364227
test_02639,187.69376192986965
test_02640,21.932341050356627
test_02641,74.05095259845257
test_02642,6.648403625935316
test_02643,8.90236596390605
test_02644,12.92487445473671
test_02645,86.56643369793892
test_02646,211.90660871565342
test_02647,258.6853896677494
test_02648,15.54967626184225
test_02649,150.70037998259068
test_02650,113.63354770839214
test_02651,9.730617195367813
test_02652,123.93581773340702
test_02653,230.9714403450489
test_02654,528.8449922204018
test_02655,69.02180396020412
test_02656,41.79162918403745
test_02657,132.60347628593445
test_02658,223.5071102976799
test_02659,8.553320918232203
test_02660,23.058330550789833
test_02661,184.60791224241257
test_02662,227.25627110898495
test_02663,12.26262928172946
test_02664,11.742690403014421
test_02665,8.638715837150812
test_02666,90.494443975389
test_02667,267.6910772025585
test_02668,210.05072516202927
test_02669,259.76777175068855
test_02670,384.0530639886856
test_02671,405.31399205327034
test_02672,10.208987705409527
test_02673,92.29474952071905
test_02674,143.23685218393803
test_02675,194.59963773190975
test_02676,14.62633627280593
test_02677,136.1161668598652
test_02678,13.24097901955247
test_02679,392.75446155667305
test_02680,364.5050260722637
test_02681,118.7838507592678
test_02682,345.7053970694542
test_02683,511.5073872208595
test_02684,258.40082907676697
test_02685,243.00817209482193
test_02686,166.95021000504494
test_02687,18.4080921523273
test_02688,11.144112579524517
test_02689,8.530913665890694
test_02690,27.405229795724154
test_02691,59.48934357613325
test_02692,8.972429018467665
test_02693,31.929801132529974
test_02694,70.03068371862173
test_02695,136.54492422938347
test_02696,178.27871955931187
test_02697,64.58768616616726
test_02698,6.41469668969512
test_02699,73.56322252005339
test_02700,9.658500235527754
test_02701,26.197693198919296
test_02702,134.000161588192
test_02703,202.24163615703583
test_02704,324.5580020546913
test_02705,10.762249618768692
test_02706,279.08470261096954
test_02707,9.391763679683208
test_02708,7.046066429466009
test_02709,97.0734702795744
test_02710,5.681095950305462
test_02711,41.905492790043354
test_02712,75.09579241275787
test_02713,282.21139270067215
test_02714,8.053787384182215
test_02715,10.625124514102936
test_02716,47.462955635041
test_02717,5.967561881989241
test_02718,8.027632590383291
test_02719,9.25691532716155
test_02720,84.27525593340397
test_02721,137.59940588474274
test_02722,177.18939951062202
test_02723,254.771753013134
test_02724,299.2902576327324
test_02725,4.821438167244196
test_02726,88.85926052927971
test_02727,183.20679971575737
test_02728,7.206516172736883
test_02729,48.19768175110221
test_02730,16.589973714202642
test_02731,37.33333621919155
test_02732,16.97276148945093
test_02733,20.573836844414473
test_02734,92.23270152509212
test_02735,6.03687097132206
test_02736,208.27395224571228
test_02737,419.7774370312691
test_02738,40.795533407479525
test_02739,35.34274544939399
test_02740,121.39231789112091
test_02741,5.651156473904848
test_02742,5.0190439112484455
test_02743,11.289486732333899
test_02744,7.228812001645565
test_02745,212.5816564410925
test_02746,74.23720800876617
test_02747,322.4603296518326
test_02748,264.89871683716774
test_02749,45.92375976219773
test_02750,48.34998644143343
test_02751,39.258755423128605
test_02752,131.64890430867672
test_02753,61.43772343546152
test_02754,9.946396101266146
test_02755,37.43957846239209
test_02756,57.85574605688453
test_02757,17.60976554080844
test_02758,59.75799661502242
test_02759,13.406115975230932
test_02760,8.263018306344748
test_02761,109.37359216809273
test_02762,124.24754335731268
test_02763,14.791380375623703
test_02764,27.322958447039127
test_02765,77.11623352020979
test_02766,82.65168280899525
test_02767,56.94586601853371
test_02768,10.66205395385623
test_02769,88.69175396859646
test_02770,57.6046682074666
test_02771,46.30815203487873
test_02772,105.28063806891441
test_02773,18.44757690280676
test_02774,36.66842431202531
test_02775,102.95933140814304
test_02776,19.74262546375394
test_02777,28.770590256899595
test_02778,54.46400933340192
test_02779,70.02457771450281
test_02780,30.657152395695448
test_02781,12.173119124025106
test_02782,52.14966292306781
test_02783,55.69550196826458
test_02784,67.04655619710684
test_02785,84.09229122847319
test_02786,67.7079954072833
test_02787,52.22400092333555
test_02788,166.10076232254505
test_02789,206.39553144574165
test_02790,5.346888791769743
test_02791,43.05689054727554
test_02792,15.919828619807959
test_02793,14.461351595818996
test_02794,53.937013637274504
test_02795,17.874745320528746
test_02796,33.24789948761463
test_02797,130.1931942999363
test_02798,18.26680723950267
test_02799,33.771983318030834
test_02800,66.22702942043543
test_02801,27.95917510613799
test_02802,43.42414589598775
test_02803,48.28725504875183
test_02804,84.7654447555542
test_02805,100.85742491483688
test_02806,56.579624623060226
test_02807,37.369210850447416
test_02808,60.974513940513134
test_02809,22.034813467413187
test_02810,13.135007906705141
test_02811,10.836546763777733
test_02812,96.62135855853558
test_02813,46.841862849891186
test_02814,12.163195010274649
test_02815,80.45294935256243
test_02816,35.91588901728392
test_02817,24.182210434228182
test_02818,37.5551394186914
test_02819,72.45239774882793
test_02820,101.18492066860199
test_02821,46.24979215487838
test_02822,147.1217861622572
test_02823,78.86521000415087
test_02824,171.59132282435894
test_02825,39.98810721561313
test_02826,4.859232995659113
test_02827,64.88402792811394
test_02828,38.04529852792621
test_02829,53.20453456044197
test_02830,12.594492834061384
test_02831,15.05127553269267
test_02832,24.569421719759703
test_02833,21.99415134266019
test_02834,75.25165151059628
test_02835,80.3877220749855
test_02836,141.22946247458458
test_02837,46.129269141703844
test_02838,166.35428777337074
test_02839,9.964992672204971
test_02840,22.23154268041253
test_02841,66.76412750780582
test_02842,99.68517611920834
test_02843,63.546218767762184
test_02844,97.01931106299162
test_02845,39.54112468659878
test_02846,13.29491538926959
test_02847,92.87828889489174
test_02848,122.42745643854141
test_02849,114.82415908575058
test_02850,38.16842884942889
test_02851,51.22367848455906
test_02852,132.2733212262392
test_02853,91.0086779743433
test_02854,89.79408084601164
test_02855,15.141610223799944
test_02856,34.836582221090794
test_02857,35.717737298458815
test_02858,25.115158837288618
test_02859,71.49085809290409
test_02860,76.71274698525667
test_02861,6.053937327116728
test_02862,23.847806427627802
test_02863,74.8852764070034
test_02864,74.0424695611
test_02865,112.17320248484612
test_02866,35.52037297189236
test_02867,46.42915045469999
test_02868,23.012216106057167
test_02869,96.78247684240341
test_02870,180.3404839038849
test_02871,36.2155994810164
test_02872,47.31470304355025
test_02873,71.8369467034936
test_02874,101.5640871822834
test_02875,167.53455905616283
test_02876,68.09843054413795
test_02877,104.48927913606167
test_02878,19.420804876834154
test_02879,18.82512777671218
test_02880,39.27506038546562
test_02881,86.43395866453648
test_02882,97.56792290508747
test_02883,50.608372289687395
test_02884,22.509700138121843
test_02885,8.881812054663897
test_02886,15.472441252321005
test_02887,39.92321792244911
test_02888,65.57347156107426
test_02889,35.77195965498686
test_02890,23.6805895678699
test_02891,25.30347929522395
test_02892,53.0165186598897
test_02893,82.06630123406649
test_02894,75.2539319768548
test_02895,151.66401439905167
test_02896,6.835008163005114
test_02897,23.220938194543123
test_02898,7.3873044066131115
test_02899,11.293390266597271
test_02900,19.097201514989138
test_02901,26.590542510151863
test_02902,14.889288146048784
test_02903,13.153515338897705
test_02904,12.03288159146905
test_02905,27.984319660812616
test_02906,14.437298990786076
test_02907,34.5978500880301
test_02908,8.649620477110147
test_02909,9.084528420120478
test_02910,9.05143566057086
test_02911,20.646774623543024
test_02912,32.13545164838433
test_02913,89.90114390850067
test_02914,154.72263219952583
test_02915,22.432439129799604
test_02916,13.952889330685139
test_02917,10.981549505144358
test_02918,27.074610471725464
test_02919,37.45716850832105
test_02920,66.65581650286913
test_02921,117.67957025766373
test_02922,18.240214180201292
test_02923,178.35462120175362
test_02924,23.338400777429342
test_02925,9.396105479449034
test_02926,7.289875756949186
test_02927,30.41758830100298
test_02928,79.5574986487627
test_02929,213.07648047804832
test_02930,168.22571118175983
test_02931,34.95374396070838
test_02932,53.34729769080877
test_02933,77.6989409327507
test_02934,84.36962415277958
test_02935,74.92571568489075
test_02936,19.31932784244418
test_02937,42.43923703208566
test_02938,146.30267536640167
test_02939,83.09899589419365
test_02940,113.93397499620914
test_02941,199.63527864217758
test_02942,176.78326852619648
test_02943,135.1975326538086
test_02944,74.50070214271545
test_02945,50.242298029363155
test_02946,158.9260886311531
test_02947,79.63742639124393
test_02948,30.8493689596653
test_02949,8.75384595617652
test_02950,19.034351270645857
test_02951,37.18114295229316
test_02952,56.97470611706376
test_02953,4.295890975743532
test_02954,2.0588575713336468
test_02955,23.78718836605549
test_02956,21.81104550138116
test_02957,7.9871190302073956
test_02958,72.27973599731922
test_02959,134.7946700900793
test_02960,294.07965222001076
test_02961,159.44881309568882
test_02962,111.33816556632519
test_02963,85.97706316411495
test_02964,8.73096701130271
test_02965,75.50358732044697
test_02966,161.15657776594162
test_02967,91.16816947609186
test_02968,46.28806610405445
test_02969,58.89530811458826
test_02970,53.97003582865
test_02971,12.56673725694418
test_02972,78.60886925458908
test_02973,127.39640671014786
test_02974,160.5795826613903
test_02975,37.40347355604172
test_02976,63.79711091145873
test_02977,9.02657337859273
test_02978,9.468679275363684
test_02979,11.362342800945044
test_02980,81.82065713405609
test_02981,141.42415635287762
test_02982,206.68710428476334
test_02983,14.125885352492332
test_02984,65.95340318232775
test_02985,112.6901032179594
test_02986,9.237353086471558
test_02987,57.00228713080287
test_02988,135.05459867417812
test_02989,485.80815184116364
test_02990,253.3590524494648
test_02991,55.876981027424335
test_02992,40.95908443629742
test_02993,135.21133430302143
test_02994,12.411921825259924
test_02995,17.886790193617344
test_02996,60.319789849221706
test_02997,192.1430481672287
test_02998,10.154122807085514
test_02999,7.783789835870266
test_03000,7.617326941341162
test_03001,43.07801643013954
test_03002,221.8784859776497
test_03003,106.88977071642876
test_03004,81.30219647288322
test_03005,385.54468205571175
test_03006,443.56437888741493
test_03007,13.469114784151316
test_03008,49.467002641409636
test_03009,134.20252139866352
test_03010,180.30411529541016
test_03011,10.975696060806513
test_03012,122.53983068466187
test_03013,10.769480999559164
test_03014,160.00126533210278
test_03015,215.55342338979244
test_03016,390.12501710653305
test_03017,357.94899013638496
test_03018,197.65889436006546
test_03019,422.10642448067665
test_03020,276.90243753790855
test_03021,249.09865121543407
test_03022,174.98055623471737
test_03023,24.605411488562822
test_03024,11.607496637851
test_03025,10.536866012960672
test_03026,38.41190390661359
test_03027,26.32338997349143
test_03028,7.57282442227006
test_03029,30.225044894963503
test_03030,62.33480463549495
test_03031,124.31774754822254
test_03032,201.50682090222836
test_03033,91.25711508840322
test_03034,6.800637748092413
test_03035,95.705287091434
test_03036,15.289758820086718
test_03037,16.603340812027454
test_03038,94.6097347587347
test_03039,143.45296907424927
test_03040,258.55664360523224
test_03041,8.750848665833473
test_03042,515.638433277607
test_03043,6.499248504638672
test_03044,8.051265500485897
test_03045,94.04097755998373
test_03046,7.223961368203163
test_03047,25.500594776123762
test_03048,82.82255435734987
test_03049,283.3641052544117
test_03050,7.543449491262436
test_03051,15.683432664722204
test_03052,97.77585388720036
test_03053,6.868078637868166
test_03054,8.070824027061462
test_03055,10.529363501816988
test_03056,67.15165077894926
test_03057,169.84237605333328
test_03058,198.66396343708038
test_03059,274.3234159052372
test_03060,272.0007573068142
test_03061,6.846176505088806
test_03062,76.29729357361794
test_03063,160.05375319719315
test_03064,6.6551001742482185
test_03065,79.55424508452415
test_03066,80.90150295197964
test_03067,18.523303981870413
test_03068,21.650432337075472
test_03069,14.344654120504856
test_03070,17.694283928722143
test_03071,105.25715000927448
test_03072,9.356111895292997
test_03073,185.59002809226513
test_03074,140.22137753665447
test_03075,68.70918694883585
test_03076,45.022039633244276
test_03077,116.46680790185928
test_03078,8.27151620015502
test_03079,5.272911060601473
test_03080,11.988193366676569
test_03081,12.321052301675081
test_03082,99.98925809562206
test_03083,10.386370096355677
test_03084,99.72834898531437
test_03085,292.70599442720413
test_03086,272.5127702653408
test_03087,59.42156841605902
test_03088,41.780824825167656
test_03089,48.085586063563824
test_03090,123.51607823371887
test_03091,59.38582006469369
test_03092,7.740706108510494
test_03093,31.113650485873222
test_03094,32.64821485802531
test_03095,14.90109160169959
test_03096,51.52110476791859
test_03097,15.157224360853434
test_03098,9.545034039765596
test_03099,116.2229985743761
test_03100,67.6238410025835
test_03101,7.830621104687452
test_03102,11.05184654891491
test_03103,104.72987946867943
test_03104,132.97106961905956
test_03105,110.21136267483234
test_03106,32.778216291218996
test_03107,24.571122784167528
test_03108,72.60495871305466
test_03109,76.67622238397598
test_03110,45.83176114782691
test_03111,76.50387261807919
test_03112,62.830924898386
test_03113,38.142036352306604
test_03114,101.21747116744518
test_03115,15.804408799856901
test_03116,29.820035573095083
test_03117,64.52938199788332
test_03118,87.55620805174112
test_03119,11.496975734829903
test_03120,45.668704096227884
test_03121,50.715149365365505
test_03122,60.17811495438218
test_03123,65.91184224188328
test_03124,97.3860501497984
test_03125,53.531989458948374
test_03126,165.2831965982914
test_03127,31.27716437354684
test_03128,8.907001178711653
test_03129,11.569319255650043
test_03130,46.56134692952037
test_03131,22.261530440300703
test_03132,22.56173488125205
test_03133,61.54970769956708
test_03134,20.73698303475976
test_03135,41.43436851724982
test_03136,108.43438176810741
test_03137,26.619007483124733
test_03138,39.530093766748905
test_03139,52.21117237210274
test_03140,41.34426410123706
test_03141,44.36415854468942
test_03142,46.15946117788553
test_03143,67.45963257551193
test_03144,103.00373736023903
test_03145,76.88647840172052
test_03146,76.36639838665724
test_03147,79.62236937135458
test_03148,44.55699536576867
test_03149,10.294434621930122
test_03150,24.752664983272552
test_03151,78.47778329998255
test_03152,39.134288020431995
test_03153,17.176476951688528
test_03154,94.5981467217207
test_03155,36.37101659923792
test_03156,30.82610374689102
test_03157,48.039111349731684
test_03158,89.86554783582687
test_03159,63.89689430966973
test_03160,87.36770931631327
test_03161,119.47503259778023
test_03162,87.81670860946178
test_03163,192.80717639625072
test_03164,41.10830269753933
test_03165,9.27387397363782
test_03166,67.30860182642937
test_03167,83.68839614093304
test_03168,51.43774889782071
test_03169,16.222320955246687
test_03170,27.52875381335616
test_03171,43.4331526234746
test_03172,46.84256853163242
test_03173,103.51847647875547
test_03174,101.69048592448235
test_03175,171.9689591228962
test_03176,63.97670320048928
test_03177,130.7907358855009
test_03178,8.202723372727633
test_03179,27.02112350985408
test_03180,66.70114355534315
test_03181,102.43047122657299
test_03182,114.58502954244614
test_03183,65.61841977387667
test_03184,30.888200026005507
test_03185,38.523799031972885
test_03186,102.66716431081295
test_03187,57.69855359196663
test_03188,91.20961156487465
test_03189,74.22557540237904
test_03190,75.95762295275927
test_03191,68.44985262304544
test_03192,113.45725355297327
test_03193,86.84743616729975
test_03194,57.902681320905685
test_03195,31.570809688419104
test_03196,42.58537257835269
test_03197,30.652454040944576
test_03198,33.49510722979903
test_03199,98.55456997454166
test_03200,101.85830447077751
test_03201,103.09737761318684
test_03202,0.4264597110450268
test_03203,33.232508197426796
test_03204,62.38953211158514
test_03205,156.3740611821413
test_03206,120.72863535583019
test_03207,26.79469995200634
test_03208,50.31330446898937
test_03209,20.024393040686846
test_03210,94.09761037677526
test_03211,122.77003149688244
test_03212,42.69109484553337
test_03213,59.6248641833663
test_03214,147.60013438761234
test_03215,87.66820345818996
test_03216,91.33205848932266
test_03217,82.13812477886677
test_03218,128.62760592997074
test_03219,22.0087849535048
test_03220,57.678177960217
test_03221,67.94312856346369
test_03222,74.10027603805065
test_03223,55.860468074679375
test_03224,31.385653655976057
test_03225,19.56914660707116
test_03226,11.629814751446247
test_03227,29.756401650607586
test_03228,93.49689693748951
test_03229,57.48247384279966
test_03230,34.50061085820198
test_03231,65.61451252549887
test_03232,66.29747131466866
test_03233,34.59702555462718
test_03234,89.00009974837303
test_03235,119.68000714480877
test_03236,7.428051955997944
test_03237,33.24265144392848
test_03238,11.8613600730896
test_03239,27.222614217549562
test_03240,50.45461166650057
test_03241,33.02295600436628
test_03242,7.924045938998461
test_03243,17.668091993778944
test_03244,17.19619147107005
test_03245,121.76389275491238
test_03246,35.53831957280636
test_03247,15.70436541363597
test_03248,42.13039727509022
test_03249,6.391104634851217
test_03250,7.90501481667161
test_03251,13.209929022938013
test_03252,30.03284690156579
test_03253,32.3335179425776
test_03254,57.57693862915039
test_03255,83.06445463001728
test_03256,136.4158958941698
test_03257,29.64591046050191
test_03258,28.635849613696337
test_03259,14.206938471645117
test_03260,17.976408060640097
test_03261,54.02754517644644
test_03262,90.40712514519691
test_03263,94.81979021430016
test_03264,41.94670831784606
test_03265,192.1080463528633
test_03266,40.377595253288746
test_03267,11.444298449903727
test_03268,5.659542944282293
test_03269,49.064574629068375
test_03270,90.91046936064959
test_03271,217.74772219359875
test_03272,197.95780628919601
test_03273,102.33999539911747
test_03274,42.4654215388
test_03275,55.919563349336386
test_03276,50.54599745199084
test_03277,47.1149542555213
test_03278,21.14113811030984
test_03279,49.957343742251396
test_03280,124.94293700158596
test_03281,57.20686426758766
test_03282,124.40826051682234
test_03283,214.3629605770111
test_03284,139.83650614321232
test_03285,125.54240992665291
test_03286,96.44082288444042
test_03287,50.49643259495497
test_03288,164.02730594575405
test_03289,43.51329578459263
test_03290,43.783601604402065
test_03291,9.981137927621603
test_03292,19.915940899401903
test_03293,55.723394967615604
test_03294,125.60070666670799
test_03295,8.403077561408281
test_03296,65.54244384914637
test_03297,6.146210785955191
test_03298,25.04213934764266
test_03299,22.116743117570877
test_03300,8.697658833116293
test_03301,66.9791301637888
test_03302,136.81568317115307
test_03303,252.47438010573387
test_03304,215.36474637687206
test_03305,113.95303583145142
test_03306,107.08459087461233
test_03307,12.12961570173502
test_03308,84.29613668471575
test_03309,190.90066203474998
test_03310,122.43681600689888
test_03311,58.10920836776495
test_03312,56.21205357462168
test_03313,34.50552463158965
test_03314,16.04302579537034
test_03315,82.44032741338015
test_03316,64.58620052039623
test_03317,196.64629305899143
test_03318,21.575930915772915
test_03319,61.61126543208957
test_03320,6.874608051031828
test_03321,8.93892027810216
test_03322,30.678359989076853
test_03323,92.89541096240282
test_03324,202.3881802558899
test_03325,275.0013754963875
test_03326,16.86360738053918
test_03327,104.41157986223698
test_03328,143.60044912993908
test_03329,9.567274156957865
test_03330,108.68726839125156
test_03331,241.93177716434002
test_03332,416.95126336812973
test_03333,75.94078315794468
test_03334,36.843905076384544
test_03335,125.98596432805061
test_03336,223.77088670432568
test_03337,8.206719759851694
test_03338,31.20561195909977
test_03339,167.28609965741634
test_03340,221.74180656671524
test_03341,13.30828620120883
test_03342,14.401509784162045
test_03343,9.68289453908801
test_03344,216.82348710298538
test_03345,270.22377640008926
test_03346,217.66681392490864
test_03347,214.18967485427856
test_03348,365.6205677688122
test_03349,393.7387315928936
test_03350,12.175670720636845
test_03351,80.07291373610497
test_03352,125.71958061307669
test_03353,178.69810250401497
test_03354,13.692321918904781
test_03355,148.88493570685387
test_03356,13.66897128149867
test_03357,291.00314724445343
test_03358,290.96089547872543
test_03359,351.80614200234413
test_03360,121.2448378354311
test_03361,347.9199897944927
test_03362,492.46078446507454
test_03363,242.55219769477844
test_03364,142.918017745018
test_03365,203.93540604412556
test_03366,21.89875802770257
test_03367,11.540178313851357
test_03368,6.735117055475712
test_03369,65.58646353334188
test_03370,85.52871755510569
test_03371,11.922594677656889
test_03372,27.245017755776644
test_03373,68.88295550644398
test_03374,35.874836910516024
test_03375,155.54611079394817
test_03376,67.81540016829967
test_03377,4.896199576556683
test_03378,66.89630541205406
test_03379,6.603046860545874
test_03380,24.200015898793936
test_03381,96.14819523692131
test_03382,177.4097802042961
test_03383,302.8101684451103
test_03384,9.884192112833261
test_03385,236.135411337018
test_03386,9.9517927095294
test_03387,9.420276936143637
test_03388,95.09129197895527
test_03389,6.892220381647348
test_03390,52.333307310938835
test_03391,107.24913357198238
test_03392,318.8211214840412
test_03393,8.304549533873796
test_03394,20.64324250072241
test_03395,45.43214100599289
test_03396,10.290479090064764
test_03397,9.176623601466417
test_03398,11.268795400857925
test_03399,60.418570436537266
test_03400,114.62016506493092
test_03401,177.74920569360256
test_03402,201.62747019529343
test_03403,255.26344233751297
test_03404,4.690359640866518
test_03405,88.53347326815128
test_03406,135.17648105323315
test_03407,5.688802737742662
test_03408,44.489194206893444
test_03409,87.21343243122101
test_03410,19.339072074741125
test_03411,34.588899072259665
test_03412,17.105979345738888
test_03413,18.153612174093723
test_03414,103.0527488142252
test_03415,7.418499253690243
test_03416,195.9772324860096
test_03417,215.36021515727043
test_03418,362.67765206098557
test_03419,58.656928822398186
test_03420,55.651430286467075
test_03421,100.12088631093502
test_03422,5.337896920740604
test_03423,4.858571883291006
test_03424,4.913433067500591
test_03425,13.292300652712584
test_03426,102.60661681741476
test_03427,9.369133580476046
test_03428,98.32704332470894
test_03429,244.93276676535606
test_03430,340.5930819809437
test_03431,72.6284616291523
test_03432,51.951618913561106
test_03433,52.75383420288563
test_03434,113.29813346266747
test_03435,56.44177898019552
test_03436,14.612668331712484
test_03437,23.294559370726347
test_03438,45.93886135146022
test_03439,14.454398773610592
test_03440,54.158549420535564
test_03441,10.959725368767977
test_03442,37.49563930556178
test_03443,91.591652803123
test_03444,59.44409452006221
test_03445,6.1339504942297935
test_03446,27.24320526793599
test_03447,53.14175859838724
test_03448,100.53047885000706
test_03449,87.47503979504108
test_03450,25.042481046169996
test_03451,10.479312095791101
test_03452,35.98208196461201
test_03453,50.07733192294836
test_03454,34.73656854778528
test_03455,81.46734085679054
test_03456,50.261269725859165
test_03457,27.55091593414545
test_03458,81.4054934233427
test_03459,10.882182087749243
test_03460,14.916910015046597
test_03461,41.535477854311466
test_03462,77.89272113889456
test_03463,60.53271260112524
test_03464,26.528936494141817
test_03465,7.633227065205574
test_03466,36.31898185610771
test_03467,53.70923814177513
test_03468,66.13088585436344
test_03469,82.2062490656972
test_03470,65.2225248888135
test_03471,51.16752107441425
test_03472,170.2038782387972
test_03473,190.1716259419918
test_03474,28.76020559296012
test_03475,5.921090882271528
test_03476,23.638263519853354
test_03477,48.5673067048192
test_03478,18.315985828638077
test_03479,28.643058709800243
test_03480,56.61162914708257
test_03481,21.588733468204737
test_03482,37.68155673146248
test_03483,172.46856693923473
test_03484,20.46816286072135
test_03485,29.314165759831667
test_03486,52.12818791344762
test_03487,55.835070960223675
test_03488,32.21990318223834
test_03489,44.814621198922396
test_03490,78.11325039714575
test_03491,82.35531133413315
test_03492,71.47786612063646
test_03493,52.644862085580826
test_03494,98.37832781672478
test_03495,55.01743095368147
test_03496,7.112727355211973
test_03497,16.2917637526989
test_03498,52.15056545287371
test_03499,39.07420479133725
test_03500,9.137291129678488
test_03501,89.53098040819168
test_03502,29.016208358108997
test_03503,44.1298016384244
test_03504,38.163968198001385
test_03505,59.836026445031166
test_03506,60.974513940513134
test_03507,71.31896887719631
test_03508,114.26158960163593
test_03509,75.03210277855396
test_03510,170.0974020063877
test_03511,45.882224820554256
test_03512,7.1428339667618275
test_03513,39.7075095847249
test_03514,52.60850090533495
test_03515,58.246028915047646
test_03516,15.096260886639357
test_03517,34.03542545437813
test_03518,28.107004288583994
test_03519,28.75681832060218
test_03520,86.06369116902351
test_03521,138.92065009474754
test_03522,58.87981654331088
test_03523,43.26351787522435
test_03524,7.233915194869041
test_03525,10.642101731151342
test_03526,26.317243114113808
test_03527,71.29402488470078
test_03528,93.41066262871027
test_03529,116.92663012444973
test_03530,38.062973998486996
test_03531,20.19117906317115
test_03532,27.483634751290083
test_03533,117.08563879132271
test_03534,46.014217019081116
test_03535,83.4589010104537
test_03536,74.56550601124763
test_03537,61.54473078623414
test_03538,57.268459141254425
test_03539,108.64901301264763
test_03540,86.87824103236198
test_03541,65.74227806180716
test_03542,24.835400596261024
test_03543,45.80337788537145
test_03544,37.1148868650198
test_03545,43.29968963563442
test_03546,78.11288641393185
test_03547,146.72445020079613
test_03548,48.43440083414316
test_03549,0.08268870785832405
test_03550,29.65236559137702
test_03551,59.901914834976196
test_03552,168.57610073685646
test_03553,172.21981041133404
test_03554,35.696188006550074
test_03555,30.34930430725217
test_03556,22.789781507104635
test_03557,88.46249654144049
test_03558,119.35949392616749
test_03559,46.60032656043768
test_03560,56.256775226444006
test_03561,89.95611280202866
test_03562,40.73390882089734
test_03563,56.40972988680005
test_03564,61.54496106132865
test_03565,105.19164788722992
test_03566,18.2542275339365
test_03567,45.16153805702925
test_03568,55.347779147326946
test_03569,82.50100861489773
test_03570,110.2694811373949
test_03571,63.30954425409436
test_03572,26.160544626414776
test_03573,15.840911116451025
test_03574,12.684916663914919
test_03575,22.815498035401106
test_03576,69.2216233164072
test_03577,63.553877271711826
test_03578,16.833177641034126
test_03579,61.394082590937614
test_03580,57.44937365502119
test_03581,37.66657027974725
test_03582,111.44509492069483
test_03583,83.73590709269047
test_03584,-0.36131881549954414
test_03585,23.23436100408435
test_03586,8.217052426189184
test_03587,19.306930128484964
test_03588,29.797624606639147
test_03589,20.5256870649755
test_03590,3.1343165449798107
test_03591,20.061571326106787
test_03592,15.110872212797403
test_03593,143.24762311577797
test_03594,17.42914815619588
test_03595,44.52793242037296
test_03596,4.773585516959429
test_03597,10.43415217846632
test_03598,13.271252766251564
test_03599,33.73737148568034
test_03600,37.325135454535484
test_03601,72.7707270681858
test_03602,50.48843610659242
test_03603,137.94006446003914
test_03604,64.91329514980316
test_03605,22.997289080172777
test_03606,10.814626060426235
test_03607,21.644708886742592
test_03608,38.77661880105734
test_03609,98.02688345313072
test_03610,58.02691102027893
test_03611,30.173656407743692
test_03612,184.0536920875311
test_03613,29.80077788978815
test_03614,4.041934687644243
test_03615,4.869836792349815
test_03616,25.976558540016413
test_03617,108.12364409863949
test_03618,202.6093037724495
test_03619,167.0698193460703
test_03620,105.9998540431261
test_03621,28.99062182381749
test_03622,55.06675439327955
test_03623,61.05904718488455
test_03624,47.935966677963734
test_03625,22.192811895161867
test_03626,44.40944102779031
test_03627,128.29131515324116
test_03628,56.54072670266032
test_03629,102.92326735705137
test_03630,171.17605511844158
test_03631,250.2333725988865
test_03632,138.97144432365894
test_03633,100.30286306142807
test_03634,81.19722074270248
test_03635,167.65514892339706
test_03636,87.3522066026926
test_03637,45.055162105709314
test_03638,13.875424046069384
test_03639,18.134209640324116
test_03640,41.898532539606094
test_03641,89.72252471745014
test_03642,8.859033390879631
test_03643,51.73719937354326
test_03644,1.947775837033987
test_03645,27.194256953895092
test_03646,15.276432577520609
test_03647,5.434749882668257
test_03648,74.22795986384153
test_03649,135.56747330725193
test_03650,273.53189355134964
test_03651,263.94579392671585
test_03652,107.57329405099154
test_03653,114.60114879906178
test_03654,13.540559489279985
test_03655,79.58365344256163
test_03656,215.35896721482277
test_03657,52.76399973407388
test_03658,64.58181043714285
test_03659,46.06586920842528
test_03660,9.672313027083874
test_03661,18.007944606244564
test_03662,83.38406160473824
test_03663,57.26590383052826
test_03664,164.55343253910542
test_03665,22.052856635302305
test_03666,67.21419646590948
test_03667,5.543075744062662
test_03668,6.102495659142733
test_03669,17.507419403642416
test_03670,77.88167536258698
test_03671,199.33265259861946
test_03672,321.7101676762104
test_03673,17.80765727162361
test_03674,96.00968105345964
test_03675,155.09307797253132
test_03676,8.216439597308636
test_03677,110.69694599509239
test_03678,117.65337832272053
test_03679,364.9546419084072
test_03680,68.76819679886103
test_03681,45.27437285333872
test_03682,103.95135651528835
test_03683,185.46354021131992
test_03684,7.341345954686403
test_03685,45.636057030409575
test_03686,89.77737475931644
test_03687,223.94770826399326
test_03688,10.614869844168425
test_03689,17.25454020872712
test_03690,8.365160167217255
test_03691,72.29980707168579
test_03692,221.84774796664715
test_03693,233.34045109152794
test_03694,172.08247731626034
test_03695,289.5011296570301
test_03696,347.6967863738537
test_03697,11.994930770248175
test_03698,88.89198930561543
test_03699,158.0243610739708
test_03700,176.23377272486687
test_03701,10.383629079908133
test_03702,155.1321355998516
test_03703,20.128625947982073
test_03704,167.18048509955406
test_03705,428.9233992397785
test_03706,86.34165549278259
test_03707,198.28013199567795
test_03708,439.15254577994347
test_03709,255.53302761912346
test_03710,204.57160413265228
test_03711,165.60601256787777
test_03712,18.523118276149035
test_03713,11.952036462724209
test_03714,8.045393485575914
test_03715,37.29647734761238
test_03716,95.20420105755329
test_03717,12.739796418696642
test_03718,26.468946117907763
test_03719,89.88952615857124
test_03720,118.40355515480042
test_03721,165.26731504499912
test_03722,57.924769159406424
test_03723,7.16141939535737
test_03724,90.65740446001291
test_03725,12.666847497224808
test_03726,28.58151211962104
test_03727,68.97578608244658
test_03728,152.34543554484844
test_03729,217.23417901992798
test_03730,8.540971487760544
test_03731,585.282714009285
test_03732,9.224119696766138
test_03733,9.933166425675154
test_03734,106.87576107680798
test_03735,6.436331406235695
test_03736,58.67047791182995
test_03737,91.34427792578936
test_03738,253.33453929424286
test_03739,6.920172806829214
test_03740,6.156387459486723
test_03741,80.25357569009066
test_03742,10.775167308747768
test_03743,7.211790215224028
test_03744,7.688786502927542
test_03745,137.78393794596195
test_03746,143.0928336828947
test_03747,136.56267769634724
test_03748,185.66659827530384
test_03749,280.1416207253933
test_03750,4.553189966827631
test_03751,80.14432872831821
test_03752,133.82439483702183
test_03753,3.8794273249804974
test_03754,54.933402828872204
test_03755,89.4825334995985
test_03756,13.587427899241447
test_03757,43.79795294255018
test_03758,15.672594878822565
test_03759,25.81532883271575
test_03760,58.22390764951706
test_03761,6.379390317946672
test_03762,219.11840869486332
test_03763,147.55779348313808
test_03764,398.5751919746399
test_03765,67.91517613828182
test_03766,66.87846280634403
test_03767,125.67790082097054
test_03768,10.37955841049552
test_03769,8.823805015534163
test_03770,9.142546601593494
test_03771,13.130692105740309
test_03772,100.28556271642447
test_03773,12.729322616010904
test_03774,92.77286747097969
test_03775,284.24913415312767
test_03776,60.724999733269215
test_03777,48.66776607185602
test_03778,53.55584893003106
test_03779,120.03953342139721
test_03780,62.23772882670164
test_03781,9.108569882810116
test_03782,44.477988723665476
test_03783,44.26895836368203
test_03784,12.493424352258444
test_03785,57.612051866948605
test_03786,14.27230317145586
test_03787,9.83373586833477
test_03788,112.70451398193836
test_03789,60.531256668269634
test_03790,6.218153182417154
test_03791,61.309787049889565
test_03792,108.31376218795776
test_03793,106.3610590994358
test_03794,23.949186895042658
test_03795,22.74284252896905
test_03796,44.211853854358196
test_03797,66.7134372740984
test_03798,33.05215451493859
test_03799,86.47476192563772
test_03800,57.679084204137325
test_03801,85.92915108799934
test_03802,11.739551976323128
test_03803,14.57903702557087
test_03804,31.35637529194355
test_03805,67.17874895781279
test_03806,96.89934516698122
test_03807,33.37476249411702
test_03808,23.44982049614191
test_03809,54.6612288095057
test_03810,62.5935521312058
test_03811,57.057482585310936
test_03812,76.09740736335516
test_03813,109.52172590792179
test_03814,51.56875314190984
test_03815,175.9497618228197
test_03816,201.1045823097229
test_03817,30.007687490433455
test_03818,9.690200202167034
test_03819,23.483451802283525
test_03820,47.57383680716157
test_03821,11.129371259361506
test_03822,40.29380854591727
test_03823,83.13939060270786
test_03824,27.798970494419336
test_03825,43.45886172354221
test_03826,142.9041269570589
test_03827,11.37417596951127
test_03828,34.38527274876833
test_03829,59.761822152882814
test_03830,84.0205345377326
test_03831,43.15496173873544
test_03832,47.173139572143555
test_03833,73.52041363716125
test_03834,99.59950635582209
test_03835,76.73407343029976
test_03836,70.9590414762497
test_03837,88.79790335893631
test_03838,59.70893316343427
test_03839,10.061303373426199
test_03840,12.668834548443556
test_03841,73.5022441893816
test_03842,38.219323359429836
test_03843,14.628245327621698
test_03844,86.96089493483305
test_03845,23.402320686727762
test_03846,30.584950011223555
test_03847,34.02995827794075
test_03848,73.01257534325123
test_03849,67.84869349002838
test_03850,88.21377715468407
test_03851,109.08902414888144
test_03852,94.55641493201256
test_03853,204.280625551939
test_03854,47.74696282297373
test_03855,22.161167640239
test_03856,62.856711994856596
test_03857,66.49177892506123
test_03858,69.29683413356543
test_03859,13.560288865119219
test_03860,29.790452651679516
test_03861,23.740371953696012
test_03862,32.192604441195726
test_03863,97.17664095014334
test_03864,111.84169548749924
test_03865,70.42692030221224
test_03866,110.69372214376926
test_03867,5.710950002074242
test_03868,15.932055484503508
test_03869,67.67051999270916
test_03870,99.80954695492983
test_03871,121.73178794980049
test_03872,75.46995972841978
test_03873,32.00462939590216
test_03874,36.878093499690294
test_03875,109.113351598382
test_03876,50.39881081134081
test_03877,88.39676414430141
test_03878,87.23059163987637
test_03879,69.94823780655861
test_03880,59.93641895800829
test_03881,118.07051051408052
test_03882,97.12245202064514
test_03883,64.7221816778183
test_03884,28.098654959350824
test_03885,38.7130740173161
test_03886,29.419111777096987
test_03887,34.37422697246075
test_03888,100.55531884729862
test_03889,102.07256430387497
test_03890,86.6114041954279
test_03891,2.0538806580007076
test_03892,32.24420091882348
test_03893,59.48127280548215
test_03894,148.71228881180286
test_03895,137.6259692311287
test_03896,30.532944981008768
test_03897,51.745270144194365
test_03898,20.670388963073492
test_03899,116.76921109855175
test_03900,120.09500743448734
test_03901,32.001394402235746
test_03902,68.65836300700903
test_03903,180.21456056833267
test_03904,94.33823299407959
test_03905,88.06383092701435
test_03906,83.97140423208475
test_03907,127.1990832388401
test_03908,23.167792931199074
test_03909,58.38687927648425
test_03910,40.15477067232132
test_03911,69.33441354334354
test_03912,83.11749961227179
test_03913,55.07026794552803
test_03914,32.257764864712954
test_03915,24.346199728548527
test_03916,10.766279432922602
test_03917,26.459341417998075
test_03918,99.90397460013628
test_03919,54.28076606988907
test_03920,39.234045419842005
test_03921,75.76847053319216
test_03922,67.59484119713306
test_03923,44.79540065675974
test_03924,83.62238147109747
test_03925,128.57121081650257
test_03926,4.555232729762793
test_03927,36.53804775327444
test_03928,9.771476168185472
test_03929,27.019433587789536
test_03930,48.467515878379345
test_03931,23.593515869230032
test_03932,6.350509364157915
test_03933,14.930771090090275
test_03934,22.38622811809182
test_03935,131.21889899671078
test_03936,41.92463904991746
test_03937,14.697970397770405
test_03938,49.80564445257187
test_03939,9.59600654616952
test_03940,7.47416640073061
test_03941,16.218554843217134
test_03942,29.97751773893833
test_03943,42.337592862546444
test_03944,81.68816724419594
test_03945,77.82812526077032
test_03946,157.81460274755955
test_03947,27.98916658014059
test_03948,30.21377255767584
test_03949,14.899175118654966
test_03950,34.436958365142345
test_03951,57.75901194661856
test_03952,95.71790765225887
test_03953,78.37402579933405
test_03954,175.21613508462906
test_03955,32.164551734924316
test_03956,10.2503740824759
test_03957,6.230235196650028
test_03958,45.56241728365421
test_03959,86.41519495844841
test_03960,197.71849846839905
test_03961,183.54725030064583
test_03962,101.17474399507046
test_03963,40.54331532493234
test_03964,55.144223392009735
test_03965,43.45257372781634
test_03966,47.64911447837949
test_03967,22.055248524993658
test_03968,53.83768707513809
test_03969,147.43952122330666
test_03970,49.40777737274766
test_03971,118.27581933140755
test_03972,244.10484609007835
test_03973,106.67472349107265
test_03974,138.10607051849365
test_03975,104.44884728640318
test_03976,61.798389945179224
test_03977,219.22876246273518
test_03978,45.990636106580496
test_03979,42.90503155067563
test_03980,11.367152579128742
test_03981,21.51026165857911
test_03982,72.28313812613487
test_03983,115.04366324841976
test_03984,10.231684658676386
test_03985,54.41257256269455
test_03986,2.88039368391037
test_03987,23.139420811086893
test_03988,16.539788600057364
test_03989,6.174638617783785
test_03990,74.50101412832737
test_03991,158.04706174135208
test_03992,265.8945451974869
test_03993,232.30950206518173
test_03994,110.9675712287426
test_03995,138.08170592784882
test_03996,15.308871652930975
test_03997,100.22767452895641
test_03998,188.66302694380283
test_03999,149.63405773043633
test_04000,51.304118774831295
test_04001,51.61603753268719
test_04002,17.32729971036315
test_04003,16.42198060452938
test_04004,65.24372505396605
test_04005,51.116615422070026
test_04006,181.28348270058632
test_04007,21.34970049187541
test_04008,64.32382062077522
test_04009,6.200711701065302
test_04010,12.606760554015636
test_04011,35.597024865448475
test_04012,92.18118675798178
test_04013,216.5427594780922
test_04014,325.19451212882996
test_04015,12.060039196163416
test_04016,125.88819397985935
test_04017,145.29791827499866
test_04018,10.991258200258017
test_04019,139.7348879724741
test_04020,279.77802377939224
test_04021,482.50202545523643
test_04022,110.39306458085775
test_04023,39.283038303256035
test_04024,130.61776214838028
test_04025,233.5050903558731
test_04026,8.935748424381018
test_04027,20.611962229013443
test_04028,187.7556093633175
test_04029,225.73522239923477
test_04030,12.563049141317606
test_04031,14.497909624129534
test_04032,10.564350459724665
test_04033,284.39671820402145
test_04034,268.5820189714432
test_04035,259.2937318980694
test_04036,243.19289728999138
test_04037,442.29670706391335
test_04038,457.1793121397495
test_04039,11.482501830905676
test_04040,93.25302818417549
test_04041,130.43636479973793
test_04042,166.06023390591145
test_04043,7.621739309281111
test_04044,169.84249490499496
test_04045,10.29443833604455
test_04046,397.1348583996296
test_04047,349.07395029067993
test_04048,377.4151689708233
test_04049,99.45568841695786
test_04050,342.6000111401081
test_04051,472.3296602964401
test_04052,266.38537284731865
test_04053,210.89091727137566
test_04054,181.4740464836359
test_04055,20.169481206685305
test_04056,14.27164577320218
test_04057,9.434000588953495
test_04058,72.5367898568511
test_04059,95.92674487829208
test_04060,11.122440721839666
test_04061,27.49076585099101
test_04062,82.35362512618303
test_04063,127.78829035162926
test_04064,166.88087491691113
test_04065,58.285041972994804
test_04066,6.80114658176899
test_04067,77.04090385138988
test_04068,7.699761711061001
test_04069,23.759585067629814
test_04070,100.61746340990067
test_04071,192.89365583658218
test_04072,364.3100499212742
test_04073,9.473403628915548
test_04074,499.041600972414
test_04075,10.640627227723598
test_04076,8.63194129243493
test_04077,123.59680822491646
test_04078,9.099570583552122
test_04079,57.54746713116765
test_04080,103.3472483754158
test_04081,409.30143558979034
test_04082,7.90864722058177
test_04083,12.648562911897898
test_04084,39.268768675625324
test_04085,8.736928164958954
test_04086,8.52438796684146
test_04087,10.403039041906595
test_04088,128.34583835303783
test_04089,149.42060014605522
test_04090,190.73415085673332
test_04091,232.652730807662
test_04092,281.44601771235466
test_04093,4.997780606150627
test_04094,103.49839797616005
test_04095,144.9933311790228
test_04096,7.221729185432196
test_04097,61.154503639787436
test_04098,94.26968529820442
test_04099,16.365321788936853
test_04100,29.415876783430576
test_04101,6.672181386500597
test_04102,26.99587495997548
test_04103,7.6056237667799
