id,PM2.5
test_00001,181.78613609075546
test_00002,159.3843806385994
test_00003,409.8992000222206
test_00004,73.15745551884174
test_00005,44.22204538434744
test_00006,114.46824292838573
test_00007,9.485348220914602
test_00008,8.783480875194073
test_00009,43.63327653706074
test_00010,114.08004368841648
test_00011,12.447746315971017
test_00012,112.92863850295544
test_00013,257.91906386613846
test_00014,315.93834471702576
test_00015,72.57699885964394
test_00016,46.72938089445233
test_00017,43.81291339546442
test_00018,124.64996765553951
test_00019,57.903825268149376
test_00020,12.823878398165107
test_00021,25.779532197862864
test_00022,33.56595767661929
test_00023,9.839801017194986
test_00024,45.86829689145088
test_00025,14.540016539394855
test_00026,12.868245352059603
test_00027,103.79265983402729
test_00028,63.234556283801794
test_00029,7.915254630148411
test_00030,11.15935530513525
test_00031,52.14543254673481
test_00032,101.98069196939468
test_00033,99.67419719696045
test_00034,20.841568782925606
test_00035,14.592812675982714
test_00036,77.76615154743195
test_00037,94.69494397193193
test_00038,26.0475204102695
test_00039,31.983522083610296
test_00040,78.36739239096642
test_00041,11.341725751757622
test_00042,13.107473319396377
test_00043,25.722314408048987
test_00044,67.90417493134737
test_00045,68.93449255824089
test_00046,50.50412081182003
test_00047,20.51663576811552
test_00048,51.2884229272604
test_00049,59.51402758061886
test_00050,72.2085141390562
test_00051,95.2638348788023
test_00052,109.60780422389507
test_00053,56.06258646771312
test_00054,170.4192225933075
test_00055,185.85261598229408
test_00056,33.336737390607595
test_00057,11.349974799901247
test_00058,18.60340628772974
test_00059,53.544442884624004
test_00060,30.17303243651986
test_00061,20.96859521046281
test_00062,58.75443918257952
test_00063,21.732803966850042
test_00064,52.93335220962763
test_00065,141.4368734806776
test_00066,15.839878592640162
test_00067,33.53897463530302
test_00068,56.89592232182622
test_00069,52.419311344623566
test_00070,38.571633111685514
test_00071,47.64177167415619
test_00072,75.8240262567997
test_00073,118.00309933722019
test_00074,83.59796488285065
test_00075,62.483083225786686
test_00076,75.85183754563332
test_00077,45.09157528355718
test_00078,10.636344853788614
test_00079,18.711654152721167
test_00080,49.393284898251295
test_00081,36.77962118387222
test_00082,10.661987099796534
test_00083,83.40818849205971
test_00084,31.103418100625277
test_00085,31.57013000547886
test_00086,38.75766196101904
test_00087,68.62614677846432
test_00088,71.06202644109726
test_00089,76.23752604424953
test_00090,125.34530930221081
test_00091,76.22489062696695
test_00092,199.05691674351692
test_00093,49.942357290536165
test_00094,10.797210577875376
test_00095,55.94040324538946
test_00096,46.629790630191565
test_00097,62.23683001101017
test_00098,17.443440068513155
test_00099,91.15655915439129
test_00100,17.007471745833755
test_00101,14.550063218921423
test_00102,115.98721173405647
test_00103,83.89084509015083
test_00104,154.38565802574158
test_00105,52.361742570996284
test_00106,101.2520050033927
test_00107,8.154395315796137
test_00108,12.029304899275303
test_00109,28.21896255388856
test_00110,60.40010014548898
test_00111,91.48457488417625
test_00112,119.23429855704308
test_00113,55.67838732898235
test_00114,22.203703535720706
test_00115,37.49275715276599
test_00116,106.44496837258339
test_00117,54.15855313464999
test_00118,91.12660110741854
test_00119,84.18191280961037
test_00120,78.54448136687279
test_00121,63.264269199222326
test_00122,105.38069631159306
test_00123,78.12260253727436
test_00124,51.45818766951561
test_00125,23.188948526978493
test_00126,63.40288366377354
test_00127,34.990045715123415
test_00128,34.09491813927889
test_00129,87.46447685360909
test_00130,109.92154289782047
test_00131,77.57359699904919
test_00132,13.1454037129879
test_00133,19.49584484472871
test_00134,62.690397664904594
test_00135,140.76980367302895
test_00136,118.81865943968296
test_00137,41.56617872416973
test_00138,26.180069725960493
test_00139,112.67047783732414
test_00140,98.19128501415253
test_00141,42.06647365167737
test_00142,76.94572595506907
test_00143,96.37731152772903
test_00144,54.53349670022726
test_00145,85.87364736199379
test_00146,79.82608111947775
test_00147,117.61322131752968
test_00148,17.21785775758326
test_00149,44.02509703859687
test_00150,52.77584404498339
test_00151,63.06909620016813
test_00152,94.48032758384943
test_00153,53.64222437515855
test_00154,33.329383444041014
test_00155,12.091408606618643
test_00156,11.653306525200605
test_00157,24.062136828899384
test_00158,77.75273616611958
test_00159,68.31725873798132
test_00160,20.25318620353937
test_00161,58.65506433695555
test_00162,63.93633820489049
test_00163,35.730265006423
test_00164,79.26161743700504
test_00165,107.5267264842987
test_00166,8.392009500414133
test_00167,21.801760215312243
test_00168,9.822786659002304
test_00169,20.369502982124686
test_00170,28.426139570772648
test_00171,23.39969295077026
test_00172,7.431907206773758
test_00173,13.78487765043974
test_00174,11.74507486447692
test_00175,141.90253429114819
test_00176,35.77874905616045
test_00177,11.537366729229689
test_00178,11.178791265934706
test_00179,9.831243697553873
test_00180,11.87437804415822
test_00181,26.48196780309081
test_00182,39.4301618039608
test_00183,65.31841589510441
test_00184,84.81426307559013
test_00185,152.27581818401814
test_00186,29.807489294558764
test_00187,25.217623826116323
test_00188,13.390145283192396
test_00189,19.39978484623134
test_00190,46.416203051805496
test_00191,90.31407172232866
test_00192,97.38655526936054
test_00193,27.30195512995124
test_00194,174.5325597524643
test_00195,28.73377224057913
test_00196,11.289936140179634
test_00197,29.883013954386115
test_00198,84.53601647913456
test_00199,199.74720719456673
test_00200,161.8507457524538
test_00201,105.5644112676382
test_00202,39.334657065570354
test_00203,58.456166081130505
test_00204,52.210670966655016
test_00205,53.33687959983945
test_00206,22.330011282116175
test_00207,47.99922176077962
test_00208,136.32293903827667
test_00209,48.01205402612686
test_00210,122.08311346173286
test_00211,218.78811992704868
test_00212,263.4745173752308
test_00213,117.97699654102325
test_00214,101.65808399021626
test_00215,64.48201218247414
test_00216,177.9365307688713
test_00217,52.865443341434
test_00218,36.0937208160758
test_00219,13.507102746516466
test_00220,23.71404073946178
test_00221,47.72768656909466
test_00222,117.2417801618576
test_00223,8.349163476377726
test_00224,70.44462177157402
test_00225,5.798019986599684
test_00226,23.107113586738706
test_00227,11.60276485607028
test_00228,9.174395132809877
test_00229,69.01833497732878
test_00230,115.53192073106766
test_00231,287.4065473973751
test_00232,231.31025671958923
test_00233,102.87998306751251
test_00234,105.99830897152424
test_00235,14.505846686661243
test_00236,94.59426918625832
test_00237,208.75001257658005
test_00238,23.717294303700328
test_00239,65.46132759004831
test_00240,58.04156320169568
test_00241,17.629870042204857
test_00242,24.57122120819986
test_00243,87.74861403554678
test_00244,62.093383483588696
test_00245,189.74185833334923
test_00246,18.372364228591323
test_00247,75.7589104026556
test_00248,8.963270012289286
test_00249,8.842204738408327
test_00250,13.67370306327939
test_00251,73.38686893880367
test_00252,185.56171168386936
test_00253,239.01976288855076
test_00254,14.913929438218474
test_00255,66.7099608629942
test_00256,149.75497443974018
test_00257,9.310844268649817
test_00258,126.1088123768568
test_00259,129.6357651501894
test_00260,504.7343281507492
test_00261,67.93215706944466
test_00262,28.909626273438334
test_00263,108.03631784021854
test_00264,178.45702676475048
test_00265,7.58596495911479
test_00266,17.583943160250783
test_00267,111.53088353574276
test_00268,220.9371213912964
test_00269,11.983988989144564
test_00270,16.041404584422708
test_00271,9.960933145135641
test_00272,54.6072144433856
test_00273,252.08995440602303
test_00274,200.3923191577196
test_00275,195.56068712472916
test_00276,406.2713719010353
test_00277,375.42152148485184
test_00278,10.464552205055952
test_00279,79.42078952491283
test_00280,158.82154373824596
test_00281,172.7577924579382
test_00282,11.630720995366573
test_00283,139.59425674378872
test_00284,13.277173064649105
test_00285,324.7346750497818
test_00286,270.5886510014534
test_00287,436.3562633097172
test_00288,103.32818011194468
test_00289,277.0995827317238
test_00290,325.5714204609394
test_00291,245.51331256330013
test_00292,178.62126490473747
test_00293,115.12893931567669
test_00294,19.4515168890357
test_00295,14.116451501846313
test_00296,6.953168999403715
test_00297,36.7620088532567
test_00298,79.8331750780344
test_00299,10.45938215777278
test_00300,27.798320524394512
test_00301,82.19341308623552
test_00302,122.26324801146984
test_00303,162.0283101350069
test_00304,61.540693543851376
test_00305,9.689966212958097
test_00306,73.69499187171459
test_00307,9.869294799864292
test_00308,22.882619511336088
test_00309,78.18619560450315
test_00310,191.89888228476048
test_00311,263.079424738884
test_00312,10.887248139828444
test_00313,586.2880207896233
test_00314,10.790599454194307
test_00315,10.641440618783236
test_00316,93.2777790427208
test_00317,10.679079454392195
test_00318,50.511058777570724
test_00319,81.51999214291573
test_00320,258.66170847415924
test_00321,9.272076342254877
test_00322,10.313265182077885
test_00323,83.0060241818428
test_00324,8.417722314596176
test_00325,9.767851192504168
test_00326,9.602963082492352
test_00327,98.14178329706192
test_00328,131.570283934474
test_00329,160.97907280921936
test_00330,255.90476590394974
test_00331,295.0009605884552
test_00332,4.742030400782824
test_00333,73.97534808516502
test_00334,155.45923022925854
test_00335,7.081989344209433
test_00336,46.64305001869798
test_00337,93.40510631352663
test_00338,18.401243325322866
test_00339,25.366596955806017
test_00340,12.701756458729506
test_00341,22.938110237941146
test_00342,9.422594543546438
test_00343,114.8048011213541
test_00344,181.01316945254803
test_00345,254.40681898593903
test_00346,37.5195842012763
test_00347,23.78604070469737
test_00348,80.38957913219929
test_00349,7.692374337464571
test_00350,9.175969917327166
test_00351,12.67245952412486
test_00352,13.44435278326273
test_00353,85.79273909330368
test_00354,12.67913007363677
test_00355,74.26083720475435
test_00356,212.45111274719238
test_00357,261.026886254549
test_00358,66.05271860212088
test_00359,41.022748071700335
test_00360,25.300088308751583
test_00361,107.33264172077179
test_00362,55.62469980493188
test_00363,8.317931488156319
test_00364,8.817442737519741
test_00365,10.72617071121931
test_00366,7.6218358762562275
test_00367,20.510923460125923
test_00368,8.415033295750618
test_00369,6.758634828031063
test_00370,51.75369004160166
test_00371,56.2091602794826
test_00372,4.974894233047962
test_00373,12.487400058656931
test_00374,38.00863279029727
test_00375,45.04526027664542
test_00376,80.51626014709473
test_00377,15.868800401687622
test_00378,11.52422247827053
test_00379,11.57573353126645
test_00380,47.79656853526831
test_00381,27.811594769358635
test_00382,101.32454165816307
test_00383,16.120643358677626
test_00384,35.238976806402206
test_00385,79.78818972408772
test_00386,8.996191922575235
test_00387,16.214636452496052
test_00388,24.94036889821291
test_00389,81.42494052648544
test_00390,70.5074051618576
test_00391,34.511820055544376
test_00392,10.457614239305258
test_00393,45.68658755719662
test_00394,87.38231321424246
test_00395,76.33700488507748
test_00396,73.61854796856642
test_00397,74.20607630163431
test_00398,51.22039149329066
test_00399,147.6591145247221
test_00400,43.14527904242277
test_00401,9.009941574186087
test_00402,13.867624405771494
test_00403,10.922532226890326
test_00404,15.01691997423768
test_00405,70.08365441858768
test_00406,18.46530808508396
test_00407,42.018728710711
test_00408,180.65505453944206
test_00409,15.587081108242273
test_00410,30.199502930045128
test_00411,53.276001550257206
test_00412,12.791474606841803
test_00413,18.975033149123192
test_00414,46.34910757467151
test_00415,73.26590766012669
test_00416,99.4579168856144
test_00417,77.52534322440624
test_00418,47.15936020761728
test_00419,72.56149614602327
test_00420,17.545474220067263
test_00421,10.784827720373869
test_00422,15.956085804849863
test_00423,17.99152822047472
test_00424,83.91572965681553
test_00425,10.081530440598726
test_00426,63.591761238873005
test_00427,42.73880264535546
test_00428,56.44007420167327
test_00429,88.35876132547855
test_00430,101.4426802098751
test_00431,69.16920230537653
test_00432,69.89503683149815
test_00433,112.3725910037756
test_00434,65.47125170379877
test_00435,125.36144341528416
test_00436,45.849169202148914
test_00437,6.428037788718939
test_00438,28.771537356078625
test_00439,24.698464911431074
test_00440,36.72282123193145
test_00441,10.036526516079903
test_00442,21.922026954591274
test_00443,20.8343596868217
test_00444,22.516779240220785
test_00445,52.295029647648335
test_00446,137.78205117583275
test_00447,97.05720245838165
test_00448,59.01933725178242
test_00449,35.35243557393551
test_00450,11.07660112157464
test_00451,25.81203069910407
test_00452,72.28417807817459
test_00453,61.169460378587246
test_00454,119.82487246394157
test_00455,8.576482135802507
test_00456,17.094914998859167
test_00457,30.45522713661194
test_00458,89.10495662689209
test_00459,42.97101650759578
test_00460,80.61458761245012
test_00461,68.42935813963413
test_00462,64.7991678416729
test_00463,45.378498051315546
test_00464,84.72502033412457
test_00465,51.92612151801586
test_00466,41.99612832441926
test_00467,6.0295207388699055
test_00468,39.38277341797948
test_00469,21.170156486332417
test_00470,27.724870197474957
test_00471,60.96967816352844
test_00472,104.62700592726469
test_00473,31.757663071155548
test_00474,4.088101129978895
test_00475,12.448947831988335
test_00476,87.3170265108347
test_00477,149.27909238636494
test_00478,62.73367824032903
test_00479,30.142992679029703
test_00480,20.994987707585096
test_00481,13.510508589446545
test_00482,62.19916146248579
test_00483,137.7245418280363
test_00484,29.730087149888277
test_00485,39.24155164510012
test_00486,59.059665106236935
test_00487,20.971908200532198
test_00488,36.813089068979025
test_00489,63.903486862778664
test_00490,92.02721443027258
test_00491,13.936580654233694
test_00492,32.02070779725909
test_00493,45.89450368285179
test_00494,86.96076865494251
test_00495,50.65742088481784
test_00496,23.21285256743431
test_00497,6.701849732547998
test_00498,14.3019900880754
test_00499,19.360788501799107
test_00500,60.117303758859634
test_00501,52.372595213353634
test_00502,11.766286171972752
test_00503,35.10738944634795
test_00504,39.200971230864525
test_00505,34.01361617445946
test_00506,60.91470927000046
test_00507,52.182053714990616
test_00508,5.052418943494558
test_00509,11.10021174699068
test_00510,6.344923336058855
test_00511,14.978984009474516
test_00512,15.651777267456055
test_00513,14.242980238050222
test_00514,7.970632076263428
test_00515,15.658191543072462
test_00516,13.739279467612505
test_00517,126.27256025373936
test_00518,35.69424181059003
test_00519,9.694044310599566
test_00520,48.50511014461517
test_00521,7.289682622998953
test_00522,11.08409620448947
test_00523,15.184835087507963
test_00524,15.221983660012484
test_00525,21.642903827130795
test_00526,114.86502920091152
test_00527,25.54896740242839
test_00528,48.529452450573444
test_00529,28.314485862851143
test_00530,22.86950497329235
test_00531,9.234452363103628
test_00532,12.368466686457396
test_00533,26.14402424544096
test_00534,78.76761793345213
test_00535,93.01361636817455
test_00536,14.469080667942762
test_00537,115.80994448065758
test_00538,22.60143505036831
test_00539,10.85410338267684
test_00540,8.991983830928802
test_00541,31.847748916596174
test_00542,104.53484389185905
test_00543,165.26908296346664
test_00544,162.12214352190495
test_00545,128.4844193905592
test_00546,43.52955246344209
test_00547,53.51919433474541
test_00548,60.260390017181635
test_00549,38.13294791430235
test_00550,18.97552341222763
test_00551,59.99860808998346
test_00552,101.61106330156326
test_00553,78.44622075557709
test_00554,110.13776378333569
test_00555,146.49787436425686
test_00556,233.2049304842949
test_00557,151.69356389343739
test_00558,20.34777355566621
test_00559,90.10534591972828
test_00560,137.46146367490292
test_00561,126.89834396541119
test_00562,35.903862714767456
test_00563,10.46509075164795
test_00564,33.240051563829184
test_00565,50.92534224316478
test_00566,97.4892431050539
test_00567,21.714641947299242
test_00568,43.34018091112375
test_00569,6.200173154473305
test_00570,31.07401717081666
test_00571,9.77161730453372
test_00572,4.35929462313652
test_00573,67.76439052075148
test_00574,30.13534903153777
test_00575,254.98238787055016
test_00576,234.7785710543394
test_00577,166.194907695055
test_00578,70.63983562588692
test_00579,16.561720445752144
test_00580,50.71619674563408
test_00581,214.3182277828455
test_00582,29.7028069794178
test_00583,46.29594374075532
test_00584,50.972154941409826
test_00585,53.10919324308634
test_00586,19.31426550447941
test_00587,89.7134102806449
test_00588,109.3569083660841
test_00589,181.95527686178684
test_00590,15.080966163426638
test_00591,54.690785732120275
test_00592,9.336701933294535
test_00593,10.158817447721958
test_00594,13.63470857590437
test_00595,58.66861342638731
test_00596,122.10710664093494
test_00597,211.6579710394144
test_00598,17.373518150299788
test_00599,71.75232432037592
test_00600,117.52757383883
test_00601,18.635878790169954
test_00602,29.773987982422113
test_00603,83.14710110425949
test_00604,168.5693707615137
test_00605,146.36064526438713
test_00606,34.389432556927204
test_00607,96.8536541312933
test_00608,173.6637095361948
test_00609,12.795957542955875
test_00610,75.80547054111958
test_00611,73.92033462226391
test_00612,204.15728724002838
test_00613,49.788418389856815
test_00614,10.713145311921835
test_00615,11.272045250982046
test_00616,76.43375013768673
test_00617,155.24670860171318
test_00618,222.82215331494808
test_00619,195.1629203259945
test_00620,317.33262327313423
test_00621,391.88488337397575
test_00622,9.433135200291872
test_00623,57.8541527017951
test_00624,213.88606828451157
test_00625,214.5811573714018
test_00626,13.05414792150259
test_00627,83.7402228936553
test_00628,8.054143939167261
test_00629,52.13134491071105
test_00630,118.04273636639118
test_00631,345.76538744568825
test_00632,40.8083433881402
test_00633,147.87206698954105
test_00634,167.53083008527756
test_00635,181.86639067530632
test_00636,166.3540797829628
test_00637,236.75125607848167
test_00638,22.32052543386817
test_00639,9.729577243328094
test_00640,9.007393691688776
test_00641,17.62472227960825
test_00642,23.77117310464382
test_00643,9.995556119829416
test_00644,23.475329034030437
test_00645,92.15714158117771
test_00646,112.54656012356281
test_00647,162.29002149403095
test_00648,54.427737291902304
test_00649,8.285013291984797
test_00650,45.67007089033723
test_00651,10.998894419521093
test_00652,36.91814650967717
test_00653,44.46006440743804
test_00654,104.08056312799454
test_00655,199.34841530025005
test_00656,9.059684708714485
test_00657,253.18817347288132
test_00658,8.28601610288024
test_00659,11.975123398005962
test_00660,62.40507196635008
test_00661,9.626410286873579
test_00662,91.406340777874
test_00663,101.36932644993067
test_00664,239.91896484792233
test_00665,11.246844984591007
test_00666,13.750796936452389
test_00667,85.9628158211708
test_00668,8.281822867691517
test_00669,8.208721667528152
test_00670,9.113803070038557
test_00671,53.49719934910536
test_00672,66.13494166731834
test_00673,72.69433516263962
test_00674,220.36251817643642
test_00675,239.5451318025589
test_00676,7.153367195278406
test_00677,57.161254942417145
test_00678,117.64758430421352
test_00679,4.259968061000109
test_00680,36.05553971976042
test_00681,106.0033155977726
test_00682,14.306135039776564
test_00683,22.942806735634804
test_00684,14.829394336789846
test_00685,63.77674642205238
test_00686,65.79483278095722
test_00687,9.481511540710926
test_00688,161.15369561314583
test_00689,196.12374687194824
test_00690,353.93590435385704
test_00691,50.67681599035859
test_00692,28.729073885828257
test_00693,45.08859284967184
test_00694,7.722354669123888
test_00695,6.167997781187296
test_00696,7.40900969132781
test_00697,12.214676350355148
test_00698,95.39506939798594
test_00699,11.401745840907097
test_00700,96.71092814207077
test_00701,223.9900194555521
test_00702,308.94621232151985
test_00703,81.2107104063034
test_00704,53.49304696917534
test_00705,42.60228665545583
test_00706,147.57106029987335
test_00707,89.91601522266865
test_00708,7.023915451020002
test_00709,8.45627110823989
test_00710,9.870873298496008
test_00711,7.675868812948465
test_00712,25.45936067774892
test_00713,8.52056985720992
test_00714,6.6354190818965435
test_00715,59.50307094305754
test_00716,103.64853733778
test_00717,6.281508546322584
test_00718,7.860252309590578
test_00719,38.56254467368126
test_00720,50.8238243535161
test_00721,77.44086940586567
test_00722,18.51480608806014
test_00723,15.281669478863478
test_00724,12.695572458207607
test_00725,66.60017164051533
test_00726,34.447688441723585
test_00727,100.6319113150239
test_00728,14.829409193247557
test_00729,42.28936880081892
test_00730,89.84656128287315
test_00731,7.5147059597074986
test_00732,9.633693665266037
test_00733,21.188886765390635
test_00734,119.73653596639633
test_00735,67.53328346461058
test_00736,39.78213357180357
test_00737,5.346227679401636
test_00738,48.16357875242829
test_00739,118.62882362306118
test_00740,93.28797057271004
test_00741,71.21649646013975
test_00742,51.69614355266094
test_00743,48.25744556635618
test_00744,144.73043130338192
test_00745,209.72510132193565
test_00746,33.13600064814091
test_00747,22.126819510012865
test_00748,118.74177727103233
test_00749,8.838267777115107
test_00750,13.075147524476051
test_00751,59.03571278229356
test_00752,17.091999419033527
test_00753,43.169220224022865
test_00754,165.74392506480217
test_00755,17.3473410718143
test_00756,30.1683489382267
test_00757,43.962068516761065
test_00758,11.33502920344472
test_00759,19.64552365615964
test_00760,50.33313784003258
test_00761,71.94026593863964
test_00762,87.149029687047
test_00763,61.63874616473913
test_00764,36.45539013668895
test_00765,65.79166835546494
test_00766,26.94802973791957
test_00767,14.262211922556162
test_00768,13.277555618435144
test_00769,16.745171699672937
test_00770,84.50292371958494
test_00771,12.052183844149113
test_00772,76.24314178526402
test_00773,40.991048105061054
test_00774,24.061661422252655
test_00775,47.94902550429106
test_00776,106.98593656718731
test_00777,70.86431670188904
test_00778,84.08868853747845
test_00779,90.10619273781776
test_00780,51.907465521246195
test_00781,107.72711038589478
test_00782,54.1150757111609
test_00783,6.87124677747488
test_00784,11.902805875986814
test_00785,30.16633217409253
test_00786,33.453984554857016
test_00787,12.09596211090684
test_00788,21.374417923390865
test_00789,17.991517078131437
test_00790,20.569495044648647
test_00791,42.06192757561803
test_00792,152.42356565594673
test_00793,58.195082407444715
test_00794,48.69098300114274
test_00795,14.394579246640205
test_00796,6.117920376360416
test_00797,13.11397859081626
test_00798,40.426543567329645
test_00799,80.14854796230793
test_00800,74.62683346867561
test_00801,119.14651174843311
test_00802,7.9084020890295506
test_00803,12.156037911772728
test_00804,31.309737157076597
test_00805,79.90592715144157
test_00806,57.96787145733833
test_00807,87.26835675537586
test_00808,61.37238102033734
test_00809,93.61813306063414
test_00810,70.98976463079453
test_00811,102.2943117916584
test_00812,65.1706535667181
test_00813,40.34962425753474
test_00814,8.091285083442926
test_00815,42.23100520670414
test_00816,18.578384298831224
test_00817,22.575529102236032
test_00818,69.06798525899649
test_00819,106.23513576388359
test_00820,36.70110480487347
test_00821,6.283016476780176
test_00822,15.493611704558134
test_00823,99.26157394051552
test_00824,155.33339603245258
test_00825,76.11083760112524
test_00826,10.892447900027037
test_00827,29.11775967478752
test_00828,14.146242413669825
test_00829,70.20419228821993
test_00830,143.86884589493275
test_00831,35.03632729500532
test_00832,37.4600989446044
test_00833,59.7446146607399
test_00834,31.075135119259357
test_00835,42.47078100591898
test_00836,66.05251061171293
test_00837,96.39499071240425
test_00838,17.174865026026964
test_00839,32.42573568969965
test_00840,47.20545979589224
test_00841,115.95160080492496
test_00842,113.71464911103249
test_00843,19.835125483572483
test_00844,19.951076421886683
test_00845,7.50569923222065
test_00846,9.701509680598974
test_00847,25.69188281148672
test_00848,52.34493991732597
test_00849,40.35495772585273
test_00850,13.287524301558733
test_00851,30.327290751039982
test_00852,49.26882492378354
test_00853,36.591259870678186
test_00854,61.556017979979515
test_00855,53.912348203361034
test_00856,4.503116276115179
test_00857,12.94079314917326
test_00858,6.874236639589071
test_00859,9.579738724976778
test_00860,17.31011078879237
test_00861,14.734795842319727
test_00862,5.335144761949778
test_00863,12.010195780545473
test_00864,8.138758894056082
test_00865,121.73374900221825
test_00866,28.044592309743166
test_00867,9.359473168849945
test_00868,52.02013689652085
test_00869,5.044218178838491
test_00870,10.28679097443819
test_00871,14.119010526686907
test_00872,15.798035379499197
test_00873,18.705407012254
test_00874,125.96216428279877
test_00875,22.88377460092306
test_00876,37.72263112291694
test_00877,20.93147635087371
test_00878,20.76651767268777
test_00879,9.517727870494127
test_00880,10.883430030196905
test_00881,80.78801447153091
test_00882,18.884965874254704
test_00883,118.23239390552044
test_00884,17.783615808933973
test_00885,6.184027899056673
test_00886,6.202583614736795
test_00887,23.434432920068502
test_00888,100.75793121755123
test_00889,166.1591333448887
test_00890,150.07547280192375
test_00891,100.28953681886196
test_00892,40.28051944449544
test_00893,74.04340551793575
test_00894,73.09737600386143
test_00895,33.72940842434764
test_00896,143.90561562776566
test_00897,153.8754129856825
test_00898,12.468703206628561
test_00899,81.83682096004486
test_00900,149.76653276383877
test_00901,106.7348475754261
test_00902,35.89634534716606
test_00903,6.608521465212107
test_00904,18.469928443431854
test_00905,45.46335442364216
test_00906,22.057406425476074
test_00907,31.49250501394272
test_00908,4.210143215954304
test_00909,32.24896612763405
test_00910,4.417075101286173
test_00911,11.198929194360971
test_00912,63.91176933795214
test_00913,20.6802387945354
test_00914,180.84031456708908
test_00915,259.2445570230484
test_00916,184.21922273933887
test_00917,53.11819254234433
test_00918,9.250564191490412
test_00919,53.12547592073679
test_00920,222.96040751039982
test_00921,17.823965948075056
test_00922,26.07694362476468
test_00923,48.75755850225687
test_00924,31.550846323370934
test_00925,25.192286137491465
test_00926,81.15025947988033
test_00927,113.60003153979778
test_00928,175.87585094571114
test_00929,12.105982791632414
test_00930,58.46648760512471
test_00931,7.313096400350332
test_00932,10.071747463196516
test_00933,8.020148649811745
test_00934,75.5279370546341
test_00935,120.06452198326588
test_00936,220.4669590741396
test_00937,6.651036933064461
test_00938,71.51137486100197
test_00939,105.8971067816019
test_00940,9.44148824363947
test_00941,17.45498353615403
test_00942,76.14407892525196
test_00943,170.38830630481243
test_00944,139.6558961868286
test_00945,29.636082913726568
test_00946,59.410336934030056
test_00947,152.41052168607712
test_00948,13.387927956879139
test_00949,31.571552511304617
test_00950,71.58060595393181
test_00951,195.96139550209045
test_00952,103.68685214221478
test_00953,12.039615280926228
test_00954,7.1853754334151745
test_00955,88.68272867053747
test_00956,138.97971937060356
test_00957,222.46521206200123
test_00958,204.88112357258797
test_00959,368.22303289175034
test_00960,396.0923807621002
test_00961,4.072364427149296
test_00962,41.723241195082664
test_00963,198.58375342190266
test_00964,199.02644614875317
test_00965,11.700550060719252
test_00966,73.67581218481064
test_00967,9.290602345019579
test_00968,61.74803026765585
test_00969,132.47134295105934
test_00970,186.6846073269844
test_00971,19.15899695083499
test_00972,140.03775171935558
test_00973,75.05053221434355
test_00974,198.58036614954472
test_00975,171.18877224624157
test_00976,209.27349472045898
test_00977,25.423181489109993
test_00978,10.140763137489557
test_00979,6.336046602576971
test_00980,15.695470109581947
test_00981,17.818027079105377
test_00982,9.561123583465815
test_00983,26.066926658153534
test_00984,105.84536173939705
test_00985,128.55479443073273
test_00986,132.49440017342567
test_00987,47.464779265224934
test_00988,3.9411187656223774
test_00989,52.77498608455062
test_00990,9.345504384487867
test_00991,39.438455421477556
test_00992,44.227623984217644
test_00993,140.25043676793575
test_00994,198.84347401559353
test_00995,11.026653710752726
test_00996,287.61661770939827
test_00997,7.762173689901829
test_00998,9.0503362827003
test_00999,64.52696039527655
test_01000,8.270866230130196
test_01001,79.6227630674839
test_01002,112.54439108073711
test_01003,233.00873610377312
test_01004,11.07982125878334
test_01005,18.118138667196035
test_01006,87.77521452307701
test_01007,7.048183474689722
test_01008,6.624945279210806
test_01009,6.706633511930704
test_01010,46.76397044211626
test_01011,87.52705968171358
test_01012,42.37523912638426
test_01013,221.36980086565018
test_01014,246.70747463405132
test_01015,2.667812630534172
test_01016,50.890641272068024
test_01017,119.05290120840073
test_01018,4.641381613910198
test_01019,33.08836341649294
test_01020,94.26567405462265
test_01021,10.167296770960093
test_01022,18.964462779462337
test_01023,13.468825083225965
test_01024,33.03449018672109
test_01025,88.426833614707
test_01026,9.614521406590939
test_01027,193.38216587901115
test_01028,118.42009039223194
test_01029,364.1504618525505
test_01030,52.58659877255559
test_01031,42.95555093511939
test_01032,94.21694487333298
test_01033,7.262937285006046
test_01034,6.2038686983287334
test_01035,10.148915618658066
test_01036,18.281804833561182
test_01037,105.9953673928976
test_01038,9.376903507858515
test_01039,110.87642686069012
test_01040,278.04409688711166
test_01041,302.09156158566475
test_01042,62.27124870941043
test_01043,47.44700722768903
test_01044,58.356898944824934
test_01045,127.33124628663063
test_01046,58.71798514947295
test_01047,14.256729889661074
test_01048,42.38550493866205
test_01049,12.660195518285036
test_01050,49.97623372823
test_01051,12.39178018271923
test_01052,12.971081752330065
test_01053,115.02044260501862
test_01054,64.09055195003748
test_01055,5.587021145969629
test_01056,12.455369535833597
test_01057,73.04236254096031
test_01058,99.82691415399313
test_01059,111.263363301754
test_01060,25.88325998559594
test_01061,22.585976906120777
test_01062,59.383569311350584
test_01063,62.27849494665861
test_01064,42.85360220819712
test_01065,90.55614284425974
test_01066,63.078173495829105
test_01067,37.60698102787137
test_01068,98.98254738003016
test_01069,9.128377255052328
test_01070,12.695442464202642
test_01071,31.760526653379202
test_01072,73.75097100436687
test_01073,87.17017042636871
test_01074,46.67836010456085
test_01075,24.642482064664364
test_01076,71.56739856302738
test_01077,72.7918529510498
test_01078,97.54674502462149
test_01079,99.4272531569004
test_01080,63.713038217276335
test_01081,208.33948408067226
test_01082,39.50844419375062
test_01083,15.18131410703063
test_01084,58.18729390949011
test_01085,46.19420671835542
test_01086,29.115464352071285
test_01087,77.17063044011593
test_01088,25.898810982704163
test_01089,62.59287987649441
test_01090,169.9481688886881
test_01091,23.525684997439384
test_01092,35.94696129858494
test_01093,63.39611654728651
test_01094,41.87300914525986
test_01095,48.94769887626171
test_01096,54.78190038725734
test_01097,83.29249382764101
test_01098,121.99265249073505
test_01099,82.26091340184212
test_01100,72.54450035840273
test_01101,83.08572164922953
test_01102,53.065775245428085
test_01103,9.641177605837584
test_01104,21.24676752462983
test_01105,74.47803118824959
test_01106,44.48642719164491
test_01107,14.915457796305418
test_01108,93.46308363974094
test_01109,38.05663400515914
test_01110,36.724169455468655
test_01111,43.74410942569375
test_01112,78.17457785457373
test_01113,134.4586467295885
test_01114,85.6878525018692
test_01115,173.4152501374483
test_01116,52.393383111804724
test_01117,14.259537760168314
test_01118,51.055763371288776
test_01119,66.48517522960901
test_01120,61.02693123742938
test_01121,17.86174963414669
test_01122,30.88497617468238
test_01123,28.702443685382605
test_01124,34.65516258776188
test_01125,100.56318534165621
test_01126,85.19041372835636
test_01127,163.0177056491375
test_01128,55.721136786043644
test_01129,118.14971771836281
test_01130,5.65417604893446
test_01131,14.65846336260438
test_01132,26.787349719554186
test_01133,72.12817784398794
test_01134,91.5592360123992
test_01135,118.15426379442215
test_01136,70.83033998310566
test_01137,35.593102760612965
test_01138,44.38883140683174
test_01139,127.31457734107971
test_01140,49.28504817560315
test_01141,92.70991323143244
test_01142,87.33111043274403
test_01143,92.22975994646549
test_01144,90.74451529979706
test_01145,156.2782518863678
test_01146,138.98477056622505
test_01147,23.627176888287067
test_01148,30.136697255074978
test_01149,30.02959705144167
test_01150,34.06941702961922
test_01151,94.64308750629425
test_01152,99.91447068750858
test_01153,102.61800429224968
test_01154,5.466821260750294
test_01155,26.031520005315542
test_01156,67.30488028377295
test_01157,29.818861912935972
test_01158,52.02605348080397
test_01159,111.63172917068005
test_01160,43.12149013951421
test_01161,66.15859314799309
test_01162,168.69383816421032
test_01163,85.7115931212902
test_01164,102.74701777100563
test_01165,74.9323119521141
test_01166,133.8987216949463
test_01167,25.31017955765128
test_01168,53.0714764110744
test_01169,48.04136581718922
test_01170,72.97177951037884
test_01171,80.93882237374783
test_01172,58.88656508922577
test_01173,32.33039065822959
test_01174,17.246291160583496
test_01175,8.307335119694471
test_01176,32.84264874830842
test_01177,87.65681598335505
test_01178,68.05244980752468
test_01179,34.93661446496844
test_01180,74.83421476185322
test_01181,71.19283755123615
test_01182,42.87075398862362
test_01183,84.93141367286444
test_01184,122.80328024923801
test_01185,9.086292624473572
test_01186,31.464827433228493
test_01187,15.625169351696968
test_01188,20.86854811012745
test_01189,32.242819268256426
test_01190,22.82466446980834
test_01191,7.6463416032493114
test_01192,11.479448828846216
test_01193,11.575662963092327
test_01194,126.45975162088871
test_01195,32.51390876621008
test_01196,9.863783054053783
test_01197,47.09015139937401
test_01198,10.863819506019354
test_01199,9.132826764136553
test_01200,15.35579577460885
test_01201,32.734705440700054
test_01202,28.273062344640493
test_01203,66.23795634508133
test_01204,78.47754559665918
test_01205,150.52868390083313
test_01206,29.509546749293804
test_01207,28.34831030294299
test_01208,17.717021737247705
test_01209,31.704309817403555
test_01210,49.426158525049686
test_01211,87.46438771486282
test_01212,107.22931505739689
test_01213,32.148573614656925
test_01214,187.10061785578728
test_01215,40.78831688314676
test_01216,11.181810840964317
test_01217,9.224702812731266
test_01218,41.29676057770848
test_01219,90.01399356126785
test_01220,216.287926658988
test_01221,191.14519932866096
test_01222,108.195148229599
test_01223,60.683576215058565
test_01224,51.760241739451885
test_01225,49.73994919657707
test_01226,26.889502722769976
test_01227,58.256621569395065
test_01228,169.18649315834045
test_01229,52.826322574168444
test_01230,123.07261297106743
test_01231,296.2489624619484
test_01232,137.84862296283245
test_01233,109.90717670321465
test_01234,57.92150816693902
test_01235,201.53674180805683
test_01236,37.562790494412184
test_01237,45.69259699434042
test_01238,8.81022621318698
test_01239,17.84342047944665
test_01240,51.88687075674534
test_01241,120.28866136074066
test_01242,4.5212857238948345
test_01243,3.191268775612116
test_01244,26.98858043923974
test_01245,13.92712451890111
test_01246,10.016388587653637
test_01247,77.16491070389748
test_01248,157.5562043786049
test_01249,276.7884885072708
test_01250,255.35216510295868
test_01251,129.7188127487898
test_01252,119.49464312195778
test_01253,15.818113882094622
test_01254,98.0173010379076
test_01255,190.8566720634699
test_01256,104.57574371993542
test_01257,54.106577817350626
test_01258,57.24573618918657
test_01259,18.051949433982372
test_01260,16.058524794876575
test_01261,87.37364447116852
test_01262,70.60069628804922
test_01263,186.2808682322502
test_01264,20.94280068576336
test_01265,76.23476274311543
test_01266,7.612175464630127
test_01267,10.152002047747374
test_01268,31.103325247764587
test_01269,96.72884503006935
test_01270,205.28403070569038
test_01271,281.67032051086426
test_01272,16.46051825582981
test_01273,138.2067230194807
test_01274,158.03282925486565
test_01275,10.241694197058678
test_01276,117.92291903495789
test_01277,205.06329345703125
test_01278,541.6198819279671
test_01279,71.75331970304251
test_01280,40.322789780795574
test_01281,109.80281008780003
test_01282,211.9964308589697
test_01283,7.6559463031589985
test_01284,15.228275369852781
test_01285,200.394042506814
test_01286,227.87522085011005
test_01287,9.740010190755129
test_01288,12.507430277764797
test_01289,9.401639509946108
test_01290,99.2637132704258
test_01291,273.9225292503834
test_01292,213.82502309978008
test_01293,231.64299680292606
test_01294,442.5552391409874
test_01295,468.29289332032204
test_01296,15.436622332781553
test_01297,94.84055954217911
test_01298,142.02954214811325
test_01299,174.29571810364723
test_01300,9.837219707667828
test_01301,147.47600868344307
test_01302,14.607435144484043
test_01303,405.2523080408573
test_01304,355.2301395237446
test_01305,384.1784822046757
test_01306,101.63857746124268
test_01307,340.4201528131962
test_01308,330.5393010675907
test_01309,267.622856348753
test_01310,165.66998447477818
test_01311,137.0996643602848
test_01312,20.918298672884703
test_01313,14.706824846565723
test_01314,7.131052795797586
test_01315,57.92205414175987
test_01316,80.25789149105549
test_01317,8.197204198688269
test_01318,32.82537440210581
test_01319,90.30054491758347
test_01320,135.8135853856802
test_01321,178.09895642101765
test_01322,66.68107990920544
test_01323,5.782561842352152
test_01324,77.43630847334862
test_01325,15.440856423228979
test_01326,32.56492584198713
test_01327,101.14578875899315
test_01328,147.06981827318668
test_01329,302.9247414469719
test_01330,12.794497895985842
test_01331,523.3841743469238
test_01332,8.232243154197931
test_01333,12.71208169683814
test_01334,76.97445091605186
test_01335,7.078921485692263
test_01336,84.4932447373867
test_01337,313.3837768137455
test_01338,6.4495387971401215
test_01339,8.186507549136877
test_01340,61.280438117682934
test_01341,13.473668288439512
test_01342,13.596557192504406
test_01343,14.588623154908419
test_01344,123.29987220466137
test_01345,157.06423278152943
test_01346,183.24746184051037
test_01347,253.687825858593
test_01348,249.33494317531586
test_01349,6.7432769648730755
test_01350,88.55544596910477
test_01351,157.34802083671093
test_01352,7.033171024173498
test_01353,45.718369234353304
test_01354,96.54718026518822
test_01355,14.51137700304389
test_01356,18.85473669692874
test_01357,9.293231938034296
test_01358,23.052309971302748
test_01359,103.5765503719449
test_01360,5.072096321731806
test_01361,166.34837490320206
test_01362,136.29830703139305
test_01363,354.82978770136833
test_01364,60.32857744395733
test_01365,54.9831459634006
test_01366,72.32950513064861
test_01367,7.966490838676691
test_01368,7.7017524763941765
test_01369,9.598290726542473
test_01370,15.995596554130316
test_01371,99.24959220737219
test_01372,9.317291971296072
test_01373,98.17482405900955
test_01374,261.16005954146385
test_01375,314.4370105266571
test_01376,66.7216157540679
test_01377,48.101319052278996
test_01378,50.38477888703346
test_01379,119.78199672698975
test_01380,63.42002058774233
test_01381,12.620740480720997
test_01382,30.909095633774996
test_01383,36.4775336869061
test_01384,14.289451237767935
test_01385,46.108741231262684
test_01386,12.441801875829697
test_01387,13.15714031457901
test_01388,116.23157075047493
test_01389,63.408640541136265
test_01390,9.218191970139742
test_01391,13.152178257703781
test_01392,58.77049158513546
test_01393,103.90042857825756
test_01394,116.64621448516846
test_01395,27.698150858283043
test_01396,17.921643443405628
test_01397,60.61171552911401
test_01398,58.61901142820716
test_01399,81.84524457156658
test_01400,89.25652220845222
test_01401,40.15951731055975
test_01402,86.60647185146809
test_01403,12.76980646327138
test_01404,13.341312106698751
test_01405,33.09810182452202
test_01406,71.96390999108553
test_01407,80.41321575641632
test_01408,42.11680733039975
test_01409,17.945703476667404
test_01410,53.2743970528245
test_01411,62.3552508354187
test_01412,72.12870524823666
test_01413,90.61465500295162
test_01414,123.8696470707655
test_01415,54.60782355815172
test_01416,186.7857352346182
test_01417,190.01101277768612
test_01418,33.94341569766402
test_01419,21.397694278508425
test_01420,55.47523269802332
test_01421,14.302651200443506
test_01422,17.579959772527218
test_01423,62.2517756074667
test_01424,28.061732947826385
test_01425,43.95580280572176
test_01426,172.3847468048334
test_01427,15.458598747849464
test_01428,29.794192764908075
test_01429,60.86837940663099
test_01430,32.30422843620181
test_01431,41.17194404825568
test_01432,50.01245377212763
test_01433,81.00032810866833
test_01434,86.87682966887951
test_01435,86.33015659451485
test_01436,69.32763899862766
test_01437,85.50280789285898
test_01438,56.21140731871128
test_01439,13.747257385402918
test_01440,17.038137331604958
test_01441,50.90824617445469
test_01442,34.265603981912136
test_01443,10.327776227146387
test_01444,90.01341415941715
test_01445,37.63167617470026
test_01446,39.119483560323715
test_01447,43.867135751992464
test_01448,74.02894275635481
test_01449,71.80249457806349
test_01450,94.93378381431103
test_01451,126.22377164661884
test_01452,93.30923016369343
test_01453,189.1026295274496
test_01454,43.59278526157141
test_01455,12.283331755548716
test_01456,62.961828861385584
test_01457,42.99714158847928
test_01458,69.2996197193861
test_01459,20.21225666254759
test_01460,30.286394637078047
test_01461,30.20069144666195
test_01462,36.07063388079405
test_01463,107.91716904938221
test_01464,94.6940897256136
test_01465,163.08537681400776
test_01466,64.5840537622571
test_01467,76.86601363122463
test_01468,9.314721804112196
test_01469,13.219856850802898
test_01470,24.82040671631694
test_01471,73.89042857289314
test_01472,97.63653745502234
test_01473,121.26933613419533
test_01474,77.71046954393387
test_01475,25.495580721646547
test_01476,33.02075910568237
test_01477,109.68477553129196
test_01478,51.643269419670105
test_01479,90.83906179666519
test_01480,101.88169596344233
test_01481,67.96799084544182
test_01482,67.441938534379
test_01483,127.655651897192
test_01484,105.58179332315922
test_01485,87.41983319818974
test_01486,20.381416004151106
test_01487,48.214982096105814
test_01488,42.09220503643155
test_01489,35.97410776093602
test_01490,106.29970192909241
test_01491,129.77357365190983
test_01492,83.80842146277428
test_01493,9.74985259398818
test_01494,47.89238154515624
test_01495,117.67558872699738
test_01496,33.862886268645525
test_01497,41.96714337542653
test_01498,25.4832461476326
test_01499,111.18651084601879
test_01500,129.7742719054222
test_01501,55.61527709662914
test_01502,73.18052759766579
test_01503,142.7494118064642
test_01504,69.117850959301
test_01505,92.46569535136223
test_01506,74.70077405869961
test_01507,109.82710039615631
test_01508,25.657218981534243
test_01509,47.77894877642393
test_01510,54.09828419983387
test_01511,75.51697298884392
test_01512,87.36769445985556
test_01513,74.22157901525497
test_01514,28.811048105359077
test_01515,17.26150417327881
test_01516,11.35251896828413
test_01517,27.557088792324066
test_01518,83.57163923978806
test_01519,63.78127392753959
test_01520,28.74245212599635
test_01521,66.6100437566638
test_01522,69.53342322260141
test_01523,38.56910751387477
test_01524,107.8763435035944
test_01525,124.38268512487411
test_01526,10.697449464350939
test_01527,30.41182028129697
test_01528,14.528952192515135
test_01529,22.541091833263636
test_01530,27.661548260599375
test_01531,25.20216568186879
test_01532,10.208872567862272
test_01533,21.33011968061328
test_01534,19.907925840467215
test_01535,131.441374450922
test_01536,31.33831726759672
test_01537,18.44212829694152
test_01538,54.83217092603445
test_01539,21.317948527634144
test_01540,10.805875606834888
test_01541,13.326945912092924
test_01542,37.243495505303144
test_01543,41.86554377526045
test_01544,78.10744895040989
test_01545,58.708807572722435
test_01546,142.23023803532124
test_01547,38.48262807354331
test_01548,26.428711116313934
test_01549,15.532550480216742
test_01550,26.19253057986498
test_01551,49.16290209442377
test_01552,98.07550121098757
test_01553,71.06671365350485
test_01554,32.32489748299122
test_01555,169.43568052351475
test_01556,29.24392442777753
test_01557,12.13617854192853
test_01558,13.973450668156147
test_01559,36.40616326406598
test_01560,92.90116783976555
test_01561,187.98361141979694
test_01562,167.23227471113205
test_01563,97.93089587986469
test_01564,41.90994229912758
test_01565,62.55980568751693
test_01566,53.35108608752489
test_01567,51.51609814167023
test_01568,19.9624638967216
test_01569,49.52617962658405
test_01570,159.5427207648754
test_01571,56.372495889663696
test_01572,115.98678089678288
test_01573,240.13401207327843
test_01574,260.8928810060024
test_01575,122.88701124489307
test_01576,122.18091352283955
test_01577,85.32649145275354
test_01578,227.49104771018028
test_01579,60.5715770944953
test_01580,40.808168824762106
test_01581,11.939987875521183
test_01582,20.968416932970285
test_01583,76.65159037709236
test_01584,106.08417929708958
test_01585,10.876395497471094
test_01586,53.08600974082947
test_01587,7.547665011137724
test_01588,27.04407673701644
test_01589,16.693965204060078
test_01590,9.235161758959293
test_01591,74.93824710696936
test_01592,142.07237331569195
test_01593,256.40376460552216
test_01594,229.35474576056004
test_01595,108.01141841709614
test_01596,120.93145571649075
test_01597,13.664603482931852
test_01598,95.98829518258572
test_01599,206.37248907983303
test_01600,132.45718474686146
test_01601,73.98531676828861
test_01602,63.82729923352599
test_01603,29.64283888787031
test_01604,14.994791280478239
test_01605,77.19955596327782
test_01606,64.44481904059649
test_01607,189.09707321226597
test_01608,33.83575466275215
test_01609,70.47163823992014
test_01610,8.577217530459166
test_01611,8.46271138265729
test_01612,21.566270504146814
test_01613,96.6873806566
test_01614,198.5654205530882
test_01615,296.8548979461193
test_01616,17.428498186171055
test_01617,103.24292632937431
test_01618,135.67114166915417
test_01619,8.818122420459986
test_01620,130.42413793504238
test_01621,171.4912645816803
test_01622,444.85222578048706
test_01623,89.77031794190407
test_01624,31.799953835085034
test_01625,115.96324826776981
test_01626,184.58201743662357
test_01627,8.760249089449644
test_01628,22.96375062689185
test_01629,146.50247986614704
test_01630,214.47722159326077
test_01631,10.532836198806763
test_01632,16.578887082636356
test_01633,12.309497691690922
test_01634,86.48667680472136
test_01635,251.60708981752396
test_01636,230.16480897367
test_01637,202.5158120840788
test_01638,370.8328668177128
test_01639,460.4247944653034
test_01640,12.863896124064922
test_01641,85.61593981832266
test_01642,162.14007526636124
test_01643,162.6605712622404
test_01644,11.929699778556824
test_01645,150.8011364787817
test_01646,11.553381990641356
test_01647,352.5046629309654
test_01648,254.69277608394623
test_01649,408.93097496032715
test_01650,144.97897984087467
test_01651,274.264406055212
test_01652,258.7404774129391
test_01653,167.28621850907803
test_01654,141.79573121666908
test_01655,30.885960415005684
test_01656,10.385489851236343
test_01657,8.298220682889223
test_01658,74.0628006234765
test_01659,90.19984784722328
test_01660,11.377080406993628
test_01661,29.884917438030243
test_01662,84.85912957787514
test_01663,116.30219835042953
test_01664,168.9642702639103
test_01665,51.80766726657748
test_01666,8.708258915692568
test_01667,67.43239326030016
test_01668,9.491012245416641
test_01669,21.96432700380683
test_01670,72.9123833924532
test_01671,162.23826159536839
test_01672,270.6357162594795
test_01673,9.31578404083848
test_01674,525.3172371983528
test_01675,9.42564383149147
test_01676,10.842649053782225
test_01677,67.93810708075762
test_01678,8.735022824257612
test_01679,56.29357095807791
test_01680,80.24486237764359
test_01681,7.330389317125082
test_01682,10.932616047561169
test_01683,58.92138119786978
test_01684,11.07547203078866
test_01685,9.926622156053782
test_01686,9.9812047816813
test_01687,101.21928365528584
test_01688,138.62543742358685
test_01689,143.98176982998848
test_01690,240.25155636668205
test_01691,273.6723167896271
test_01692,6.331322249025106
test_01693,79.16405507922173
test_01694,139.40644140541553
test_01695,4.518396142870188
test_01696,41.251730654388666
test_01697,83.8346579670906
test_01698,20.00906489044428
test_01699,32.3494032099843
test_01700,12.538290854543447
test_01701,24.553685016930103
test_01702,66.52665445953608
test_01703,10.058710921555758
test_01704,155.0034935325384
test_01705,180.34806069731712
test_01706,329.97237864136696
test_01707,66.65763641893864
test_01708,57.97008506953716
test_01709,57.13235913217068
test_01710,8.904676143079996
test_01711,9.469318103045225
test_01712,8.325972545892
test_01713,15.119169544428587
test_01714,92.25433252751827
test_01715,7.584553595632315
test_01716,112.8617250174284
test_01717,251.6968822479248
test_01718,339.29801484942436
test_01719,99.70872360467911
test_01720,57.01545366644859
test_01721,58.92285570129752
test_01722,117.74034802615643
test_01723,66.0396523475647
test_01724,10.70230009779334
test_01725,37.61966472864151
test_01726,53.763902477920055
test_01727,12.493179220706224
test_01728,64.4727788940072
test_01729,12.426345588639379
test_01730,13.142428707331419
test_01731,87.45098719000816
test_01732,65.31830447167158
test_01733,7.192714523524046
test_01734,12.903044747188687
test_01735,66.60712446272373
test_01736,120.19288177788258
test_01737,79.11346884071827
test_01738,19.56833135895431
test_01739,21.582969162613153
test_01740,47.98777486011386
test_01741,56.726881831884384
test_01742,44.40037487447262
test_01743,121.89342620968819
test_01744,100.42819213867188
test_01745,69.28370102494955
test_01746,93.96125780791044
test_01747,16.889602467417717
test_01748,36.2919802442193
test_01749,43.73459757864475
test_01750,73.94793792068958
test_01751,89.21302250027657
test_01752,21.93215163052082
test_01753,14.368012186139822
test_01754,57.95672911405563
test_01755,60.466359946876764
test_01756,74.29820862412453
test_01757,77.87351173907518
test_01758,71.78519423305988
test_01759,46.94115598499775
test_01760,215.76919858157635
test_01761,203.0233235359192
test_01762,22.29770962893963
test_01763,8.633638642728329
test_01764,17.45646918192506
test_01765,48.72546112537384
test_01766,10.364791091531515
test_01767,20.61263262666762
test_01768,60.42130773887038
test_01769,27.80503935739398
test_01770,58.02523224055767
test_01771,188.24624387919903
test_01772,23.813733141869307
test_01773,39.37237761169672
test_01774,62.44970819354057
test_01775,45.44865767285228
test_01776,46.37016660347581
test_01777,57.97953377664089
test_01778,88.56297819316387
test_01779,94.96334816515446
test_01780,82.73235337436199
test_01781,46.447048772126436
test_01782,80.86478521674871
test_01783,29.448312144726515
test_01784,10.239907708019018
test_01785,13.417447738349438
test_01786,57.09894695878029
test_01787,20.455352880060673
test_01788,90.45277903974056
test_01789,39.395598255097866
test_01790,42.59372562170029
test_01791,60.32885228842497
test_01792,55.47097632288933
test_01793,70.70082138478756
test_01794,114.20198549330235
test_01795,87.65954214334488
test_01796,228.71857738494873
test_01797,40.413510739803314
test_01798,11.079743262380362
test_01799,42.73293063044548
test_01800,30.196390502154827
test_01801,61.32811991870403
test_01802,10.114779192954302
test_01803,33.289300721138716
test_01804,34.38593014702201
test_01805,37.26391942054033
test_01806,74.86912000924349
test_01807,103.8511348515749
test_01808,112.07008381187916
test_01809,79.15390811860561
test_01810,23.531482730060816
test_01811,10.026669256389141
test_01812,13.559178344905376
test_01813,41.202113799750805
test_01814,85.21027681231499
test_01815,93.05129234492779
test_01816,107.20853087306023
test_01817,62.99966083094478
test_01818,30.964183378964663
test_01819,39.6428914219141
test_01820,105.38564351201057
test_01821,56.77415508031845
test_01822,97.93653390556574
test_01823,87.15278094261885
test_01824,63.592645198106766
test_01825,100.89810189604759
test_01826,110.29533137381077
test_01827,81.93672320991755
test_01828,71.93836431205273
test_01829,14.711924325674772
test_01830,47.911969784647226
test_01831,27.320728121325374
test_01832,31.74294774979353
test_01833,78.25051663815975
test_01834,112.0746298879385
test_01835,52.76817439869046
test_01836,6.258365899324417
test_01837,21.17647605203092
test_01838,54.90593695268035
test_01839,136.27891935408115
test_01840,137.7842796444893
test_01841,39.068674474954605
test_01842,34.776874117553234
test_01843,21.045001972466707
test_01844,76.62950625270605
test_01845,112.61283478140831
test_01846,50.75021803379059
test_01847,72.27838405966759
test_01848,73.08669421076775
test_01849,25.46415188536048
test_01850,36.98596252501011
test_01851,78.71910417079926
test_01852,93.40470518916845
test_01853,20.763505525887012
test_01854,40.63524708524346
test_01855,47.46023690328002
test_01856,68.87696835398674
test_01857,109.35265941917896
test_01858,78.94807189702988
test_01859,42.00107552483678
test_01860,13.610459122806787
test_01861,11.738682873547077
test_01862,24.806267082691193
test_01863,71.18658298254013
test_01864,62.80322131887078
test_01865,24.05671607889235
test_01866,65.8941556289792
test_01867,74.84009791910648
test_01868,48.935100600123405
test_01869,98.39284257590771
test_01870,86.34972997754812
test_01871,6.599325317889452
test_01872,9.984495487064123
test_01873,14.696891447529197
test_01874,14.405600881204009
test_01875,28.889683336019516
test_01876,14.92599288187921
test_01877,5.30455531552434
test_01878,23.82518189959228
test_01879,12.222321854904294
test_01880,138.4761894494295
test_01881,17.480048237368464
test_01882,58.2084866464138
test_01883,10.157524935901165
test_01884,10.126920633018017
test_01885,12.617059793323278
test_01886,31.873274167999625
test_01887,41.771944377571344
test_01888,95.36872147023678
test_01889,52.800892032682896
test_01890,163.4401490241289
test_01891,66.21806354820728
test_01892,23.108758939430118
test_01893,16.46723708882928
test_01894,18.663155246526003
test_01895,88.87469638884068
test_01896,84.04570137709379
test_01897,90.6386481821537
test_01898,204.6619313955307
test_01899,29.92046894133091
test_01900,10.171326585114002
test_01901,10.394388869404793
test_01902,192.40002031624317
test_01903,198.69529570639133
test_01904,92.09698778390884
test_01905,35.12494606524706
test_01906,63.287653263658285
test_01907,62.18672289326787
test_01908,50.08056320250034
test_01909,37.32395436614752
test_01910,84.22926034033298
test_01911,152.23549775779247
test_01912,85.26117503643036
test_01913,121.39531889557838
test_01914,191.02980922162533
test_01915,260.1199292242527
test_01916,148.111939355731
test_01917,100.03442172706127
test_01918,84.06420509517193
test_01919,190.0175050497055
test_01920,59.919118613004684
test_01921,55.48992573469877
test_01922,16.082085279747844
test_01923,17.7737028375268
test_01924,34.01538409292698
test_01925,91.10976131260395
test_01926,9.570134025067091
test_01927,40.53317950665951
test_01928,8.23583098873496
test_01929,25.452753268182278
test_01930,13.990810438990593
test_01931,10.876146651804447
test_01932,77.72733162343502
test_01933,140.9544100165367
test_01934,303.1646732389927
test_01935,236.45834615826607
test_01936,102.2465482801199
test_01937,113.59633228182793
test_01938,10.929611328989267
test_01939,95.01417210698128
test_01940,206.0063071101904
test_01941,47.929355554282665
test_01942,69.71162643283606
test_01943,53.55695202201605
test_01944,11.932615358382463
test_01945,20.42504570633173
test_01946,78.19131365418434
test_01947,73.23952259123325
test_01948,161.01187586784363
test_01949,15.852218737825751
test_01950,63.190443746745586
test_01951,8.199930358678102
test_01952,9.452463451772928
test_01953,17.39346851594746
test_01954,94.51431173086166
test_01955,182.03535316884518
test_01956,421.06519478559494
test_01957,16.447457572445273
test_01958,116.81343877315521
test_01959,141.95775574445724
test_01960,10.806644428521395
test_01961,69.742958702147
test_01962,94.96631945669651
test_01963,352.11325469613075
test_01964,149.57013039290905
test_01965,41.4146539978683
test_01966,75.42654173076153
test_01967,182.95253144204617
test_01968,7.9967125877738
test_01969,25.722067419439554
test_01970,108.03085066378117
test_01971,237.90202243626118
test_01972,13.493821073323488
test_01973,7.180119961500168
test_01974,93.98677377402782
test_01975,164.11322084069252
test_01976,271.1841869652271
test_01977,207.4576641768217
test_01978,534.1717454195023
test_01979,425.53437381982803
test_01980,9.282550144940615
test_01981,96.04486857354641
test_01982,157.02982522547245
test_01983,157.92327773571014
test_01984,15.93642514012754
test_01985,163.87856309115887
test_01986,12.4334488324821
test_01987,66.8502726778388
test_01988,198.60337880253792
test_01989,414.1948556303978
test_01990,11.734615918248892
test_01991,197.43530467152596
test_01992,372.26984283328056
test_01993,246.63381631672382
test_01994,162.9031029343605
test_01995,243.3270659595728
test_01996,20.18171549960971
test_01997,18.47228690609336
test_01998,9.18206849321723
test_01999,66.43615634739399
test_02000,103.20663200318813
test_02001,8.804484192281961
test_02002,33.55106407776475
test_02003,97.06693343818188
test_02004,128.23444463312626
test_02005,174.39115598797798
test_02006,75.86040972173214
test_02007,7.321757715195417
test_02008,68.66492213308811
test_02009,12.482592137530446
test_02010,24.40584097802639
test_02011,45.97339890152216
test_02012,99.64035418629646
test_02013,217.71138329803944
test_02014,5.872967101633549
test_02015,496.96847143769264
test_02016,7.9739562086761
test_02017,11.018545798957348
test_02018,78.33173689246178
test_02019,9.414876613765955
test_02020,62.58181181550026
test_02021,101.35845895111561
test_02022,285.6676287353039
test_02023,7.327618587762117
test_02024,13.517855107784271
test_02025,83.6084535419941
test_02026,11.990904670208693
test_02027,10.366573866456747
test_02028,10.730129957199097
test_02029,152.18424297869205
test_02030,156.18021412193775
test_02031,108.96171173453331
test_02032,217.20985899865627
test_02033,279.3487612903118
test_02034,8.273841235786676
test_02035,70.35056553781033
test_02036,130.7941974401474
test_02037,7.878321476280689
test_02038,51.965476274490356
test_02039,100.03212640434504
test_02040,22.964953999966383
test_02041,30.18205959163606
test_02042,10.834069449454546
test_02043,27.103164583444595
test_02044,74.49282822012901
test_02045,7.580430928617716
test_02046,124.86869928240776
test_02047,129.5291106402874
test_02048,312.2475252151489
test_02049,40.88683005422354
test_02050,30.25884333625436
test_02051,97.51117123663425
test_02052,9.801976475864649
test_02053,10.541330378502607
test_02054,10.211398165673018
test_02055,18.184985298663378
test_02056,80.1163837313652
test_02057,10.825846400111914
test_02058,71.05712381005287
test_02059,193.61293123662472
test_02060,264.7970689535141
test_02061,28.485037997364998
test_02062,55.72708308324218
test_02063,34.56925140693784
test_02064,127.31898970901966
test_02065,62.176460795104504
test_02066,10.14507893845439
test_02067,19.421644266694784
test_02068,20.966370455920696
test_02069,13.517034288495779
test_02070,28.557056533172727
test_02071,12.112007085233927
test_02072,10.630855392664671
test_02073,55.14795607700944
test_02074,70.1084869876504
test_02075,7.5346878953278065
test_02076,13.501056168228388
test_02077,86.5633732676506
test_02078,86.0095393806696
test_02079,13.952179934829473
test_02080,7.8125407956540585
test_02081,48.86027605086565
test_02082,53.789819568395615
test_02083,36.6015145406127
test_02084,76.3793012201786
test_02085,50.650222931057215
test_02086,43.566660180687904
test_02087,79.77728508412838
test_02088,16.268658246845007
test_02089,18.124972637742758
test_02090,21.969478480517864
test_02091,51.32714628428221
test_02092,65.90866295993328
test_02093,38.29929195716977
test_02094,17.07337313517928
test_02095,31.851223470643163
test_02096,64.96758807450533
test_02097,66.14538575708866
test_02098,58.08942699432373
test_02099,68.11850161850452
test_02100,37.30391300469637
test_02101,129.9246044009924
test_02102,169.59259442985058
test_02103,42.61790079250932
test_02104,7.642133511602879
test_02105,56.42889843136072
test_02106,53.69143267720938
test_02107,26.710668113082647
test_02108,28.78355623036623
test_02109,52.24457711726427
test_02110,23.541269421577454
test_02111,79.54148338735104
test_02112,110.14915868639946
test_02113,12.680385444313288
test_02114,30.89425403252244
test_02115,65.6116749420762
test_02116,14.211529117077589
test_02117,24.052684407681227
test_02118,68.14042232185602
test_02119,97.30030610412359
test_02120,76.83223004639149
test_02121,49.45307842642069
test_02122,33.69355607777834
test_02123,56.131134163588285
test_02124,13.079080771654844
test_02125,9.788698516786098
test_02126,13.42173382639885
test_02127,59.91911118477583
test_02128,58.123396284878254
test_02129,17.379531301558018
test_02130,71.62409080564976
test_02131,31.036955880001187
test_02132,32.72903398796916
test_02133,51.70937694236636
test_02134,50.570324901491404
test_02135,89.54052568227053
test_02136,52.1703839674592
test_02137,53.47554234787822
test_02138,66.77905824780464
test_02139,76.80978193879128
test_02140,39.37132280319929
test_02141,8.578376334160566
test_02142,44.302790232002735
test_02143,18.738930609077215
test_02144,38.263632744550705
test_02145,13.590306337922812
test_02146,17.13675821200013
test_02147,18.482641857117414
test_02148,18.81842380017042
test_02149,59.02685833349824
test_02150,82.0940308123827
test_02151,108.58493711054325
test_02152,41.866115748882294
test_02153,29.943851148709655
test_02154,6.452706936746836
test_02155,13.899402368813753
test_02156,75.62136931717396
test_02157,64.7240684479475
test_02158,37.70357400178909
test_02159,110.89700305461884
test_02160,33.55250886827707
test_02161,13.669669535011053
test_02162,47.0482079051435
test_02163,61.737794168293476
test_02164,39.38536215573549
test_02165,90.56594067811966
test_02166,100.80507818609476
test_02167,65.40138178318739
test_02168,43.74764897674322
test_02169,122.2380068898201
test_02170,100.53757280856371
test_02171,84.88658431172371
test_02172,10.422345008701086
test_02173,36.020716182887554
test_02174,32.44953759200871
test_02175,20.816130813211203
test_02176,44.61750943213701
test_02177,85.70456601679325
test_02178,69.6861401796341
test_02179,8.332364536821842
test_02180,11.38365438953042
test_02181,74.92754302918911
test_02182,108.01698958873749
test_02183,102.05706901848316
test_02184,33.37485534697771
test_02185,26.89863944426179
test_02186,26.01360311731696
test_02187,169.6447257399559
test_02188,42.33113773167133
test_02189,34.68318186700344
test_02190,50.35822668299079
test_02191,32.238808024674654
test_02192,61.49310830980539
test_02193,68.0957563817501
test_02194,103.85260564088821
test_02195,17.0064002238214
test_02196,20.1541344858706
test_02197,29.471558786928654
test_02198,126.52348582446575
test_02199,114.3045247644186
test_02200,10.924077298492193
test_02201,16.575789511203766
test_02202,11.517652209848166
test_02203,11.375906746834517
test_02204,24.593637745827436
test_02205,53.253505159169436
test_02206,50.63901744782925
test_02207,20.485262643545866
test_02208,43.47809340804815
test_02209,64.07891191542149
test_02210,46.967110216617584
test_02211,64.14624880999327
test_02212,93.93482816964388
test_02213,6.921621311455965
test_02214,13.52185520902276
test_02215,10.677200112491846
test_02216,14.159434948116541
test_02217,18.630151625722647
test_02218,19.73861050605774
test_02219,9.092350345104933
test_02220,12.438032049685717
test_02221,12.483355388045311
test_02222,110.31572929024696
test_02223,33.11368624866009
test_02224,13.795110035687685
test_02225,38.938713897019625
test_02226,14.548369582742453
test_02227,10.454724658280611
test_02228,10.887938965111971
test_02229,20.283961355686188
test_02230,31.5297427251935
test_02231,109.3841253966093
test_02232,91.14385688304901
test_02233,50.227564137429
test_02234,23.4172272849828
test_02235,18.08084524422884
test_02236,11.125538293272257
test_02237,19.856292221695185
test_02238,80.55854162573814
test_02239,129.1802215874195
test_02240,17.09011636301875
test_02241,135.61758413910866
test_02242,22.960036512464285
test_02243,8.176449727267027
test_02244,8.973476398736238
test_02245,19.481827776879072
test_02246,193.87590539455414
test_02247,144.9192420244217
test_02248,50.54342728480697
test_02249,35.6739070340991
test_02250,81.0380486547947
test_02251,82.34878934919834
test_02252,44.747755996882915
test_02253,14.201330158859491
test_02254,63.834560327231884
test_02255,119.65249298512936
test_02256,76.2344359010458
test_02257,105.2677426636219
test_02258,146.30206625163555
test_02259,248.7687338590622
test_02260,97.92614181339741
test_02261,69.55105040967464
test_02262,56.9101473800838
test_02263,176.59093682467937
test_02264,124.36031129956245
test_02265,34.21665195375681
test_02266,8.232555139809847
test_02267,19.550746884196997
test_02268,24.035896610468626
test_02269,8.01527201756835
test_02270,37.729164250195026
test_02271,4.367068264633417
test_02272,31.422284109517932
test_02273,10.712417345494032
test_02274,8.773969028145075
test_02275,70.70677882432938
test_02276,133.1467918008566
test_02277,291.33530792593956
test_02278,209.89398953318596
test_02279,162.95712101459503
test_02280,71.33371391147375
test_02281,18.14569368213415
test_02282,44.899039305746555
test_02283,160.16256189346313
test_02284,70.28665305674076
test_02285,60.78449984639883
test_02286,55.215177834033966
test_02287,61.77977108955383
test_02288,15.026450391858816
test_02289,65.18133535981178
test_02290,126.30704209208488
test_02291,169.60639607906342
test_02292,26.859578102827072
test_02293,49.83467768505216
test_02294,10.522388394922018
test_02295,10.154386509209871
test_02296,11.258280742913485
test_02297,80.08886957168579
test_02298,93.88479904830456
test_02299,219.07921735942364
test_02300,32.08785527199507
test_02301,53.884964037686586
test_02302,86.19451713562012
test_02303,8.189775969833136
test_02304,35.27755902707577
test_02305,65.75805561989546
test_02306,277.404407531023
test_02307,101.69262525439262
test_02308,17.442251551896334
test_02309,46.1781580299139
test_02310,133.01045408844948
test_02311,13.415282409638166
test_02312,19.23802587762475
test_02313,46.64906316995621
test_02314,191.5148428529501
test_02315,13.498497143387794
test_02316,11.024328675121069
test_02317,12.187418464571238
test_02318,24.855620235204697
test_02319,68.63917589187622
test_02320,104.6362095028162
test_02321,76.85874882340431
test_02322,378.81277537345886
test_02323,395.7758490741253
test_02324,10.076323252171278
test_02325,38.42073607072234
test_02326,134.07781629264355
test_02327,147.07454262673855
test_02328,21.093924287706614
test_02329,59.20465670526028
test_02330,23.0170035995543
test_02331,42.11145529150963
test_02332,125.17368750274181
test_02333,299.77543982863426
test_02334,288.0396404862404
test_02335,144.90691116452217
test_02336,81.89667019993067
test_02337,240.61164718866348
test_02338,128.64986090362072
test_02339,139.23673608899117
test_02340,32.25338592380285
test_02341,14.20861353725195
test_02342,7.233562353998423
test_02343,52.93984076753259
test_02344,20.485017511993647
test_02345,14.448734749108553
test_02346,10.975131515413523
test_02347,88.46641121804714
test_02348,133.0974386483431
test_02349,151.60267208516598
test_02350,43.4652871415019
test_02351,7.79252914711833
test_02352,40.405235692858696
test_02353,12.642345484346151
test_02354,16.313320472836494
test_02355,23.55710269138217
test_02356,81.35881443321705
test_02357,181.88319332897663
test_02358,7.783377569168806
test_02359,220.05605916678905
test_02360,7.087605085223913
test_02361,14.5803481079638
test_02362,64.98127830028534
test_02363,8.992737796157598
test_02364,31.9961742144078
test_02365,52.0807326734066
test_02366,229.05042608082294
test_02367,10.521162737160921
test_02368,7.95361028984189
test_02369,86.38480607420206
test_02370,8.220328275114298
test_02371,10.127919729799032
test_02372,10.871723141521215
test_02373,118.47167201340199
test_02374,89.6502480506897
test_02375,121.39662626385689
test_02376,208.9049357175827
test_02377,232.72575029730797
test_02378,5.189714897423983
test_02379,31.613226732239127
test_02380,108.0709779560566
test_02381,9.249019119888544
test_02382,23.28928904235363
test_02383,94.48107040673494
test_02384,17.264531176537275
test_02385,23.197721265256405
test_02386,33.705727230757475
test_02387,21.133405324071646
test_02388,56.68999696150422
test_02389,11.977715849876404
test_02390,199.31106616556644
test_02391,124.42566485702991
test_02392,390.9590586423874
test_02393,59.058305740356445
test_02394,51.85032758489251
test_02395,116.21485723555088
test_02396,7.01540270075202
test_02397,3.364613924175501
test_02398,8.179629009217024
test_02399,18.475202485919
test_02400,87.57517232000828
test_02401,8.519652470946312
test_02402,115.64230421185493
test_02403,253.40938612818718
test_02404,272.5958475768566
test_02405,55.81244457513094
test_02406,43.97744495049119
test_02407,47.4813739284873
test_02408,120.65857230126858
test_02409,51.9533831179142
test_02410,10.191661361604929
test_02411,29.527493350207806
test_02412,31.681779999285936
test_02413,10.913380648940802
test_02414,50.19789207726717
test_02415,10.025023903697729
test_02416,9.086764317005873
test_02417,108.46870018541813
test_02418,82.48680584132671
test_02419,5.449650909751654
test_02420,19.770117338746786
test_02421,64.28595893830061
test_02422,83.0103622674942
test_02423,97.3681852594018
test_02424,19.1896903924644
test_02425,16.940875817090273
test_02426,58.6544923633337
test_02427,56.442246958613396
test_02428,38.52771742269397
test_02429,80.26826129853725
test_02430,70.30170264840126
test_02431,39.57974776253104
test_02432,80.53690319508314
test_02433,10.914119757711887
test_02434,16.247034672647715
test_02435,33.07169075682759
test_02436,60.88225905224681
test_02437,73.50632228702307
test_02438,45.32681243494153
test_02439,29.737173680216074
test_02440,64.43786621838808
test_02441,62.81210548058152
test_02442,76.27197816967964
test_02443,88.47505024820566
test_02444,99.1315279379487
test_02445,60.554499596357346
test_02446,126.68638688325882
test_02447,186.6848747432232
test_02448,44.83933491632342
test_02449,8.259185340255499
test_02450,27.00452884659171
test_02451,44.79170511290431
test_02452,17.622909791767597
test_02453,27.09705115109682
test_02454,170.1888583600521
test_02455,19.99254822358489
test_02456,40.30746163055301
test_02457,136.94448865950108
test_02458,15.83997144550085
test_02459,34.34638597071171
test_02460,53.83150678873062
test_02461,40.113904271274805
test_02462,43.66402197629213
test_02463,47.28578866273165
test_02464,74.07512405514717
test_02465,117.7078866660595
test_02466,84.4045368283987
test_02467,72.38785386830568
test_02468,76.3986888974905
test_02469,45.10625717788935
test_02470,9.258987803012133
test_02471,15.911382723599672
test_02472,76.62315511703491
test_02473,32.75524077937007
test_02474,7.869225610047579
test_02475,89.5520691499114
test_02476,40.53256667777896
test_02477,29.835389722138643
test_02478,42.38302019611001
test_02479,85.05688388645649
test_02480,69.26396422088146
test_02481,64.07363787293434
test_02482,123.30360117554665
test_02483,85.0431416630745
test_02484,170.006525054574
test_02485,42.11978233605623
test_02486,8.806853797286749
test_02487,53.57346126064658
test_02488,68.07695553451777
test_02489,61.8355868011713
test_02490,16.775943137705326
test_02491,31.0585553124547
test_02492,33.60686864703894
test_02493,45.27325861901045
test_02494,112.78625421226025
test_02495,77.01177033782005
test_02496,170.23379914462566
test_02497,59.19003052264452
test_02498,126.19068631529808
test_02499,8.848147321492434
test_02500,14.020493641495705
test_02501,26.636690381914377
test_02502,68.98062185943127
test_02503,86.27109474688768
test_02504,107.63994754850864
test_02505,50.589935425668955
test_02506,35.67432301491499
test_02507,42.91725470125675
test_02508,124.13003620505333
test_02509,57.59198822081089
test_02510,91.38805247843266
test_02511,75.56791578233242
test_02512,62.59778993576765
test_02513,69.56186591088772
test_02514,112.04240623116493
test_02515,86.08015212416649
test_02516,68.40040290355682
test_02517,20.416035264730453
test_02518,57.63363830000162
test_02519,33.59292957559228
test_02520,31.68066205084324
test_02521,86.0404482409358
test_02522,91.83457817137241
test_02523,96.00064089894295
test_02524,1.4220280833542347
test_02525,30.821977365761995
test_02526,64.01252212002873
test_02527,130.28983555734158
test_02528,120.523437961936
test_02529,22.82973423600197
test_02530,40.925921108573675
test_02531,21.131447985768318
test_02532,118.83867108821869
test_02533,114.15215693414211
test_02534,31.356594424694777
test_02535,54.96925888955593
test_02536,164.8039272725582
test_02537,87.81191740185022
test_02538,103.11880062520504
test_02539,71.37270468473434
test_02540,135.59699308872223
test_02541,20.765867702662945
test_02542,45.3917091563344
test_02543,62.5469622798264
test_02544,71.68177843093872
test_02545,84.10900474339724
test_02546,52.785296466201544
test_02547,26.89624012634158
test_02548,13.39491792023182
test_02549,13.12437068298459
test_02550,31.793905399739742
test_02551,87.80107961595058
test_02552,57.85859478265047
test_02553,28.812842022627592
test_02554,67.41886645555496
test_02555,63.32309705764055
test_02556,42.59200970083475
test_02557,84.35423286259174
test_02558,100.33696606010199
test_02559,6.556958414614201
test_02560,36.16176339238882
test_02561,14.23841930553317
test_02562,25.23438562452793
test_02563,44.140839986503124
test_02564,26.833226460963488
test_02565,9.656242053955793
test_02566,11.747388757765293
test_02567,10.633447844535112
test_02568,127.01374892890453
test_02569,38.169112246483564
test_02570,9.221148405224085
test_02571,41.20812323689461
test_02572,9.110556934028864
test_02573,6.085522156208754
test_02574,9.494990061968565
test_02575,31.62443407252431
test_02576,46.78156420215964
test_02577,65.59120274335146
test_02578,56.3041190430522
test_02579,156.39738582074642
test_02580,29.097944874316454
test_02581,21.7598390057683
test_02582,11.49232566356659
test_02583,42.13993140682578
test_02584,58.03829849511385
test_02585,89.19543245434761
test_02586,118.49446181952953
test_02587,28.638564631342888
test_02588,190.85677605867386
test_02589,33.2032855451107
test_02590,8.59898966923356
test_02591,7.123765703290701
test_02592,45.48278667032719
test_02593,81.00401251018047
test_02594,210.13482756912708
test_02595,184.40748377144337
test_02596,96.27983830869198
test_02597,41.32501384615898
test_02598,58.71185314655304
test_02599,57.4050345569849
test_02600,45.04626680165529
test_02601,15.49922001734376
test_02602,52.862342055886984
test_02603,155.23773530125618
test_02604,54.45791447162628
test_02605,132.0500286668539
test_02606,255.5102378129959
test_02607,113.99978910386562
test_02608,100.56661718338728
test_02609,45.424697920680046
test_02610,146.0009704232216
test_02611,38.91218397766352
test_02612,45.46229961514473
test_02613,8.849216986447573
test_02614,25.055759005248547
test_02615,57.82403866201639
test_02616,105.5667140185833
test_02617,3.66267903521657
test_02618,67.44006662070751
test_02619,5.712242513895035
test_02620,26.838463362306356
test_02621,11.462111342698336
test_02622,11.271220717579126
test_02623,72.7210767865181
test_02624,153.13471457362175
test_02625,297.73829263448715
test_02626,255.07990565896034
test_02627,113.42058038711548
test_02628,103.2452142238617
test_02629,10.58667228743434
test_02630,90.19687655568123
test_02631,223.21721623837948
test_02632,31.364475775510073
test_02633,65.00902273505926
test_02634,59.78217921406031
test_02635,22.17987934872508
test_02636,16.565553411841393
test_02637,92.58913765847683
test_02638,67.38096763193607
test_02639,177.46485309302807
test_02640,20.3188183195889
test_02641,73.69650723040104
test_02642,6.819624301046133
test_02643,8.375730536878109
test_02644,12.493372354656458
test_02645,83.82476356625557
test_02646,195.11234894394875
test_02647,252.1087329685688
test_02648,15.934558797627687
test_02649,149.47360798716545
test_02650,115.19346091151237
test_02651,6.73417367041111
test_02652,123.2401492446661
test_02653,222.0469284951687
test_02654,502.51388198137283
test_02655,66.37499231100082
test_02656,42.32756846770644
test_02657,123.22325745224953
test_02658,212.59762713313103
test_02659,6.260739218443632
test_02660,21.227327849715948
test_02661,179.34918676316738
test_02662,217.88446103036404
test_02663,8.115475110709667
test_02664,10.227662272751331
test_02665,7.154960550367832
test_02666,86.94236150383949
test_02667,255.40829280018806
test_02668,200.62170286476612
test_02669,249.48084844648838
test_02670,368.5376926660538
test_02671,387.69901698827744
test_02672,8.833573136478662
test_02673,87.10428203642368
test_02674,136.79712745547295
test_02675,187.90204946696758
test_02676,12.91664769127965
test_02677,134.55916552245617
test_02678,10.041432861238718
test_02679,369.7525646388531
test_02680,350.083832859993
test_02681,112.92312675714493
test_02682,335.4656133055687
test_02683,498.1586816906929
test_02684,249.37920056283474
test_02685,230.64128528535366
test_02686,163.18013130128384
test_02687,15.86222641915083
test_02688,8.553120356053114
test_02689,7.1337343864142895
test_02690,28.250213112682104
test_02691,56.732345294207335
test_02692,7.063389059156179
test_02693,27.118518732488155
test_02694,71.57294744998217
test_02695,133.85785157978535
test_02696,170.93662844598293
test_02697,61.60915210098028
test_02698,5.883812315762043
test_02699,68.22465100884438
test_02700,8.198036160320044
test_02701,22.459113899618387
test_02702,133.57119622826576
test_02703,190.95216937363148
test_02704,312.83266165852547
test_02705,7.823820561170578
test_02706,312.15535575151443
test_02707,6.756833482533693
test_02708,6.438470736145973
test_02709,94.7500985711813
test_02710,5.1277411840856075
test_02711,38.032722536474466
test_02712,70.41871210932732
test_02713,271.7813868522644
test_02714,5.145468652248383
test_02715,7.941160578280687
test_02716,47.689776603132486
test_02717,4.623542722314596
test_02718,8.372696105390787
test_02719,8.535556308925152
test_02720,77.52795796096325
test_02721,127.86642046272755
test_02722,170.58978958427906
test_02723,245.69261515140533
test_02724,283.3221506178379
test_02725,4.427987169474363
test_02726,83.95627292990685
test_02727,178.86780782043934
test_02728,9.147341523319483
test_02729,46.6694202311337
test_02730,13.729481633752584
test_02731,33.491088557988405
test_02732,17.181550431996584
test_02733,21.81298426911235
test_02734,89.41670453548431
test_02735,6.28852079436183
test_02736,196.86951133608818
test_02737,403.77741834521294
test_02738,38.305680233985186
test_02739,33.74637821316719
test_02740,117.54458448290825
test_02741,7.69931973144412
test_02742,7.5192223228514194
test_02743,13.285035844892263
test_02744,9.82073275372386
test_02745,198.20527030527592
test_02746,74.1482475399971
test_02747,315.3147300481796
test_02748,258.5953595340252
test_02749,37.35480008646846
test_02750,47.75601040571928
test_02751,41.54773814603686
test_02752,122.97598657011986
test_02753,60.79094012081623
test_02754,11.045855682343245
test_02755,41.75133475661278
test_02756,61.58585346117616
test_02757,19.052988696843386
test_02758,56.176435217261314
test_02759,12.669049967080355
test_02760,10.032905254513025
test_02761,104.7069039568305
test_02762,114.36666932702065
test_02763,11.862418595701456
test_02764,22.579024083912373
test_02765,71.5554094016552
test_02766,80.67444428056479
test_02767,62.05572236329317
test_02768,9.80005256459117
test_02769,84.02529603242874
test_02770,56.63559261336923
test_02771,45.23366987332702
test_02772,101.9480077624321
test_02773,16.290779512375593
test_02774,31.666217859834433
test_02775,102.9449503570795
test_02776,17.317977283149958
test_02777,27.313119757920504
test_02778,59.34887205436826
test_02779,76.16361516714096
test_02780,29.375173803418875
test_02781,12.423149593174458
test_02782,48.9142569899559
test_02783,56.81983868777752
test_02784,65.55118687450886
test_02785,83.85044295340776
test_02786,75.38953429460526
test_02787,54.497135519981384
test_02788,161.4386127591133
test_02789,202.87288704514503
test_02790,7.037204552441835
test_02791,43.45968997105956
test_02792,13.995467938482761
test_02793,13.701948903501034
test_02794,51.252165742218494
test_02795,17.02296146005392
test_02796,36.55563408508897
test_02797,125.57473757863045
test_02798,18.06643819436431
test_02799,35.138168312609196
test_02800,71.77628035843372
test_02801,26.590003963559866
test_02802,45.049100670963526
test_02803,49.78615649417043
test_02804,86.37044730782509
test_02805,100.82438415288925
test_02806,56.44789984077215
test_02807,38.500355541706085
test_02808,62.941694647073746
test_02809,21.895712453871965
test_02810,13.436527144163847
test_02811,11.842685505747795
test_02812,93.87380526959896
test_02813,49.72876599803567
test_02814,11.335835166275501
test_02815,83.97268931567669
test_02816,38.67940928414464
test_02817,24.56480136141181
test_02818,40.66467401385307
test_02819,70.45730918645859
test_02820,95.44783210754395
test_02821,50.16800831258297
test_02822,144.29659302532673
test_02823,80.12186576426029
test_02824,162.69997058808804
test_02825,41.48826774582267
test_02826,7.642984043806791
test_02827,65.18068167567253
test_02828,38.92270977795124
test_02829,56.365019377321005
test_02830,15.69059719145298
test_02831,16.626602310687304
test_02832,24.28323806077242
test_02833,21.902824983000755
test_02834,74.71796298027039
test_02835,83.16697161644697
test_02836,131.9040194004774
test_02837,51.39753618091345
test_02838,154.71872495114803
test_02839,13.923848669975996
test_02840,20.77498585358262
test_02841,71.53252302855253
test_02842,95.72679181396961
test_02843,67.04451343417168
test_02844,95.01256018131971
test_02845,43.9620870873332
test_02846,12.595332223922014
test_02847,93.09727308154106
test_02848,120.60461364686489
test_02849,109.43587043881416
test_02850,41.718494556844234
test_02851,54.497514359652996
test_02852,130.71043673157692
test_02853,86.20933645218611
test_02854,89.14576731622219
test_02855,15.117966171354055
test_02856,36.55395159125328
test_02857,35.66994035989046
test_02858,23.163521699607372
test_02859,70.1350429058075
test_02860,77.11351478844881
test_02861,7.6910929679870605
test_02862,17.81475865840912
test_02863,72.40008073300123
test_02864,79.15598802268505
test_02865,110.00548188388348
test_02866,36.387473840266466
test_02867,49.807085528969765
test_02868,29.08786105364561
test_02869,92.89432644098997
test_02870,168.99184384942055
test_02871,42.709249436855316
test_02872,51.59202578291297
test_02873,71.70325344055891
test_02874,101.52302393317223
test_02875,157.2698461562395
test_02876,69.39260628819466
test_02877,104.5913578569889
test_02878,19.320468075573444
test_02879,18.724185574799776
test_02880,40.36866280809045
test_02881,89.93369440734386
test_02882,100.04886220395565
test_02883,54.88415367156267
test_02884,19.624267779290676
test_02885,10.006928738206625
test_02886,15.950819190591574
test_02887,40.87752991169691
test_02888,65.20208983123302
test_02889,37.12260850891471
test_02890,21.700844012200832
test_02891,27.877776574343443
test_02892,54.06092020869255
test_02893,83.53597631305456
test_02894,73.96729588508606
test_02895,144.00619384646416
test_02896,10.160655934363604
test_02897,22.80770582333207
test_02898,9.485920194536448
test_02899,13.191507015377283
test_02900,20.417788326740265
test_02901,28.15473808720708
test_02902,10.311582688242197
test_02903,12.055314842611551
test_02904,11.143826592713594
test_02905,26.446598291397095
test_02906,13.575490735471249
test_02907,35.04855415970087
test_02908,11.620510894805193
test_02909,10.063539270311594
test_02910,9.132685627788305
test_02911,20.783888585865498
test_02912,32.979090455919504
test_02913,91.25051139295101
test_02914,150.967409953475
test_02915,21.099306039512157
test_02916,14.402820866554976
test_02917,12.009597808122635
test_02918,27.89495063945651
test_02919,38.9450836032629
test_02920,68.26372349262238
test_02921,115.57851058244705
test_02922,19.17221176996827
test_02923,174.88187964260578
test_02924,23.45452256500721
test_02925,11.955449733883142
test_02926,8.20868081226945
test_02927,32.069072995334864
test_02928,72.97379256039858
test_02929,209.87060546875
test_02930,156.127592548728
test_02931,39.167135648429394
test_02932,57.50189123302698
test_02933,82.21681943535805
test_02934,88.49368767440319
test_02935,78.97894361615181
test_02936,17.662676814943552
test_02937,40.96930196508765
test_02938,141.66370187699795
test_02939,85.79597037285566
test_02940,116.43020159006119
test_02941,187.08347350358963
test_02942,172.06641748547554
test_02943,134.20009979605675
test_02944,77.18833933770657
test_02945,52.46579720079899
test_02946,149.731397241354
test_02947,91.60647211968899
test_02948,32.440194737166166
test_02949,8.874651242047548
test_02950,18.960113551467657
test_02951,39.203838527202606
test_02952,61.317556977272034
test_02953,5.681300226598978
test_02954,5.803182605654001
test_02955,24.4349447786808
test_02956,20.802700575441122
test_02957,8.912498068064451
test_02958,78.50130850076675
test_02959,127.64547522366047
test_02960,280.2613043487072
test_02961,150.49149818718433
test_02962,113.83718517422676
test_02963,88.50738532841206
test_02964,10.365949895232916
test_02965,79.30349779129028
test_02966,157.62189963459969
test_02967,92.37521952390671
test_02968,48.23383494094014
test_02969,56.294841185212135
test_02970,64.92057481408119
test_02971,14.549275826662779
test_02972,79.93856678903103
test_02973,123.42159116268158
test_02974,165.61232656240463
test_02975,44.2799484282732
test_02976,65.64423286914825
test_02977,9.17312490567565
test_02978,7.785613466054201
test_02979,11.922264121472836
test_02980,84.27837578952312
test_02981,136.67322459816933
test_02982,213.4743958413601
test_02983,13.480379693210125
test_02984,70.39251274615526
test_02985,109.25273488461971
test_02986,10.03233328089118
test_02987,62.26905366778374
test_02988,127.00810347497463
test_02989,461.72883489727974
test_02990,251.69551545381546
test_02991,52.870657958090305
test_02992,43.37301368266344
test_02993,128.59373320639133
test_02994,14.033831026405096
test_02995,16.598805878311396
test_02996,62.744504883885384
test_02997,188.3611140102148
test_02998,9.930217418819666
test_02999,8.085728768259287
test_03000,9.988885570317507
test_03001,44.619581907987595
test_03002,208.74554078280926
test_03003,99.36699536442757
test_03004,81.604532815516
test_03005,365.49247539043427
test_03006,422.43766406178474
test_03007,10.087792437523603
test_03008,52.986211486160755
test_03009,130.22956290841103
test_03010,182.2155620008707
test_03011,11.453661732375622
test_03012,117.00208607316017
test_03013,9.457340084016323
test_03014,151.51438015699387
test_03015,207.6808081716299
test_03016,362.5313753783703
test_03017,338.723842471838
test_03018,191.92256347835064
test_03019,415.8716445863247
test_03020,270.9590819180012
test_03021,247.86669431626797
test_03022,171.7929843813181
test_03023,26.130419444292784
test_03024,13.005010187625885
test_03025,12.192101962864399
test_03026,44.86548971012235
test_03027,25.490321535617113
test_03028,10.593320552259684
test_03029,29.82136894017458
test_03030,63.84757458418608
test_03031,120.55833578109741
test_03032,199.4966678917408
test_03033,87.62110848724842
test_03034,7.5174395479261875
test_03035,92.48384994268417
test_03036,14.942860532552004
test_03037,16.065444190055132
test_03038,96.12234500050545
test_03039,135.83793511986732
test_03040,248.87299647927284
test_03041,10.739489525556564
test_03042,480.7743679881096
test_03043,8.698665358126163
test_03044,10.93082955852151
test_03045,90.04979019612074
test_03046,9.14073782786727
test_03047,25.547648891806602
test_03048,77.94869284331799
test_03049,271.8527572751045
test_03050,9.720889929682016
test_03051,14.562676351517439
test_03052,103.70126290619373
test_03053,9.606432065367699
test_03054,8.323068108409643
test_03055,10.43749488145113
test_03056,67.36365985870361
test_03057,155.43504391610622
test_03058,171.53485342860222
test_03059,272.94943127036095
test_03060,260.3275927901268
test_03061,7.327172894030809
test_03062,69.72159511595964
test_03063,142.59668742120266
test_03064,8.278294458985329
test_03065,73.93449282646179
test_03066,82.68057861924171
test_03067,19.14037438109517
test_03068,20.103329114615917
test_03069,15.133996289223433
test_03070,18.558372650295496
test_03071,102.07471849024296
test_03072,11.159945849329233
test_03073,184.49573113024235
test_03074,140.7251600176096
test_03075,69.2497688755393
test_03076,51.589637607336044
test_03077,116.32013009488583
test_03078,7.6028827503323555
test_03079,4.654808137565851
test_03080,11.426333278417587
test_03081,12.87943597882986
test_03082,92.50273250043392
test_03083,7.291959375143051
test_03084,93.72779600322247
test_03085,288.5589033961296
test_03086,273.9451704919338
test_03087,67.18285676836967
test_03088,41.46404800564051
test_03089,51.87244142219424
test_03090,119.01981587707996
test_03091,62.18248508870602
test_03092,9.37352366372943
test_03093,34.25087380409241
test_03094,33.11491562053561
test_03095,14.271185223013163
test_03096,57.65200459584594
test_03097,10.164514899253845
test_03098,10.837575573474169
test_03099,117.54513417184353
test_03100,68.63688799738884
test_03101,8.047172546386719
test_03102,13.06889295578003
test_03103,100.37347580492496
test_03104,131.70613138377666
test_03105,114.07154579460621
test_03106,28.371122393757105
test_03107,23.86886359937489
test_03108,76.0952160358429
test_03109,76.80427019298077
test_03110,45.705882381647825
test_03111,76.20421786606312
test_03112,70.93584311753511
test_03113,36.1120982542634
test_03114,98.74663425981998
test_03115,14.621639775112271
test_03116,34.36657961085439
test_03117,71.50493458658457
test_03118,90.2872112467885
test_03119,12.912952147424221
test_03120,44.12768830731511
test_03121,50.50076325237751
test_03122,64.98060975968838
test_03123,67.41536033153534
test_03124,97.93159413337708
test_03125,60.12205782532692
test_03126,162.67392721772194
test_03127,25.61749281361699
test_03128,7.6395633444190025
test_03129,12.58969976939261
test_03130,49.88646358251572
test_03131,18.972241992130876
test_03132,24.985123977065086
test_03133,61.22776826098561
test_03134,19.765482123941183
test_03135,41.750131383538246
test_03136,104.71028380095959
test_03137,22.845983486622572
test_03138,39.8355053961277
test_03139,52.49921680241823
test_03140,40.7666970230639
test_03141,43.10803761705756
test_03142,47.77461440488696
test_03143,73.3217159435153
test_03144,95.4819945320487
test_03145,79.00059690326452
test_03146,79.67759082466364
test_03147,80.18144015967846
test_03148,46.4083217009902
test_03149,9.216386910527945
test_03150,23.82963326573372
test_03151,77.06933168321848
test_03152,38.39711058884859
test_03153,14.966781286522746
test_03154,93.95771454274654
test_03155,39.629438899457455
test_03156,32.98777034133673
test_03157,47.374971978366375
test_03158,83.59506787359715
test_03159,64.65237118303776
test_03160,84.0646062195301
test_03161,116.8228280544281
test_03162,85.97360160946846
test_03163,198.4328712373972
test_03164,42.55470513552427
test_03165,8.835771892219782
test_03166,66.25477385520935
test_03167,86.99382427334785
test_03168,58.8428351059556
test_03169,22.931393261998892
test_03170,32.78782470524311
test_03171,45.605913277715445
test_03172,51.03669510781765
test_03173,101.89188006520271
test_03174,95.1722299605608
test_03175,176.7346581965685
test_03176,67.43702847510576
test_03177,121.49075677990913
test_03178,7.061873700469732
test_03179,27.583304869011045
test_03180,67.50265687704086
test_03181,97.44376748800278
test_03182,111.15878869593143
test_03183,65.69094157218933
test_03184,29.80814483575523
test_03185,39.2135249376297
test_03186,101.72480434179306
test_03187,60.654212426394224
test_03188,91.15003716945648
test_03189,79.57525211572647
test_03190,75.71366506069899
test_03191,69.74967382103205
test_03192,113.12777446210384
test_03193,90.98927544057369
test_03194,65.28778187930584
test_03195,33.050977140665054
test_03196,45.810906395316124
test_03197,34.96042565256357
test_03198,38.2609102986753
test_03199,101.09818866848946
test_03200,98.71991492062807
test_03201,105.12633889913559
test_03202,7.474262967705727
test_03203,30.166841007769108
test_03204,62.26561811193824
test_03205,155.3923316001892
test_03206,118.54525604844093
test_03207,26.676364552229643
test_03208,48.62648368999362
test_03209,22.43145117536187
test_03210,88.25859908759594
test_03211,118.75537092983723
test_03212,44.341755006462336
test_03213,68.68056598305702
test_03214,151.43682944774628
test_03215,90.77152433991432
test_03216,92.79374079406261
test_03217,83.89953611791134
test_03218,131.03258416056633
test_03219,20.551082322373986
test_03220,65.1665977537632
test_03221,70.78103882819414
test_03222,76.61048255860806
test_03223,58.80027878284454
test_03224,32.54641840979457
test_03225,19.59958377480507
test_03226,9.76100979372859
test_03227,34.1782925799489
test_03228,95.49810636043549
test_03229,62.990186125040054
test_03230,35.17273186147213
test_03231,67.607766315341
test_03232,73.71762568503618
test_03233,36.54206271097064
test_03234,92.54355804622173
test_03235,117.92759881913662
test_03236,6.970283638685942
test_03237,31.044926369562745
test_03238,10.035839404910803
test_03239,25.03238608315587
test_03240,50.66576649993658
test_03241,37.821627128869295
test_03242,10.517203491181135
test_03243,18.19967276416719
test_03244,14.028612695634365
test_03245,121.48927113413811
test_03246,39.49635475128889
test_03247,18.730581279844046
test_03248,44.65911865606904
test_03249,9.59412720426917
test_03250,7.729170069098473
test_03251,12.088073331862688
test_03252,31.053619254380465
test_03253,35.01970663294196
test_03254,60.487968664616346
test_03255,79.95829616487026
test_03256,137.20001973211765
test_03257,26.64552254602313
test_03258,31.72344122081995
test_03259,15.51922795176506
test_03260,19.035068094730377
test_03261,55.072199285030365
test_03262,91.04365007579327
test_03263,92.68726456165314
test_03264,39.82018467411399
test_03265,200.90638230741024
test_03266,39.10047843679786
test_03267,11.251056790351868
test_03268,6.235550094395876
test_03269,53.80845699459314
test_03270,88.11452116072178
test_03271,213.95146641135216
test_03272,203.88421069085598
test_03273,105.10124634206295
test_03274,48.345796920359135
test_03275,57.07795849815011
test_03276,55.05919245630503
test_03277,48.48702983558178
test_03278,20.46851198747754
test_03279,50.68646525964141
test_03280,125.9914463609457
test_03281,62.14518795162439
test_03282,123.31245562434196
test_03283,210.78292568027973
test_03284,148.5583759099245
test_03285,129.87129943072796
test_03286,104.24345675855875
test_03287,53.81380160525441
test_03288,164.7568768709898
test_03289,50.780792623758316
test_03290,51.6925408616662
test_03291,10.115295454859734
test_03292,20.944910302758217
test_03293,59.683584332466125
test_03294,121.33679930865765
test_03295,7.563992258161306
test_03296,69.18479415774345
test_03297,5.6087227165699005
test_03298,26.260955709964037
test_03299,18.788051629438996
test_03300,10.02479362860322
test_03301,73.11208389699459
test_03302,137.6265634894371
test_03303,247.27811117470264
test_03304,215.20239500701427
test_03305,120.74579456448555
test_03306,105.21463825553656
test_03307,14.650478016585112
test_03308,87.57166619598866
test_03309,194.75940407812595
test_03310,106.65530610084534
test_03311,63.237791277468204
test_03312,58.57024139165878
test_03313,34.494512282311916
test_03314,18.356098264455795
test_03315,86.83334481716156
test_03316,69.02239821851254
test_03317,197.37195673584938
test_03318,20.131862798705697
test_03319,63.87973138689995
test_03320,7.739391312003136
test_03321,9.452374313026667
test_03322,34.78933125734329
test_03323,88.79849018901587
test_03324,199.41408084332943
test_03325,273.7942288815975
test_03326,16.97362502105534
test_03327,109.49547454714775
test_03328,146.0334020704031
test_03329,9.597529333084822
test_03330,110.94290950894356
test_03331,239.4717706143856
test_03332,414.18451553583145
test_03333,74.01492568850517
test_03334,44.6219812259078
test_03335,125.77078339457512
test_03336,220.52766256034374
test_03337,9.43527453020215
test_03338,30.012218710035086
test_03339,168.26782923936844
test_03340,226.36639900505543
test_03341,11.772518455982208
test_03342,16.27880149334669
test_03343,8.781159553676844
test_03344,222.01243180036545
test_03345,265.7216754555702
test_03346,212.20595148205757
test_03347,213.44931814074516
test_03348,349.9369619190693
test_03349,372.2374557554722
test_03350,11.734846193343401
test_03351,81.32957692444324
test_03352,124.01036743819714
test_03353,181.55748035013676
test_03354,15.785178972408175
test_03355,148.34545315802097
test_03356,14.950530178844929
test_03357,294.98295456171036
test_03358,287.1462028324604
test_03359,339.6431006491184
test_03360,112.07489730417728
test_03361,343.9087759256363
test_03362,490.6237240433693
test_03363,230.28315551578999
test_03364,150.08502550423145
test_03365,207.25133769214153
test_03366,21.899792408570647
test_03367,12.124880205839872
test_03368,7.063329633325338
test_03369,71.54275169968605
test_03370,85.18866066634655
test_03371,11.535691663622856
test_03372,23.931927405297756
test_03373,69.37748984247446
test_03374,36.65590403228998
test_03375,156.38566407561302
test_03376,63.47338869795203
test_03377,5.267633303999901
test_03378,68.23788811266422
test_03379,6.9447862431406975
test_03380,21.99964451789856
test_03381,100.12463013827801
test_03382,172.35732178390026
test_03383,306.9204451739788
test_03384,10.575541086494923
test_03385,235.6293112486601
test_03386,8.843486107885838
test_03387,8.810382205992937
test_03388,98.00251886248589
test_03389,6.07962042838335
test_03390,55.17648418992758
test_03391,105.27892957627773
test_03392,315.9341849088669
test_03393,7.540979605168104
test_03394,20.606285205110908
test_03395,48.56697986274958
test_03396,11.67767482995987
test_03397,9.523744735866785
test_03398,9.2591586522758
test_03399,64.82587975263596
test_03400,113.73179346323013
test_03401,175.37070167064667
test_03402,202.49938084185123
test_03403,246.990074172616
test_03404,5.245408043265343
test_03405,87.40404078364372
test_03406,134.64173771440983
test_03407,5.932415217161179
test_03408,47.093742948025465
test_03409,84.50117808580399
test_03410,22.87086433917284
test_03411,34.647262666374445
test_03412,15.466112401336432
test_03413,20.059066155925393
test_03414,101.7277459204197
test_03415,7.864902380853891
test_03416,188.21774919331074
test_03417,193.55781377851963
test_03418,351.6887165606022
test_03419,70.08548176288605
test_03420,56.49877578020096
test_03421,99.89636066555977
test_03422,6.82057511433959
test_03423,8.014596048742533
test_03424,6.959553562104702
test_03425,14.154562029987574
test_03426,100.8587471395731
test_03427,9.477117743343115
test_03428,97.31736874580383
test_03429,236.85740546882153
test_03430,334.09323316812515
test_03431,81.4117034226656
test_03432,53.005703158676624
test_03433,51.87629667297006
test_03434,108.7980232834816
test_03435,60.34412472695112
test_03436,17.000988759100437
test_03437,23.70362079143524
test_03438,44.612331956624985
test_03439,13.691538240760565
test_03440,55.37308340892196
test_03441,9.206511080265045
test_03442,38.034419886767864
test_03443,90.53806253522635
test_03444,63.32249537110329
test_03445,8.26608245074749
test_03446,21.98842789232731
test_03447,58.1364179700613
test_03448,101.91070319712162
test_03449,87.7105146497488
test_03450,19.30826349556446
test_03451,11.482550114393234
test_03452,37.39680300652981
test_03453,49.52193067967892
test_03454,36.344297260046005
test_03455,80.99940700829029
test_03456,54.09738167002797
test_03457,27.876019798219204
test_03458,80.18372805416584
test_03459,11.806283470243216
test_03460,13.051403190940619
test_03461,44.04450700059533
test_03462,80.96271155774593
test_03463,68.16164477169514
test_03464,27.674982212483883
test_03465,9.566947314888239
test_03466,36.70442893728614
test_03467,59.279644675552845
test_03468,73.31832867115736
test_03469,83.65017047524452
test_03470,69.75491072237492
test_03471,54.95999588817358
test_03472,169.131702542305
test_03473,187.37485320866108
test_03474,30.57663782313466
test_03475,7.717897731810808
test_03476,25.12789824977517
test_03477,48.720120228827
test_03478,19.41835356131196
test_03479,24.11962017789483
test_03480,57.42418824508786
test_03481,20.99014450237155
test_03482,41.06510754674673
test_03483,168.67260828614235
test_03484,16.334446355700493
test_03485,30.71456517651677
test_03486,55.374873612076044
test_03487,61.2299224473536
test_03488,34.97397102788091
test_03489,51.59136838465929
test_03490,83.72659952193499
test_03491,83.85495188832283
test_03492,76.51089972257614
test_03493,54.222439616918564
test_03494,94.81741318106651
test_03495,60.95429430156946
test_03496,10.308009710162878
test_03497,17.634059563279152
test_03498,54.41806945204735
test_03499,40.98763483390212
test_03500,9.291527159512043
test_03501,86.44778259843588
test_03502,29.748620580881834
test_03503,42.45626253262162
test_03504,39.85657928138971
test_03505,61.732089288532734
test_03506,64.16878234222531
test_03507,77.25182840973139
test_03508,114.2900545746088
test_03509,80.68120396882296
test_03510,174.00558634102345
test_03511,51.502333633601665
test_03512,11.0548364110291
test_03513,36.203272335231304
test_03514,58.645236790180206
test_03515,67.1412141174078
test_03516,18.77663629874587
test_03517,35.37401086464524
test_03518,28.52003238350153
test_03519,29.73566946387291
test_03520,86.58491513133049
test_03521,136.80351573228836
test_03522,62.141718968749046
test_03523,37.76171103492379
test_03524,6.608510322868824
test_03525,10.047438584268093
test_03526,28.373499426990747
test_03527,75.76150285452604
test_03528,91.43437491357327
test_03529,115.58867239952087
test_03530,37.02253169566393
test_03531,21.640779353678226
test_03532,30.403782937675714
test_03533,117.1692806482315
test_03534,52.91027270257473
test_03535,86.8425112515688
test_03536,79.18235823512077
test_03537,65.67127162218094
test_03538,61.68484575301409
test_03539,109.66608610749245
test_03540,90.27760654687881
test_03541,71.27998553216457
test_03542,26.17772240564227
test_03543,50.79893235862255
test_03544,40.165508177131414
test_03545,47.20515523850918
test_03546,78.25871740281582
test_03547,144.03604047000408
test_03548,48.370733484625816
test_03549,2.4711836986243725
test_03550,27.754924811422825
test_03551,64.02069688588381
test_03552,163.62150180339813
test_03553,164.94466249644756
test_03554,35.458454970270395
test_03555,33.014207407832146
test_03556,21.089277930557728
test_03557,88.38861537724733
test_03558,115.16514450311661
test_03559,46.39586456120014
test_03560,64.59480240941048
test_03561,95.81399922072887
test_03562,48.18822932988405
test_03563,63.669661074876785
test_03564,68.6102057993412
test_03565,102.97464841604233
test_03566,19.793880242854357
test_03567,53.35202204436064
test_03568,61.086553916335106
test_03569,86.21852517127991
test_03570,109.20666500926018
test_03571,67.14855320751667
test_03572,26.03689804300666
test_03573,15.814295772463083
test_03574,17.598630625754595
test_03575,23.47975254431367
test_03576,71.76096335053444
test_03577,67.47974079102278
test_03578,16.739789947867393
test_03579,65.22046726942062
test_03580,63.208212070167065
test_03581,38.57420699298382
test_03582,111.55512927472591
test_03583,87.98283351957798
test_03584,6.526391252875328
test_03585,22.186668749898672
test_03586,9.881748225539923
test_03587,20.369096286594868
test_03588,31.989921502768993
test_03589,23.26665522903204
test_03590,6.400739047676325
test_03591,21.820393927395344
test_03592,17.134574312716722
test_03593,137.6958688646555
test_03594,18.013426639139652
test_03595,48.8865422680974
test_03596,7.492075860500336
test_03597,11.510067988187075
test_03598,14.944892153143883
test_03599,34.48780459165573
test_03600,38.76497133821249
test_03601,77.9318530485034
test_03602,56.3331002779305
test_03603,134.3644419312477
test_03604,75.90821780264378
test_03605,24.170711535960436
test_03606,13.04419780895114
test_03607,24.290068317204714
test_03608,39.8283371552825
test_03609,99.84623497724533
test_03610,65.25756384432316
test_03611,27.61135571822524
test_03612,180.75386483967304
test_03613,27.005137961357832
test_03614,10.239907708019018
test_03615,10.55530659109354
test_03616,29.040223821997643
test_03617,103.23150171339512
test_03618,197.95051176846027
test_03619,162.72845041751862
test_03620,100.4312674254179
test_03621,32.80410738289356
test_03622,59.29874265193939
test_03623,65.98444575071335
test_03624,52.65527646243572
test_03625,25.41947851702571
test_03626,44.22243536636233
test_03627,127.89053249359131
test_03628,60.44274189323187
test_03629,103.97794214636087
test_03630,166.4409157782793
test_03631,239.30791874229908
test_03632,141.11050681769848
test_03633,101.15566830337048
test_03634,87.13745650649071
test_03635,167.98839412629604
test_03636,92.38438595831394
test_03637,47.9681903347373
test_03638,13.37699731811881
test_03639,19.208056688308716
test_03640,43.73099488765001
test_03641,90.34050878882408
test_03642,9.981223352253437
test_03643,55.931132815778255
test_03644,6.283629305660725
test_03645,27.543977968394756
test_03646,16.279711451381445
test_03647,10.18962974101305
test_03648,79.2547537535429
test_03649,136.44963490962982
test_03650,256.9655764102936
test_03651,250.40924334526062
test_03652,108.7624272108078
test_03653,116.22209233045578
test_03654,14.822021819651127
test_03655,85.47116363793612
test_03656,205.1302069425583
test_03657,52.045285165309906
test_03658,66.27361927181482
test_03659,46.210403971374035
test_03660,14.509642511606216
test_03661,22.197989370673895
test_03662,84.88573006540537
test_03663,58.58134659379721
test_03664,163.2701020091772
test_03665,18.78646384552121
test_03666,68.23760583996773
test_03667,8.462488535791636
test_03668,9.588247761130333
test_03669,17.71554723381996
test_03670,78.2132566422224
test_03671,192.72504989802837
test_03672,309.87872245907784
test_03673,18.585541397333145
test_03674,98.45610137283802
test_03675,153.2213277220726
test_03676,10.275637488812208
test_03677,115.54119116067886
test_03678,125.51768878102303
test_03679,351.6373429298401
test_03680,68.09953735023737
test_03681,44.52195641025901
test_03682,105.9243089556694
test_03683,176.29348082840443
test_03684,9.71303829178214
test_03685,46.68375299870968
test_03686,99.0048246383667
test_03687,221.29816302657127
test_03688,10.538942202925682
test_03689,17.841912548989058
test_03690,9.639788527041674
test_03691,72.35187895596027
test_03692,216.64975568652153
test_03693,226.23591473698616
test_03694,176.2257353812456
test_03695,289.16445261240005
test_03696,338.939766228199
test_03697,9.35653530433774
test_03698,90.41335000097752
test_03699,159.60315683484077
test_03700,168.73412887752056
test_03701,12.1214483641088
test_03702,144.89169815182686
test_03703,19.448790729045868
test_03704,172.28106358647346
test_03705,422.2527605891228
test_03706,114.511608928442
test_03707,200.2807174474001
test_03708,424.61921602487564
test_03709,251.7851593196392
test_03710,202.19944381713867
test_03711,161.50144071877003
test_03712,19.311710193753242
test_03713,11.707729443907738
test_03714,7.321208026260138
test_03715,41.27099948003888
test_03716,93.91809237003326
test_03717,11.280873700976372
test_03718,25.842349015176296
test_03719,91.86446936428547
test_03720,117.95407302677631
test_03721,162.2779283374548
test_03722,58.894401870667934
test_03723,8.354734648019075
test_03724,89.43916007131338
test_03725,13.097655057907104
test_03726,23.52126520127058
test_03727,70.11916135251522
test_03728,146.9692549109459
test_03729,217.08585214614868
test_03730,9.464348617941141
test_03731,571.4849869012833
test_03732,8.370694197714329
test_03733,11.327337272465229
test_03734,102.35422045737505
test_03735,8.895491138100624
test_03736,58.51582961529493
test_03737,90.46524360775948
test_03738,250.67798180878162
test_03739,6.2876814045012
test_03740,8.88215746730566
test_03741,82.23023481667042
test_03742,10.666715167462826
test_03743,7.4998829290270805
test_03744,5.762728471308947
test_03745,139.81696990132332
test_03746,144.42617104947567
test_03747,131.85417598485947
test_03748,189.5329913944006
test_03749,266.32428309321404
test_03750,7.166366595774889
test_03751,83.08578850328922
test_03752,131.18602165579796
test_03753,6.6123878583312035
test_03754,53.30304030328989
test_03755,87.92189233005047
test_03756,14.96334758773446
test_03757,42.51488982886076
test_03758,17.012621365487576
test_03759,28.61290752887726
test_03760,63.352717120200396
test_03761,6.357503041625023
test_03762,214.39585277438164
test_03763,147.56397376954556
test_03764,377.57962995767593
test_03765,73.89112682640553
test_03766,65.0266647785902
test_03767,123.2240894138813
test_03768,11.099688056856394
test_03769,9.958778958767653
test_03770,7.698718044906855
test_03771,12.65580914914608
test_03772,99.97709065675735
test_03773,9.756953980773687
test_03774,92.85968118160963
test_03775,276.1214929819107
test_03776,72.39992474019527
test_03777,48.15378091856837
test_03778,54.15472388267517
test_03779,118.40098498761654
test_03780,62.78434618934989
test_03781,11.152595616877079
test_03782,44.33232858404517
test_03783,43.43411086499691
test_03784,11.986707720905542
test_03785,58.31595083326101
test_03786,9.02771732583642
test_03787,10.587779093533754
test_03788,111.97345741093159
test_03789,63.146398063749075
test_03790,8.208027128130198
test_03791,62.0523313768208
test_03792,108.24533334374428
test_03793,110.17508320510387
test_03794,25.243890043348074
test_03795,13.079935017973185
test_03796,43.954313445836306
test_03797,65.20744558423758
test_03798,32.423514649271965
test_03799,86.93285337090492
test_03800,65.69230836629868
test_03801,84.9535720795393
test_03802,10.48566323146224
test_03803,11.809366185218096
test_03804,28.704612728208303
test_03805,70.93567226827145
test_03806,96.58446997404099
test_03807,32.9396539889276
test_03808,20.16509483754635
test_03809,53.80765845999122
test_03810,65.08567462861538
test_03811,61.57605562731624
test_03812,79.25742791593075
test_03813,109.94602634012699
test_03814,52.434390649199486
test_03815,167.25149896740913
test_03816,196.23681937158108
test_03817,26.96225479617715
test_03818,7.660109825432301
test_03819,21.682392291724682
test_03820,46.746447250247
test_03821,9.232599020004272
test_03822,27.917216755449772
test_03823,84.44307447969913
test_03824,27.192693311721087
test_03825,42.25843022763729
test_03826,137.98984844982624
test_03827,11.329770017415285
test_03828,33.53445455804467
test_03829,60.29473443329334
test_03830,85.11705254018307
test_03831,42.278709292411804
test_03832,51.223151080310345
test_03833,79.6173998862505
test_03834,96.59977955371141
test_03835,78.86191929876804
test_03836,70.05085135996342
test_03837,89.52136828005314
test_03838,63.892021391540766
test_03839,9.16225740686059
test_03840,11.201276514679193
test_03841,72.64244155585766
test_03842,37.55275867134333
test_03843,13.219741713255644
test_03844,85.50991670787334
test_03845,23.99576560407877
test_03846,28.78639752790332
test_03847,31.203606337308884
test_03848,71.31818148493767
test_03849,69.4965717792511
test_03850,84.59293156862259
test_03851,110.95157082378864
test_03852,94.23602799326181
test_03853,205.41595605015755
test_03854,50.81725037097931
test_03855,22.210550505667925
test_03856,57.27066903933883
test_03857,72.56101331114769
test_03858,74.69472748041153
test_03859,16.708999939262867
test_03860,32.51976592466235
test_03861,22.64526531472802
test_03862,34.36979974806309
test_03863,96.00645720213652
test_03864,107.93464024364948
test_03865,71.63909582793713
test_03866,105.78398971259594
test_03867,5.373986970633268
test_03868,11.154671806842089
test_03869,71.04164338111877
test_03870,98.06285093724728
test_03871,119.9651322811842
test_03872,73.7057850882411
test_03873,28.279866602271795
test_03874,38.34825141355395
test_03875,109.64389055967331
test_03876,52.634072583168745
test_03877,92.61787004768848
test_03878,90.4825736656785
test_03879,70.78850419819355
test_03880,62.7411250397563
test_03881,117.2171778678894
test_03882,100.17607805132866
test_03883,71.018095895648
test_03884,27.736183390021324
test_03885,39.004052598029375
test_03886,31.91295762360096
test_03887,37.63036880642176
test_03888,103.72530065476894
test_03889,103.68098384141922
test_03890,93.97799360752106
test_03891,6.166623558849096
test_03892,28.830484066158533
test_03893,61.726380694657564
test_03894,143.5149502158165
test_03895,133.7341864258051
test_03896,30.425763066858053
test_03897,50.568337850272655
test_03898,20.488025944679976
test_03899,109.21967926621437
test_03900,116.60512152314186
test_03901,35.52440278604627
test_03902,73.777987472713
test_03903,179.44163849949837
test_03904,98.31637638807297
test_03905,90.62517337501049
test_03906,87.05995036661625
test_03907,126.25094410777092
test_03908,25.437647964805365
test_03909,62.513349544256926
test_03910,40.37323488295078
test_03911,77.88366612792015
test_03912,89.13557578623295
test_03913,62.006722051650286
test_03914,30.385572634637356
test_03915,23.048744421452284
test_03916,10.58911246061325
test_03917,27.171040024608374
test_03918,102.35892252624035
test_03919,57.639202043414116
test_03920,35.857818838208914
test_03921,76.33111429959536
test_03922,71.74508179724216
test_03923,48.69699615240097
test_03924,87.3268763422966
test_03925,125.25896356999874
test_03926,6.189071666449308
test_03927,33.314868684858084
test_03928,9.519696351140738
test_03929,26.927691247314215
test_03930,46.71682347357273
test_03931,24.32375904917717
test_03932,6.885676112025976
test_03933,15.518752545118332
test_03934,21.780675187706947
test_03935,131.72767324745655
test_03936,42.631108183413744
test_03937,14.145759578794241
test_03938,49.44696127995849
test_03939,11.59211277589202
test_03940,7.501951690763235
test_03941,15.823343355208635
test_03942,32.24688622355461
test_03943,45.266198087483644
test_03944,87.14332480728626
test_03945,79.49444041401148
test_03946,157.4740333110094
test_03947,29.593430023640394
test_03948,30.74324556812644
test_03949,16.639631424099207
test_03950,36.4464911185205
test_03951,60.46468488126993
test_03952,101.18998672068119
test_03953,80.61640752851963
test_03954,170.89348529279232
test_03955,30.239786215126514
test_03956,10.046446915715933
test_03957,7.727673280984163
test_03958,49.1403648480773
test_03959,88.88163435459137
test_03960,192.04631777107716
test_03961,180.96185524761677
test_03962,104.13324412703514
test_03963,42.533378690481186
test_03964,57.32040474563837
test_03965,46.03754537180066
test_03966,44.59518760442734
test_03967,21.44146140292287
test_03968,56.382037449628115
test_03969,145.99874195456505
test_03970,53.36078364029527
test_03971,119.59967827796936
test_03972,231.7906699925661
test_03973,105.02002608776093
test_03974,132.87013484537601
test_03975,107.01802651584148
test_03976,69.00452589988708
test_03977,214.36651127040386
test_03978,46.31160616129637
test_03979,41.91298787295818
test_03980,11.557534370571375
test_03981,23.405031990259886
test_03982,74.27555252611637
test_03983,112.51056292653084
test_03984,8.801178630441427
test_03985,61.655593387782574
test_03986,5.12647095695138
test_03987,25.3652338758111
test_03988,14.49423636496067
test_03989,8.901504289358854
test_03990,78.93328972160816
test_03991,158.0482502579689
test_03992,252.70578429102898
test_03993,219.73596192896366
test_03994,115.76354776322842
test_03995,137.03854489326477
test_03996,15.278865322470665
test_03997,103.67279793322086
test_03998,182.39388406276703
test_03999,146.3744766265154
test_04000,56.414119970053434
test_04001,55.23333613947034
test_04002,20.80853544920683
test_04003,19.524254105985165
test_04004,72.47903537750244
test_04005,58.68555721640587
test_04006,179.24982677400112
test_04007,19.398148778826
test_04008,68.0149966776371
test_04009,7.190515767782927
test_04010,10.682949561625719
test_04011,40.01309206336737
test_04012,90.43710547685623
test_04013,208.55105489492416
test_04014,307.68882116675377
test_04015,13.182845700532198
test_04016,131.1028552055359
test_04017,147.10556291043758
test_04018,9.190031554549932
test_04019,139.28754517436028
test_04020,262.4118943810463
test_04021,470.6266645491123
test_04022,112.98635584115982
test_04023,44.501005090773106
test_04024,126.9170333892107
test_04025,222.53092217445374
test_04026,9.163962185382843
test_04027,20.792330767959356
test_04028,184.22335283458233
test_04029,221.19220677018166
test_04030,9.025136016309261
test_04031,16.632979445159435
test_04032,7.73613403365016
test_04033,265.12373274564743
test_04034,256.5822798013687
test_04035,253.97621941566467
test_04036,236.74458552896976
test_04037,419.6197208762169
test_04038,420.84713169932365
test_04039,7.5605381317436695
test_04040,92.73694455623627
test_04041,127.14100934565067
test_04042,160.63661660254002
test_04043,9.54101536795497
test_04044,167.78064142167568
test_04045,10.217385318130255
test_04046,372.8903970718384
test_04047,326.9770196378231
test_04048,351.4288474023342
test_04049,106.31157223880291
test_04050,320.3532976806164
test_04051,466.60683393478394
test_04052,252.02330833673477
test_04053,196.1582732796669
test_04054,175.485646083951
test_04055,16.752317655831575
test_04056,12.606593418866396
test_04057,10.187776397913694
test_04058,79.16383223235607
test_04059,90.67350143194199
test_04060,9.253947749733925
test_04061,28.94108296558261
test_04062,85.78517715632915
test_04063,130.47450132668018
test_04064,163.7285277247429
test_04065,60.25305092707276
test_04066,8.928713891655207
test_04067,78.27674571424723
test_04068,8.238583147525787
test_04069,24.61367167904973
test_04070,106.34404845535755
test_04071,182.33373026549816
test_04072,337.58037063479424
test_04073,8.465192411094904
test_04074,469.6687498688698
test_04075,5.430092383176088
test_04076,8.994542855769396
test_04077,123.59524829685688
test_04078,8.922541033476591
test_04079,59.30425068363547
test_04080,104.21563061326742
test_04081,393.2632358074188
test_04082,4.923695165663958
test_04083,14.754183519631624
test_04084,41.15224067121744
test_04085,9.21503497287631
test_04086,8.183666251599789
test_04087,8.232391718775034
test_04088,115.6577400714159
test_04089,145.92512820661068
test_04090,185.47327119112015
test_04091,225.15241841971874
test_04092,258.94591251015663
test_04093,6.30387494340539
test_04094,96.68495162576437
test_04095,141.55368980765343
test_04096,6.579885642975569
test_04097,64.8969159051776
test_04098,94.74870949238539
test_04099,16.060352139174938
test_04100,27.836230490356684
test_04101,6.215196747332811
test_04102,28.737928334623575
test_04103,6.430860515683889
