id,PM2.5
test_00001,184.25636388361454
test_00002,161.5915599912405
test_00003,411.3108606338501
test_00004,50.19911773502827
test_00005,52.73820149526
test_00006,113.34580783545971
test_00007,8.631863296031952
test_00008,7.213056728243828
test_00009,53.13235817477107
test_00010,120.32954633235931
test_00011,10.486201778054237
test_00012,114.35967936366796
test_00013,260.7502887248993
test_00014,327.9891306757927
test_00015,64.19582480937243
test_00016,47.767282743006945
test_00017,45.317508578300476
test_00018,127.54657578468321
test_00019,59.122834764420986
test_00020,11.060946129262447
test_00021,22.493944864720106
test_00022,31.1355414763093
test_00023,9.64226584136486
test_00024,53.677957870066166
test_00025,9.664253398776054
test_00026,9.7538972645998
test_00027,105.11927465349436
test_00028,72.56901351362467
test_00029,8.445102766156197
test_00030,10.204137071967125
test_00031,60.496113717556
test_00032,100.74344617128372
test_00033,106.13479524850845
test_00034,23.64344099536538
test_00035,14.915450368076563
test_00036,83.32993952929974
test_00037,96.33381924778223
test_00038,25.27776648104191
test_00039,32.177053444087505
test_00040,85.06668914854527
test_00041,9.482068657875061
test_00042,12.99213706701994
test_00043,26.46776131540537
test_00044,68.4762674048543
test_00045,74.99861632287502
test_00046,55.04259779304266
test_00047,26.403358571231365
test_00048,59.20919535309076
test_00049,57.348572589457035
test_00050,72.44372157752514
test_00051,95.33730006217957
test_00052,106.48155982792377
test_00053,57.7775565199554
test_00054,184.13265416026115
test_00055,184.57181105017662
test_00056,24.37015576660633
test_00057,10.632745876908302
test_00058,24.474136114120483
test_00059,58.29562348499894
test_00060,34.948391921818256
test_00061,31.174004845321175
test_00062,61.141667660325766
test_00063,25.291976682841778
test_00064,54.44241547212005
test_00065,143.09880597889423
test_00066,21.079587806016207
test_00067,36.70197390764952
test_00068,63.067989394068725
test_00069,59.8844139277935
test_00070,40.6806298494339
test_00071,48.284974582493305
test_00072,77.6777333393693
test_00073,121.86555549502373
test_00074,86.93457671999931
test_00075,65.00001972168684
test_00076,84.08349620550871
test_00077,54.6170902736485
test_00078,8.832470044493675
test_00079,16.699447236955166
test_00080,56.47999721765518
test_00081,36.73804538697004
test_00082,11.998351469635963
test_00083,91.16665411740541
test_00084,30.318495728075504
test_00085,35.04260414838791
test_00086,40.50566906109452
test_00087,76.27246100455523
test_00088,76.94217526167631
test_00089,82.41538342088461
test_00090,126.10893122851847
test_00091,79.22068789601326
test_00092,194.39154332876205
test_00093,54.04057800397277
test_00094,7.086093440651894
test_00095,61.89592630416155
test_00096,40.324773117899895
test_00097,61.82445931434631
test_00098,12.950182430446148
test_00099,86.06628362089396
test_00100,15.372876986861229
test_00101,13.205884352326393
test_00102,122.15487015247345
test_00103,93.93335738033056
test_00104,142.59598916769028
test_00105,57.82704338058829
test_00106,111.68472215533257
test_00107,6.939905896782875
test_00108,14.273391406983137
test_00109,28.609917666763067
test_00110,73.45466638356447
test_00111,95.6834332421422
test_00112,123.44634202122688
test_00113,61.50699909776449
test_00114,24.356242693960667
test_00115,39.63979756459594
test_00116,114.41426198929548
test_00117,54.41473789140582
test_00118,85.39801786839962
test_00119,84.43266010284424
test_00120,80.30713322013617
test_00121,63.853922005742795
test_00122,107.05629675090313
test_00123,78.98382396250963
test_00124,51.44745759293437
test_00125,22.170820623636246
test_00126,68.34605798125267
test_00127,35.96985509991646
test_00128,34.67743241786957
test_00129,87.796392403543
test_00130,109.2720408514142
test_00131,73.7929033562541
test_00132,8.760475650429726
test_00133,27.260030206292868
test_00134,70.15897665917873
test_00135,146.28006383776665
test_00136,128.41477231681347
test_00137,44.73228299617767
test_00138,19.6355884000659
test_00139,118.28684282302856
test_00140,105.37791815400124
test_00141,40.623826183378696
test_00142,86.19018647819757
test_00143,89.4365081936121
test_00144,53.32955165207386
test_00145,87.35959769040346
test_00146,80.60062997043133
test_00147,112.25020350515842
test_00148,13.547998860478401
test_00149,43.59153360500932
test_00150,53.72643820568919
test_00151,65.31385496258736
test_00152,92.35216972976923
test_00153,44.86493630707264
test_00154,35.0162487924099
test_00155,12.372615352272987
test_00156,11.284870088100433
test_00157,24.667433485388756
test_00158,76.63160844147205
test_00159,67.55576871335506
test_00160,25.070310905575752
test_00161,62.43555741757155
test_00162,65.25962889194489
test_00163,33.44234823435545
test_00164,79.5394034832716
test_00165,109.11318074911833
test_00166,7.506152354180813
test_00167,22.90705467015505
test_00168,11.46167679131031
test_00169,19.2319830134511
test_00170,27.423514381051064
test_00171,22.851246386766434
test_00172,6.6157974153757095
test_00173,12.275127276778221
test_00174,11.598088786005974
test_00175,137.6102213859558
test_00176,37.315961591899395
test_00177,11.461468800902367
test_00178,8.657379262149334
test_00179,8.810571625828743
test_00180,10.94186419248581
test_00181,27.00381202250719
test_00182,40.40281409025192
test_00183,68.93810267746449
test_00184,87.38603475689888
test_00185,154.09664049744606
test_00186,31.33934979140758
test_00187,28.033709954470396
test_00188,12.307053804397583
test_00189,16.558314602822065
test_00190,47.277275912463665
test_00191,91.17157903313637
test_00192,103.03636214137077
test_00193,28.00634064525366
test_00194,176.07329326868057
test_00195,28.968359421938658
test_00196,6.5222834423184395
test_00197,35.29029843956232
test_00198,85.5221435725689
test_00199,203.2477748990059
test_00200,163.92900076508522
test_00201,97.73343127220869
test_00202,42.214328832924366
test_00203,59.09458149597049
test_00204,52.68291690200567
test_00205,57.20479179173708
test_00206,23.07971642166376
test_00207,47.009614542126656
test_00208,137.58875380456448
test_00209,49.472161546349525
test_00210,124.90967339277266
test_00211,229.2329970896244
test_00212,272.21804785728455
test_00213,114.76361159235239
test_00214,103.09432461112738
test_00215,63.409413076937206
test_00216,183.73161894083023
test_00217,40.02202822268009
test_00218,37.87059772759676
test_00219,12.372689634561539
test_00220,23.30047595500946
test_00221,48.09077096730471
test_00222,126.58955249190329
test_00223,5.943973541259766
test_00224,67.60204657912254
test_00225,5.7447187304496765
test_00226,25.17521235346794
test_00227,10.292726129293442
test_00228,7.326961189508438
test_00229,70.41279181092978
test_00230,117.5149904191494
test_00231,306.862802118063
test_00232,236.37422889471054
test_00233,97.96762847155333
test_00234,119.41060756891966
test_00235,12.673339769244194
test_00236,96.59821219742298
test_00237,214.2438563555479
test_00238,25.258895065635443
test_00239,69.47430194914341
test_00240,56.83976862579584
test_00241,13.81146328151226
test_00242,25.24131616204977
test_00243,88.85594753921032
test_00244,63.840294919908054
test_00245,204.29457576572895
test_00246,26.46597111225128
test_00247,75.11136198043823
test_00248,8.440883532166481
test_00249,9.840807542204857
test_00250,13.340186730027199
test_00251,77.28336866945028
test_00252,202.9952745437622
test_00253,240.60784393548965
test_00254,16.745112273842096
test_00255,66.15315568447113
test_00256,150.87271489202976
test_00257,7.324168175458908
test_00258,133.54559855163097
test_00259,131.68726368248463
test_00260,510.8767603039741
test_00261,69.07542091608047
test_00262,29.68899418786168
test_00263,111.17374914884567
test_00264,190.47554449737072
test_00265,8.159101098775864
test_00266,18.367864578962326
test_00267,102.90104952454567
test_00268,230.6404830366373
test_00269,8.81350577622652
test_00270,16.025417178869247
test_00271,7.616691827774048
test_00272,56.98866004496813
test_00273,268.56811332702637
test_00274,199.28854377567768
test_00275,204.07210031151772
test_00276,414.9623105227947
test_00277,406.6062067449093
test_00278,14.083039328455925
test_00279,83.55037964880466
test_00280,171.3042960613966
test_00281,180.39096614718437
test_00282,12.40760973840952
test_00283,156.79513776302338
test_00284,13.847074210643768
test_00285,322.1451350450516
test_00286,281.41966235637665
test_00287,434.96305441856384
test_00288,90.435322701931
test_00289,292.5473571717739
test_00290,341.80008003115654
test_00291,244.9607563316822
test_00292,188.41675144433975
test_00293,105.84534688293934
test_00294,17.917907044291496
test_00295,15.489165909588337
test_00296,5.79570609331131
test_00297,41.67843783274293
test_00298,75.12959828227758
test_00299,10.518440291285515
test_00300,29.840437203645706
test_00301,85.47073280066252
test_00302,121.25669328868389
test_00303,170.19026972353458
test_00304,77.92638587206602
test_00305,8.786578446626663
test_00306,79.80245935171843
test_00307,11.825036033987999
test_00308,23.445864964276552
test_00309,70.52341299504042
test_00310,208.4148063212633
test_00311,256.43413120508194
test_00312,11.242558896541595
test_00313,619.0320695638657
test_00314,6.449568510055542
test_00315,9.676955670118332
test_00316,93.9175723940134
test_00317,8.58710078895092
test_00318,53.80507715046406
test_00319,81.9459862112999
test_00320,265.7318075597286
test_00321,10.34065306186676
test_00322,9.91352990269661
test_00323,86.17817503213882
test_00324,7.3499292731285095
test_00325,7.162782475352287
test_00326,9.040653586387634
test_00327,112.68881070613861
test_00328,138.9201598316431
test_00329,176.89711356163025
test_00330,266.4256932735443
test_00331,316.11314579844475
test_00332,6.59684057533741
test_00333,76.36645038425922
test_00334,163.76975439488888
test_00335,6.594054989516735
test_00336,47.05686550587416
test_00337,92.7045723348856
test_00338,16.926888462156057
test_00339,27.981333512812853
test_00340,11.6900205463171
test_00341,23.484718315303326
test_00342,7.169839292764664
test_00343,120.86498049646616
test_00344,180.38849997520447
test_00345,251.46217992901805
test_00346,41.45690204948187
test_00347,26.969634741544724
test_00348,89.68471503257751
test_00349,8.190299659967422
test_00350,10.09448155760765
test_00351,15.397560991346836
test_00352,15.7275971993804
test_00353,91.04975607991219
test_00354,14.203476916998625
test_00355,77.97311685979366
test_00356,218.67406690120697
test_00357,269.27528071403503
test_00358,73.49993401020765
test_00359,40.39808973670006
test_00360,25.282245703041553
test_00361,111.13952729851007
test_00362,54.131718657910824
test_00363,8.497241504490376
test_00364,7.8643786907196045
test_00365,10.803179159760475
test_00366,8.692551925778389
test_00367,21.251826148480177
test_00368,5.819298148155212
test_00369,7.334122002124786
test_00370,56.26858611032367
test_00371,59.358324475586414
test_00372,8.316148713231087
test_00373,17.702168993651867
test_00374,38.28111879527569
test_00375,47.254794377833605
test_00376,79.11130722612143
test_00377,19.726547062397003
test_00378,13.89353035390377
test_00379,11.627378292381763
test_00380,48.123696591705084
test_00381,28.482512399554253
test_00382,104.84919910877943
test_00383,14.569785166531801
test_00384,34.47421836107969
test_00385,86.62187799811363
test_00386,8.028193421661854
test_00387,17.355174139142036
test_00388,25.502923525869846
test_00389,80.12930142134428
test_00390,68.44398432224989
test_00391,43.278697460889816
test_00392,16.336622826755047
test_00393,46.79301481693983
test_00394,84.87500370293856
test_00395,73.55470234155655
test_00396,74.85288190096617
test_00397,73.54512735456228
test_00398,51.55948642641306
test_00399,154.5674713551998
test_00400,28.60327683016658
test_00401,11.599247589707375
test_00402,14.77685447409749
test_00403,13.41590266674757
test_00404,17.845563523471355
test_00405,75.14323651045561
test_00406,20.10692809149623
test_00407,40.387686502188444
test_00408,187.91748532652855
test_00409,14.663748547434807
test_00410,30.911691799759865
test_00411,58.95384255796671
test_00412,10.634929776191711
test_00413,19.425261814147234
test_00414,45.69671223312616
test_00415,75.85845609754324
test_00416,107.7256321683526
test_00417,76.96399196982384
test_00418,48.13446009531617
test_00419,74.50324259698391
test_00420,19.96310643851757
test_00421,13.807244047522545
test_00422,17.57863011956215
test_00423,18.885151579976082
test_00424,84.30030392110348
test_00425,9.375562712550163
test_00426,70.18638682365417
test_00427,40.72679629176855
test_00428,57.894242852926254
test_00429,86.6471636891365
test_00430,101.86107520014048
test_00431,71.78387943655252
test_00432,74.91982509940863
test_00433,112.69091289490461
test_00434,69.42055128514767
test_00435,122.57530790567398
test_00436,43.359821148216724
test_00437,6.985270090401173
test_00438,33.942724872380495
test_00439,23.137329764664173
test_00440,34.37218792364001
test_00441,8.73226323723793
test_00442,17.257574640214443
test_00443,19.966352574527264
test_00444,24.27443189546466
test_00445,52.07663971930742
test_00446,145.0771513134241
test_00447,96.9820956364274
test_00448,64.17884387820959
test_00449,36.72976291179657
test_00450,11.841630697250366
test_00451,25.348587214946747
test_00452,79.07819218188524
test_00453,65.1988659799099
test_00454,118.89226575940847
test_00455,9.177021011710167
test_00456,17.70079105719924
test_00457,32.36793664097786
test_00458,99.17493107914925
test_00459,40.88258853554726
test_00460,79.3798525556922
test_00461,72.97732839733362
test_00462,64.37167327105999
test_00463,49.26703843474388
test_00464,87.77618019282818
test_00465,48.65304332226515
test_00466,40.007201477885246
test_00467,6.916848674416542
test_00468,38.65240767225623
test_00469,18.678215980529785
test_00470,24.694449953734875
test_00471,57.99901059269905
test_00472,102.0007556155324
test_00473,31.17242263257503
test_00474,4.997542902827263
test_00475,13.677510030567646
test_00476,93.93594240397215
test_00477,158.04963190853596
test_00478,72.07864641398191
test_00479,37.09917616099119
test_00480,23.620647475123405
test_00481,13.148449286818504
test_00482,64.92751277983189
test_00483,140.01806691288948
test_00484,29.782140463590622
test_00485,41.88965580612421
test_00486,60.14509276300669
test_00487,21.713078305125237
test_00488,38.235242053866386
test_00489,65.83597031235695
test_00490,93.75116521120071
test_00491,16.9643230214715
test_00492,35.60540762171149
test_00493,46.573165241628885
test_00494,94.2156672179699
test_00495,42.58576998859644
test_00496,24.132144171744585
test_00497,6.493551053106785
test_00498,15.965029392391445
test_00499,20.64255167543888
test_00500,60.401158668100834
test_00501,55.02504488825798
test_00502,14.37692977488041
test_00503,39.25447304919362
test_00504,42.4633602052927
test_00505,37.00107525661588
test_00506,63.350926917046316
test_00507,54.98375879228115
test_00508,4.909503534436226
test_00509,10.489024505019188
test_00510,8.494188502430916
test_00511,16.43321580067277
test_00512,16.579789612442255
test_00513,13.027228020131588
test_00514,8.41565726697445
test_00515,16.35642648488283
test_00516,14.069382529705763
test_00517,134.96158239245415
test_00518,33.146823577582836
test_00519,8.613530427217484
test_00520,49.988052040338516
test_00521,6.740331672132015
test_00522,10.082804381847382
test_00523,12.730284571647644
test_00524,17.206750698387623
test_00525,23.51848704367876
test_00526,112.631925329566
test_00527,23.606897823512554
test_00528,44.680374532938
test_00529,30.401472758501768
test_00530,27.362413484603167
test_00531,8.236399248242378
test_00532,11.283726140856743
test_00533,24.707880191504955
test_00534,81.17715709656477
test_00535,96.07284328341484
test_00536,13.579903103411198
test_00537,104.87402424961329
test_00538,19.607012003660202
test_00539,10.332719713449478
test_00540,10.765948876738548
test_00541,30.79146220162511
test_00542,109.7531300932169
test_00543,168.29362004995346
test_00544,162.90637135505676
test_00545,136.42797419428825
test_00546,43.289750665426254
test_00547,54.234142791479826
test_00548,57.733250848948956
test_00549,37.06041566282511
test_00550,14.510028779506683
test_00551,55.93696026131511
test_00552,100.33715176582336
test_00553,62.72370212897659
test_00554,112.01663027703762
test_00555,148.4540092945099
test_00556,246.51016601920128
test_00557,161.5063284933567
test_00558,19.860582023859024
test_00559,94.98361237347126
test_00560,140.58574701845646
test_00561,80.03647827357054
test_00562,35.31602239608765
test_00563,11.36454527080059
test_00564,33.4871404543519
test_00565,54.70332829654217
test_00566,107.17419017106295
test_00567,18.457371022552252
test_00568,45.65986078977585
test_00569,7.415371969342232
test_00570,29.996519148349762
test_00571,7.713541075587273
test_00572,5.259529106318951
test_00573,68.01024261116982
test_00574,32.34284779801965
test_00575,274.1901534795761
test_00576,244.86650696396828
test_00577,153.72138123214245
test_00578,71.47596449404955
test_00579,19.709217004477978
test_00580,50.73049980029464
test_00581,223.49893924593925
test_00582,27.290419090539217
test_00583,45.91176317259669
test_00584,54.88113038241863
test_00585,54.66615001112223
test_00586,18.16514078527689
test_00587,97.1773763448
test_00588,119.2638629078865
test_00589,189.1869696378708
test_00590,18.55217007920146
test_00591,58.10568367317319
test_00592,10.551785610616207
test_00593,11.592502757906914
test_00594,14.906759340316057
test_00595,61.78560967743397
test_00596,123.14349313080311
test_00597,206.79564556479454
test_00598,18.592683639377356
test_00599,70.98601337522268
test_00600,106.50319825857878
test_00601,20.85957480967045
test_00602,25.838961742818356
test_00603,84.48483598232269
test_00604,169.31950302422047
test_00605,144.1024934053421
test_00606,35.96644925698638
test_00607,103.38897273689508
test_00608,177.10525253415108
test_00609,13.633252643048763
test_00610,82.67772617936134
test_00611,79.84500081837177
test_00612,203.34784799814224
test_00613,48.929210014641285
test_00614,10.88774211704731
test_00615,12.459785617887974
test_00616,80.30471161752939
test_00617,157.67480348050594
test_00618,230.26097482442856
test_00619,199.43597926199436
test_00620,307.205837726593
test_00621,419.9353314638138
test_00622,10.370663106441498
test_00623,58.55309332534671
test_00624,230.92067582905293
test_00625,217.65945997834206
test_00626,11.668879806995392
test_00627,81.40516658127308
test_00628,10.195416331291199
test_00629,51.0510910153389
test_00630,122.20476556569338
test_00631,352.72724238038063
test_00632,13.314395919442177
test_00633,146.29254326224327
test_00634,170.5031615793705
test_00635,186.00058630108833
test_00636,166.05825799703598
test_00637,252.80294552445415
test_00638,21.151675052940845
test_00639,9.909904927015305
test_00640,8.603234902024269
test_00641,16.45386627689004
test_00642,26.158501863479614
test_00643,9.621763929724693
test_00644,23.75041863322258
test_00645,102.7487114071846
test_00646,113.23453296720982
test_00647,160.06615833938122
test_00648,49.99871897697449
test_00649,8.690880574285984
test_00650,48.177235551178455
test_00651,13.09488432854414
test_00652,33.202349588274956
test_00653,44.722678296267986
test_00654,109.65301985293627
test_00655,201.44965325295925
test_00656,10.34431517869234
test_00657,272.2269914448261
test_00658,7.656930543482304
test_00659,17.21055395156145
test_00660,67.38465946167707
test_00661,10.922446802258492
test_00662,97.00447688996792
test_00663,94.21500610560179
test_00664,246.74668082594872
test_00665,11.493900448083878
test_00666,13.239571370184422
test_00667,87.23670507222414
test_00668,8.423018641769886
test_00669,7.357372358441353
test_00670,11.952994704246521
test_00671,59.19645222648978
test_00672,68.24867390096188
test_00673,79.40285778045654
test_00674,230.20667447149754
test_00675,232.67188078165054
test_00676,7.949506193399429
test_00677,62.57877366989852
test_00678,129.01521091163158
test_00679,5.5667383670806885
test_00680,35.12738623842597
test_00681,108.29813319444656
test_00682,17.078554324805737
test_00683,23.55229291319847
test_00684,14.919049344956875
test_00685,68.72307773679495
test_00686,73.73606254905462
test_00687,8.136942692101002
test_00688,155.2495016157627
test_00689,188.32701843976974
test_00690,357.3714601993561
test_00691,44.0120864957571
test_00692,33.24750207737088
test_00693,41.97704891860485
test_00694,5.407395429909229
test_00695,7.2561924532055855
test_00696,9.629214443266392
test_00697,12.19631376862526
test_00698,94.41433519870043
test_00699,10.306646630167961
test_00700,95.9426858574152
test_00701,223.42213135957718
test_00702,299.91553622484207
test_00703,57.59325101971626
test_00704,50.87652763724327
test_00705,41.348331056535244
test_00706,150.381322696805
test_00707,86.42278660833836
test_00708,4.189871579408646
test_00709,7.661082923412323
test_00710,11.284632384777069
test_00711,7.810806304216385
test_00712,20.22712054848671
test_00713,5.978381097316742
test_00714,5.823339104652405
test_00715,59.88634526729584
test_00716,110.07864993810654
test_00717,8.326875075697899
test_00718,8.135583326220512
test_00719,38.659104220569134
test_00720,52.8809237703681
test_00721,81.88005325198174
test_00722,20.46475701779127
test_00723,16.997178077697754
test_00724,22.858355201780796
test_00725,60.66281060129404
test_00726,34.80906806141138
test_00727,103.59854535758495
test_00728,16.66668874770403
test_00729,41.04358796775341
test_00730,92.80125073343515
test_00731,6.414581552147865
test_00732,9.157291635870934
test_00733,18.697937928140163
test_00734,109.72833466529846
test_00735,64.80800000578165
test_00736,48.96861305460334
test_00737,10.778190597891808
test_00738,49.96202724054456
test_00739,112.02870114892721
test_00740,81.68966774642467
test_00741,67.18178710341454
test_00742,50.578429099172354
test_00743,47.684042010456324
test_00744,142.5644786208868
test_00745,211.60004571080208
test_00746,22.48244596645236
test_00747,31.78799624368548
test_00748,122.9081816971302
test_00749,12.791671454906464
test_00750,16.6855341643095
test_00751,59.278211027383804
test_00752,16.252817548811436
test_00753,41.108815245330334
test_00754,171.16259516775608
test_00755,20.34888407588005
test_00756,30.422862343490124
test_00757,47.05197401717305
test_00758,8.210147887468338
test_00759,17.542833484709263
test_00760,49.55576254799962
test_00761,71.26549305766821
test_00762,85.39393977075815
test_00763,60.46820957586169
test_00764,36.65344528853893
test_00765,63.082611862570054
test_00766,25.27781105041504
test_00767,13.182128876447678
test_00768,14.785623498260975
test_00769,16.913506507873535
test_00770,86.06639504432678
test_00771,10.056404456496239
test_00772,78.87447300553322
test_00773,34.268857546150684
test_00774,22.791386004537344
test_00775,46.41247779503465
test_00776,111.26241248846054
test_00777,69.97616794705391
test_00778,83.1492850035429
test_00779,91.81591846048832
test_00780,50.71921632066369
test_00781,103.65306112915277
test_00782,50.780458353459835
test_00783,6.40871325135231
test_00784,14.239013563841581
test_00785,27.690956618636847
test_00786,29.38517591357231
test_00787,7.874139383435249
test_00788,16.062342904508114
test_00789,14.196613233536482
test_00790,18.799229256808758
test_00791,41.66816459223628
test_00792,150.05379723012447
test_00793,57.9350461140275
test_00794,49.497892931103706
test_00795,13.982758238911629
test_00796,6.884981572628021
test_00797,17.338780038058758
test_00798,37.48380985110998
test_00799,85.14188510924578
test_00800,74.69123621284962
test_00801,115.45908694714308
test_00802,6.001014910638332
test_00803,9.693877175450325
test_00804,29.146083511412144
test_00805,87.89146630465984
test_00806,66.44686785340309
test_00807,89.86336393654346
test_00808,73.68898986279964
test_00809,109.46943117678165
test_00810,80.68080284446478
test_00811,106.95376490801573
test_00812,69.24923404306173
test_00813,46.64044642448425
test_00814,15.672119472175838
test_00815,43.236040856689215
test_00816,14.267047699540854
test_00817,17.99091539159417
test_00818,64.39441107958555
test_00819,104.03525836020708
test_00820,35.90699742734432
test_00821,5.5971643924713135
test_00822,13.958100233227015
test_00823,103.2120026126504
test_00824,161.76922836899757
test_00825,77.73132801055908
test_00826,11.676798298954964
test_00827,26.596492521464825
test_00828,11.10044202208519
test_00829,68.8090446293354
test_00830,144.1395454108715
test_00831,36.77840295433998
test_00832,37.266482159495354
test_00833,54.840572252869606
test_00834,27.155333034694195
test_00835,41.80185414105654
test_00836,60.33177901059389
test_00837,95.24395693838596
test_00838,18.993507154285908
test_00839,34.35036750137806
test_00840,45.74294552952051
test_00841,110.16538193821907
test_00842,110.09321669489145
test_00843,13.994531981647015
test_00844,21.042338952422142
test_00845,8.47598934173584
test_00846,9.467375621199608
test_00847,26.59714249148965
test_00848,49.65259322524071
test_00849,41.9760312512517
test_00850,12.736219726502895
test_00851,31.970816098153588
test_00852,50.021798484027386
test_00853,36.51701843738556
test_00854,61.873496767133474
test_00855,52.4150178283453
test_00856,3.9624934941530223
test_00857,11.082161150872707
test_00858,5.866690248250961
test_00859,7.682364799082279
test_00860,14.38758185505867
test_00861,10.910160511732101
test_00862,4.349132806062698
test_00863,9.667239546775818
test_00864,10.477109625935555
test_00865,122.5426236987114
test_00866,26.257691003382206
test_00867,8.089959144592285
test_00868,48.91450583562255
test_00869,6.400252498686314
test_00870,11.132910810410976
test_00871,11.98252934217453
test_00872,16.251614175736904
test_00873,19.3716337159276
test_00874,118.57685573399067
test_00875,25.279515828937292
test_00876,38.017476096749306
test_00877,26.226210169494152
test_00878,24.901990953832865
test_00879,6.3887981697916985
test_00880,8.747416824102402
test_00881,75.77710213512182
test_00882,19.68050689995289
test_00883,100.95102059841156
test_00884,15.078028298914433
test_00885,6.48769760876894
test_00886,6.94046301394701
test_00887,24.315632566809654
test_00888,101.1915912181139
test_00889,169.64020937681198
test_00890,141.36184836924076
test_00891,96.5263069421053
test_00892,38.35315033048391
test_00893,73.19658742845058
test_00894,63.63989244773985
test_00895,33.29031467437744
test_00896,142.52233085036278
test_00897,152.6042796075344
test_00898,14.780847147107124
test_00899,78.95113975554705
test_00900,150.66102522611618
test_00901,69.85826709866524
test_00902,33.5984561778605
test_00903,8.269677713513374
test_00904,17.90687983855605
test_00905,45.697700187563896
test_00906,21.886505164206028
test_00907,36.71928168088198
test_00908,4.625626340508461
test_00909,31.796048443764445
test_00910,5.260947898030281
test_00911,9.553008243441582
test_00912,60.04419141635299
test_00913,25.52799379825592
test_00914,184.9251570403576
test_00915,260.83461397886276
test_00916,182.1999181509018
test_00917,48.99147342890501
test_00918,6.670692026615143
test_00919,56.25460618361831
test_00920,222.5070032775402
test_00921,19.07676274329424
test_00922,26.749179765582085
test_00923,48.215379506349564
test_00924,27.73725676909089
test_00925,25.716373682022095
test_00926,82.9232439994812
test_00927,119.50840020179749
test_00928,184.93049050867558
test_00929,15.809979971498253
test_00930,55.12337235361338
test_00931,5.593182861804962
test_00932,10.837735280394554
test_00933,7.587706878781319
test_00934,70.62952524423599
test_00935,114.39791988581419
test_00936,245.31043277680874
test_00937,6.65322083234787
test_00938,66.4256082624197
test_00939,93.2023156657815
test_00940,10.516018688678741
test_00941,15.771182332187893
test_00942,74.51914643496275
test_00943,173.2793284058571
test_00944,133.65727454423904
test_00945,24.109205801039934
test_00946,58.902231223881245
test_00947,149.32568223774433
test_00948,13.464141584932804
test_00949,31.1997288018465
test_00950,70.20890178531408
test_00951,191.9120896756649
test_00952,87.89206799119711
test_00953,10.890423707664013
test_00954,8.347503267228603
test_00955,90.16214958578348
test_00956,128.40587329864502
test_00957,223.0304111391306
test_00958,197.04621404409409
test_00959,363.48414972424507
test_00960,404.29177862405777
test_00961,5.908139765262604
test_00962,38.091713815927505
test_00963,201.2478579878807
test_00964,199.82903656363487
test_00965,9.63834373652935
test_00966,76.05085465312004
test_00967,10.311905816197395
test_00968,62.293752528727055
test_00969,133.82992143929005
test_00970,192.75494109094143
test_00971,14.073917463421822
test_00972,139.14379408955574
test_00973,77.29699946939945
test_00974,216.50076027214527
test_00975,159.833015948534
test_00976,205.63693100214005
test_00977,20.717532217502594
test_00978,10.113170981407166
test_00979,7.308799169957638
test_00980,11.905699171125889
test_00981,19.889971811324358
test_00982,11.329134903848171
test_00983,28.756929744035006
test_00984,113.46154706925154
test_00985,122.6340800523758
test_00986,116.47982215881348
test_00987,44.59734921902418
test_00988,6.109281346201897
test_00989,61.961498994380236
test_00990,9.463505513966084
test_00991,38.444294698536396
test_00992,45.80669458955526
test_00993,143.34760707616806
test_00994,200.79032365977764
test_00995,11.31990161538124
test_00996,288.4357433617115
test_00997,7.724319435656071
test_00998,10.18430370092392
test_00999,69.3792874738574
test_01000,7.228581726551056
test_01001,79.17258268594742
test_01002,103.8727732822299
test_01003,229.85616606473923
test_01004,9.995448410511017
test_01005,13.404188349843025
test_01006,85.15469137579203
test_01007,8.085962757468224
test_01008,6.623775333166122
test_01009,7.370163768529892
test_01010,52.12224904447794
test_01011,88.85559098422527
test_01012,44.42792617529631
test_01013,221.17931136488914
test_01014,258.4200830459595
test_01015,5.75550451874733
test_01016,57.2459553219378
test_01017,119.68768050521612
test_01018,5.0817641615867615
test_01019,30.97425977140665
test_01020,92.44914525747299
test_01021,10.58514578640461
test_01022,17.946301449090242
test_01023,13.243597470223904
test_01024,30.12419554591179
test_01025,87.3025711774826
test_01026,7.791998028755188
test_01027,202.7504252642393
test_01028,118.77373351156712
test_01029,353.85065799951553
test_01030,45.267984576523304
test_01031,51.788201592862606
test_01032,97.37466267496347
test_01033,6.649595856666565
test_01034,6.032681450247765
test_01035,9.124295443296432
test_01036,18.378687508404255
test_01037,112.82361820340157
test_01038,10.007355861365795
test_01039,115.41301707178354
test_01040,286.3361990451813
test_01041,305.66225177049637
test_01042,61.16885869204998
test_01043,48.0175694860518
test_01044,62.01378258317709
test_01045,134.24810101091862
test_01046,59.70049840956926
test_01047,13.22859987616539
test_01048,42.88932456076145
test_01049,11.214145921170712
test_01050,59.79186191037297
test_01051,9.670077130198479
test_01052,11.373266011476517
test_01053,119.90473335236311
test_01054,71.80473047494888
test_01055,7.607763096690178
test_01056,10.966733902692795
test_01057,77.59361607581377
test_01058,108.81445452570915
test_01059,124.12094405293465
test_01060,29.085643727332354
test_01061,24.746707543730736
test_01062,59.76788730174303
test_01063,65.05294585227966
test_01064,45.041029900312424
test_01065,96.95146904885769
test_01066,62.997049808502204
test_01067,38.78352705389261
test_01068,103.43120221793652
test_01069,10.965857371687889
test_01070,16.140213027596474
test_01071,33.129530660808086
test_01072,73.87907081097364
test_01073,96.36284133791924
test_01074,60.105931140482426
test_01075,29.604932636022568
test_01076,76.1651973798871
test_01077,75.15737242996693
test_01078,98.3944322168827
test_01079,98.82258047163486
test_01080,66.43900878727436
test_01081,217.24659901857376
test_01082,34.37732454389334
test_01083,17.724709954112768
test_01084,62.12766104564071
test_01085,51.41346601769328
test_01086,34.927986577153206
test_01087,81.2849332690239
test_01088,23.955463748425245
test_01089,63.789912957698114
test_01090,177.5686551630497
test_01091,29.68522807583213
test_01092,42.63598110154271
test_01093,64.63213668763638
test_01094,47.45683477446437
test_01095,49.681856732815504
test_01096,54.75470192730427
test_01097,82.07183526456356
test_01098,130.6828928589821
test_01099,84.11860201507807
test_01100,75.75705334544182
test_01101,89.3883955553174
test_01102,61.9119935631752
test_01103,9.442104786634445
test_01104,22.84300848096609
test_01105,79.39148516207933
test_01106,48.29490241035819
test_01107,16.455842185765505
test_01108,99.70573002845049
test_01109,36.64554165303707
test_01110,38.86279368400574
test_01111,46.42128396034241
test_01112,80.67001705616713
test_01113,142.08094549179077
test_01114,91.303378097713
test_01115,171.06109584867954
test_01116,56.42561515420675
test_01117,11.707982003688812
test_01118,57.203837264329195
test_01119,62.11732095107436
test_01120,61.671846352517605
test_01121,13.954620108008385
test_01122,30.149221248924732
test_01123,30.754458479583263
test_01124,38.62461495399475
test_01125,108.19595047831535
test_01126,97.444525167346
test_01127,164.29010182619095
test_01128,59.56086999177933
test_01129,130.95793046057224
test_01130,7.759640663862228
test_01131,17.91477233171463
test_01132,28.802245654165745
test_01133,82.8304802775383
test_01134,100.47593336552382
test_01135,125.04150959849356
test_01136,80.36361004412174
test_01137,41.388807475566864
test_01138,47.524316519498825
test_01139,137.82070767879486
test_01140,48.209288358688354
test_01141,94.10562543570995
test_01142,87.24045632779598
test_01143,99.89119804650545
test_01144,97.00227070599794
test_01145,159.88600893318653
test_01146,138.45154258608818
test_01147,23.320383608341217
test_01148,29.60847218707204
test_01149,30.227150797843933
test_01150,34.65707164257765
test_01151,101.29297168552876
test_01152,101.82741046696901
test_01153,99.65453467518091
test_01154,6.086654961109161
test_01155,31.91156111657619
test_01156,72.57330702990294
test_01157,32.57938488945365
test_01158,61.79674830660224
test_01159,119.49567564576864
test_01160,42.387454848736525
test_01161,72.92771525681019
test_01162,178.5741105079651
test_01163,89.79980801045895
test_01164,105.39734297245741
test_01165,76.36097577959299
test_01166,133.6003445982933
test_01167,24.989476919174194
test_01168,51.434584472328424
test_01169,48.80002197250724
test_01170,76.85457415878773
test_01171,82.69214437156916
test_01172,47.828807048499584
test_01173,34.40669947490096
test_01174,14.53749094158411
test_01175,12.383312001824379
test_01176,33.21029036492109
test_01177,89.81144804507494
test_01178,66.9529382288456
test_01179,37.00732611119747
test_01180,78.80995140969753
test_01181,74.43547486513853
test_01182,40.8050823956728
test_01183,89.36711367964745
test_01184,131.2964794188738
test_01185,8.443230852484703
test_01186,34.23481025919318
test_01187,14.457971751689911
test_01188,20.94312009960413
test_01189,35.52636383846402
test_01190,22.38829316571355
test_01191,8.171877652406693
test_01192,12.371352553367615
test_01193,13.409224689006805
test_01194,129.43787713348866
test_01195,33.553192265331745
test_01196,11.184225015342236
test_01197,49.04569949954748
test_01198,12.349736407399178
test_01199,10.3983778283
test_01200,15.23813634365797
test_01201,31.545954834669825
test_01202,26.203479789197445
test_01203,70.90582564473152
test_01204,83.5017990320921
test_01205,165.72339344024658
test_01206,32.178687654435635
test_01207,29.888482987880707
test_01208,15.175627797842026
test_01209,31.37839256227016
test_01210,52.28160312399268
test_01211,87.9913239851594
test_01212,110.61804334819317
test_01213,36.780182015150785
test_01214,202.61661314964294
test_01215,46.994917791336775
test_01216,8.32914811372757
test_01217,8.168832078576088
test_01218,45.730622097849846
test_01219,92.3828705996275
test_01220,229.88341280817986
test_01221,197.02413734793663
test_01222,105.79279959201813
test_01223,64.58429146558046
test_01224,50.48187326639891
test_01225,53.831517931073904
test_01226,23.721032559871674
test_01227,56.94411667063832
test_01228,176.21374621987343
test_01229,49.11922410875559
test_01230,133.35203376412392
test_01231,311.9036279320717
test_01232,133.64024904370308
test_01233,113.31729829311371
test_01234,58.88640909641981
test_01235,216.40652576088905
test_01236,32.06825217604637
test_01237,46.85421599447727
test_01238,9.98054738342762
test_01239,18.585392832756042
test_01240,52.19476341456175
test_01241,132.90943017601967
test_01242,6.18035463988781
test_01243,6.036440134048462
test_01244,29.175993274897337
test_01245,11.142329804599285
test_01246,11.131402879953384
test_01247,77.92241919785738
test_01248,168.83812408149242
test_01249,285.2952961921692
test_01250,269.52712738513947
test_01251,102.43716406077147
test_01252,136.78479659557343
test_01253,12.371307983994484
test_01254,102.64737550914288
test_01255,195.4360117316246
test_01256,95.412243463099
test_01257,56.85214405506849
test_01258,56.452093075960875
test_01259,14.401740059256554
test_01260,15.238760314881802
test_01261,88.59726689755917
test_01262,70.2102240100503
test_01263,200.04187017679214
test_01264,25.79162535443902
test_01265,79.47613725811243
test_01266,9.282806418836117
test_01267,10.41876831650734
test_01268,31.07618249952793
test_01269,104.24136942625046
test_01270,224.1500532180071
test_01271,300.2189050912857
test_01272,17.087653905153275
test_01273,148.65657709538937
test_01274,165.5215536057949
test_01275,7.932287558913231
test_01276,121.67531855404377
test_01277,196.86437100172043
test_01278,544.6448944211006
test_01279,68.28117240220308
test_01280,42.48645456880331
test_01281,111.5467205196619
test_01282,228.85772296786308
test_01283,9.348835945129395
test_01284,17.589490190148354
test_01285,213.32443475723267
test_01286,234.575795263052
test_01287,9.163122795522213
test_01288,12.997373968362808
test_01289,7.932072140276432
test_01290,99.81957506388426
test_01291,293.5811586380005
test_01292,214.58441093564034
test_01293,241.83966712653637
test_01294,447.1421110332012
test_01295,472.482622385025
test_01296,14.931636478751898
test_01297,96.39756087958813
test_01298,153.3446214646101
test_01299,173.6117416471243
test_01300,10.472771540284157
test_01301,164.51250299811363
test_01302,15.17881079390645
test_01303,408.45152735710144
test_01304,369.2361541688442
test_01305,380.5940052270889
test_01306,106.82305036485195
test_01307,352.9576957523823
test_01308,333.8504786491394
test_01309,270.0235707759857
test_01310,160.2806113064289
test_01311,137.18066176772118
test_01312,19.300140727311373
test_01313,14.853368945419788
test_01314,6.600250132381916
test_01315,59.74396097660065
test_01316,83.53765509277582
test_01317,9.420600064098835
test_01318,36.15995090454817
test_01319,95.32498405873775
test_01320,139.16142870485783
test_01321,192.66150882840157
test_01322,75.73690056055784
test_01323,6.4585269540548325
test_01324,79.9913369268179
test_01325,15.190851952880621
test_01326,31.405643019825217
test_01327,98.71671335399151
test_01328,155.1272032558918
test_01329,306.3867715001106
test_01330,12.184829726815224
test_01331,530.426491856575
test_01332,9.965928629040718
test_01333,12.007763035595417
test_01334,77.38640563189983
test_01335,8.050708383321762
test_01336,85.84514524787664
test_01337,322.7253094315529
test_01338,10.189756020903587
test_01339,10.697319470345974
test_01340,63.65754191949964
test_01341,11.171188473701477
test_01342,12.500804297626019
test_01343,15.012734167277813
test_01344,139.02021807432175
test_01345,164.03902769088745
test_01346,207.88621355593204
test_01347,269.7519353032112
test_01348,268.2544043660164
test_01349,7.56433767080307
test_01350,92.64140267670155
test_01351,169.07995750010014
test_01352,7.305582746863365
test_01353,42.488995023071766
test_01354,96.20225045830011
test_01355,13.176654271781445
test_01356,22.92175142094493
test_01357,9.748155243694782
test_01358,24.405432425439358
test_01359,108.72513007372618
test_01360,7.126577287912369
test_01361,175.36854748427868
test_01362,143.43878115713596
test_01363,364.5120977461338
test_01364,50.658676255494356
test_01365,62.64834646135569
test_01366,70.80372463911772
test_01367,5.860524818301201
test_01368,6.124969765543938
test_01369,7.930385932326317
test_01370,14.280243948101997
test_01371,106.85809674859047
test_01372,10.025651589035988
test_01373,102.98942316323519
test_01374,265.8394574522972
test_01375,316.4742765724659
test_01376,63.35561784356833
test_01377,45.8393045142293
test_01378,52.291564378887415
test_01379,128.89783003926277
test_01380,62.97866122797132
test_01381,14.175929330289364
test_01382,30.85895137488842
test_01383,38.41516861319542
test_01384,14.212201371788979
test_01385,50.326623283326626
test_01386,10.539328470826149
test_01387,10.149309314787388
test_01388,119.37615544348955
test_01389,72.32908914983273
test_01390,8.419534802436829
test_01391,12.151254132390022
test_01392,62.509483151137836
test_01393,111.06893683969975
test_01394,128.15889954566956
test_01395,29.982368372380733
test_01396,21.287136234343052
test_01397,66.09088484197855
test_01398,62.002313397824764
test_01399,86.84444259107113
test_01400,73.9292262122035
test_01401,43.34543266892433
test_01402,96.15106253325939
test_01403,15.247328776866198
test_01404,23.52692922577262
test_01405,39.519805669784546
test_01406,75.44844757765532
test_01407,84.40817666053772
test_01408,47.99552250280976
test_01409,22.551781054586172
test_01410,56.41999941319227
test_01411,65.36164818704128
test_01412,72.58325342833996
test_01413,90.3222947716713
test_01414,130.53854751586914
test_01415,58.62896154075861
test_01416,213.58981566131115
test_01417,196.65297846496105
test_01418,25.248829815536737
test_01419,26.270653262734413
test_01420,59.71538458019495
test_01421,17.274221301078796
test_01422,23.270659044384956
test_01423,68.44284780323505
test_01424,25.75039868429303
test_01425,46.45985132455826
test_01426,185.38034404814243
test_01427,21.503921665251255
test_01428,30.593009639531374
test_01429,64.34514706581831
test_01430,40.78732892870903
test_01431,41.66521929949522
test_01432,50.78611123561859
test_01433,81.86519679427147
test_01434,93.84808874130249
test_01435,88.94982549548149
test_01436,71.00563132762909
test_01437,89.6409256234765
test_01438,63.919152997434146
test_01439,13.356558546423912
test_01440,16.882263377308846
test_01441,55.75955929979682
test_01442,35.44343137741089
test_01443,11.241764076054096
test_01444,97.24304931610823
test_01445,38.58717668056488
test_01446,42.85892082005739
test_01447,49.06919498741627
test_01448,81.20804367214441
test_01449,78.25721690058708
test_01450,100.47001306712627
test_01451,133.43457624316216
test_01452,97.89439356327057
test_01453,187.91531628370285
test_01454,43.785540372133255
test_01455,9.49843304604292
test_01456,66.69957619905472
test_01457,33.61099502816796
test_01458,69.0268402993679
test_01459,15.786711044609548
test_01460,27.540947251021862
test_01461,31.842627152800556
test_01462,37.933607678860426
test_01463,117.72797259688377
test_01464,104.40953709930182
test_01465,167.2009424418211
test_01466,68.41279318928719
test_01467,90.3110187202692
test_01468,8.674516186118126
test_01469,15.05274260789156
test_01470,27.97256448864937
test_01471,85.31620335578918
test_01472,106.04681530594826
test_01473,129.75853891670704
test_01474,95.76973440498114
test_01475,34.4361709728837
test_01476,36.383462596684694
test_01477,115.89262809604406
test_01478,50.489004366099834
test_01479,88.24448545277119
test_01480,107.62304089963436
test_01481,72.18316159397364
test_01482,70.63205827027559
test_01483,131.37113311886787
test_01484,110.92759250104427
test_01485,89.78247052431107
test_01486,17.062167651951313
test_01487,47.83227603137493
test_01488,44.70479854941368
test_01489,35.56720795482397
test_01490,110.71471431851387
test_01491,135.43801413476467
test_01492,83.72412592172623
test_01493,9.834374696016312
test_01494,53.740154430270195
test_01495,128.8654429614544
test_01496,34.2099814042449
test_01497,47.52289029955864
test_01498,19.80065107345581
test_01499,118.13713429868221
test_01500,142.62362217903137
test_01501,55.702681351453066
test_01502,76.18998537957668
test_01503,146.05775180459023
test_01504,69.9744148850441
test_01505,91.89468739926815
test_01506,73.97346874326468
test_01507,113.04416231811047
test_01508,24.317604761570692
test_01509,47.429918587207794
test_01510,53.39782450348139
test_01511,75.82353599369526
test_01512,91.99675126373768
test_01513,66.98418135941029
test_01514,28.191897802054882
test_01515,14.59455830976367
test_01516,9.603171072900295
test_01517,27.341150179505348
test_01518,84.23411097377539
test_01519,64.37878951430321
test_01520,31.188705310225483
test_01521,72.12762815505266
test_01522,71.96378371119499
test_01523,34.9025077521801
test_01524,112.62249147891998
test_01525,133.09945912659168
test_01526,5.707681581377983
test_01527,32.935178481042385
test_01528,10.81603742390871
test_01529,20.992933802306652
test_01530,27.96708245575428
test_01531,21.399276491254568
test_01532,10.435229271650314
test_01533,19.689242497086525
test_01534,19.050741657614708
test_01535,137.65242858231068
test_01536,28.586325611919165
test_01537,19.547898158431053
test_01538,54.264472249895334
test_01539,19.719787374138832
test_01540,8.287119194865227
test_01541,11.348827138543129
test_01542,36.19173629581928
test_01543,41.545141980051994
test_01544,78.68451833724976
test_01545,59.5521492511034
test_01546,153.647054374218
test_01547,33.43362749367952
test_01548,27.21924551576376
test_01549,12.122588597238064
test_01550,24.037839092314243
test_01551,50.64977723732591
test_01552,102.00370462238789
test_01553,75.06386588513851
test_01554,35.25700883194804
test_01555,180.92247077822685
test_01556,28.993849389255047
test_01557,7.116482324898243
test_01558,12.336135320365429
test_01559,39.86766219884157
test_01560,96.4494024887681
test_01561,200.2791278064251
test_01562,173.8807772397995
test_01563,91.84846895933151
test_01564,40.47180005162954
test_01565,64.05962823331356
test_01566,49.201417461037636
test_01567,55.916937470436096
test_01568,17.48660922050476
test_01569,48.438731491565704
test_01570,170.8451275229454
test_01571,53.49297268688679
test_01572,124.25388706475496
test_01573,256.3613939881325
test_01574,263.2454307973385
test_01575,120.36529096961021
test_01576,133.0265584886074
test_01577,85.07791320234537
test_01578,243.41425850987434
test_01579,45.92565396055579
test_01580,42.82349931076169
test_01581,9.862542539834976
test_01582,20.41466847062111
test_01583,79.79715559631586
test_01584,113.4943352714181
test_01585,10.533371031284332
test_01586,52.309132140129805
test_01587,5.379361294209957
test_01588,28.297155804932117
test_01589,12.000810213387012
test_01590,9.367191098630428
test_01591,73.93629788607359
test_01592,152.3259884417057
test_01593,268.06127041578293
test_01594,231.88217091560364
test_01595,97.59479823708534
test_01596,140.7872600108385
test_01597,12.42134453356266
test_01598,97.70149731636047
test_01599,212.0621558278799
test_01600,129.83932833373547
test_01601,76.50728217512369
test_01602,63.149339642375715
test_01603,22.14596576988697
test_01604,14.085743203759193
test_01605,79.79392431676388
test_01606,62.85472865775228
test_01607,200.6393374800682
test_01608,43.77232555299997
test_01609,71.17446754127741
test_01610,8.572972297668457
test_01611,8.992043256759644
test_01612,19.259482316672802
test_01613,104.01873055100441
test_01614,216.3549292832613
test_01615,314.5775526165962
test_01616,19.91735226288438
test_01617,106.44100169837475
test_01618,141.25208885967731
test_01619,8.040167726576328
test_01620,134.93478134274483
test_01621,171.4840146303177
test_01622,442.1863830089569
test_01623,92.77184237539768
test_01624,35.235544964671135
test_01625,123.38896638154984
test_01626,199.0134616047144
test_01627,9.45685724914074
test_01628,22.375891737639904
test_01629,155.9904228746891
test_01630,225.27424137294292
test_01631,9.623338714241982
test_01632,16.48846325278282
test_01633,10.914290606975555
test_01634,87.40961938351393
test_01635,271.49926272034645
test_01636,225.43145240843296
test_01637,202.98190373182297
test_01638,384.9153922200203
test_01639,485.12032756209373
test_01640,13.555248811841011
test_01641,86.49975048750639
test_01642,184.35410451889038
test_01643,175.42711164057255
test_01644,13.45158787816763
test_01645,172.73804822564125
test_01646,11.79658591747284
test_01647,343.41946363449097
test_01648,254.9793868660927
test_01649,419.48494309186935
test_01650,172.84314280748367
test_01651,278.9350089430809
test_01652,255.25530099868777
test_01653,180.7225622832775
test_01654,137.47859317064285
test_01655,27.47431603819132
test_01656,12.192376807332039
test_01657,7.8431116715073586
test_01658,73.31465169787407
test_01659,90.57926692068577
test_01660,10.899701565504074
test_01661,33.126329094171524
test_01662,90.97594176977873
test_01663,117.67727493494749
test_01664,187.9713845551014
test_01665,52.912646021693945
test_01666,6.232248246669769
test_01667,69.10239281505346
test_01668,10.233745992183685
test_01669,20.787402138113976
test_01670,70.18125391751528
test_01671,180.1465774178505
test_01672,272.2788999080658
test_01673,8.23207601904869
test_01674,498.2103227376938
test_01675,8.218794345855713
test_01676,10.72972883284092
test_01677,69.71976034343243
test_01678,8.37890239059925
test_01679,61.433504201471806
test_01680,82.22915029525757
test_01681,10.409453317523003
test_01682,9.701535679399967
test_01683,59.19514485821128
test_01684,9.93253131210804
test_01685,8.635933965444565
test_01686,11.32762697339058
test_01687,113.39915737509727
test_01688,144.7029022872448
test_01689,159.64407151937485
test_01690,248.99357149004936
test_01691,291.9492064714432
test_01692,6.289727881550789
test_01693,82.21724284440279
test_01694,152.66435912251472
test_01695,6.646966263651848
test_01696,40.20136795192957
test_01697,84.37730494141579
test_01698,19.443130418658257
test_01699,34.088864132761955
test_01700,9.633441105484962
test_01701,22.615622967481613
test_01702,69.10277908295393
test_01703,8.723795056343079
test_01704,166.03417567908764
test_01705,182.19290590286255
test_01706,345.26264491677284
test_01707,53.47731398046017
test_01708,61.83051332086325
test_01709,50.03584526479244
test_01710,6.377024427056313
test_01711,7.776309609413147
test_01712,8.719724386930466
test_01713,15.581829350441696
test_01714,96.12513058632612
test_01715,9.035008132457733
test_01716,114.96033337712288
test_01717,256.5067495703697
test_01718,349.45368134975433
test_01719,87.56337629258633
test_01720,53.33231495320797
test_01721,58.150561317801476
test_01722,129.26976145803928
test_01723,65.24514384567738
test_01724,8.141303062438965
test_01725,38.99569955468178
test_01726,58.21428066492081
test_01727,12.21033826470375
test_01728,68.94674913585186
test_01729,9.924939662218094
test_01730,11.080742359161377
test_01731,89.26000604778528
test_01732,73.56357907503843
test_01733,7.305553033947945
test_01734,11.485536262392998
test_01735,70.131581351161
test_01736,127.07011432945727
test_01737,81.69248304516077
test_01738,24.80047306418419
test_01739,20.12132028490305
test_01740,55.80397268012166
test_01741,58.62975636124611
test_01742,46.425057500600815
test_01743,127.2967793047428
test_01744,100.11810072511435
test_01745,81.43808106333017
test_01746,99.14844201505184
test_01747,20.01718023046851
test_01748,42.328129298985004
test_01749,42.30028086900711
test_01750,75.60787222534418
test_01751,90.42192217707634
test_01752,26.079302087426186
test_01753,15.064869191497564
test_01754,59.02119802311063
test_01755,59.988379418849945
test_01756,74.84326234459877
test_01757,76.22679225355387
test_01758,71.12574578821659
test_01759,46.28669188171625
test_01760,221.9722896516323
test_01761,204.54578360915184
test_01762,12.676526479423046
test_01763,13.412181124091148
test_01764,23.243909992277622
test_01765,50.13135000318289
test_01766,13.634656578302383
test_01767,22.626319617033005
test_01768,64.28627835214138
test_01769,30.955087512731552
test_01770,59.028466545045376
test_01771,202.14315269887447
test_01772,26.792887464165688
test_01773,40.55297573655844
test_01774,65.17964172363281
test_01775,49.499831698834896
test_01776,44.144992366433144
test_01777,54.07137915492058
test_01778,88.99484799057245
test_01779,101.08965363353491
test_01780,87.95754782855511
test_01781,43.908707834780216
test_01782,84.2349355071783
test_01783,28.41877819597721
test_01784,9.244499042630196
test_01785,14.335004851222038
test_01786,56.50937586277723
test_01787,18.0874823667109
test_01788,97.40664120018482
test_01789,38.27479737251997
test_01790,44.42500316724181
test_01791,63.46646930277348
test_01792,57.38745565339923
test_01793,79.1418743878603
test_01794,118.4527448862791
test_01795,90.37834818661213
test_01796,245.81423011422157
test_01797,39.686413414776325
test_01798,9.401182673871517
test_01799,43.915835220366716
test_01800,26.009372740983963
test_01801,58.89022720605135
test_01802,8.118334978818893
test_01803,27.84148596227169
test_01804,27.143700428307056
test_01805,35.696429423987865
test_01806,83.6498584896326
test_01807,107.07861115038395
test_01808,114.20699954777956
test_01809,82.67517086863518
test_01810,22.356585770845413
test_01811,9.164838716387749
test_01812,13.089454293251038
test_01813,40.318161994218826
test_01814,94.85550513863564
test_01815,103.06637218594551
test_01816,120.32491854578257
test_01817,60.769751098006964
test_01818,33.41339299827814
test_01819,40.631202414631844
test_01820,101.17409773916006
test_01821,51.64291286468506
test_01822,100.2338028177619
test_01823,91.12983981519938
test_01824,69.0514425933361
test_01825,103.72558292746544
test_01826,107.55115792900324
test_01827,80.03800106048584
test_01828,69.43157477676868
test_01829,15.91241153329611
test_01830,45.82324096933007
test_01831,26.041774675250053
test_01832,25.402753859758377
test_01833,78.74462013691664
test_01834,105.57295373082161
test_01835,53.5721167512238
test_01836,3.1281399726867676
test_01837,23.759061377495527
test_01838,57.97631735354662
test_01839,144.00776863098145
test_01840,161.04591201245785
test_01841,36.14756804704666
test_01842,35.15702858567238
test_01843,21.057440541684628
test_01844,74.19287633895874
test_01845,119.65036108344793
test_01846,52.79457060992718
test_01847,78.63627941906452
test_01848,64.1283616349101
test_01849,21.648549281060696
test_01850,35.72289248928428
test_01851,75.07412426918745
test_01852,93.75284399092197
test_01853,21.56728445738554
test_01854,42.612288765609264
test_01855,47.45946808159351
test_01856,64.61543802917004
test_01857,110.59329248964787
test_01858,73.46743550896645
test_01859,38.24114006757736
test_01860,14.061126053333282
test_01861,9.786522045731544
test_01862,26.889231592416763
test_01863,74.44459673017263
test_01864,64.83662097156048
test_01865,26.155330009758472
test_01866,63.866531424224384
test_01867,75.0428737103939
test_01868,47.72249423712492
test_01869,100.71024198830128
test_01870,89.72348295897245
test_01871,3.716425985097885
test_01872,7.462622933089733
test_01873,9.538151785731316
test_01874,11.314694426953793
test_01875,26.960732009261847
test_01876,13.18117806315422
test_01877,5.99390609562397
test_01878,23.806624326854944
test_01879,12.84700433164835
test_01880,133.8666020333767
test_01881,17.70341693609953
test_01882,56.69576498121023
test_01883,8.3411298468709
test_01884,8.128392800688744
test_01885,12.6421634927392
test_01886,30.47775324061513
test_01887,40.660581059753895
test_01888,96.27851608395576
test_01889,46.29709140211344
test_01890,173.27576285600662
test_01891,77.05390325188637
test_01892,26.77768187969923
test_01893,15.001524969935417
test_01894,17.654754608869553
test_01895,99.4456157386303
test_01896,93.70774721354246
test_01897,94.40464878827333
test_01898,211.3336397111416
test_01899,30.068706676363945
test_01900,10.126653216779232
test_01901,9.26320332288742
test_01902,205.3849060535431
test_01903,199.3104421943426
test_01904,89.14703011512756
test_01905,34.04396791756153
test_01906,62.9849640801549
test_01907,64.00604099035263
test_01908,47.99433770030737
test_01909,33.84496566653252
test_01910,82.46439487487078
test_01911,160.72793924808502
test_01912,77.17798438668251
test_01913,117.8034136891365
test_01914,197.37482403218746
test_01915,258.96620643138885
test_01916,148.99053540825844
test_01917,96.02390611171722
test_01918,85.91875156760216
test_01919,202.09723138809204
test_01920,46.89328847825527
test_01921,53.73306418582797
test_01922,18.739647433161736
test_01923,18.382349625229836
test_01924,32.43877965956926
test_01925,92.47810792177916
test_01926,11.692011311650276
test_01927,39.03420749306679
test_01928,7.880445949733257
test_01929,27.98106238245964
test_01930,10.656159654259682
test_01931,13.418881386518478
test_01932,77.98332324624062
test_01933,153.1239287853241
test_01934,315.49493888020515
test_01935,241.56269818544388
test_01936,65.08189366012812
test_01937,120.216139562428
test_01938,9.453328840434551
test_01939,99.3216088861227
test_01940,215.55633525550365
test_01941,47.87965327501297
test_01942,73.59874431043863
test_01943,51.92648921534419
test_01944,12.159410327672958
test_01945,20.98651209846139
test_01946,78.27969472110271
test_01947,69.14046991616488
test_01948,171.08546043932438
test_01949,18.935663536190987
test_01950,65.46353377401829
test_01951,8.262516900897026
test_01952,8.939035415649414
test_01953,10.566642068326473
test_01954,99.41727704554796
test_01955,188.5671879351139
test_01956,444.62614020705223
test_01957,17.64848518371582
test_01958,118.78893166780472
test_01959,135.12797471880913
test_01960,10.99106878042221
test_01961,62.622384801507
test_01962,93.69705799221992
test_01963,329.3983548283577
test_01964,136.4225367307663
test_01965,39.68775421008468
test_01966,72.89669497311115
test_01967,195.55290234088898
test_01968,7.189657807350159
test_01969,23.96235343068838
test_01970,108.37023158371449
test_01971,234.0057826936245
test_01972,10.91478829830885
test_01973,6.529043130576611
test_01974,98.64228250086308
test_01975,168.76090021431446
test_01976,269.7294723391533
test_01977,206.28048303723335
test_01978,505.7171125411987
test_01979,424.74974486231804
test_01980,9.54341097176075
test_01981,97.53026178479195
test_01982,159.568481862545
test_01983,146.21860267221928
test_01984,14.337285317480564
test_01985,186.84077841043472
test_01986,10.487791419029236
test_01987,71.46638207882643
test_01988,198.39372447133064
test_01989,412.6384336948395
test_01990,-0.7241989374160767
test_01991,197.38465900719166
test_01992,367.4553105831146
test_01993,269.6431266069412
test_01994,167.91472095251083
test_01995,244.07947126030922
test_01996,18.56439694389701
test_01997,18.7021868750453
test_01998,8.137031830847263
test_01999,63.57393348962069
test_02000,105.49373167008162
test_02001,9.090036451816559
test_02002,29.853154331445694
test_02003,99.32277511805296
test_02004,128.31462493538857
test_02005,179.35394082963467
test_02006,69.5849305614829
test_02007,6.5142980962991714
test_02008,70.23067392408848
test_02009,16.22742786258459
test_02010,18.80893423780799
test_02011,43.72209958359599
test_02012,89.27013815194368
test_02013,228.11267161369324
test_02014,6.672355949878693
test_02015,457.6915330886841
test_02016,4.449376754462719
test_02017,13.212837174534798
test_02018,80.7986294105649
test_02019,7.581452310085297
test_02020,64.42731070518494
test_02021,105.97170105576515
test_02022,281.61068668961525
test_02023,8.099794119596481
test_02024,14.935911424458027
test_02025,86.86142352223396
test_02026,9.382990941405296
test_02027,8.072071969509125
test_02028,10.980201281607151
test_02029,161.99296662211418
test_02030,178.35352182388306
test_02031,114.18521998077631
test_02032,222.8634096980095
test_02033,299.9711588025093
test_02034,7.767455160617828
test_02035,76.78423625975847
test_02036,149.1369160860777
test_02037,7.363508075475693
test_02038,54.92060027644038
test_02039,101.52468785643578
test_02040,21.953730635344982
test_02041,28.811296951025724
test_02042,10.704688273370266
test_02043,26.900047093629837
test_02044,73.54295088350773
test_02045,5.838537260890007
test_02046,131.84484612941742
test_02047,141.4500214457512
test_02048,319.5320624113083
test_02049,33.81689438968897
test_02050,32.8128429800272
test_02051,97.04475274682045
test_02052,7.232919812202454
test_02053,10.092951342463493
test_02054,9.412651859223843
test_02055,17.14640748128295
test_02056,82.17822235822678
test_02057,9.118456855416298
test_02058,69.95943957567215
test_02059,201.82226806879044
test_02060,270.99524253606796
test_02061,24.60272989794612
test_02062,54.315329618752
test_02063,37.71876472979784
test_02064,130.79415287077427
test_02065,61.22311447560787
test_02066,5.863228693604469
test_02067,17.794858433306217
test_02068,16.770695094019175
test_02069,9.951844707131386
test_02070,29.41745899617672
test_02071,8.058686301112175
test_02072,6.57060407102108
test_02073,55.03777315840125
test_02074,77.0708024725318
test_02075,8.25546008348465
test_02076,15.049648750573397
test_02077,86.74707336723804
test_02078,83.68845556676388
test_02079,32.80891344696283
test_02080,8.899606376886368
test_02081,52.25115109980106
test_02082,54.83994456753135
test_02083,34.362200669944286
test_02084,78.51886883378029
test_02085,55.32188805565238
test_02086,42.80104377493262
test_02087,81.26492904871702
test_02088,14.88755365461111
test_02089,17.281731240451336
test_02090,23.135231290012598
test_02091,49.15887599438429
test_02092,66.65433828532696
test_02093,34.85114897787571
test_02094,17.36408058553934
test_02095,33.24512875825167
test_02096,60.9633530266583
test_02097,62.62163083627821
test_02098,56.903822243213654
test_02099,63.022461779415615
test_02100,41.01495214551687
test_02101,136.9245364367962
test_02102,176.62739457190037
test_02103,31.094151385128498
test_02104,12.702458426356316
test_02105,59.444848485291004
test_02106,53.585238717496395
test_02107,24.268069617450237
test_02108,30.12376470863819
test_02109,52.33204822614789
test_02110,22.93864692747593
test_02111,80.90627187490463
test_02112,120.26172660291195
test_02113,10.276800006628036
test_02114,32.55397663265467
test_02115,66.32972468435764
test_02116,10.275277219712734
test_02117,21.581178959459066
test_02118,68.48965307325125
test_02119,98.03135524690151
test_02120,79.15202134847641
test_02121,50.94096380844712
test_02122,33.27903862297535
test_02123,53.47006402909756
test_02124,13.914916224777699
test_02125,7.915782034397125
test_02126,17.277697712183
test_02127,66.93583844602108
test_02128,56.20395680516958
test_02129,14.026748210191727
test_02130,73.35678461194038
test_02131,28.74497400969267
test_02132,32.01245874911547
test_02133,51.72183036804199
test_02134,51.877552043646574
test_02135,90.8157668709755
test_02136,54.4863051623106
test_02137,53.75226615741849
test_02138,70.08174536377192
test_02139,76.2436246201396
test_02140,41.44349781051278
test_02141,5.973359614610672
test_02142,47.92952640354633
test_02143,18.51239562779665
test_02144,38.696237936615944
test_02145,11.031574912369251
test_02146,13.25291246920824
test_02147,18.045561157166958
test_02148,21.837118584662676
test_02149,61.095497503876686
test_02150,81.05581697821617
test_02151,113.45303431898355
test_02152,38.972426913678646
test_02153,29.25559788942337
test_02154,4.57475782930851
test_02155,14.473652742803097
test_02156,77.71360425651073
test_02157,67.58724954724312
test_02158,41.350329250097275
test_02159,118.7831079363823
test_02160,34.1916039660573
test_02161,12.542870357632637
test_02162,44.07212144136429
test_02163,63.41018932685257
test_02164,36.242664232850075
test_02165,85.8321384191513
test_02166,103.52386194467545
test_02167,63.58176655694843
test_02168,45.80199994891882
test_02169,121.5284773260355
test_02170,103.79858756065369
test_02171,87.44953125715256
test_02172,8.764293760061264
test_02173,40.41337703168392
test_02174,31.302438922226425
test_02175,19.4563266672194
test_02176,44.520437337458134
test_02177,81.88066236674786
test_02178,68.72565533220768
test_02179,4.793281465768814
test_02180,11.640726819634438
test_02181,78.97732426226139
test_02182,111.79638329148293
test_02183,110.66215217113495
test_02184,37.121624268591404
test_02185,24.568400338292122
test_02186,21.3116642460227
test_02187,175.2331457287073
test_02188,42.527566101402044
test_02189,35.41116315126419
test_02190,48.21985872834921
test_02191,32.88217806816101
test_02192,56.23131125792861
test_02193,68.53158542513847
test_02194,102.39447402954102
test_02195,15.92300418764353
test_02196,20.13642930239439
test_02197,32.847725942730904
test_02198,126.97252225875853
test_02199,117.45819418132305
test_02200,11.233555883169174
test_02201,15.784192875027658
test_02202,10.526574201881886
test_02203,10.440800443291664
test_02204,27.291990160942078
test_02205,53.951327834278345
test_02206,50.6539667584002
test_02207,19.969201300293207
test_02208,42.24045391380787
test_02209,64.35333297401667
test_02210,42.25459726154804
test_02211,66.49885059893131
test_02212,98.49490644037724
test_02213,3.443765416741371
test_02214,10.562905669212341
test_02215,8.141540765762329
test_02216,10.048686526715755
test_02217,15.043587315827608
test_02218,16.22048246860504
test_02219,6.245009943842888
test_02220,10.80907717347145
test_02221,11.21346252411604
test_02222,111.72669907659292
test_02223,30.651703789830208
test_02224,11.590185150504112
test_02225,36.69542592391372
test_02226,11.745509415864944
test_02227,6.365384392440319
test_02228,9.38010136038065
test_02229,17.43932854384184
test_02230,29.90085841715336
test_02231,106.1439765393734
test_02232,90.95749747753143
test_02233,46.025422502309084
test_02234,30.594989262521267
test_02235,16.918817691504955
test_02236,9.613711729645729
test_02237,17.932789500802755
test_02238,77.54850444197655
test_02239,127.5338289439678
test_02240,16.293279111385345
test_02241,118.76066725701094
test_02242,18.90040173381567
test_02243,5.428855583071709
test_02244,6.515144914388657
test_02245,20.042514204978943
test_02246,197.7151111960411
test_02247,148.78839844465256
test_02248,51.69276370853186
test_02249,35.250746835023165
test_02250,76.89928466826677
test_02251,81.88887055963278
test_02252,44.421519327908754
test_02253,13.46582779288292
test_02254,61.097072288393974
test_02255,123.7593155875802
test_02256,72.40926945209503
test_02257,109.554736956954
test_02258,147.46673825383186
test_02259,255.41072925925258
test_02260,92.58950906991959
test_02261,69.2018716558814
test_02262,53.24140828847885
test_02263,175.52446600794792
test_02264,108.2473835349083
test_02265,36.3774271607399
test_02266,7.696010455489159
test_02267,17.085685424506664
test_02268,22.727142967283726
test_02269,5.5365946143865585
test_02270,35.13863629102707
test_02271,3.9204645752906795
test_02272,30.55280063673854
test_02273,6.83913454413414
test_02274,10.299790374934673
test_02275,72.44231021404266
test_02276,141.89090168476105
test_02277,302.5800122022629
test_02278,221.50104281306267
test_02279,146.78972947597504
test_02280,71.41824715584517
test_02281,13.444419637322426
test_02282,46.97784772142768
test_02283,163.58329099416733
test_02284,67.45195178687572
test_02285,59.726058945059776
test_02286,54.62663183361292
test_02287,54.84008941799402
test_02288,14.718836292624474
test_02289,65.2400406524539
test_02290,128.79805406928062
test_02291,178.1402870863676
test_02292,23.37472853064537
test_02293,47.95861906185746
test_02294,7.444550052285194
test_02295,10.507141955196857
test_02296,9.172304086387157
test_02297,81.06922493129969
test_02298,105.76372550427914
test_02299,223.99939388036728
test_02300,32.02745634317398
test_02301,52.643398724496365
test_02302,75.93483314663172
test_02303,8.916795298457146
test_02304,33.82796987891197
test_02305,65.48339685797691
test_02306,282.93163377046585
test_02307,104.71714748442173
test_02308,12.761371709406376
test_02309,49.14222190529108
test_02310,134.0961343050003
test_02311,11.697523057460785
test_02312,16.34923967346549
test_02313,44.73582626134157
test_02314,199.16608199477196
test_02315,9.182443618774414
test_02316,13.175339475274086
test_02317,8.420002780854702
test_02318,23.818817764520645
test_02319,71.81323579698801
test_02320,108.26242569833994
test_02321,77.5701503008604
test_02322,384.33168199658394
test_02323,407.0527027249336
test_02324,7.506338059902191
test_02325,37.41153318434954
test_02326,140.23333698511124
test_02327,152.4845959842205
test_02328,16.501128382980824
test_02329,58.47218134254217
test_02330,21.85960754752159
test_02331,44.6878250464797
test_02332,126.44370664656161
test_02333,305.60446015000343
test_02334,300.57311275601387
test_02335,150.9538162946701
test_02336,88.0715711414814
test_02337,255.59046268463138
test_02338,130.64346382021904
test_02339,148.07918086647987
test_02340,32.55874926969409
test_02341,12.663460224866867
test_02342,5.084096625447273
test_02343,52.59777454286814
test_02344,19.045051634311676
test_02345,14.469385225325823
test_02346,8.758967719972134
test_02347,90.16090907156467
test_02348,139.8852501809597
test_02349,152.16675692796707
test_02350,41.61230802536011
test_02351,6.064474269747734
test_02352,41.17102666199207
test_02353,10.920240618288517
test_02354,11.83460359275341
test_02355,22.870433501899242
test_02356,87.1043117493391
test_02357,184.5261868685484
test_02358,5.977950260043144
test_02359,213.70939528942108
test_02360,7.866191178560257
test_02361,14.783528737723827
test_02362,72.57052144408226
test_02363,6.635764494538307
test_02364,31.76750176027417
test_02365,54.76399092748761
test_02366,226.68437176942825
test_02367,7.855910509824753
test_02368,7.512652054429054
test_02369,86.36211283504963
test_02370,5.443934887647629
test_02371,6.489368960261345
test_02372,10.172136262059212
test_02373,136.84404414892197
test_02374,85.70509342104197
test_02375,117.54990309476852
test_02376,219.17143139243126
test_02377,237.841422945261
test_02378,4.906205400824547
test_02379,31.47264192998409
test_02380,111.67873500287533
test_02381,4.939632430672646
test_02382,22.004428297281265
test_02383,98.36209713667631
test_02384,14.22862147167325
test_02385,22.733672380447388
test_02386,32.53113482892513
test_02387,18.650055564939976
test_02388,55.393782168626785
test_02389,10.934153690934181
test_02390,203.09231692552567
test_02391,126.49372833967207
test_02392,388.118325650692
test_02393,52.25935186445713
test_02394,54.38542981445789
test_02395,115.81668188422918
test_02396,7.7368137165904045
test_02397,6.1340322047472
test_02398,9.625827170908451
test_02399,20.84467378258705
test_02400,94.09360656142235
test_02401,8.34483653306961
test_02402,120.44798201322556
test_02403,261.533342897892
test_02404,279.32508009672165
test_02405,48.28585111349821
test_02406,45.857013411819935
test_02407,51.160846810787916
test_02408,127.15610350668429
test_02409,52.30669568106532
test_02410,12.727120146155357
test_02411,32.57718613371253
test_02412,34.36143184825778
test_02413,13.265637025237083
test_02414,50.442358803004026
test_02415,9.556425228714943
test_02416,10.072286009788513
test_02417,113.25850386172533
test_02418,91.9503916874528
test_02419,5.780262805521488
test_02420,17.705942533910275
test_02421,70.27291826158762
test_02422,93.3437862843275
test_02423,107.75068758428097
test_02424,20.810362793505192
test_02425,16.027378231287003
test_02426,54.20423302799463
test_02427,58.436811830848455
test_02428,38.147897224873304
test_02429,85.02788408100605
test_02430,65.06729719042778
test_02431,40.24025472998619
test_02432,86.38613572716713
test_02433,8.858186572790146
test_02434,16.09395744651556
test_02435,29.17823288589716
test_02436,62.5235447883606
test_02437,83.382843375206
test_02438,57.47676896303892
test_02439,32.338777128607035
test_02440,71.83071441948414
test_02441,68.87622553110123
test_02442,77.60741772502661
test_02443,93.10027408599854
test_02444,98.23861768841743
test_02445,64.57296341657639
test_02446,165.5555600374937
test_02447,191.04939003288746
test_02448,37.98622925207019
test_02449,9.874910540878773
test_02450,27.347367607057095
test_02451,44.20020267739892
test_02452,14.346652314066887
test_02453,32.027434058487415
test_02454,175.33555129170418
test_02455,21.862199999392033
test_02456,40.92327294498682
test_02457,144.9975504130125
test_02458,14.786886297166348
test_02459,35.468085668981075
test_02460,56.95773632824421
test_02461,34.33861604332924
test_02462,41.782797019928694
test_02463,48.51656447350979
test_02464,76.69081142544746
test_02465,120.18718432635069
test_02466,86.66915867477655
test_02467,75.2037171497941
test_02468,82.63138145953417
test_02469,49.10814119130373
test_02470,9.843674838542938
test_02471,17.94630516320467
test_02472,83.44583475589752
test_02473,33.93368100374937
test_02474,8.28120632469654
test_02475,97.23329605162144
test_02476,40.11785980314016
test_02477,29.860901974141598
test_02478,45.24590788036585
test_02479,95.20056122541428
test_02480,73.09070545434952
test_02481,69.20669257640839
test_02482,128.86377903819084
test_02483,90.7860985249281
test_02484,165.92859083414078
test_02485,47.50867638364434
test_02486,7.399876683950424
test_02487,58.43520361930132
test_02488,67.22219666838646
test_02489,63.98117870837451
test_02490,12.298971891403198
test_02491,26.230310551822186
test_02492,34.549399465322495
test_02493,48.347980819642544
test_02494,120.14502912759781
test_02495,85.96719104796648
test_02496,171.38174277544022
test_02497,64.14309181272984
test_02498,142.20190677046776
test_02499,9.212825074791908
test_02500,16.49562406539917
test_02501,29.91258016228676
test_02502,77.30403400212526
test_02503,92.90103413164616
test_02504,112.17615891993046
test_02505,53.588900834321976
test_02506,39.455031514167786
test_02507,44.41570673882961
test_02508,132.70347510278225
test_02509,59.72194370627403
test_02510,91.38878044486046
test_02511,76.81965405493975
test_02512,65.49701280146837
test_02513,72.91416616737843
test_02514,115.4916820153594
test_02515,83.41646353900433
test_02516,63.062600214034326
test_02517,20.582123033702374
test_02518,59.44296542927623
test_02519,35.400548212230206
test_02520,30.50939006730914
test_02521,93.49308625608683
test_02522,93.40031510591507
test_02523,90.66518924385309
test_02524,5.993995234370232
test_02525,37.74165853112936
test_02526,68.48269282281399
test_02527,139.32184873521328
test_02528,134.28674265742302
test_02529,26.325867287814617
test_02530,44.526053078472614
test_02531,20.100328110158443
test_02532,125.3760027438402
test_02533,125.49078373610972
test_02534,30.15335877239704
test_02535,64.4179288521409
test_02536,168.94816586375237
test_02537,91.25248730182648
test_02538,103.49834597855806
test_02539,69.02804367244244
test_02540,132.39802633225918
test_02541,21.799026627093554
test_02542,46.71865824609995
test_02543,67.68989281356335
test_02544,74.4224828928709
test_02545,87.32320679724216
test_02546,46.20110382884741
test_02547,29.029062908142805
test_02548,14.683277361094952
test_02549,13.907874263823032
test_02550,30.925642013549805
test_02551,86.95411296188831
test_02552,58.19589579850435
test_02553,33.44604377821088
test_02554,72.3997390344739
test_02555,65.52812965214252
test_02556,41.32152257859707
test_02557,85.3945785984397
test_02558,105.30409641563892
test_02559,6.450370758771896
test_02560,37.2805140838027
test_02561,14.535815875977278
test_02562,25.019772950559855
test_02563,43.89886914566159
test_02564,25.72999705374241
test_02565,9.208694979548454
test_02566,10.547254391014576
test_02567,13.056472957134247
test_02568,130.9737823009491
test_02569,38.95073648542166
test_02570,11.78829601407051
test_02571,40.77233876287937
test_02572,8.621597483754158
test_02573,6.546700030565262
test_02574,10.801091827452183
test_02575,33.84502137824893
test_02576,48.55583380535245
test_02577,68.03346325457096
test_02578,59.53307355940342
test_02579,160.92202401161194
test_02580,32.757888942956924
test_02581,23.86873546242714
test_02582,11.267488032579422
test_02583,39.24675511941314
test_02584,61.479767210781574
test_02585,93.63717161118984
test_02586,121.00580485910177
test_02587,26.26096685230732
test_02588,205.30713249742985
test_02589,40.344112511724234
test_02590,6.155952908098698
test_02591,7.255694761872292
test_02592,50.77639511227608
test_02593,85.02324143797159
test_02594,223.32755514979362
test_02595,193.23106084764004
test_02596,97.56541216373444
test_02597,42.78653272986412
test_02598,60.43320404738188
test_02599,56.45197793841362
test_02600,47.252929892390966
test_02601,11.10216537117958
test_02602,52.34775521606207
test_02603,154.4531212002039
test_02604,52.70692493766546
test_02605,139.12164311110973
test_02606,266.7246349155903
test_02607,113.01338716596365
test_02608,103.42231805622578
test_02609,43.01129236444831
test_02610,154.4028915166855
test_02611,35.879839822649956
test_02612,46.059625782072544
test_02613,7.704746052622795
test_02614,27.233496572822332
test_02615,56.22667232900858
test_02616,117.34187554568052
test_02617,7.474708661437035
test_02618,65.41961808502674
test_02619,6.704007633030415
test_02620,29.545020256191492
test_02621,12.709455817937851
test_02622,12.46820180118084
test_02623,74.22022707760334
test_02624,159.44178599119186
test_02625,305.4912242293358
test_02626,262.5674414932728
test_02627,103.85670602321625
test_02628,114.83252327144146
test_02629,10.542923733592033
test_02630,93.82633888721466
test_02631,232.83148370683193
test_02632,36.870108153671026
test_02633,69.51165108382702
test_02634,60.874403700232506
test_02635,15.051895789802074
test_02636,17.035132613033056
test_02637,96.25936610996723
test_02638,60.07814956456423
test_02639,192.1660459637642
test_02640,24.340175434947014
test_02641,78.54759379476309
test_02642,9.2073133289814
test_02643,9.256451062858105
test_02644,12.570562794804573
test_02645,90.85350970178843
test_02646,215.7129817456007
test_02647,256.59550204873085
test_02648,14.92656671255827
test_02649,154.95574487745762
test_02650,113.50625757873058
test_02651,7.27401277422905
test_02652,132.48624397814274
test_02653,222.3051337301731
test_02654,506.2657318115234
test_02655,57.32694158703089
test_02656,43.139641016721725
test_02657,131.06387186050415
test_02658,222.06961430609226
test_02659,8.824142999947071
test_02660,21.077389050275087
test_02661,181.14491651952267
test_02662,224.06474743783474
test_02663,8.636305376887321
test_02664,12.106640189886093
test_02665,6.3944361954927444
test_02666,88.1607247442007
test_02667,270.9601515829563
test_02668,200.63611362874508
test_02669,268.3881124854088
test_02670,372.65489250421524
test_02671,416.0807640850544
test_02672,10.175226405262947
test_02673,89.23385868221521
test_02674,144.59369246661663
test_02675,192.72699609398842
test_02676,15.097861669957638
test_02677,150.11696688830853
test_02678,12.067211151123047
test_02679,398.2986835837364
test_02680,352.95199087262154
test_02681,123.04979345202446
test_02682,342.6390836238861
test_02683,487.71263086795807
test_02684,252.52435722947124
test_02685,245.03708881139755
test_02686,160.8899934887886
test_02687,17.531965985894203
test_02688,12.995947748422623
test_02689,7.149664223194122
test_02690,25.261026967316866
test_02691,55.72529288008809
test_02692,8.016880229115486
test_02693,33.85090824961662
test_02694,69.79046222567558
test_02695,133.04807063937187
test_02696,182.62513968348503
test_02697,63.17868114635349
test_02698,6.560947373509407
test_02699,71.4570819362998
test_02700,10.52687133103609
test_02701,21.808653611689806
test_02702,128.91744056344032
test_02703,204.7797431051731
test_02704,325.77236890792847
test_02705,10.422452718019485
test_02706,281.91256991028786
test_02707,10.017064556479454
test_02708,9.283370964229107
test_02709,94.93089423328638
test_02710,7.6197448298335075
test_02711,41.36079562455416
test_02712,79.41651829332113
test_02713,276.4485727548599
test_02714,7.736063465476036
test_02715,10.98041670024395
test_02716,49.12352505326271
test_02717,5.660519756376743
test_02718,6.975264266133308
test_02719,8.479748025536537
test_02720,89.47982219606638
test_02721,127.80772259831427
test_02722,197.79321159422398
test_02723,252.48201632499698
test_02724,301.00983318686485
test_02725,6.391918025910854
test_02726,84.68742606788874
test_02727,184.3693175315857
test_02728,8.103939071297646
test_02729,42.89022709056735
test_02730,15.924593828618528
test_02731,36.823217459023
test_02732,19.113019928336143
test_02733,23.551954928785563
test_02734,92.98135557025671
test_02735,6.392311722040176
test_02736,208.84512361884117
test_02737,417.2241467833519
test_02738,30.74318242818117
test_02739,39.184302285313606
test_02740,116.90542253106833
test_02741,6.3362137377262115
test_02742,6.385321758687496
test_02743,11.782932832837105
test_02744,9.4624432772398
test_02745,218.5586322247982
test_02746,72.25555711239576
test_02747,325.4653156399727
test_02748,263.71961921453476
test_02749,46.40089347213507
test_02750,46.47518318891525
test_02751,38.613346330821514
test_02752,131.62768928706646
test_02753,63.32684088498355
test_02754,9.971626080572605
test_02755,41.97352422401309
test_02756,63.7609168663621
test_02757,16.036240108311176
test_02758,64.90738227963448
test_02759,6.954762354493141
test_02760,8.014577478170395
test_02761,107.61510012298822
test_02762,126.53577211499213
test_02763,12.536704927682877
test_02764,25.42436257749796
test_02765,80.56143863499165
test_02766,93.99461798369884
test_02767,66.50228244066238
test_02768,7.36055164039135
test_02769,85.29041254520416
test_02770,55.665473353117704
test_02771,44.85215603932738
test_02772,108.94727125763893
test_02773,19.7074416577816
test_02774,31.167943410575386
test_02775,107.48181541264057
test_02776,19.471825666725636
test_02777,31.722906388342377
test_02778,55.393566749989986
test_02779,70.74870374798775
test_02780,39.25906740874052
test_02781,16.85162193328142
test_02782,51.18739530071616
test_02783,57.62740230187774
test_02784,61.207923747599125
test_02785,86.30553944408894
test_02786,71.17421498149633
test_02787,52.33767882362008
test_02788,176.25571571290493
test_02789,212.6297170817852
test_02790,9.037830859422684
test_02791,43.911534275859594
test_02792,10.906238406896591
test_02793,18.51515892893076
test_02794,51.55470636114478
test_02795,16.151960771530867
test_02796,33.50218261778355
test_02797,130.6955059915781
test_02798,18.23847968876362
test_02799,38.65035376697779
test_02800,70.33644447475672
test_02801,27.194160386919975
test_02802,43.241671454161406
test_02803,46.361230444163084
test_02804,85.61683120578527
test_02805,105.49134720861912
test_02806,57.35509457439184
test_02807,38.66017388552427
test_02808,62.01254578307271
test_02809,21.254990573972464
test_02810,13.768869817256927
test_02811,13.420827582478523
test_02812,95.9892757087946
test_02813,51.01756741851568
test_02814,10.049421921372414
test_02815,83.57003474235535
test_02816,33.60250084847212
test_02817,25.20118886977434
test_02818,39.66592635959387
test_02819,72.78697260469198
test_02820,101.62306731939316
test_02821,45.892070937901735
test_02822,149.421432107687
test_02823,76.81617764383554
test_02824,166.9686914384365
test_02825,42.3100341334939
test_02826,4.7475830018520355
test_02827,63.7540048994124
test_02828,32.61990959197283
test_02829,55.21909251064062
test_02830,12.956266149878502
test_02831,13.531693898141384
test_02832,22.318352676928043
test_02833,22.179288804531097
test_02834,78.43570981174707
test_02835,80.62832240760326
test_02836,145.94320851564407
test_02837,48.262556187808514
test_02838,170.40675802528858
test_02839,10.441944390535355
test_02840,20.27711995691061
test_02841,68.23202724009752
test_02842,107.010308586061
test_02843,66.96304062008858
test_02844,98.45940693467855
test_02845,41.978705413639545
test_02846,10.991729892790318
test_02847,97.95760779082775
test_02848,112.92722713947296
test_02849,115.53395606577396
test_02850,38.18795394897461
test_02851,55.130503453314304
test_02852,126.62150873243807
test_02853,85.24223305284977
test_02854,85.85274432599545
test_02855,13.897831298410892
test_02856,34.86129593849182
test_02857,34.06329616904259
test_02858,23.290444131940603
test_02859,72.87856266647577
test_02860,75.61646668612957
test_02861,6.9237940683960915
test_02862,22.026118725538254
test_02863,77.24784687906504
test_02864,87.08064541220665
test_02865,113.87503942847252
test_02866,39.59360883757472
test_02867,50.77248414978385
test_02868,17.298723313957453
test_02869,97.65587313473225
test_02870,178.123038738966
test_02871,34.65892869979143
test_02872,51.96185872703791
test_02873,73.02711238712072
test_02874,110.67138545960188
test_02875,169.30910350382328
test_02876,66.09549777209759
test_02877,100.48252220451832
test_02878,19.86602320149541
test_02879,15.648271143436434
test_02880,39.67996571213007
test_02881,93.0421853363514
test_02882,101.84978429228067
test_02883,47.666752807796
test_02884,20.53942186012864
test_02885,8.592003419995308
test_02886,16.945347610861063
test_02887,41.851508136838675
test_02888,68.32993872463703
test_02889,37.749877866357565
test_02890,23.083816803991795
test_02891,25.89456946402788
test_02892,52.27577939257026
test_02893,79.38972467184067
test_02894,76.22906529158354
test_02895,149.41299363970757
test_02896,5.6771664172410965
test_02897,22.3751637712121
test_02898,7.30501077324152
test_02899,9.659744463860989
test_02900,16.858589611947536
test_02901,25.71572371199727
test_02902,10.120896339416504
test_02903,11.511260218918324
test_02904,11.658420860767365
test_02905,27.718002799898386
test_02906,13.123676143586636
test_02907,35.36156486719847
test_02908,9.216420337557793
test_02909,8.252013385295868
test_02910,7.19365419447422
test_02911,22.287636950612068
test_02912,33.462961569428444
test_02913,92.41154356300831
test_02914,154.92043107748032
test_02915,24.815912637859583
test_02916,16.470917776226997
test_02917,10.751463830471039
test_02918,27.081511296331882
test_02919,38.068515457212925
test_02920,67.06306172162294
test_02921,117.38457300513983
test_02922,14.91714771836996
test_02923,181.82428747415543
test_02924,25.21539907157421
test_02925,7.672789812088013
test_02926,8.039372906088829
test_02927,33.60784174501896
test_02928,74.30675851553679
test_02929,213.614640802145
test_02930,160.71911451220512
test_02931,36.63318479433656
test_02932,54.7124947309494
test_02933,84.69949693977833
test_02934,92.99324816465378
test_02935,79.87721704691648
test_02936,18.57349281013012
test_02937,41.56361598521471
test_02938,152.64528343081474
test_02939,81.65293515473604
test_02940,122.0628269687295
test_02941,204.27535150945187
test_02942,162.8971603512764
test_02943,137.3126911073923
test_02944,74.6758077815175
test_02945,47.760415345430374
test_02946,158.63255473971367
test_02947,66.39500395953655
test_02948,32.546377554535866
test_02949,7.927028372883797
test_02950,19.63789115101099
test_02951,36.55653661489487
test_02952,61.85842860490084
test_02953,3.7231931015849113
test_02954,4.852380454540253
test_02955,24.638385396450758
test_02956,16.175133131444454
test_02957,7.436171010136604
test_02958,77.15872298926115
test_02959,134.2777396440506
test_02960,284.64547473192215
test_02961,152.06769406795502
test_02962,97.22884654253721
test_02963,92.53792744874954
test_02964,8.15275739133358
test_02965,78.66305075585842
test_02966,156.92373526096344
test_02967,82.67675308138132
test_02968,46.64855805039406
test_02969,57.075358618050814
test_02970,54.43224251270294
test_02971,13.423628024756908
test_02972,82.8576824516058
test_02973,118.171705275774
test_02974,170.91186273097992
test_02975,40.80228938162327
test_02976,61.869024973362684
test_02977,8.966653570532799
test_02978,8.456349104642868
test_02979,9.764816761016846
test_02980,86.69812876731157
test_02981,143.89373046159744
test_02982,211.8579389601946
test_02983,12.337331265211105
test_02984,69.86562104523182
test_02985,116.82242693006992
test_02986,7.385480776429176
test_02987,61.68250586092472
test_02988,128.9829426854849
test_02989,461.6273652911186
test_02990,237.20963722467422
test_02991,60.231115367263556
test_02992,39.52463773265481
test_02993,133.85896581411362
test_02994,13.945535384118557
test_02995,14.532358035445213
test_02996,61.95112918689847
test_02997,190.7383106648922
test_02998,7.667552910745144
test_02999,8.250706017017365
test_03000,6.548423379659653
test_03001,43.456295270472765
test_03002,220.60552525520325
test_03003,100.68209642916918
test_03004,80.54434628039598
test_03005,368.4769594669342
test_03006,432.09284621477127
test_03007,13.769122377038002
test_03008,58.420298878103495
test_03009,137.9812317043543
test_03010,194.05930836498737
test_03011,10.601532459259033
test_03012,118.31896991282701
test_03013,8.505917675793171
test_03014,157.7398450523615
test_03015,209.2584599852562
test_03016,368.59423634409904
test_03017,357.6039043366909
test_03018,198.1045286655426
test_03019,427.2508889436722
test_03020,274.7444182038307
test_03021,272.31500110030174
test_03022,181.1083547770977
test_03023,24.183748077601194
test_03024,12.247278846800327
test_03025,8.333293065428734
test_03026,39.34911611303687
test_03027,25.163148909807205
test_03028,7.781516797840595
test_03029,30.689684323966503
test_03030,62.23440098017454
test_03031,123.5265371799469
test_03032,211.57787987589836
test_03033,92.47186078131199
test_03034,6.207846514880657
test_03035,97.2904859855771
test_03036,16.412691604346037
test_03037,14.145637013018131
test_03038,81.991001278162
test_03039,139.71047881245613
test_03040,248.30301362276077
test_03041,8.75067038834095
test_03042,497.9216617643833
test_03043,7.040892668068409
test_03044,10.500359982252121
test_03045,98.34813949465752
test_03046,7.149679079651833
test_03047,26.100669387727976
test_03048,82.60400100797415
test_03049,277.7910616993904
test_03050,6.821329079568386
test_03051,12.86124424636364
test_03052,103.76530909538269
test_03053,6.145724236965179
test_03054,6.919151425361633
test_03055,10.228679940104485
test_03056,67.65255853533745
test_03057,174.07361406087875
test_03058,204.12088891863823
test_03059,277.19386181235313
test_03060,277.8891440331936
test_03061,8.371162176132202
test_03062,77.52645745873451
test_03063,154.61254584789276
test_03064,5.967535883188248
test_03065,74.79237154871225
test_03066,85.31928607076406
test_03067,17.36075273901224
test_03068,21.431489005684853
test_03069,14.041786659508944
test_03070,19.126375883817673
test_03071,101.08273795247078
test_03072,8.777798280119896
test_03073,187.33410194516182
test_03074,137.312809959054
test_03075,50.18525294587016
test_03076,48.598468124866486
test_03077,117.34228409826756
test_03078,7.345264345407486
test_03079,5.601056784391403
test_03080,10.35958018898964
test_03081,15.020470667630434
test_03082,99.42040432989597
test_03083,8.368354305624962
test_03084,93.11984004080296
test_03085,287.24770215153694
test_03086,271.1611297428608
test_03087,55.31799194961786
test_03088,39.70579366385937
test_03089,48.86166141554713
test_03090,122.5012336075306
test_03091,58.16164794936776
test_03092,9.70088942348957
test_03093,36.56345972418785
test_03094,37.097322817891836
test_03095,14.282156717032194
test_03096,55.523363906890154
test_03097,10.666499748826027
test_03098,11.621532276272774
test_03099,121.85103330761194
test_03100,73.86226072907448
test_03101,7.863338738679886
test_03102,11.714860543608665
test_03103,97.2005375623703
test_03104,136.7991033643484
test_03105,121.6609597876668
test_03106,37.284703604876995
test_03107,26.116160959005356
test_03108,75.74246430397034
test_03109,74.0758148804307
test_03110,49.15133634209633
test_03111,77.41665337979794
test_03112,66.71107509732246
test_03113,37.46322622895241
test_03114,101.80895874649286
test_03115,16.69223442673683
test_03116,31.849639400839802
test_03117,70.3696263730526
test_03118,91.5970011278987
test_03119,14.465362839400768
test_03120,45.69950524717569
test_03121,48.66564531251788
test_03122,58.4052901417017
test_03123,65.51110415160656
test_03124,95.86341179907322
test_03125,58.00051109492779
test_03126,162.51359632611275
test_03127,26.249126255512238
test_03128,10.253430798649788
test_03129,13.093628957867622
test_03130,48.974373646080494
test_03131,22.53946876525879
test_03132,25.442669447511435
test_03133,60.8848849311471
test_03134,17.793610490858555
test_03135,40.81921088695526
test_03136,109.00842786580324
test_03137,24.010012947022915
test_03138,40.343269407749176
test_03139,53.64684101939201
test_03140,42.00333370640874
test_03141,46.32573465257883
test_03142,44.45073455199599
test_03143,74.12931298464537
test_03144,98.297761246562
test_03145,78.4879079759121
test_03146,78.35478668659925
test_03147,82.6626840159297
test_03148,51.56152918934822
test_03149,11.959583543241024
test_03150,24.86851192638278
test_03151,80.8505824431777
test_03152,37.78677759319544
test_03153,16.052782773971558
test_03154,94.57349985837936
test_03155,35.27018650993705
test_03156,30.991381838917732
test_03157,47.195832811295986
test_03158,88.63867184519768
test_03159,66.81101448833942
test_03160,86.9312191605568
test_03161,118.60935423523188
test_03162,89.34386332333088
test_03163,190.52867119014263
test_03164,40.00606867298484
test_03165,7.331373557448387
test_03166,67.65596809238195
test_03167,87.59090530872345
test_03168,53.118032835423946
test_03169,16.852576460689306
test_03170,27.88170239329338
test_03171,44.20520558953285
test_03172,49.46540928632021
test_03173,105.61969957500696
test_03174,108.05117429792881
test_03175,171.28655745089054
test_03176,69.41724572330713
test_03177,136.9145826101303
test_03178,7.148490563035011
test_03179,27.637826211750507
test_03180,74.25070510059595
test_03181,103.10930734872818
test_03182,112.31662672758102
test_03183,76.44242630898952
test_03184,30.46786255389452
test_03185,39.1597668454051
test_03186,103.95419409871101
test_03187,58.51235320419073
test_03188,90.83008849620819
test_03189,76.06800643354654
test_03190,75.09776089340448
test_03191,70.22582329064608
test_03192,115.46622547507286
test_03193,88.41832086443901
test_03194,56.99224787950516
test_03195,30.64379272609949
test_03196,42.26358913257718
test_03197,31.36921869963407
test_03198,34.59685841947794
test_03199,100.7023234963417
test_03200,97.30894513428211
test_03201,100.07166686654091
test_03202,5.54030130058527
test_03203,36.79331512376666
test_03204,64.15869852155447
test_03205,159.556893825531
test_03206,132.15164683759212
test_03207,27.741817701607943
test_03208,49.02341852709651
test_03209,16.21090005338192
test_03210,93.7004229798913
test_03211,127.22445806860922
test_03212,40.6650008559227
test_03213,72.25867696851492
test_03214,150.03693515062332
test_03215,89.79809951782227
test_03216,90.75539022684097
test_03217,83.70083099603653
test_03218,126.5604784041643
test_03219,19.63026235997677
test_03220,61.26310063153505
test_03221,68.79348991811275
test_03222,72.2616928294301
test_03223,48.102830696851015
test_03224,31.765767268836495
test_03225,18.471328664571047
test_03226,11.670112892985344
test_03227,33.022449027746916
test_03228,93.4057228565216
test_03229,59.25098656862974
test_03230,34.677268996834755
test_03231,70.08537776768208
test_03232,72.73721089959145
test_03233,33.934134125709534
test_03234,92.19794484227896
test_03235,121.27453589439392
test_03236,6.823453553020954
test_03237,33.66889064386487
test_03238,10.444707691669464
test_03239,26.01700896024704
test_03240,50.008702516555786
test_03241,33.16516016051173
test_03242,9.895798720419407
test_03243,18.82869704067707
test_03244,17.297222811728716
test_03245,117.82348476350307
test_03246,36.51483453810215
test_03247,19.708470467478037
test_03248,41.755308859050274
test_03249,8.62026783078909
test_03250,9.011713206768036
test_03251,13.181831747293472
test_03252,31.95837381482124
test_03253,35.1294921413064
test_03254,59.81052162125707
test_03255,81.2965881600976
test_03256,139.76734933257103
test_03257,29.009938932955265
test_03258,33.06070069223642
test_03259,14.649270929396152
test_03260,18.14911438152194
test_03261,55.18086313083768
test_03262,91.26737347245216
test_03263,95.07290711253881
test_03264,43.79037614911795
test_03265,199.63040572404861
test_03266,44.39004220813513
test_03267,9.803488120436668
test_03268,8.015914559364319
test_03269,56.160709656775
test_03270,86.69734137505293
test_03271,219.97472006082535
test_03272,204.5083750486374
test_03273,100.36599557846785
test_03274,45.600052405148745
test_03275,57.195929914712906
test_03276,52.02155568823218
test_03277,48.33790071308613
test_03278,15.848944745957853
test_03279,47.9105918481946
test_03280,124.51091121137142
test_03281,53.28092646598816
test_03282,125.99885973334311
test_03283,211.05041620135307
test_03284,132.91011357307434
test_03285,122.19433633238077
test_03286,104.590481325984
test_03287,48.75105880200863
test_03288,163.26491710543633
test_03289,40.44917366653681
test_03290,47.44804346561432
test_03291,10.085857383906841
test_03292,21.248368307948112
test_03293,55.58162721991539
test_03294,123.94987194240093
test_03295,8.1430189833045
test_03296,63.16515805572272
test_03297,7.1703295558691025
test_03298,24.133091270923615
test_03299,17.233117196708918
test_03300,11.38934812694788
test_03301,70.92759035527706
test_03302,133.78695656359196
test_03303,259.671145349741
test_03304,220.54182076454163
test_03305,103.06812524795532
test_03306,110.99505567550659
test_03307,11.722793892025948
test_03308,86.24608390033245
test_03309,193.76997885107994
test_03310,96.91461760550737
test_03311,62.858947891742
test_03312,56.27736999094486
test_03313,28.67334359884262
test_03314,16.80496522784233
test_03315,81.36198628693819
test_03316,62.973699171096094
test_03317,200.94328574836254
test_03318,25.753845382481813
test_03319,63.39322696626187
test_03320,9.344230443239212
test_03321,9.879085205495358
test_03322,35.414817839860916
test_03323,95.89327327907085
test_03324,209.78847897052765
test_03325,279.2278000116348
test_03326,17.733961813151836
test_03327,110.85124516487122
test_03328,141.43623465299606
test_03329,8.225695170462132
test_03330,110.37624707072973
test_03331,241.03672015666962
test_03332,399.66627994179726
test_03333,73.52652706950903
test_03334,40.01176983863115
test_03335,125.63776610046624
test_03336,227.39703604578972
test_03337,9.33570283651352
test_03338,29.33261376619339
test_03339,170.20555701851845
test_03340,222.14943805336952
test_03341,10.073578521609306
test_03342,14.527284555137157
test_03343,7.272571697831154
test_03344,199.08245499432087
test_03345,268.8523470759392
test_03346,207.56988985836506
test_03347,211.587180018425
test_03348,356.83888590335846
test_03349,396.35394355654716
test_03350,11.686105869710445
test_03351,81.875886015594
test_03352,127.77878221869467
test_03353,178.05787831544876
test_03354,15.031668722629547
test_03355,159.912290006876
test_03356,13.452694684267044
test_03357,306.8474999666214
test_03358,294.37960410118103
test_03359,343.2995125949383
test_03360,81.02636405080557
test_03361,345.53835105895996
test_03362,481.74098855257034
test_03363,228.02978743612766
test_03364,136.44330605864525
test_03365,207.88004812598228
test_03366,20.198391873389482
test_03367,13.300163432955742
test_03368,6.115833044052124
test_03369,71.2053466886282
test_03370,80.20715668797493
test_03371,11.222086697816849
test_03372,26.00109026581049
test_03373,69.9032227396965
test_03374,38.43336034566164
test_03375,158.7446021437645
test_03376,76.9973595738411
test_03377,5.5242563262581825
test_03378,65.19154174625874
test_03379,8.01597398519516
test_03380,23.758764248341322
test_03381,92.17208717763424
test_03382,181.1575593650341
test_03383,294.5032692551613
test_03384,9.095503628253937
test_03385,297.98963418602943
test_03386,9.728700712323189
test_03387,10.829772219061852
test_03388,97.5592913031578
test_03389,6.991086393594742
test_03390,55.961231999099255
test_03391,110.50702103972435
test_03392,311.66538977622986
test_03393,9.435783363878727
test_03394,18.59472268819809
test_03395,49.37526772916317
test_03396,10.468500308692455
test_03397,8.823526456952095
test_03398,9.402036920189857
test_03399,71.16688331961632
test_03400,117.93275400996208
test_03401,205.19299033284187
test_03402,201.56712326407433
test_03403,250.19531035423282
test_03404,6.297118969261646
test_03405,89.16945593804121
test_03406,137.75309593975544
test_03407,6.487021639943123
test_03408,41.037734523415565
test_03409,84.46033025532961
test_03410,17.2233602181077
test_03411,36.82453968375921
test_03412,17.679832309484482
test_03413,20.111708156764507
test_03414,99.35886888206005
test_03415,7.306266143918037
test_03416,194.03928185999393
test_03417,206.39796790480614
test_03418,357.9393631517887
test_03419,53.32136945798993
test_03420,57.510935101658106
test_03421,102.0579901188612
test_03422,6.917465217411518
test_03423,6.699513554573059
test_03424,7.8027466759085655
test_03425,15.361972346901894
test_03426,99.78725484013557
test_03427,8.756583258509636
test_03428,94.37232856452465
test_03429,242.42963191866875
test_03430,342.26202672719955
test_03431,80.82056497037411
test_03432,50.23900732398033
test_03433,57.303486954420805
test_03434,117.26407227665186
test_03435,58.65588144212961
test_03436,12.392225876450539
test_03437,25.09589372575283
test_03438,48.295537523925304
test_03439,13.553867161273956
test_03440,58.060007493942976
test_03441,9.625433474779129
test_03442,33.750980000942945
test_03443,88.04116740077734
test_03444,69.67701088637114
test_03445,7.674349740147591
test_03446,20.7753201238811
test_03447,56.8691621273756
test_03448,107.09456698596478
test_03449,84.17209269106388
test_03450,22.64227545261383
test_03451,10.449060633778572
test_03452,41.66635953262448
test_03453,50.987419951707125
test_03454,35.36563553661108
test_03455,81.22657710313797
test_03456,54.591793440282345
test_03457,27.70782984048128
test_03458,83.20917881280184
test_03459,12.642430908977985
test_03460,15.027263782918453
test_03461,44.588996175676584
test_03462,78.36770437657833
test_03463,62.17181072384119
test_03464,31.429428208619353
test_03465,13.384956665337086
test_03466,38.4354699626565
test_03467,55.8627076856792
test_03468,68.4193300306797
test_03469,81.06355719268322
test_03470,67.55976510047913
test_03471,52.1511299982667
test_03472,187.84656059741974
test_03473,188.87447890639305
test_03474,25.280537210404873
test_03475,9.855173736810684
test_03476,26.74998201429844
test_03477,51.889957185834646
test_03478,19.572775296866894
test_03479,32.70196180790663
test_03480,56.479076117277145
test_03481,20.978976160287857
test_03482,41.08895216137171
test_03483,172.30481906235218
test_03484,19.238690704107285
test_03485,33.090339325368404
test_03486,55.90552771091461
test_03487,60.78762713074684
test_03488,35.20888505131006
test_03489,47.474881656467915
test_03490,79.16566700488329
test_03491,85.15077669918537
test_03492,77.785479798913
test_03493,53.933332949876785
test_03494,97.44021679461002
test_03495,57.46550405398011
test_03496,9.169771060347557
test_03497,16.880658879876137
test_03498,57.280244026333094
test_03499,38.99060378968716
test_03500,9.114029631018639
test_03501,93.72885823994875
test_03502,26.431827258318663
test_03503,44.28143407404423
test_03504,38.55110148712993
test_03505,57.621147733181715
test_03506,62.32716470211745
test_03507,75.49991777539253
test_03508,115.47791007906199
test_03509,77.09520420432091
test_03510,165.9322455227375
test_03511,51.15687270835042
test_03512,9.562211818993092
test_03513,40.026128605008125
test_03514,51.466225013136864
test_03515,63.18093932792545
test_03516,14.026402797549963
test_03517,32.90187030285597
test_03518,23.13821743801236
test_03519,29.031458511948586
test_03520,87.99359702318907
test_03521,147.4462511986494
test_03522,60.46974350512028
test_03523,37.53784278780222
test_03524,6.993285149335861
test_03525,12.345026910305023
test_03526,26.586070716381073
test_03527,77.1319590806961
test_03528,95.53688171505928
test_03529,120.64610773324966
test_03530,39.114800062030554
test_03531,22.952805131673813
test_03532,31.17435025796294
test_03533,117.45147163420916
test_03534,44.764666359871626
test_03535,82.79137808084488
test_03536,75.10505541414022
test_03537,65.47235850989819
test_03538,53.32872711867094
test_03539,110.16186095774174
test_03540,87.86222879588604
test_03541,63.08840216696263
test_03542,21.674499798566103
test_03543,46.607873640954494
test_03544,36.42121285572648
test_03545,44.01318587362766
test_03546,76.77714230120182
test_03547,143.93339720368385
test_03548,50.91304852440953
test_03549,5.426433980464935
test_03550,31.0993251465261
test_03551,63.466190744191415
test_03552,166.15327990055084
test_03553,170.23336830735207
test_03554,33.569159243255854
test_03555,34.06868163496256
test_03556,15.836699310690166
test_03557,91.58994431048632
test_03558,121.08314757794142
test_03559,51.60964182764292
test_03560,63.57297524809838
test_03561,91.93796426057816
test_03562,40.18208798393607
test_03563,53.591129302978516
test_03564,63.321210287511356
test_03565,103.47246602922678
test_03566,15.675807587802412
test_03567,49.250350918620825
test_03568,61.688619293272495
test_03569,83.60634392499924
test_03570,112.25258053839207
test_03571,55.284134082496166
test_03572,24.349349297583103
test_03573,13.514497548341751
test_03574,10.159077435731888
test_03575,24.102397829294205
test_03576,72.24416963756084
test_03577,64.0508629232645
test_03578,16.63526362553239
test_03579,61.16713905707002
test_03580,59.00343341380358
test_03581,38.63998395949602
test_03582,114.46708412468433
test_03583,85.63832850009203
test_03584,3.7831091955304146
test_03585,21.658881947398186
test_03586,9.021592751145363
test_03587,20.017663065344095
test_03588,29.67542652785778
test_03589,18.35720507055521
test_03590,7.411776706576347
test_03591,19.007048815488815
test_03592,14.23959667980671
test_03593,138.11459812521935
test_03594,16.408342376351357
test_03595,46.17303255200386
test_03596,6.0877246260643005
test_03597,9.714616790413857
test_03598,10.856781259179115
test_03599,33.07539372891188
test_03600,39.525101996958256
test_03601,76.43192279338837
test_03602,49.77079863101244
test_03603,143.7424620091915
test_03604,71.14797847718
test_03605,28.8644459284842
test_03606,10.232824891805649
test_03607,22.609910659492016
test_03608,38.46642339229584
test_03609,98.62126061320305
test_03610,61.47867154702544
test_03611,32.06923270225525
test_03612,193.77127136290073
test_03613,33.207965329289436
test_03614,5.788069874048233
test_03615,8.20578008890152
test_03616,29.11559434607625
test_03617,102.05643019080162
test_03618,202.48970928788185
test_03619,155.68518209457397
test_03620,102.94184535741806
test_03621,29.664551600813866
test_03622,54.91126670688391
test_03623,63.80381860211492
test_03624,49.60350748896599
test_03625,23.737099818885326
test_03626,43.465576842427254
test_03627,132.84764216840267
test_03628,54.9356795810163
test_03629,102.04580039530993
test_03630,173.5427334010601
test_03631,244.0154696404934
test_03632,141.4908618479967
test_03633,102.5017599388957
test_03634,85.75778184831142
test_03635,178.46072602272034
test_03636,63.7462572567165
test_03637,44.419688269495964
test_03638,13.012564696371555
test_03639,18.782307751476765
test_03640,42.1538110524416
test_03641,90.41236947476864
test_03642,8.881399787962437
test_03643,48.73475755378604
test_03644,5.57018506526947
test_03645,28.430462799966335
test_03646,11.518324464559555
test_03647,10.302063412964344
test_03648,74.42798721045256
test_03649,140.90978121757507
test_03650,274.44173273444176
test_03651,256.8246777653694
test_03652,89.13604376465082
test_03653,118.15922585129738
test_03654,12.762731075286865
test_03655,82.80542486160994
test_03656,209.65835125744343
test_03657,48.547064781188965
test_03658,67.71700584888458
test_03659,43.217823125422
test_03660,10.654168888926506
test_03661,20.348980642855167
test_03662,86.70995450764894
test_03663,58.51573304831982
test_03664,170.2700489014387
test_03665,24.76434215903282
test_03666,68.56183317303658
test_03667,7.464635983109474
test_03668,9.107945911586285
test_03669,13.70256544649601
test_03670,73.7734339684248
test_03671,202.0718268454075
test_03672,324.99594071507454
test_03673,19.0584744438529
test_03674,98.98637291789055
test_03675,153.99025340378284
test_03676,7.655274048447609
test_03677,116.14327882230282
test_03678,118.92889435589314
test_03679,348.91350054740906
test_03680,71.60851380974054
test_03681,45.42363568395376
test_03682,104.61760921776295
test_03683,182.2663562297821
test_03684,8.480758264660835
test_03685,47.46382102370262
test_03686,98.64526864886284
test_03687,220.3885318338871
test_03688,7.8349034786224365
test_03689,14.966534297913313
test_03690,6.955445751547813
test_03691,71.58486975729465
test_03692,222.69190675020218
test_03693,220.899504840374
test_03694,163.03018507361412
test_03695,297.70079493522644
test_03696,368.91727516055107
test_03697,11.453654304146767
test_03698,87.47612431645393
test_03699,164.6084162890911
test_03700,166.9838895946741
test_03701,11.2969781011343
test_03702,163.004245698452
test_03703,19.088217072188854
test_03704,168.30884791910648
test_03705,419.7238943576813
test_03706,72.76583929359913
test_03707,199.00301751494408
test_03708,433.8755022883415
test_03709,239.9144336283207
test_03710,221.20972253382206
test_03711,163.40447866916656
test_03712,16.723224997520447
test_03713,12.464651107788086
test_03714,7.413262352347374
test_03715,39.340807639062405
test_03716,98.2376965880394
test_03717,10.515728987753391
test_03718,27.02132035791874
test_03719,90.74623864889145
test_03720,118.84981343150139
test_03721,174.20280581712723
test_03722,62.02582374215126
test_03723,6.404961995780468
test_03724,90.04765829443932
test_03725,13.92140106856823
test_03726,23.055827237665653
test_03727,69.66416747868061
test_03728,158.3104815930128
test_03729,212.4373705238104
test_03730,8.40393552184105
test_03731,602.3796443939209
test_03732,7.277830883860588
test_03733,12.289478614926338
test_03734,100.02064979076385
test_03735,7.539921082556248
test_03736,61.08200412616134
test_03737,88.06039165705442
test_03738,254.67295756936076
test_03739,7.173612833023071
test_03740,7.923700526356697
test_03741,85.75556080788374
test_03742,8.325745984911919
test_03743,7.228009752929211
test_03744,8.119887478649616
test_03745,168.5564902126789
test_03746,155.01263025403023
test_03747,143.1104682981968
test_03748,175.25624752044678
test_03749,279.99570059776306
test_03750,5.589164189994335
test_03751,82.76671636104584
test_03752,144.89713561534882
test_03753,5.96768444776535
test_03754,56.97327618300915
test_03755,90.9035462513566
test_03756,13.827144272625446
test_03757,40.48476231098175
test_03758,13.084989927709103
test_03759,27.129965633153915
test_03760,59.28722146898508
test_03761,5.718563936650753
test_03762,220.36532604694366
test_03763,153.26130644977093
test_03764,378.02945378422737
test_03765,53.06624322384596
test_03766,68.16247673332691
test_03767,123.2926148250699
test_03768,7.710554927587509
test_03769,8.648205399513245
test_03770,8.254769258201122
test_03771,13.912219777703285
test_03772,99.18518203496933
test_03773,9.773062095046043
test_03774,87.97660123556852
test_03775,280.01394432783127
test_03776,57.64471750333905
test_03777,47.072160229086876
test_03778,53.52399297058582
test_03779,120.57021351903677
test_03780,57.87666766345501
test_03781,11.1635522544384
test_03782,47.6362487860024
test_03783,48.05712851881981
test_03784,11.364753261208534
test_03785,59.124272126704454
test_03786,9.973030015826225
test_03787,9.73384104669094
test_03788,107.73346894979477
test_03789,69.59688258171082
test_03790,6.3129336684942245
test_03791,67.03527271747589
test_03792,109.13905327022076
test_03793,114.30690179765224
test_03794,21.860012385994196
test_03795,14.31108595430851
test_03796,43.283169254660606
test_03797,64.15739115327597
test_03798,32.56210311502218
test_03799,86.78791376948357
test_03800,67.25365521758795
test_03801,89.15610741078854
test_03802,10.204991318285465
test_03803,16.379008300602436
test_03804,28.939118199050426
test_03805,70.03465039283037
test_03806,98.05821572244167
test_03807,41.26922041922808
test_03808,26.16168485954404
test_03809,56.868931852281094
test_03810,63.957326665520675
test_03811,56.871052611619234
test_03812,76.54070920497179
test_03813,110.33823682367802
test_03814,52.91653098538518
test_03815,182.34075736999512
test_03816,200.0487635731697
test_03817,17.006871916353703
test_03818,9.602183118462563
test_03819,27.260969877243042
test_03820,47.32406632602215
test_03821,10.607237339019775
test_03822,39.477071069180965
test_03823,83.99811614304781
test_03824,27.200957216322422
test_03825,41.60589003562927
test_03826,145.26663057506084
test_03827,8.612185917794704
test_03828,39.572449527680874
test_03829,59.44915685802698
test_03830,72.39799340069294
test_03831,45.029033310711384
test_03832,48.62352354079485
test_03833,75.94531437754631
test_03834,97.12202118337154
test_03835,79.84363402426243
test_03836,72.09537478536367
test_03837,91.4160569012165
test_03838,67.65992733836174
test_03839,10.541958063840866
test_03840,13.615536317229271
test_03841,72.6151502430439
test_03842,39.97328418493271
test_03843,14.459323689341545
test_03844,90.43700890988111
test_03845,21.728540163487196
test_03846,31.595051713287827
test_03847,32.67219689488411
test_03848,75.04425536096096
test_03849,71.76091135293245
test_03850,87.3778191357851
test_03851,110.05077922344208
test_03852,95.7210646495223
test_03853,197.69885823130608
test_03854,52.30688510090113
test_03855,23.02617746219039
test_03856,59.070257760584354
test_03857,66.7164159938693
test_03858,71.46592152863741
test_03859,13.900096908211708
test_03860,29.876378688961267
test_03861,19.488583751022816
test_03862,34.012137956917286
test_03863,98.21783350408077
test_03864,114.33969742804766
test_03865,72.73005751520395
test_03866,119.434689886868
test_03867,6.137642323970795
test_03868,14.16158913448453
test_03869,77.88982412964106
test_03870,101.07522058486938
test_03871,125.6990787014365
test_03872,91.57525127381086
test_03873,33.10671114176512
test_03874,39.99718079715967
test_03875,109.94305504858494
test_03876,51.74486901983619
test_03877,87.9112922474742
test_03878,86.46580348163843
test_03879,71.52294061332941
test_03880,60.829214069992304
test_03881,117.77629322558641
test_03882,99.7273164615035
test_03883,63.23420715704561
test_03884,27.650372490286827
test_03885,40.54584092274308
test_03886,29.79235427826643
test_03887,34.06623774766922
test_03888,103.15691486746073
test_03889,100.81285554170609
test_03890,87.60510065406561
test_03891,5.278077393770218
test_03892,34.28098784387112
test_03893,62.63152895122767
test_03894,151.80781005322933
test_03895,150.20790326595306
test_03896,32.020644657313824
test_03897,56.39178700000048
test_03898,16.76246090233326
test_03899,112.46528044342995
test_03900,128.29771828651428
test_03901,30.9261397048831
test_03902,75.94239508360624
test_03903,183.60183292627335
test_03904,95.05179608613253
test_03905,83.89403180032969
test_03906,82.7733943387866
test_03907,121.42712657153606
test_03908,22.44754071906209
test_03909,60.30460283532739
test_03910,39.999037854373455
test_03911,73.39256639033556
test_03912,84.53215380012989
test_03913,47.960260700434446
test_03914,30.73338459432125
test_03915,21.653667330741882
test_03916,11.64533232152462
test_03917,28.793302066624165
test_03918,99.26087568700314
test_03919,56.384633615612984
test_03920,40.2779678478837
test_03921,77.65556750446558
test_03922,71.03587164729834
test_03923,45.84739385545254
test_03924,83.69020862877369
test_03925,127.43528605997561
test_03926,4.3897800743579865
test_03927,37.32585970684886
test_03928,8.903669618070126
test_03929,27.194011822342873
test_03930,46.64525620266795
test_03931,22.763745564967394
test_03932,7.55119713395834
test_03933,14.625485740602016
test_03934,21.532813761383295
test_03935,128.78691172599792
test_03936,42.73862065374851
test_03937,15.817727614194157
test_03938,49.442886896431446
test_03939,10.62113555520773
test_03940,9.0666523873806
test_03941,14.958504382520914
test_03942,31.191713742911812
test_03943,44.99053280055523
test_03944,84.27309431880713
test_03945,79.51260243356228
test_03946,161.13072752952576
test_03947,26.447835091501474
test_03948,34.135736256837845
test_03949,14.51246152445674
test_03950,35.4309296682477
test_03951,59.568443071097136
test_03952,95.9068743661046
test_03953,79.3143058642745
test_03954,170.9993969798088
test_03955,32.07472587749362
test_03956,7.214876644313335
test_03957,6.530149936676025
test_03958,50.40581191703677
test_03959,84.47267597168684
test_03960,199.60862615704536
test_03961,186.2841663658619
test_03962,98.18793488293886
test_03963,41.44983037561178
test_03964,57.4118388146162
test_03965,45.1879528388381
test_03966,48.147582061588764
test_03967,17.502516772598028
test_03968,51.50521578639746
test_03969,147.99317683279514
test_03970,53.16171082109213
test_03971,119.74602924287319
test_03972,242.15746161341667
test_03973,100.16839726269245
test_03974,135.31830079853535
test_03975,102.28986971080303
test_03976,62.759149637073286
test_03977,227.70906622707844
test_03978,37.37006138265133
test_03979,44.94124650210142
test_03980,8.78922289609909
test_03981,23.58755100145936
test_03982,71.34518309682608
test_03983,115.12489093095064
test_03984,10.251752018928528
test_03985,57.3614345677197
test_03986,4.711392670869827
test_03987,27.0341414809227
test_03988,14.13942701369524
test_03989,8.663819536566734
test_03990,75.77938260138035
test_03991,162.86150485277176
test_03992,267.98835492134094
test_03993,236.03272350132465
test_03994,100.88822235167027
test_03995,151.17528150975704
test_03996,14.835541196167469
test_03997,103.07150509208441
test_03998,184.55927219986916
test_03999,114.11731854081154
test_04000,57.1970478631556
test_04001,54.35053942352533
test_04002,14.21715971454978
test_04003,18.655418746173382
test_04004,67.96313278377056
test_04005,55.84613159298897
test_04006,188.852535918355
test_04007,22.216597083956003
test_04008,64.60364942997694
test_04009,9.738327696919441
test_04010,11.753487333655357
test_04011,39.390576772391796
test_04012,92.76301021128893
test_04013,222.8155124783516
test_04014,330.1015406847
test_04015,13.527066111564636
test_04016,131.9272846132517
test_04017,140.1470209658146
test_04018,10.003753170371056
test_04019,150.90449285507202
test_04020,275.04867845773697
test_04021,463.4562546610832
test_04022,107.08394461870193
test_04023,43.25301807373762
test_04024,131.55732910335064
test_04025,235.5565443187952
test_04026,9.923409447073936
test_04027,19.059618391096592
test_04028,193.47634096443653
test_04029,225.0626408457756
test_04030,9.448195934295654
test_04031,15.051453810185194
test_04032,7.742600306868553
test_04033,279.17948681116104
test_04034,271.61199352145195
test_04035,256.292965143919
test_04036,243.49947515130043
test_04037,382.73856461048126
test_04038,444.84152913093567
test_04039,11.196808435022831
test_04040,91.3368199840188
test_04041,133.2074507176876
test_04042,164.85625171661377
test_04043,10.157888919115067
test_04044,191.67599084973335
test_04045,11.355423405766487
test_04046,389.9224938750267
test_04047,355.0564675331116
test_04048,368.86022636294365
test_04049,102.99445207417011
test_04050,323.655145406723
test_04051,447.50713419914246
test_04052,252.5466122031212
test_04053,212.80071491003036
test_04054,176.83976763486862
test_04055,16.505674459040165
test_04056,16.29749834537506
test_04057,7.740059852600098
test_04058,77.809272415936
test_04059,87.50099402666092
test_04060,10.044095881283283
test_04061,29.55457667261362
test_04062,85.41668500751257
test_04063,123.68055407702923
test_04064,173.5042403191328
test_04065,59.79742565378547
test_04066,6.19906634837389
test_04067,77.25222210586071
test_04068,9.912423096597195
test_04069,23.0935180708766
test_04070,95.46274799108505
test_04071,197.14007714390755
test_04072,358.3938519060612
test_04073,8.77470813691616
test_04074,500.66294562816614
test_04075,9.470926314592361
test_04076,9.511677578091621
test_04077,123.39713000506163
test_04078,9.479349926114082
test_04079,58.19690975174308
test_04080,99.99789712578058
test_04081,405.1171439886093
test_04082,8.342370361089706
test_04083,12.036198295652866
test_04084,40.91826260462403
test_04085,8.564444690942764
test_04086,7.835869148373604
test_04087,8.747751094400883
test_04088,126.81283019483088
test_04089,151.98855371773243
test_04090,210.44189569354057
test_04091,234.3668540418148
test_04092,277.4994591474533
test_04093,5.136123940348625
test_04094,105.14087594300508
test_04095,149.4347434937954
test_04096,6.95751079916954
test_04097,60.37935681641102
test_04098,92.27727832645178
test_04099,15.453153856098652
test_04100,31.892916262149807
test_04101,8.64790827035904
test_04102,27.619225926697254
test_04103,6.325115963816643
